timestamp,algorithm,poly_modulus_degree,scale_bits,plaintext_size_bytes,ciphertext_size_bytes,encryption_time_ms,communication_overhead,security_level_bits,meter_id
2025-12-13 15:30:33.474,CKKS,16384,50,8,658198,13.837,82274.750,192,421
2025-12-13 15:30:33.498,CKKS,16384,50,8,658193,9.078,82274.125,192,212
2025-12-13 15:30:33.544,CKKS,16384,50,8,658111,8.901,82263.875,192,293
2025-12-13 15:30:33.561,CKKS,16384,50,8,657921,8.911,82240.125,192,437
2025-12-13 15:30:33.660,CKKS,16384,50,8,658186,9.139,82273.250,192,32
2025-12-13 15:30:33.701,CKKS,16384,50,8,657975,9.244,82246.875,192,453
2025-12-13 15:30:33.729,CKKS,16384,50,8,657929,8.944,82241.125,192,147
2025-12-13 15:30:33.759,CKKS,16384,50,8,657441,9.309,82180.125,192,277
2025-12-13 15:30:33.781,CKKS,16384,50,8,658138,9.036,82267.250,192,65
2025-12-13 15:30:33.810,CKKS,16384,50,8,657330,8.907,82166.250,192,196
2025-12-13 15:30:33.861,CKKS,16384,50,8,657638,9.011,82204.750,192,98
2025-12-13 15:30:33.902,CKKS,16384,50,8,657580,9.470,82197.500,192,261
2025-12-13 15:30:34.159,CKKS,16384,50,8,658000,10.511,82250.000,192,131
2025-12-13 15:30:34.161,CKKS,16384,50,8,658186,12.352,82273.250,192,469
2025-12-13 15:30:34.198,CKKS,16384,50,8,658080,12.259,82260.000,192,245
2025-12-13 15:30:34.204,CKKS,16384,50,8,658156,14.703,82269.500,192,180
2025-12-13 15:30:34.322,CKKS,16384,50,8,657703,9.296,82212.875,192,49
2025-12-13 15:30:34.332,CKKS,16384,50,8,658317,9.129,82289.625,192,16
2025-12-13 15:30:34.383,CKKS,16384,50,8,658194,8.864,82274.250,192,374
2025-12-13 15:30:34.430,CKKS,16384,50,8,656990,10.700,82123.750,192,82
2025-12-13 15:30:34.437,CKKS,16384,50,8,658057,12.302,82257.125,192,485
2025-12-13 15:30:34.449,CKKS,16384,50,8,658157,12.536,82269.625,192,358
2025-12-13 15:30:34.451,CKKS,16384,50,8,658078,14.295,82259.750,192,342
2025-12-13 15:30:34.488,CKKS,16384,50,8,658207,9.946,82275.875,192,229
2025-12-13 15:30:34.502,CKKS,16384,50,8,658208,10.956,82276.000,192,390
2025-12-13 15:30:34.516,CKKS,16384,50,8,657690,10.834,82211.250,192,326
2025-12-13 15:30:34.559,CKKS,16384,50,8,657310,9.679,82163.750,192,164
2025-12-13 15:30:34.584,CKKS,16384,50,8,657689,9.432,82211.125,192,406
2025-12-13 15:30:34.621,CKKS,16384,50,8,658396,9.613,82299.500,192,115
2025-12-13 15:30:34.692,CKKS,16384,50,8,657639,12.930,82204.875,192,310
2025-12-13 15:30:34.732,CKKS,16384,50,8,658239,9.141,82279.875,192,422
2025-12-13 15:30:34.757,CKKS,16384,50,8,658243,9.792,82280.375,192,213
2025-12-13 15:30:34.841,CKKS,16384,50,8,658341,10.280,82292.625,192,438
2025-12-13 15:30:34.847,CKKS,16384,50,8,657755,11.453,82219.375,192,294
2025-12-13 15:30:34.929,CKKS,16384,50,8,657407,9.867,82175.875,192,33
2025-12-13 15:30:34.985,CKKS,16384,50,8,658188,10.112,82273.500,192,454
2025-12-13 15:30:34.992,CKKS,16384,50,8,658008,12.622,82251.000,192,148
2025-12-13 15:30:35.035,CKKS,16384,50,8,658279,9.665,82284.875,192,278
2025-12-13 15:30:35.046,CKKS,16384,50,8,658217,10.612,82277.125,192,66
2025-12-13 15:30:35.054,CKKS,16384,50,8,657062,11.755,82132.750,192,197
2025-12-13 15:30:35.100,CKKS,16384,50,8,658264,9.236,82283.000,192,99
2025-12-13 15:30:35.164,CKKS,16384,50,8,656736,9.102,82092.000,192,262
2025-12-13 15:30:35.360,CKKS,16384,50,8,656096,9.022,82012.000,192,132
2025-12-13 15:30:35.421,CKKS,16384,50,8,658281,9.466,82285.125,192,470
2025-12-13 15:30:35.428,CKKS,16384,50,8,657359,9.549,82169.875,192,181
2025-12-13 15:30:35.431,CKKS,16384,50,8,658247,11.424,82280.875,192,246
2025-12-13 15:30:35.547,CKKS,16384,50,8,658026,14.310,82253.250,192,50
2025-12-13 15:30:35.548,CKKS,16384,50,8,657766,14.765,82220.750,192,17
2025-12-13 15:30:35.628,CKKS,16384,50,8,658202,9.430,82275.250,192,83
2025-12-13 15:30:35.684,CKKS,16384,50,8,657414,10.539,82176.750,192,486
2025-12-13 15:30:35.758,CKKS,16384,50,8,657490,9.052,82186.250,192,343
2025-12-13 15:30:35.807,CKKS,16384,50,8,657325,8.917,82165.625,192,375
2025-12-13 15:30:35.824,CKKS,16384,50,8,658196,10.034,82274.500,192,391
2025-12-13 15:30:35.830,CKKS,16384,50,8,657326,14.241,82165.750,192,359
2025-12-13 15:30:35.832,CKKS,16384,50,8,657915,14.961,82239.375,192,165
2025-12-13 15:30:35.840,CKKS,16384,50,8,657311,9.223,82163.875,192,230
2025-12-13 15:30:35.869,CKKS,16384,50,8,657327,13.337,82165.875,192,327
2025-12-13 15:30:35.872,CKKS,16384,50,8,658044,14.723,82255.500,192,116
2025-12-13 15:30:35.918,CKKS,16384,50,8,658302,9.547,82287.750,192,311
2025-12-13 15:30:35.928,CKKS,16384,50,8,657289,9.278,82161.125,192,407
2025-12-13 15:30:35.976,CKKS,16384,50,8,658205,9.001,82275.625,192,214
2025-12-13 15:30:35.988,CKKS,16384,50,8,658228,9.440,82278.500,192,423
2025-12-13 15:30:36.030,CKKS,16384,50,8,657681,9.206,82210.125,192,295
2025-12-13 15:30:36.073,CKKS,16384,50,8,657346,9.111,82168.250,192,439
2025-12-13 15:30:36.109,CKKS,16384,50,8,658289,11.150,82286.125,192,34
2025-12-13 15:30:36.216,CKKS,16384,50,8,658228,13.406,82278.500,192,149
2025-12-13 15:30:36.241,CKKS,16384,50,8,657391,13.523,82173.875,192,1
2025-12-13 15:30:36.261,CKKS,16384,50,8,657714,13.342,82214.250,192,455
2025-12-13 15:30:36.272,CKKS,16384,50,8,657894,12.628,82236.750,192,279
2025-12-13 15:30:36.284,CKKS,16384,50,8,658245,11.733,82280.625,192,67
2025-12-13 15:30:36.291,CKKS,16384,50,8,658200,10.200,82275.000,192,198
2025-12-13 15:30:36.312,CKKS,16384,50,8,657524,9.066,82190.500,192,100
2025-12-13 15:30:36.390,CKKS,16384,50,8,657647,10.255,82205.875,192,263
2025-12-13 15:30:36.655,CKKS,16384,50,8,657397,9.835,82174.625,192,133
2025-12-13 15:30:36.699,CKKS,16384,50,8,658104,10.225,82263.000,192,182
2025-12-13 15:30:36.718,CKKS,16384,50,8,657969,9.545,82246.125,192,247
2025-12-13 15:30:36.745,CKKS,16384,50,8,658199,8.963,82274.875,192,471
2025-12-13 15:30:36.854,CKKS,16384,50,8,658112,13.276,82264.000,192,51
2025-12-13 15:30:36.857,CKKS,16384,50,8,657167,17.414,82145.875,192,18
2025-12-13 15:30:36.900,CKKS,16384,50,8,658253,9.999,82281.625,192,84
2025-12-13 15:30:36.936,CKKS,16384,50,8,657439,9.246,82179.875,192,360
2025-12-13 15:30:36.949,CKKS,16384,50,8,657968,11.304,82246.000,192,376
2025-12-13 15:30:36.999,CKKS,16384,50,8,657323,14.019,82165.375,192,231
2025-12-13 15:30:37.001,CKKS,16384,50,8,657118,15.025,82139.750,192,344
2025-12-13 15:30:37.005,CKKS,16384,50,8,658214,13.268,82276.750,192,487
2025-12-13 15:30:37.015,CKKS,16384,50,8,658175,23.490,82271.875,192,392
2025-12-13 15:30:37.017,CKKS,16384,50,8,658302,16.501,82287.750,192,166
2025-12-13 15:30:37.031,CKKS,16384,50,8,658257,11.459,82282.125,192,328
2025-12-13 15:30:37.044,CKKS,16384,50,8,657936,10.010,82242.000,192,117
2025-12-13 15:30:37.211,CKKS,16384,50,8,657576,9.960,82197.000,192,408
2025-12-13 15:30:37.225,CKKS,16384,50,8,658270,10.959,82283.750,192,312
2025-12-13 15:30:37.244,CKKS,16384,50,8,657808,13.484,82226.000,192,215
2025-12-13 15:30:37.251,CKKS,16384,50,8,657326,13.172,82165.750,192,424
2025-12-13 15:30:37.278,CKKS,16384,50,8,657330,9.545,82166.250,192,296
2025-12-13 15:30:37.310,CKKS,16384,50,8,657587,8.973,82198.375,192,35
2025-12-13 15:30:37.363,CKKS,16384,50,8,657439,9.138,82179.875,192,440
2025-12-13 15:30:37.374,CKKS,16384,50,8,658209,11.887,82276.125,192,68
2025-12-13 15:30:37.391,CKKS,16384,50,8,657366,8.844,82170.750,192,2
2025-12-13 15:30:37.407,CKKS,16384,50,8,658293,9.030,82286.625,192,150
2025-12-13 15:30:37.457,CKKS,16384,50,8,657937,9.088,82242.125,192,280
2025-12-13 15:30:37.482,CKKS,16384,50,8,657322,9.079,82165.250,192,199
2025-12-13 15:30:37.495,CKKS,16384,50,8,657887,10.635,82235.875,192,456
2025-12-13 15:30:37.515,CKKS,16384,50,8,657455,9.214,82181.875,192,101
2025-12-13 15:30:37.641,CKKS,16384,50,8,657338,8.851,82167.250,192,264
2025-12-13 15:30:37.806,CKKS,16384,50,8,657462,9.886,82182.750,192,134
2025-12-13 15:30:37.841,CKKS,16384,50,8,657403,13.376,82175.375,192,183
2025-12-13 15:30:37.856,CKKS,16384,50,8,656590,13.355,82073.750,192,248
2025-12-13 15:30:37.964,CKKS,16384,50,8,658198,9.051,82274.750,192,472
2025-12-13 15:30:37.985,CKKS,16384,50,8,657662,10.555,82207.750,192,19
2025-12-13 15:30:37.993,CKKS,16384,50,8,658062,13.439,82257.750,192,52
2025-12-13 15:30:38.032,CKKS,16384,50,8,658204,9.227,82275.500,192,85
2025-12-13 15:30:38.108,CKKS,16384,50,8,657445,9.022,82180.625,192,232
2025-12-13 15:30:38.158,CKKS,16384,50,8,658171,9.359,82271.375,192,361
2025-12-13 15:30:38.186,CKKS,16384,50,8,658005,13.496,82250.625,192,345
2025-12-13 15:30:38.189,CKKS,16384,50,8,657855,14.767,82231.875,192,377
2025-12-13 15:30:38.192,CKKS,16384,50,8,657742,9.353,82217.750,192,167
2025-12-13 15:30:38.202,CKKS,16384,50,8,658145,11.629,82268.125,192,393
2025-12-13 15:30:38.240,CKKS,16384,50,8,658148,10.014,82268.500,192,488
2025-12-13 15:30:38.269,CKKS,16384,50,8,657568,9.438,82196.000,192,329
2025-12-13 15:30:38.281,CKKS,16384,50,8,658183,11.137,82272.875,192,118
2025-12-13 15:30:38.364,CKKS,16384,50,8,657320,9.129,82165.000,192,313
2025-12-13 15:30:38.391,CKKS,16384,50,8,657338,8.921,82167.250,192,409
2025-12-13 15:30:38.422,CKKS,16384,50,8,657170,9.837,82146.250,192,216
2025-12-13 15:30:38.473,CKKS,16384,50,8,658178,8.983,82272.250,192,425
2025-12-13 15:30:38.533,CKKS,16384,50,8,658217,9.127,82277.125,192,36
2025-12-13 15:30:38.554,CKKS,16384,50,8,657424,9.045,82178.000,192,297
2025-12-13 15:30:38.564,CKKS,16384,50,8,656053,9.545,82006.625,192,3
2025-12-13 15:30:38.608,CKKS,16384,50,8,658143,10.225,82267.875,192,69
2025-12-13 15:30:38.613,CKKS,16384,50,8,657294,9.181,82161.750,192,441
2025-12-13 15:30:38.617,CKKS,16384,50,8,658170,13.646,82271.250,192,151
2025-12-13 15:30:38.687,CKKS,16384,50,8,657617,9.087,82202.125,192,281
2025-12-13 15:30:38.705,CKKS,16384,50,8,658049,9.127,82256.125,192,200
2025-12-13 15:30:38.873,CKKS,16384,50,8,657605,9.001,82200.625,192,102
2025-12-13 15:30:38.937,CKKS,16384,50,8,658217,13.826,82277.125,192,265
2025-12-13 15:30:38.937,CKKS,16384,50,8,657642,14.785,82205.250,192,457
2025-12-13 15:30:39.066,CKKS,16384,50,8,658301,9.348,82287.625,192,135
2025-12-13 15:30:39.081,CKKS,16384,50,8,657080,9.140,82135.000,192,184
2025-12-13 15:30:39.099,CKKS,16384,50,8,657615,9.147,82201.875,192,249
2025-12-13 15:30:39.135,CKKS,16384,50,8,658116,9.082,82264.500,192,20
2025-12-13 15:30:39.161,CKKS,16384,50,8,657162,9.168,82145.250,192,53
2025-12-13 15:30:39.221,CKKS,16384,50,8,657315,9.455,82164.375,192,473
2025-12-13 15:30:39.274,CKKS,16384,50,8,657847,9.156,82230.875,192,86
2025-12-13 15:30:39.352,CKKS,16384,50,8,658115,9.190,82264.375,192,233
2025-12-13 15:30:39.390,CKKS,16384,50,8,658155,9.223,82269.375,192,378
2025-12-13 15:30:39.400,CKKS,16384,50,8,657856,13.289,82232.000,192,362
2025-12-13 15:30:39.415,CKKS,16384,50,8,657410,12.748,82176.250,192,346
2025-12-13 15:30:39.452,CKKS,16384,50,8,658086,9.405,82260.750,192,168
2025-12-13 15:30:39.480,CKKS,16384,50,8,658040,9.558,82255.000,192,394
2025-12-13 15:30:39.501,CKKS,16384,50,8,657864,10.027,82233.000,192,119
2025-12-13 15:30:39.527,CKKS,16384,50,8,657356,10.802,82169.500,192,330
2025-12-13 15:30:39.540,CKKS,16384,50,8,658222,12.904,82277.750,192,489
2025-12-13 15:30:39.630,CKKS,16384,50,8,657434,9.898,82179.250,192,314
2025-12-13 15:30:39.693,CKKS,16384,50,8,657383,9.461,82172.875,192,410
2025-12-13 15:30:39.700,CKKS,16384,50,8,657375,10.236,82171.875,192,217
2025-12-13 15:30:39.787,CKKS,16384,50,8,657623,8.962,82202.875,192,426
2025-12-13 15:30:39.814,CKKS,16384,50,8,658136,9.398,82267.000,192,37
2025-12-13 15:30:39.831,CKKS,16384,50,8,657719,9.939,82214.875,192,298
2025-12-13 15:30:39.844,CKKS,16384,50,8,658113,11.079,82264.125,192,4
2025-12-13 15:30:39.852,CKKS,16384,50,8,657389,11.833,82173.625,192,70
2025-12-13 15:30:39.868,CKKS,16384,50,8,658224,8.876,82278.000,192,152
2025-12-13 15:30:39.913,CKKS,16384,50,8,657191,9.469,82148.875,192,442
2025-12-13 15:30:39.944,CKKS,16384,50,8,657375,8.956,82171.875,192,282
2025-12-13 15:30:39.970,CKKS,16384,50,8,658323,9.146,82290.375,192,201
2025-12-13 15:30:40.030,CKKS,16384,50,8,657742,9.685,82217.750,192,103
2025-12-13 15:30:40.103,CKKS,16384,50,8,657907,9.498,82238.375,192,266
2025-12-13 15:30:40.194,CKKS,16384,50,8,657806,9.066,82225.750,192,458
2025-12-13 15:30:40.259,CKKS,16384,50,8,657491,9.098,82186.375,192,136
2025-12-13 15:30:40.285,CKKS,16384,50,8,657667,9.042,82208.375,192,185
2025-12-13 15:30:40.334,CKKS,16384,50,8,657849,9.445,82231.125,192,250
2025-12-13 15:30:40.408,CKKS,16384,50,8,658161,8.922,82270.125,192,21
2025-12-13 15:30:40.417,CKKS,16384,50,8,657722,9.083,82215.250,192,54
2025-12-13 15:30:40.484,CKKS,16384,50,8,657419,9.324,82177.375,192,474
2025-12-13 15:30:40.506,CKKS,16384,50,8,658228,9.303,82278.500,192,87
2025-12-13 15:30:40.573,CKKS,16384,50,8,657915,8.980,82239.375,192,234
2025-12-13 15:30:40.634,CKKS,16384,50,8,657811,9.248,82226.375,192,363
2025-12-13 15:30:40.655,CKKS,16384,50,8,657790,9.218,82223.750,192,347
2025-12-13 15:30:40.659,CKKS,16384,50,8,658064,9.531,82258.000,192,379
2025-12-13 15:30:40.665,CKKS,16384,50,8,657927,11.911,82240.875,192,169
2025-12-13 15:30:40.683,CKKS,16384,50,8,657328,9.008,82166.000,192,120
2025-12-13 15:30:40.711,CKKS,16384,50,8,656491,8.784,82061.375,192,395
2025-12-13 15:30:40.730,CKKS,16384,50,8,657613,9.099,82201.625,192,331
2025-12-13 15:30:40.780,CKKS,16384,50,8,657247,10.164,82155.875,192,490
2025-12-13 15:30:40.921,CKKS,16384,50,8,657639,14.524,82204.875,192,411
2025-12-13 15:30:40.930,CKKS,16384,50,8,658140,16.787,82267.500,192,218
2025-12-13 15:30:40.937,CKKS,16384,50,8,657452,23.788,82181.500,192,315
2025-12-13 15:30:40.954,CKKS,16384,50,8,657433,12.252,82179.125,192,38
2025-12-13 15:30:41.013,CKKS,16384,50,8,657844,12.968,82230.500,192,5
2025-12-13 15:30:41.047,CKKS,16384,50,8,657846,13.310,82230.750,192,71
2025-12-13 15:30:41.047,CKKS,16384,50,8,658077,14.622,82259.625,192,299
2025-12-13 15:30:41.054,CKKS,16384,50,8,657404,28.643,82175.500,192,427
2025-12-13 15:30:41.069,CKKS,16384,50,8,658281,16.728,82285.125,192,153
2025-12-13 15:30:41.136,CKKS,16384,50,8,657330,14.085,82166.250,192,443
2025-12-13 15:30:41.181,CKKS,16384,50,8,657932,9.241,82241.500,192,283
2025-12-13 15:30:41.214,CKKS,16384,50,8,657412,10.145,82176.500,192,202
2025-12-13 15:30:41.241,CKKS,16384,50,8,657289,9.598,82161.125,192,104
2025-12-13 15:30:41.359,CKKS,16384,50,8,657360,9.350,82170.000,192,267
2025-12-13 15:30:41.455,CKKS,16384,50,8,657238,10.200,82154.750,192,459
2025-12-13 15:30:41.510,CKKS,16384,50,8,657804,9.344,82225.500,192,137
2025-12-13 15:30:41.558,CKKS,16384,50,8,657320,10.133,82165.000,192,186
2025-12-13 15:30:41.606,CKKS,16384,50,8,657776,10.008,82222.000,192,251
2025-12-13 15:30:41.653,CKKS,16384,50,8,658328,9.932,82291.000,192,55
2025-12-13 15:30:41.668,CKKS,16384,50,8,658264,9.423,82283.000,192,22
2025-12-13 15:30:41.700,CKKS,16384,50,8,657313,9.423,82164.125,192,88
2025-12-13 15:30:41.746,CKKS,16384,50,8,657882,9.156,82235.250,192,475
2025-12-13 15:30:41.829,CKKS,16384,50,8,657404,9.726,82175.500,192,235
2025-12-13 15:30:41.904,CKKS,16384,50,8,657440,10.383,82180.000,192,380
2025-12-13 15:30:41.936,CKKS,16384,50,8,657323,10.155,82165.375,192,364
2025-12-13 15:30:41.951,CKKS,16384,50,8,657207,9.451,82150.875,192,170
2025-12-13 15:30:41.979,CKKS,16384,50,8,657236,9.201,82154.500,192,348
2025-12-13 15:30:42.003,CKKS,16384,50,8,658171,10.125,82271.375,192,121
2025-12-13 15:30:42.021,CKKS,16384,50,8,657595,9.773,82199.375,192,332
2025-12-13 15:30:42.026,CKKS,16384,50,8,658039,12.053,82254.875,192,396
2025-12-13 15:30:42.071,CKKS,16384,50,8,657879,10.932,82234.875,192,491
2025-12-13 15:30:42.123,CKKS,16384,50,8,658169,11.057,82271.125,192,219
2025-12-13 15:30:42.131,CKKS,16384,50,8,657308,13.984,82163.500,192,316
2025-12-13 15:30:42.165,CKKS,16384,50,8,658184,9.862,82273.000,192,412
2025-12-13 15:30:42.173,CKKS,16384,50,8,656916,10.071,82114.500,192,39
2025-12-13 15:30:42.189,CKKS,16384,50,8,657310,9.668,82163.750,192,6
2025-12-13 15:30:42.251,CKKS,16384,50,8,657120,8.729,82140.000,192,72
2025-12-13 15:30:42.282,CKKS,16384,50,8,657640,9.111,82205.000,192,428
2025-12-13 15:30:42.282,CKKS,16384,50,8,657721,9.087,82215.125,192,300
2025-12-13 15:30:42.290,CKKS,16384,50,8,657102,12.500,82137.750,192,154
2025-12-13 15:30:42.384,CKKS,16384,50,8,657420,9.731,82177.500,192,444
2025-12-13 15:30:42.411,CKKS,16384,50,8,658160,9.168,82270.000,192,284
2025-12-13 15:30:42.438,CKKS,16384,50,8,656762,12.074,82095.250,192,203
2025-12-13 15:30:42.445,CKKS,16384,50,8,658142,14.223,82267.750,192,105
2025-12-13 15:30:42.575,CKKS,16384,50,8,658330,9.663,82291.250,192,268
2025-12-13 15:30:42.698,CKKS,16384,50,8,658128,9.028,82266.000,192,138
2025-12-13 15:30:42.710,CKKS,16384,50,8,658099,9.532,82262.375,192,460
2025-12-13 15:30:42.726,CKKS,16384,50,8,658003,9.139,82250.375,192,187
2025-12-13 15:30:42.769,CKKS,16384,50,8,656024,8.885,82003.000,192,23
2025-12-13 15:30:42.832,CKKS,16384,50,8,658257,9.517,82282.125,192,56
2025-12-13 15:30:42.859,CKKS,16384,50,8,656960,9.125,82120.000,192,252
2025-12-13 15:30:42.914,CKKS,16384,50,8,658069,8.991,82258.625,192,89
2025-12-13 15:30:43.004,CKKS,16384,50,8,657399,9.109,82174.875,192,476
2025-12-13 15:30:43.053,CKKS,16384,50,8,657772,8.991,82221.500,192,236
2025-12-13 15:30:43.112,CKKS,16384,50,8,657344,9.030,82168.000,192,365
2025-12-13 15:30:43.158,CKKS,16384,50,8,657274,9.138,82159.250,192,171
2025-12-13 15:30:43.164,CKKS,16384,50,8,657184,9.318,82148.000,192,381
2025-12-13 15:30:43.185,CKKS,16384,50,8,658220,9.084,82277.500,192,349
2025-12-13 15:30:43.192,CKKS,16384,50,8,658069,9.537,82258.625,192,122
2025-12-13 15:30:43.213,CKKS,16384,50,8,657629,8.795,82203.625,192,333
2025-12-13 15:30:43.231,CKKS,16384,50,8,657402,9.670,82175.250,192,397
2025-12-13 15:30:43.325,CKKS,16384,50,8,658012,10.232,82251.500,192,492
2025-12-13 15:30:43.335,CKKS,16384,50,8,657306,9.695,82163.250,192,317
2025-12-13 15:30:43.349,CKKS,16384,50,8,657718,8.972,82214.750,192,220
2025-12-13 15:30:43.377,CKKS,16384,50,8,658088,9.344,82261.000,192,40
2025-12-13 15:30:43.399,CKKS,16384,50,8,658268,9.006,82283.500,192,7
2025-12-13 15:30:43.445,CKKS,16384,50,8,657323,9.035,82165.375,192,413
2025-12-13 15:30:43.446,CKKS,16384,50,8,657385,8.896,82173.125,192,73
2025-12-13 15:30:43.532,CKKS,16384,50,8,657341,9.511,82167.625,192,429
2025-12-13 15:30:43.544,CKKS,16384,50,8,658158,8.991,82269.750,192,301
2025-12-13 15:30:43.564,CKKS,16384,50,8,658071,9.223,82258.875,192,155
2025-12-13 15:30:43.629,CKKS,16384,50,8,658200,9.396,82275.000,192,106
2025-12-13 15:30:43.651,CKKS,16384,50,8,657360,8.913,82170.000,192,445
2025-12-13 15:30:43.676,CKKS,16384,50,8,657767,9.308,82220.875,192,204
2025-12-13 15:30:43.685,CKKS,16384,50,8,657507,12.869,82188.375,192,285
2025-12-13 15:30:43.814,CKKS,16384,50,8,657327,8.856,82165.875,192,269
2025-12-13 15:30:43.927,CKKS,16384,50,8,658268,9.260,82283.500,192,139
2025-12-13 15:30:43.962,CKKS,16384,50,8,658196,9.106,82274.500,192,461
2025-12-13 15:30:43.995,CKKS,16384,50,8,658108,9.051,82263.500,192,24
2025-12-13 15:30:44.038,CKKS,16384,50,8,657400,9.174,82175.000,192,188
2025-12-13 15:30:44.051,CKKS,16384,50,8,657383,10.564,82172.875,192,57
2025-12-13 15:30:44.054,CKKS,16384,50,8,658085,9.074,82260.625,192,253
2025-12-13 15:30:44.115,CKKS,16384,50,8,657300,8.904,82162.500,192,90
2025-12-13 15:30:44.278,CKKS,16384,50,8,657537,8.960,82192.125,192,477
2025-12-13 15:30:44.287,CKKS,16384,50,8,657899,9.261,82237.375,192,237
2025-12-13 15:30:44.361,CKKS,16384,50,8,657392,9.299,82174.000,192,172
2025-12-13 15:30:44.386,CKKS,16384,50,8,657869,9.015,82233.625,192,123
2025-12-13 15:30:44.407,CKKS,16384,50,8,657421,9.162,82177.625,192,350
2025-12-13 15:30:44.459,CKKS,16384,50,8,658096,12.486,82262.000,192,366
2025-12-13 15:30:44.464,CKKS,16384,50,8,657720,14.631,82215.000,192,382
2025-12-13 15:30:44.482,CKKS,16384,50,8,658126,9.036,82265.750,192,334
2025-12-13 15:30:44.518,CKKS,16384,50,8,657385,9.024,82173.125,192,398
2025-12-13 15:30:44.587,CKKS,16384,50,8,658073,10.066,82259.125,192,493
2025-12-13 15:30:44.588,CKKS,16384,50,8,657917,9.212,82239.625,192,221
2025-12-13 15:30:44.627,CKKS,16384,50,8,658184,9.317,82273.000,192,41
2025-12-13 15:30:44.635,CKKS,16384,50,8,658072,9.456,82259.000,192,318
2025-12-13 15:30:44.654,CKKS,16384,50,8,657387,9.046,82173.375,192,8
2025-12-13 15:30:44.686,CKKS,16384,50,8,658062,8.928,82257.750,192,74
2025-12-13 15:30:44.706,CKKS,16384,50,8,657280,9.084,82160.000,192,414
2025-12-13 15:30:44.780,CKKS,16384,50,8,658007,8.989,82250.875,192,302
2025-12-13 15:30:44.808,CKKS,16384,50,8,656964,9.032,82120.500,192,156
2025-12-13 15:30:44.815,CKKS,16384,50,8,658124,8.932,82265.500,192,430
2025-12-13 15:30:44.912,CKKS,16384,50,8,657902,8.910,82237.750,192,107
2025-12-13 15:30:44.925,CKKS,16384,50,8,657336,9.224,82167.000,192,446
2025-12-13 15:30:44.972,CKKS,16384,50,8,658275,9.024,82284.375,192,205
2025-12-13 15:30:44.973,CKKS,16384,50,8,657330,9.040,82166.250,192,286
2025-12-13 15:30:45.118,CKKS,16384,50,8,657177,8.831,82147.125,192,270
2025-12-13 15:30:45.208,CKKS,16384,50,8,657492,9.212,82186.500,192,140
2025-12-13 15:30:45.230,CKKS,16384,50,8,658097,9.182,82262.125,192,25
2025-12-13 15:30:45.240,CKKS,16384,50,8,656937,11.517,82117.125,192,462
2025-12-13 15:30:45.260,CKKS,16384,50,8,657910,9.279,82238.750,192,58
2025-12-13 15:30:45.283,CKKS,16384,50,8,658234,9.080,82279.250,192,254
2025-12-13 15:30:45.285,CKKS,16384,50,8,657465,9.073,82183.125,192,189
2025-12-13 15:30:45.335,CKKS,16384,50,8,657780,9.091,82222.500,192,91
2025-12-13 15:30:45.527,CKKS,16384,50,8,657387,9.212,82173.375,192,238
2025-12-13 15:30:45.554,CKKS,16384,50,8,658131,8.545,82266.375,192,478
2025-12-13 15:30:45.622,CKKS,16384,50,8,657928,9.175,82241.000,192,173
2025-12-13 15:30:45.623,CKKS,16384,50,8,657122,9.229,82140.250,192,124
2025-12-13 15:30:45.648,CKKS,16384,50,8,657450,8.703,82181.250,192,351
2025-12-13 15:30:45.666,CKKS,16384,50,8,657922,9.093,82240.250,192,383
2025-12-13 15:30:45.679,CKKS,16384,50,8,657707,9.472,82213.375,192,367
2025-12-13 15:30:45.710,CKKS,16384,50,8,657490,9.315,82186.250,192,335
2025-12-13 15:30:45.754,CKKS,16384,50,8,658274,8.877,82284.250,192,399
2025-12-13 15:30:45.826,CKKS,16384,50,8,657917,9.180,82239.625,192,42
2025-12-13 15:30:45.847,CKKS,16384,50,8,657870,10.075,82233.750,192,494
2025-12-13 15:30:45.866,CKKS,16384,50,8,657399,8.828,82174.875,192,222
2025-12-13 15:30:45.891,CKKS,16384,50,8,657358,9.475,82169.750,192,9
2025-12-13 15:30:45.898,CKKS,16384,50,8,658183,9.840,82272.875,192,319
2025-12-13 15:30:45.908,CKKS,16384,50,8,657447,12.229,82180.875,192,75
2025-12-13 15:30:45.953,CKKS,16384,50,8,658044,8.815,82255.500,192,415
2025-12-13 15:30:45.970,CKKS,16384,50,8,657457,8.926,82182.125,192,157
2025-12-13 15:30:45.982,CKKS,16384,50,8,658215,11.373,82276.875,192,303
2025-12-13 15:30:46.040,CKKS,16384,50,8,657394,9.203,82174.250,192,431
2025-12-13 15:30:46.062,CKKS,16384,50,8,658045,9.227,82255.625,192,108
2025-12-13 15:30:46.155,CKKS,16384,50,8,657547,9.085,82193.375,192,447
2025-12-13 15:30:46.192,CKKS,16384,50,8,657763,9.267,82220.375,192,287
2025-12-13 15:30:46.198,CKKS,16384,50,8,657566,9.590,82195.750,192,206
2025-12-13 15:30:46.322,CKKS,16384,50,8,658311,8.650,82288.875,192,271
2025-12-13 15:30:46.504,CKKS,16384,50,8,657437,9.152,82179.625,192,463
2025-12-13 15:30:46.531,CKKS,16384,50,8,658105,9.567,82263.125,192,255
2025-12-13 15:30:46.586,CKKS,16384,50,8,657604,9.252,82200.500,192,190
2025-12-13 15:30:46.648,CKKS,16384,50,8,656024,8.984,82003.000,192,26
2025-12-13 15:30:46.675,CKKS,16384,50,8,658259,9.375,82282.375,192,59
2025-12-13 15:30:46.686,CKKS,16384,50,8,656449,10.249,82056.125,192,141
2025-12-13 15:30:46.687,CKKS,16384,50,8,657391,10.572,82173.875,192,92
2025-12-13 15:30:46.813,CKKS,16384,50,8,657829,10.462,82228.625,192,239
2025-12-13 15:30:46.823,CKKS,16384,50,8,657579,13.702,82197.375,192,174
2025-12-13 15:30:46.839,CKKS,16384,50,8,657612,8.905,82201.500,192,479
2025-12-13 15:30:46.872,CKKS,16384,50,8,657395,9.038,82174.375,192,125
2025-12-13 15:30:46.910,CKKS,16384,50,8,657617,9.045,82202.125,192,368
2025-12-13 15:30:46.958,CKKS,16384,50,8,658167,11.304,82270.875,192,352
2025-12-13 15:30:46.963,CKKS,16384,50,8,658139,14.524,82267.375,192,384
2025-12-13 15:30:46.979,CKKS,16384,50,8,657941,9.254,82242.625,192,336
2025-12-13 15:30:47.060,CKKS,16384,50,8,657760,9.044,82220.000,192,43
2025-12-13 15:30:47.090,CKKS,16384,50,8,657819,8.820,82227.375,192,223
2025-12-13 15:30:47.122,CKKS,16384,50,8,657387,9.297,82173.375,192,400
2025-12-13 15:30:47.128,CKKS,16384,50,8,657203,10.169,82150.375,192,495
2025-12-13 15:30:47.139,CKKS,16384,50,8,657349,11.635,82168.625,192,10
2025-12-13 15:30:47.141,CKKS,16384,50,8,657164,9.146,82145.500,192,320
2025-12-13 15:30:47.152,CKKS,16384,50,8,657497,10.447,82187.125,192,76
2025-12-13 15:30:47.239,CKKS,16384,50,8,657231,9.553,82153.875,192,304
2025-12-13 15:30:47.253,CKKS,16384,50,8,658144,14.370,82268.000,192,158
2025-12-13 15:30:47.253,CKKS,16384,50,8,657416,14.843,82177.000,192,416
2025-12-13 15:30:47.284,CKKS,16384,50,8,658329,9.115,82291.125,192,109
2025-12-13 15:30:47.298,CKKS,16384,50,8,657844,10.043,82230.500,192,432
2025-12-13 15:30:47.348,CKKS,16384,50,8,658130,8.757,82266.250,192,207
2025-12-13 15:30:47.360,CKKS,16384,50,8,657371,9.121,82171.375,192,288
2025-12-13 15:30:47.413,CKKS,16384,50,8,658310,9.123,82288.750,192,448
2025-12-13 15:30:47.538,CKKS,16384,50,8,658111,9.306,82263.875,192,272
2025-12-13 15:30:47.583,CKKS,16384,50,8,657698,9.187,82212.250,192,142
2025-12-13 15:30:47.626,CKKS,16384,50,8,657108,9.211,82138.500,192,27
2025-12-13 15:30:47.673,CKKS,16384,50,8,658192,9.082,82274.000,192,60
2025-12-13 15:30:47.684,CKKS,16384,50,8,657854,9.365,82231.750,192,191
2025-12-13 15:30:47.762,CKKS,16384,50,8,657715,10.215,82214.375,192,256
2025-12-13 15:30:47.769,CKKS,16384,50,8,657772,13.792,82221.500,192,464
2025-12-13 15:30:47.796,CKKS,16384,50,8,657159,8.969,82144.875,192,93
2025-12-13 15:30:47.995,CKKS,16384,50,8,658353,9.525,82294.125,192,240
2025-12-13 15:30:48.042,CKKS,16384,50,8,657855,9.115,82231.875,192,175
2025-12-13 15:30:48.055,CKKS,16384,50,8,658000,8.940,82250.000,192,126
2025-12-13 15:30:48.108,CKKS,16384,50,8,658348,9.364,82293.500,192,480
2025-12-13 15:30:48.157,CKKS,16384,50,8,657978,9.089,82247.250,192,369
2025-12-13 15:30:48.187,CKKS,16384,50,8,658088,13.379,82261.000,192,353
2025-12-13 15:30:48.188,CKKS,16384,50,8,658299,14.674,82287.375,192,385
2025-12-13 15:30:48.213,CKKS,16384,50,8,657097,9.011,82137.125,192,337
2025-12-13 15:30:48.234,CKKS,16384,50,8,657926,9.687,82240.750,192,44
2025-12-13 15:30:48.249,CKKS,16384,50,8,658125,8.837,82265.625,192,11
2025-12-13 15:30:48.261,CKKS,16384,50,8,658285,9.267,82285.625,192,224
2025-12-13 15:30:48.272,CKKS,16384,50,8,658000,9.075,82250.000,192,401
2025-12-13 15:30:48.288,CKKS,16384,50,8,657327,8.795,82165.875,192,321
2025-12-13 15:30:48.379,CKKS,16384,50,8,658118,10.046,82264.750,192,496
2025-12-13 15:30:48.432,CKKS,16384,50,8,657396,9.502,82174.500,192,77
2025-12-13 15:30:48.451,CKKS,16384,50,8,657427,8.838,82178.375,192,159
2025-12-13 15:30:48.471,CKKS,16384,50,8,658018,13.618,82252.250,192,417
2025-12-13 15:30:48.473,CKKS,16384,50,8,658173,14.930,82271.625,192,305
2025-12-13 15:30:48.536,CKKS,16384,50,8,657415,10.749,82176.875,192,110
2025-12-13 15:30:48.545,CKKS,16384,50,8,658237,13.686,82279.625,192,433
2025-12-13 15:30:48.560,CKKS,16384,50,8,657348,9.016,82168.500,192,208
2025-12-13 15:30:48.609,CKKS,16384,50,8,658196,9.539,82274.500,192,289
2025-12-13 15:30:48.702,CKKS,16384,50,8,657692,9.272,82211.500,192,449
2025-12-13 15:30:48.778,CKKS,16384,50,8,658177,8.879,82272.125,192,273
2025-12-13 15:30:48.869,CKKS,16384,50,8,657148,11.039,82143.500,192,28
2025-12-13 15:30:48.872,CKKS,16384,50,8,658078,9.285,82259.750,192,143
2025-12-13 15:30:48.879,CKKS,16384,50,8,657926,13.495,82240.750,192,61
2025-12-13 15:30:48.890,CKKS,16384,50,8,658195,9.067,82274.375,192,192
2025-12-13 15:30:48.981,CKKS,16384,50,8,658258,9.105,82282.250,192,257
2025-12-13 15:30:49.010,CKKS,16384,50,8,658194,9.168,82274.250,192,94
2025-12-13 15:30:49.019,CKKS,16384,50,8,658255,9.041,82281.875,192,465
2025-12-13 15:30:49.241,CKKS,16384,50,8,658229,9.064,82278.625,192,241
2025-12-13 15:30:49.300,CKKS,16384,50,8,657325,9.171,82165.625,192,176
2025-12-13 15:30:49.303,CKKS,16384,50,8,657096,9.245,82137.000,192,127
2025-12-13 15:30:49.356,CKKS,16384,50,8,658222,8.903,82277.750,192,481
2025-12-13 15:30:49.386,CKKS,16384,50,8,657327,9.136,82165.875,192,370
2025-12-13 15:30:49.399,CKKS,16384,50,8,657652,9.098,82206.500,192,354
2025-12-13 15:30:49.432,CKKS,16384,50,8,657639,9.269,82204.875,192,386
2025-12-13 15:30:49.444,CKKS,16384,50,8,657355,9.336,82169.375,192,45
2025-12-13 15:30:49.459,CKKS,16384,50,8,657272,9.232,82159.000,192,338
2025-12-13 15:30:49.468,CKKS,16384,50,8,657130,9.304,82141.250,192,12
2025-12-13 15:30:49.495,CKKS,16384,50,8,658170,9.199,82271.250,192,225
2025-12-13 15:30:49.571,CKKS,16384,50,8,657251,8.982,82156.375,192,78
2025-12-13 15:30:49.603,CKKS,16384,50,8,658258,8.904,82282.250,192,322
2025-12-13 15:30:49.613,CKKS,16384,50,8,658117,9.346,82264.625,192,402
2025-12-13 15:30:49.649,CKKS,16384,50,8,657294,10.065,82161.750,192,497
2025-12-13 15:30:49.664,CKKS,16384,50,8,658173,9.287,82271.625,192,160
2025-12-13 15:30:49.701,CKKS,16384,50,8,658251,9.082,82281.375,192,418
2025-12-13 15:30:49.730,CKKS,16384,50,8,657883,9.182,82235.375,192,306
2025-12-13 15:30:49.748,CKKS,16384,50,8,657153,8.751,82144.125,192,111
2025-12-13 15:30:49.815,CKKS,16384,50,8,657844,8.971,82230.500,192,434
2025-12-13 15:30:49.829,CKKS,16384,50,8,657904,9.383,82238.000,192,209
2025-12-13 15:30:49.846,CKKS,16384,50,8,657389,8.770,82173.625,192,290
2025-12-13 15:30:49.959,CKKS,16384,50,8,658145,8.933,82268.125,192,450
2025-12-13 15:30:50.047,CKKS,16384,50,8,658118,8.923,82264.750,192,274
2025-12-13 15:30:50.134,CKKS,16384,50,8,655954,9.301,81994.250,192,144
2025-12-13 15:30:50.159,CKKS,16384,50,8,657681,9.060,82210.125,192,29
2025-12-13 15:30:50.196,CKKS,16384,50,8,657951,11.965,82243.875,192,193
2025-12-13 15:30:50.202,CKKS,16384,50,8,657351,14.738,82168.875,192,62
2025-12-13 15:30:50.265,CKKS,16384,50,8,657672,11.512,82209.000,192,258
2025-12-13 15:30:50.287,CKKS,16384,50,8,658091,9.138,82261.375,192,95
2025-12-13 15:30:50.379,CKKS,16384,50,8,657321,8.943,82165.125,192,466
2025-12-13 15:30:50.565,CKKS,16384,50,8,657342,9.374,82167.750,192,128
2025-12-13 15:30:50.602,CKKS,16384,50,8,658285,9.168,82285.625,192,242
2025-12-13 15:30:50.606,CKKS,16384,50,8,656850,9.468,82106.250,192,177
2025-12-13 15:30:50.624,CKKS,16384,50,8,657529,8.827,82191.125,192,482
2025-12-13 15:30:50.634,CKKS,16384,50,8,657421,9.501,82177.625,192,371
2025-12-13 15:30:50.657,CKKS,16384,50,8,658101,8.941,82262.625,192,355
2025-12-13 15:30:50.681,CKKS,16384,50,8,657556,8.833,82194.500,192,387
2025-12-13 15:30:50.698,CKKS,16384,50,8,657342,8.896,82167.750,192,46
2025-12-13 15:30:50.721,CKKS,16384,50,8,658285,10.222,82285.625,192,13
2025-12-13 15:30:50.721,CKKS,16384,50,8,657907,9.103,82238.375,192,339
2025-12-13 15:30:50.733,CKKS,16384,50,8,658188,12.353,82273.500,192,226
2025-12-13 15:30:50.742,CKKS,16384,50,8,658114,9.151,82264.250,192,79
2025-12-13 15:30:50.790,CKKS,16384,50,8,658311,9.072,82288.875,192,323
2025-12-13 15:30:50.811,CKKS,16384,50,8,658189,9.008,82273.625,192,403
2025-12-13 15:30:50.890,CKKS,16384,50,8,657655,9.253,82206.875,192,161
2025-12-13 15:30:50.930,CKKS,16384,50,8,657355,9.198,82169.375,192,307
2025-12-13 15:30:50.950,CKKS,16384,50,8,658262,10.221,82282.750,192,498
2025-12-13 15:30:50.980,CKKS,16384,50,8,658097,8.986,82262.125,192,419
2025-12-13 15:30:50.983,CKKS,16384,50,8,657411,9.216,82176.375,192,112
2025-12-13 15:30:51.053,CKKS,16384,50,8,658077,8.937,82259.625,192,210
2025-12-13 15:30:51.074,CKKS,16384,50,8,657504,9.075,82188.000,192,435
2025-12-13 15:30:51.091,CKKS,16384,50,8,657392,8.972,82174.000,192,291
2025-12-13 15:30:51.206,CKKS,16384,50,8,657394,9.507,82174.250,192,451
2025-12-13 15:30:51.262,CKKS,16384,50,8,657300,9.077,82162.500,192,275
2025-12-13 15:30:51.286,CKKS,16384,50,8,657486,12.480,82185.750,192,30
2025-12-13 15:30:51.306,CKKS,16384,50,8,655901,13.217,81987.625,192,145
2025-12-13 15:30:51.334,CKKS,16384,50,8,657418,13.402,82177.250,192,63
2025-12-13 15:30:51.403,CKKS,16384,50,8,658117,12.257,82264.625,192,194
2025-12-13 15:30:51.474,CKKS,16384,50,8,657357,9.488,82169.625,192,96
2025-12-13 15:30:51.508,CKKS,16384,50,8,657827,9.704,82228.375,192,259
2025-12-13 15:30:51.654,CKKS,16384,50,8,657586,8.870,82198.250,192,467
2025-12-13 15:30:51.703,CKKS,16384,50,8,658164,9.121,82270.500,192,243
2025-12-13 15:30:51.751,CKKS,16384,50,8,656333,8.788,82041.625,192,178
2025-12-13 15:30:51.767,CKKS,16384,50,8,658223,9.264,82277.875,192,129
2025-12-13 15:30:51.878,CKKS,16384,50,8,657779,9.001,82222.375,192,47
2025-12-13 15:30:51.896,CKKS,16384,50,8,657370,10.710,82171.250,192,483
2025-12-13 15:30:51.912,CKKS,16384,50,8,658243,13.033,82280.375,192,372
2025-12-13 15:30:51.941,CKKS,16384,50,8,658240,14.616,82280.000,192,14
2025-12-13 15:30:51.941,CKKS,16384,50,8,658015,14.828,82251.875,192,356
2025-12-13 15:30:51.969,CKKS,16384,50,8,656011,8.817,82001.375,192,340
2025-12-13 15:30:51.985,CKKS,16384,50,8,658210,8.985,82276.250,192,388
2025-12-13 15:30:51.993,CKKS,16384,50,8,658026,13.066,82253.250,192,80
2025-12-13 15:30:52.014,CKKS,16384,50,8,658147,9.371,82268.375,192,227
2025-12-13 15:30:52.043,CKKS,16384,50,8,657075,12.311,82134.375,192,324
2025-12-13 15:30:52.052,CKKS,16384,50,8,658168,9.070,82271.000,192,404
2025-12-13 15:30:52.096,CKKS,16384,50,8,657421,9.109,82177.625,192,162
2025-12-13 15:30:52.184,CKKS,16384,50,8,658311,10.416,82288.875,192,113
2025-12-13 15:30:52.204,CKKS,16384,50,8,658217,11.703,82277.125,192,308
2025-12-13 15:30:52.240,CKKS,16384,50,8,658138,13.708,82267.250,192,499
2025-12-13 15:30:52.248,CKKS,16384,50,8,658133,14.442,82266.625,192,420
2025-12-13 15:30:52.272,CKKS,16384,50,8,657394,8.726,82174.250,192,211
2025-12-13 15:30:52.336,CKKS,16384,50,8,657461,13.256,82182.625,192,292
2025-12-13 15:30:52.339,CKKS,16384,50,8,658233,14.899,82279.125,192,436
2025-12-13 15:30:52.453,CKKS,16384,50,8,658169,13.072,82271.125,192,452
2025-12-13 15:30:52.465,CKKS,16384,50,8,657965,13.053,82245.625,192,31
2025-12-13 15:30:52.499,CKKS,16384,50,8,658136,12.149,82267.000,192,276
2025-12-13 15:30:52.540,CKKS,16384,50,8,657941,9.070,82242.625,192,146
2025-12-13 15:30:52.562,CKKS,16384,50,8,658019,8.916,82252.375,192,64
2025-12-13 15:30:52.593,CKKS,16384,50,8,658255,8.931,82281.875,192,195
2025-12-13 15:30:52.649,CKKS,16384,50,8,657750,9.764,82218.750,192,97
2025-12-13 15:30:52.682,CKKS,16384,50,8,658080,11.154,82260.000,192,260
2025-12-13 15:30:52.900,CKKS,16384,50,8,658281,9.160,82285.125,192,468
2025-12-13 15:30:52.954,CKKS,16384,50,8,657077,13.166,82134.625,192,130
2025-12-13 15:30:52.973,CKKS,16384,50,8,655935,13.062,81991.875,192,244
2025-12-13 15:30:53.044,CKKS,16384,50,8,658241,12.620,82280.125,192,179
2025-12-13 15:30:53.145,CKKS,16384,50,8,658210,9.212,82276.250,192,48
2025-12-13 15:30:53.157,CKKS,16384,50,8,656972,9.026,82121.500,192,484
2025-12-13 15:30:53.158,CKKS,16384,50,8,658217,10.450,82277.125,192,15
2025-12-13 15:30:53.172,CKKS,16384,50,8,657405,9.463,82175.625,192,357
2025-12-13 15:30:53.175,CKKS,16384,50,8,657680,9.676,82210.000,192,373
2025-12-13 15:30:53.183,CKKS,16384,50,8,657752,11.406,82219.000,192,341
2025-12-13 15:30:53.199,CKKS,16384,50,8,658107,8.875,82263.375,192,81
2025-12-13 15:30:53.214,CKKS,16384,50,8,658285,9.456,82285.625,192,389
2025-12-13 15:30:53.224,CKKS,16384,50,8,657832,8.792,82229.000,192,228
2025-12-13 15:30:53.275,CKKS,16384,50,8,658101,8.990,82262.625,192,325
2025-12-13 15:30:53.300,CKKS,16384,50,8,657487,9.190,82185.875,192,405
2025-12-13 15:30:53.316,CKKS,16384,50,8,658194,9.219,82274.250,192,163
2025-12-13 15:30:53.377,CKKS,16384,50,8,658270,8.814,82283.750,192,114
2025-12-13 15:30:53.423,CKKS,16384,50,8,658246,8.940,82280.750,192,309
2025-12-13 15:30:53.488,CKKS,16384,50,8,657376,10.249,82172.000,192,500
2025-12-13 15:30:53.492,CKKS,16384,50,8,657336,9.247,82167.000,192,421
2025-12-13 15:30:53.514,CKKS,16384,50,8,658198,9.148,82274.750,192,212
2025-12-13 15:30:53.562,CKKS,16384,50,8,658185,9.131,82273.125,192,293
2025-12-13 15:30:53.578,CKKS,16384,50,8,657812,8.905,82226.500,192,437
2025-12-13 15:30:53.677,CKKS,16384,50,8,658067,9.025,82258.375,192,32
2025-12-13 15:30:53.717,CKKS,16384,50,8,657889,9.709,82236.125,192,453
2025-12-13 15:30:53.745,CKKS,16384,50,8,658237,9.191,82279.625,192,147
2025-12-13 15:30:53.774,CKKS,16384,50,8,657414,8.964,82176.750,192,277
2025-12-13 15:30:53.798,CKKS,16384,50,8,657452,8.957,82181.500,192,65
2025-12-13 15:30:53.827,CKKS,16384,50,8,657413,8.940,82176.625,192,196
2025-12-13 15:30:53.878,CKKS,16384,50,8,658237,8.967,82279.625,192,98
2025-12-13 15:30:53.918,CKKS,16384,50,8,658170,9.155,82271.250,192,261
2025-12-13 15:30:54.182,CKKS,16384,50,8,657200,14.188,82150.000,192,131
2025-12-13 15:30:54.185,CKKS,16384,50,8,658102,14.857,82262.750,192,469
2025-12-13 15:30:54.216,CKKS,16384,50,8,658282,9.379,82285.250,192,245
2025-12-13 15:30:54.219,CKKS,16384,50,8,657857,8.878,82232.125,192,180
2025-12-13 15:30:54.339,CKKS,16384,50,8,657435,9.289,82179.375,192,49
2025-12-13 15:30:54.347,CKKS,16384,50,8,656660,9.048,82082.500,192,16
2025-12-13 15:30:54.400,CKKS,16384,50,8,657717,9.107,82214.625,192,374
2025-12-13 15:30:54.446,CKKS,16384,50,8,658233,9.185,82279.125,192,82
2025-12-13 15:30:54.452,CKKS,16384,50,8,657070,8.949,82133.750,192,485
2025-12-13 15:30:54.471,CKKS,16384,50,8,657407,13.330,82175.875,192,358
2025-12-13 15:30:54.475,CKKS,16384,50,8,658034,14.792,82254.250,192,342
2025-12-13 15:30:54.507,CKKS,16384,50,8,658011,8.834,82251.375,192,229
2025-12-13 15:30:54.517,CKKS,16384,50,8,657428,9.165,82178.500,192,390
2025-12-13 15:30:54.533,CKKS,16384,50,8,658250,9.633,82281.250,192,326
2025-12-13 15:30:54.576,CKKS,16384,50,8,657411,9.319,82176.375,192,164
2025-12-13 15:30:54.600,CKKS,16384,50,8,657224,9.067,82153.000,192,406
2025-12-13 15:30:54.640,CKKS,16384,50,8,658210,9.769,82276.250,192,115
2025-12-13 15:30:54.707,CKKS,16384,50,8,657368,9.115,82171.000,192,310
2025-12-13 15:30:54.749,CKKS,16384,50,8,657506,9.043,82188.250,192,422
2025-12-13 15:30:54.772,CKKS,16384,50,8,657552,8.974,82194.000,192,213
2025-12-13 15:30:54.857,CKKS,16384,50,8,657678,8.943,82209.750,192,438
2025-12-13 15:30:54.864,CKKS,16384,50,8,657279,9.236,82159.875,192,294
2025-12-13 15:30:54.947,CKKS,16384,50,8,658124,9.173,82265.500,192,33
2025-12-13 15:30:55.000,CKKS,16384,50,8,657880,9.237,82235.000,192,454
2025-12-13 15:30:55.011,CKKS,16384,50,8,657618,9.235,82202.250,192,148
2025-12-13 15:30:55.057,CKKS,16384,50,8,658258,8.949,82282.250,192,278
2025-12-13 15:30:55.068,CKKS,16384,50,8,657619,12.139,82202.375,192,66
2025-12-13 15:30:55.070,CKKS,16384,50,8,657308,9.497,82163.500,192,197
2025-12-13 15:30:55.116,CKKS,16384,50,8,658159,9.262,82269.875,192,99
2025-12-13 15:30:55.181,CKKS,16384,50,8,657339,9.258,82167.375,192,262
2025-12-13 15:30:55.378,CKKS,16384,50,8,657644,9.135,82205.500,192,132
2025-12-13 15:30:55.438,CKKS,16384,50,8,658210,9.445,82276.250,192,470
2025-12-13 15:30:55.453,CKKS,16384,50,8,657939,13.145,82242.375,192,181
2025-12-13 15:30:55.456,CKKS,16384,50,8,657652,14.414,82206.500,192,246
2025-12-13 15:30:55.563,CKKS,16384,50,8,657937,9.108,82242.125,192,50
2025-12-13 15:30:55.563,CKKS,16384,50,8,657547,8.959,82193.375,192,17
2025-12-13 15:30:55.644,CKKS,16384,50,8,658166,9.332,82270.750,192,83
2025-12-13 15:30:55.701,CKKS,16384,50,8,657700,9.407,82212.500,192,486
2025-12-13 15:30:55.773,CKKS,16384,50,8,657296,9.340,82162.000,192,343
2025-12-13 15:30:55.824,CKKS,16384,50,8,657362,9.182,82170.250,192,375
2025-12-13 15:30:55.844,CKKS,16384,50,8,658272,9.623,82284.000,192,391
2025-12-13 15:30:55.856,CKKS,16384,50,8,658047,13.676,82255.875,192,359
2025-12-13 15:30:55.857,CKKS,16384,50,8,657906,14.691,82238.250,192,165
2025-12-13 15:30:55.858,CKKS,16384,50,8,658221,9.851,82277.625,192,230
2025-12-13 15:30:55.885,CKKS,16384,50,8,658019,8.823,82252.375,192,327
2025-12-13 15:30:55.890,CKKS,16384,50,8,658066,9.193,82258.250,192,116
2025-12-13 15:30:55.938,CKKS,16384,50,8,657362,10.256,82170.250,192,311
2025-12-13 15:30:55.946,CKKS,16384,50,8,657354,12.476,82169.250,192,407
2025-12-13 15:30:55.993,CKKS,16384,50,8,658109,9.522,82263.625,192,214
2025-12-13 15:30:56.006,CKKS,16384,50,8,658051,8.993,82256.375,192,423
2025-12-13 15:30:56.048,CKKS,16384,50,8,658260,9.403,82282.500,192,295
2025-12-13 15:30:56.089,CKKS,16384,50,8,658166,9.071,82270.750,192,439
2025-12-13 15:30:56.124,CKKS,16384,50,8,657277,8.875,82159.625,192,34
2025-12-13 15:30:56.234,CKKS,16384,50,8,658144,8.991,82268.000,192,149
2025-12-13 15:30:56.257,CKKS,16384,50,8,657416,8.799,82177.000,192,1
2025-12-13 15:30:56.277,CKKS,16384,50,8,658131,9.059,82266.375,192,455
2025-12-13 15:30:56.288,CKKS,16384,50,8,658038,8.998,82254.750,192,279
2025-12-13 15:30:56.300,CKKS,16384,50,8,656814,8.981,82101.750,192,67
2025-12-13 15:30:56.307,CKKS,16384,50,8,658266,8.933,82283.250,192,198
2025-12-13 15:30:56.328,CKKS,16384,50,8,657467,8.757,82183.375,192,100
2025-12-13 15:30:56.407,CKKS,16384,50,8,657393,8.972,82174.125,192,263
2025-12-13 15:30:56.670,CKKS,16384,50,8,657413,9.373,82176.625,192,133
2025-12-13 15:30:56.715,CKKS,16384,50,8,658028,9.461,82253.500,192,182
2025-12-13 15:30:56.736,CKKS,16384,50,8,657673,9.378,82209.125,192,247
2025-12-13 15:30:56.760,CKKS,16384,50,8,657890,8.716,82236.250,192,471
2025-12-13 15:30:56.877,CKKS,16384,50,8,658192,12.926,82274.000,192,51
2025-12-13 15:30:56.879,CKKS,16384,50,8,657388,14.787,82173.500,192,18
2025-12-13 15:30:56.917,CKKS,16384,50,8,658179,9.365,82272.375,192,84
2025-12-13 15:30:56.956,CKKS,16384,50,8,657669,8.989,82208.625,192,360
2025-12-13 15:30:56.965,CKKS,16384,50,8,656549,9.108,82068.625,192,376
2025-12-13 15:30:57.016,CKKS,16384,50,8,656231,11.126,82028.875,192,231
2025-12-13 15:30:57.019,CKKS,16384,50,8,657819,9.483,82227.375,192,344
2025-12-13 15:30:57.030,CKKS,16384,50,8,657460,14.238,82182.500,192,487
2025-12-13 15:30:57.035,CKKS,16384,50,8,658238,10.369,82279.750,192,392
2025-12-13 15:30:57.037,CKKS,16384,50,8,657365,13.623,82170.625,192,166
2025-12-13 15:30:57.052,CKKS,16384,50,8,657467,8.850,82183.375,192,328
2025-12-13 15:30:57.061,CKKS,16384,50,8,657603,8.779,82200.375,192,117
2025-12-13 15:30:57.227,CKKS,16384,50,8,657716,8.934,82214.500,192,408
2025-12-13 15:30:57.240,CKKS,16384,50,8,656821,9.671,82102.625,192,312
2025-12-13 15:30:57.266,CKKS,16384,50,8,657900,10.818,82237.500,192,215
2025-12-13 15:30:57.272,CKKS,16384,50,8,658117,14.450,82264.625,192,424
2025-12-13 15:30:57.294,CKKS,16384,50,8,658256,8.820,82282.000,192,296
2025-12-13 15:30:57.327,CKKS,16384,50,8,657361,8.932,82170.125,192,35
2025-12-13 15:30:57.381,CKKS,16384,50,8,658291,8.964,82286.375,192,440
2025-12-13 15:30:57.390,CKKS,16384,50,8,658175,9.220,82271.875,192,68
2025-12-13 15:30:57.407,CKKS,16384,50,8,658000,8.868,82250.000,192,2
2025-12-13 15:30:57.423,CKKS,16384,50,8,658162,8.820,82270.250,192,150
2025-12-13 15:30:57.473,CKKS,16384,50,8,657406,9.126,82175.750,192,280
2025-12-13 15:30:57.500,CKKS,16384,50,8,658265,9.158,82283.125,192,199
2025-12-13 15:30:57.511,CKKS,16384,50,8,658280,9.239,82285.000,192,456
2025-12-13 15:30:57.534,CKKS,16384,50,8,657355,9.558,82169.375,192,101
2025-12-13 15:30:57.658,CKKS,16384,50,8,658137,8.912,82267.125,192,264
2025-12-13 15:30:57.828,CKKS,16384,50,8,657601,13.198,82200.125,192,134
2025-12-13 15:30:57.864,CKKS,16384,50,8,657795,11.236,82224.375,192,183
2025-12-13 15:30:57.878,CKKS,16384,50,8,658095,13.555,82261.875,192,248
2025-12-13 15:30:57.980,CKKS,16384,50,8,658198,9.070,82274.750,192,472
2025-12-13 15:30:58.002,CKKS,16384,50,8,657399,9.006,82174.875,192,19
2025-12-13 15:30:58.011,CKKS,16384,50,8,658170,8.948,82271.250,192,52
2025-12-13 15:30:58.055,CKKS,16384,50,8,658230,11.829,82278.750,192,85
2025-12-13 15:30:58.132,CKKS,16384,50,8,658234,13.213,82279.250,192,232
2025-12-13 15:30:58.178,CKKS,16384,50,8,657358,13.756,82169.750,192,361
2025-12-13 15:30:58.207,CKKS,16384,50,8,657294,9.455,82161.750,192,377
2025-12-13 15:30:58.208,CKKS,16384,50,8,657965,11.632,82245.625,192,345
2025-12-13 15:30:58.214,CKKS,16384,50,8,658151,14.444,82268.875,192,167
2025-12-13 15:30:58.219,CKKS,16384,50,8,657405,11.133,82175.625,192,393
2025-12-13 15:30:58.257,CKKS,16384,50,8,658169,8.988,82271.125,192,488
2025-12-13 15:30:58.287,CKKS,16384,50,8,658216,8.874,82277.000,192,329
2025-12-13 15:30:58.299,CKKS,16384,50,8,658162,9.297,82270.250,192,118
2025-12-13 15:30:58.380,CKKS,16384,50,8,657380,8.932,82172.500,192,313
2025-12-13 15:30:58.407,CKKS,16384,50,8,657795,9.039,82224.375,192,409
2025-12-13 15:30:58.440,CKKS,16384,50,8,658098,9.639,82262.250,192,216
2025-12-13 15:30:58.491,CKKS,16384,50,8,658272,9.086,82284.000,192,425
2025-12-13 15:30:58.549,CKKS,16384,50,8,658262,9.021,82282.750,192,36
2025-12-13 15:30:58.573,CKKS,16384,50,8,657270,9.168,82158.750,192,297
2025-12-13 15:30:58.582,CKKS,16384,50,8,658079,12.058,82259.875,192,3
2025-12-13 15:30:58.625,CKKS,16384,50,8,657357,8.837,82169.625,192,69
2025-12-13 15:30:58.636,CKKS,16384,50,8,656945,12.797,82118.125,192,441
2025-12-13 15:30:58.640,CKKS,16384,50,8,658255,14.655,82281.875,192,151
2025-12-13 15:30:58.711,CKKS,16384,50,8,657897,12.923,82237.125,192,281
2025-12-13 15:30:58.722,CKKS,16384,50,8,658245,9.540,82280.625,192,200
2025-12-13 15:30:58.889,CKKS,16384,50,8,657454,8.985,82181.750,192,102
2025-12-13 15:30:58.954,CKKS,16384,50,8,657379,8.986,82172.375,192,457
2025-12-13 15:30:58.955,CKKS,16384,50,8,657223,8.898,82152.875,192,265
2025-12-13 15:30:59.083,CKKS,16384,50,8,657472,9.145,82184.000,192,135
2025-12-13 15:30:59.097,CKKS,16384,50,8,658081,9.103,82260.125,192,184
2025-12-13 15:30:59.116,CKKS,16384,50,8,658170,9.279,82271.250,192,249
2025-12-13 15:30:59.151,CKKS,16384,50,8,657520,9.120,82190.000,192,20
2025-12-13 15:30:59.177,CKKS,16384,50,8,658174,9.122,82271.750,192,53
2025-12-13 15:30:59.238,CKKS,16384,50,8,657848,9.218,82231.000,192,473
2025-12-13 15:30:59.290,CKKS,16384,50,8,658273,9.147,82284.125,192,86
2025-12-13 15:30:59.368,CKKS,16384,50,8,657631,9.029,82203.875,192,233
2025-12-13 15:30:59.407,CKKS,16384,50,8,656347,9.321,82043.375,192,378
2025-12-13 15:30:59.418,CKKS,16384,50,8,657332,11.308,82166.500,192,362
2025-12-13 15:30:59.432,CKKS,16384,50,8,658295,9.771,82286.875,192,346
2025-12-13 15:30:59.468,CKKS,16384,50,8,657659,9.135,82207.375,192,168
2025-12-13 15:30:59.496,CKKS,16384,50,8,658199,9.152,82274.875,192,394
2025-12-13 15:30:59.517,CKKS,16384,50,8,658035,9.346,82254.375,192,119
2025-12-13 15:30:59.544,CKKS,16384,50,8,658178,9.452,82272.250,192,330
2025-12-13 15:30:59.557,CKKS,16384,50,8,658122,9.025,82265.250,192,489
2025-12-13 15:30:59.645,CKKS,16384,50,8,657365,9.302,82170.625,192,314
2025-12-13 15:30:59.711,CKKS,16384,50,8,657458,9.103,82182.250,192,410
2025-12-13 15:30:59.718,CKKS,16384,50,8,658111,9.330,82263.875,192,217
2025-12-13 15:30:59.805,CKKS,16384,50,8,658232,9.040,82279.000,192,426
2025-12-13 15:30:59.831,CKKS,16384,50,8,657260,9.056,82157.500,192,37
2025-12-13 15:30:59.847,CKKS,16384,50,8,657344,9.201,82168.000,192,298
2025-12-13 15:30:59.865,CKKS,16384,50,8,658271,11.259,82283.875,192,4
2025-12-13 15:30:59.876,CKKS,16384,50,8,657914,13.643,82239.250,192,70
2025-12-13 15:30:59.888,CKKS,16384,50,8,657968,11.151,82246.000,192,152
2025-12-13 15:30:59.928,CKKS,16384,50,8,657250,8.900,82156.250,192,442
2025-12-13 15:30:59.960,CKKS,16384,50,8,657389,8.927,82173.625,192,282
2025-12-13 15:30:59.986,CKKS,16384,50,8,657418,8.753,82177.250,192,201
2025-12-13 15:31:00.048,CKKS,16384,50,8,657560,9.462,82195.000,192,103
2025-12-13 15:31:00.120,CKKS,16384,50,8,657504,9.514,82188.000,192,266
2025-12-13 15:31:00.213,CKKS,16384,50,8,658049,9.292,82256.125,192,458
2025-12-13 15:31:00.278,CKKS,16384,50,8,657921,9.220,82240.125,192,136
2025-12-13 15:31:00.306,CKKS,16384,50,8,658220,11.959,82277.500,192,185
2025-12-13 15:31:00.351,CKKS,16384,50,8,657886,9.329,82235.750,192,250
2025-12-13 15:31:00.425,CKKS,16384,50,8,658338,9.057,82292.250,192,21
2025-12-13 15:31:00.432,CKKS,16384,50,8,656992,8.959,82124.000,192,54
2025-12-13 15:31:00.500,CKKS,16384,50,8,658242,8.953,82280.250,192,474
2025-12-13 15:31:00.522,CKKS,16384,50,8,657815,9.238,82226.875,192,87
2025-12-13 15:31:00.590,CKKS,16384,50,8,657138,8.891,82142.250,192,234
2025-12-13 15:31:00.651,CKKS,16384,50,8,657955,9.227,82244.375,192,363
2025-12-13 15:31:00.674,CKKS,16384,50,8,656853,9.146,82106.625,192,379
2025-12-13 15:31:00.676,CKKS,16384,50,8,658008,9.276,82251.000,192,347
2025-12-13 15:31:00.685,CKKS,16384,50,8,658093,12.688,82261.625,192,169
2025-12-13 15:31:00.699,CKKS,16384,50,8,658179,9.037,82272.375,192,120
2025-12-13 15:31:00.728,CKKS,16384,50,8,658194,8.781,82274.250,192,395
2025-12-13 15:31:00.752,CKKS,16384,50,8,658052,10.988,82256.500,192,331
2025-12-13 15:31:00.798,CKKS,16384,50,8,658069,9.191,82258.625,192,490
2025-12-13 15:31:00.942,CKKS,16384,50,8,658044,9.282,82255.500,192,411
2025-12-13 15:31:00.953,CKKS,16384,50,8,657784,13.050,82223.000,192,218
2025-12-13 15:31:00.956,CKKS,16384,50,8,657259,10.142,82157.375,192,315
2025-12-13 15:31:00.970,CKKS,16384,50,8,658201,9.049,82275.125,192,38
2025-12-13 15:31:01.029,CKKS,16384,50,8,658222,9.001,82277.750,192,5
2025-12-13 15:31:01.063,CKKS,16384,50,8,657611,8.998,82201.375,192,299
2025-12-13 15:31:01.073,CKKS,16384,50,8,658149,11.798,82268.625,192,71
2025-12-13 15:31:01.076,CKKS,16384,50,8,657429,14.738,82178.625,192,427
2025-12-13 15:31:01.085,CKKS,16384,50,8,657951,9.133,82243.875,192,153
2025-12-13 15:31:01.151,CKKS,16384,50,8,657347,9.337,82168.375,192,443
2025-12-13 15:31:01.199,CKKS,16384,50,8,658025,9.047,82253.125,192,283
2025-12-13 15:31:01.231,CKKS,16384,50,8,657192,8.920,82149.000,192,202
2025-12-13 15:31:01.257,CKKS,16384,50,8,658239,8.943,82279.875,192,104
2025-12-13 15:31:01.376,CKKS,16384,50,8,657603,9.565,82200.375,192,267
2025-12-13 15:31:01.471,CKKS,16384,50,8,658115,9.214,82264.375,192,459
2025-12-13 15:31:01.526,CKKS,16384,50,8,656926,9.047,82115.750,192,137
2025-12-13 15:31:01.576,CKKS,16384,50,8,657366,11.294,82170.750,192,186
2025-12-13 15:31:01.629,CKKS,16384,50,8,657893,13.254,82236.625,192,251
2025-12-13 15:31:01.675,CKKS,16384,50,8,658099,12.327,82262.375,192,55
2025-12-13 15:31:01.691,CKKS,16384,50,8,658025,13.321,82253.125,192,22
2025-12-13 15:31:01.718,CKKS,16384,50,8,657930,10.017,82241.250,192,88
2025-12-13 15:31:01.762,CKKS,16384,50,8,658207,8.893,82275.875,192,475
2025-12-13 15:31:01.847,CKKS,16384,50,8,658194,9.413,82274.250,192,235
2025-12-13 15:31:01.920,CKKS,16384,50,8,658099,9.281,82262.375,192,380
2025-12-13 15:31:01.953,CKKS,16384,50,8,657160,9.319,82145.000,192,364
2025-12-13 15:31:01.967,CKKS,16384,50,8,657730,9.027,82216.250,192,170
2025-12-13 15:31:01.994,CKKS,16384,50,8,656989,9.202,82123.625,192,348
2025-12-13 15:31:02.019,CKKS,16384,50,8,657892,9.187,82236.500,192,121
2025-12-13 15:31:02.043,CKKS,16384,50,8,657299,11.813,82162.375,192,332
2025-12-13 15:31:02.049,CKKS,16384,50,8,658272,14.926,82284.000,192,396
2025-12-13 15:31:02.087,CKKS,16384,50,8,657452,9.205,82181.500,192,491
2025-12-13 15:31:02.141,CKKS,16384,50,8,658051,9.531,82256.375,192,219
2025-12-13 15:31:02.149,CKKS,16384,50,8,658315,9.385,82289.375,192,316
2025-12-13 15:31:02.184,CKKS,16384,50,8,657299,9.953,82162.375,192,412
2025-12-13 15:31:02.195,CKKS,16384,50,8,657321,12.881,82165.125,192,39
2025-12-13 15:31:02.206,CKKS,16384,50,8,657707,10.707,82213.375,192,6
2025-12-13 15:31:02.269,CKKS,16384,50,8,658225,8.996,82278.125,192,72
2025-12-13 15:31:02.297,CKKS,16384,50,8,657467,8.988,82183.375,192,428
2025-12-13 15:31:02.302,CKKS,16384,50,8,658075,9.781,82259.375,192,300
2025-12-13 15:31:02.312,CKKS,16384,50,8,657560,12.933,82195.000,192,154
2025-12-13 15:31:02.401,CKKS,16384,50,8,658104,9.031,82263.000,192,444
2025-12-13 15:31:02.426,CKKS,16384,50,8,657448,8.762,82181.000,192,284
2025-12-13 15:31:02.458,CKKS,16384,50,8,658194,10.159,82274.250,192,203
2025-12-13 15:31:02.467,CKKS,16384,50,8,658198,13.385,82274.750,192,105
2025-12-13 15:31:02.591,CKKS,16384,50,8,658288,9.018,82286.000,192,268
2025-12-13 15:31:02.715,CKKS,16384,50,8,658197,9.026,82274.625,192,138
2025-12-13 15:31:02.727,CKKS,16384,50,8,657386,10.822,82173.250,192,460
2025-12-13 15:31:02.742,CKKS,16384,50,8,657502,9.408,82187.750,192,187
2025-12-13 15:31:02.783,CKKS,16384,50,8,656029,9.072,82003.625,192,23
2025-12-13 15:31:02.848,CKKS,16384,50,8,658231,9.265,82278.875,192,56
2025-12-13 15:31:02.876,CKKS,16384,50,8,656734,9.417,82091.750,192,252
2025-12-13 15:31:02.935,CKKS,16384,50,8,658093,10.614,82261.625,192,89
2025-12-13 15:31:03.025,CKKS,16384,50,8,657150,13.004,82143.750,192,476
2025-12-13 15:31:03.072,CKKS,16384,50,8,657660,10.775,82207.500,192,236
2025-12-13 15:31:03.128,CKKS,16384,50,8,658122,8.944,82265.250,192,365
2025-12-13 15:31:03.181,CKKS,16384,50,8,657903,11.455,82237.875,192,171
2025-12-13 15:31:03.190,CKKS,16384,50,8,658253,15.947,82281.625,192,381
2025-12-13 15:31:03.208,CKKS,16384,50,8,657386,14.525,82173.250,192,349
2025-12-13 15:31:03.216,CKKS,16384,50,8,657263,14.626,82157.875,192,122
2025-12-13 15:31:03.236,CKKS,16384,50,8,658146,13.307,82268.250,192,333
2025-12-13 15:31:03.258,CKKS,16384,50,8,657997,16.265,82249.625,192,397
2025-12-13 15:31:03.343,CKKS,16384,50,8,658157,9.262,82269.625,192,492
2025-12-13 15:31:03.355,CKKS,16384,50,8,657918,10.298,82239.750,192,317
2025-12-13 15:31:03.364,CKKS,16384,50,8,657363,8.863,82170.375,192,220
2025-12-13 15:31:03.395,CKKS,16384,50,8,658242,9.351,82280.250,192,40
2025-12-13 15:31:03.416,CKKS,16384,50,8,657206,9.081,82150.750,192,7
2025-12-13 15:31:03.461,CKKS,16384,50,8,657991,9.036,82248.875,192,413
2025-12-13 15:31:03.463,CKKS,16384,50,8,658044,9.034,82255.500,192,73
2025-12-13 15:31:03.550,CKKS,16384,50,8,657685,10.522,82210.625,192,429
2025-12-13 15:31:03.563,CKKS,16384,50,8,657502,11.452,82187.750,192,301
2025-12-13 15:31:03.579,CKKS,16384,50,8,656878,9.208,82109.750,192,155
2025-12-13 15:31:03.645,CKKS,16384,50,8,657730,8.935,82216.250,192,106
2025-12-13 15:31:03.666,CKKS,16384,50,8,657348,8.824,82168.500,192,445
2025-12-13 15:31:03.692,CKKS,16384,50,8,657946,8.900,82243.250,192,204
2025-12-13 15:31:03.701,CKKS,16384,50,8,657438,9.280,82179.750,192,285
2025-12-13 15:31:03.840,CKKS,16384,50,8,658081,12.876,82260.125,192,269
2025-12-13 15:31:03.943,CKKS,16384,50,8,657582,9.310,82197.750,192,139
2025-12-13 15:31:03.979,CKKS,16384,50,8,657967,9.747,82245.875,192,461
2025-12-13 15:31:04.012,CKKS,16384,50,8,657205,9.056,82150.625,192,24
2025-12-13 15:31:04.058,CKKS,16384,50,8,657672,9.043,82209.000,192,188
2025-12-13 15:31:04.073,CKKS,16384,50,8,657784,13.139,82223.000,192,57
2025-12-13 15:31:04.076,CKKS,16384,50,8,657618,14.748,82202.250,192,253
2025-12-13 15:31:04.131,CKKS,16384,50,8,658319,8.873,82289.875,192,90
2025-12-13 15:31:04.297,CKKS,16384,50,8,657994,9.199,82249.250,192,477
2025-12-13 15:31:04.308,CKKS,16384,50,8,657853,12.305,82231.625,192,237
2025-12-13 15:31:04.378,CKKS,16384,50,8,657946,9.103,82243.250,192,172
2025-12-13 15:31:04.403,CKKS,16384,50,8,657494,9.073,82186.750,192,123
2025-12-13 15:31:04.424,CKKS,16384,50,8,657552,9.235,82194.000,192,350
2025-12-13 15:31:04.475,CKKS,16384,50,8,658057,9.088,82257.125,192,366
2025-12-13 15:31:04.479,CKKS,16384,50,8,657534,9.165,82191.750,192,382
2025-12-13 15:31:04.497,CKKS,16384,50,8,657872,8.920,82234.000,192,334
2025-12-13 15:31:04.536,CKKS,16384,50,8,658191,8.952,82273.875,192,398
2025-12-13 15:31:04.604,CKKS,16384,50,8,658320,9.127,82290.000,192,221
2025-12-13 15:31:04.605,CKKS,16384,50,8,658214,9.293,82276.750,192,493
2025-12-13 15:31:04.644,CKKS,16384,50,8,658137,9.244,82267.125,192,41
2025-12-13 15:31:04.652,CKKS,16384,50,8,657369,9.628,82171.125,192,318
2025-12-13 15:31:04.669,CKKS,16384,50,8,657383,8.757,82172.875,192,8
2025-12-13 15:31:04.702,CKKS,16384,50,8,657600,9.097,82200.000,192,74
2025-12-13 15:31:04.722,CKKS,16384,50,8,657941,9.240,82242.625,192,414
2025-12-13 15:31:04.798,CKKS,16384,50,8,658056,9.212,82257.000,192,302
2025-12-13 15:31:04.831,CKKS,16384,50,8,657942,10.888,82242.750,192,156
2025-12-13 15:31:04.839,CKKS,16384,50,8,658101,14.445,82262.625,192,430
2025-12-13 15:31:04.936,CKKS,16384,50,8,658276,12.331,82284.500,192,107
2025-12-13 15:31:04.945,CKKS,16384,50,8,657437,12.993,82179.625,192,446
2025-12-13 15:31:04.996,CKKS,16384,50,8,658202,14.303,82275.250,192,205
2025-12-13 15:31:04.997,CKKS,16384,50,8,657783,15.062,82222.875,192,286
2025-12-13 15:31:05.140,CKKS,16384,50,8,657414,13.054,82176.750,192,270
2025-12-13 15:31:05.226,CKKS,16384,50,8,656968,9.538,82121.000,192,140
2025-12-13 15:31:05.250,CKKS,16384,50,8,658256,9.748,82282.000,192,25
2025-12-13 15:31:05.263,CKKS,16384,50,8,657323,13.129,82165.375,192,462
2025-12-13 15:31:05.279,CKKS,16384,50,8,658074,10.587,82259.250,192,58
2025-12-13 15:31:05.307,CKKS,16384,50,8,658219,13.487,82277.375,192,254
2025-12-13 15:31:05.311,CKKS,16384,50,8,658194,14.844,82274.250,192,189
2025-12-13 15:31:05.355,CKKS,16384,50,8,657373,12.060,82171.625,192,91
2025-12-13 15:31:05.545,CKKS,16384,50,8,658047,11.074,82255.875,192,238
2025-12-13 15:31:05.576,CKKS,16384,50,8,657389,13.252,82173.625,192,478
2025-12-13 15:31:05.639,CKKS,16384,50,8,655991,9.636,81998.875,192,173
2025-12-13 15:31:05.646,CKKS,16384,50,8,658220,13.032,82277.500,192,124
2025-12-13 15:31:05.664,CKKS,16384,50,8,658237,8.983,82279.625,192,351
2025-12-13 15:31:05.687,CKKS,16384,50,8,657965,10.397,82245.625,192,383
2025-12-13 15:31:05.698,CKKS,16384,50,8,658096,12.058,82262.000,192,367
2025-12-13 15:31:05.726,CKKS,16384,50,8,658281,9.343,82285.125,192,335
2025-12-13 15:31:05.772,CKKS,16384,50,8,658230,8.979,82278.750,192,399
2025-12-13 15:31:05.843,CKKS,16384,50,8,657577,9.553,82197.125,192,42
2025-12-13 15:31:05.864,CKKS,16384,50,8,658135,8.751,82266.875,192,494
2025-12-13 15:31:05.884,CKKS,16384,50,8,658197,9.399,82274.625,192,222
2025-12-13 15:31:05.915,CKKS,16384,50,8,657960,13.442,82245.000,192,9
2025-12-13 15:31:05.917,CKKS,16384,50,8,657372,9.789,82171.500,192,319
2025-12-13 15:31:05.926,CKKS,16384,50,8,657365,12.255,82170.625,192,75
2025-12-13 15:31:05.968,CKKS,16384,50,8,658099,8.818,82262.375,192,415
2025-12-13 15:31:05.993,CKKS,16384,50,8,656870,12.951,82108.750,192,157
2025-12-13 15:31:05.999,CKKS,16384,50,8,658020,9.452,82252.500,192,303
2025-12-13 15:31:06.055,CKKS,16384,50,8,655895,9.422,81986.875,192,431
2025-12-13 15:31:06.079,CKKS,16384,50,8,657808,9.296,82226.000,192,108
2025-12-13 15:31:06.170,CKKS,16384,50,8,657436,8.935,82179.500,192,447
2025-12-13 15:31:06.215,CKKS,16384,50,8,657353,13.400,82169.125,192,287
2025-12-13 15:31:06.218,CKKS,16384,50,8,657441,10.692,82180.125,192,206
2025-12-13 15:31:06.344,CKKS,16384,50,8,657495,13.038,82186.875,192,271
2025-12-13 15:31:06.527,CKKS,16384,50,8,658223,13.054,82277.875,192,463
2025-12-13 15:31:06.546,CKKS,16384,50,8,656050,9.851,82006.250,192,255
2025-12-13 15:31:06.602,CKKS,16384,50,8,657186,9.390,82148.250,192,190
2025-12-13 15:31:06.664,CKKS,16384,50,8,658008,8.798,82251.000,192,26
2025-12-13 15:31:06.698,CKKS,16384,50,8,657232,13.030,82154.000,192,59
2025-12-13 15:31:06.710,CKKS,16384,50,8,657745,14.329,82218.125,192,141
2025-12-13 15:31:06.713,CKKS,16384,50,8,657630,15.545,82203.750,192,92
2025-12-13 15:31:06.830,CKKS,16384,50,8,657012,9.305,82126.500,192,239
2025-12-13 15:31:06.842,CKKS,16384,50,8,657384,11.817,82173.000,192,174
2025-12-13 15:31:06.855,CKKS,16384,50,8,657763,10.228,82220.375,192,479
2025-12-13 15:31:06.889,CKKS,16384,50,8,657484,8.957,82185.500,192,125
2025-12-13 15:31:06.927,CKKS,16384,50,8,657627,9.552,82203.375,192,368
2025-12-13 15:31:06.980,CKKS,16384,50,8,658174,11.853,82271.750,192,352
2025-12-13 15:31:06.985,CKKS,16384,50,8,657732,14.645,82216.500,192,384
2025-12-13 15:31:06.999,CKKS,16384,50,8,658206,11.853,82275.750,192,336
2025-12-13 15:31:07.077,CKKS,16384,50,8,657377,9.314,82172.125,192,43
2025-12-13 15:31:07.110,CKKS,16384,50,8,657419,12.176,82177.375,192,223
2025-12-13 15:31:07.146,CKKS,16384,50,8,657365,13.074,82170.625,192,400
2025-12-13 15:31:07.149,CKKS,16384,50,8,657862,9.480,82232.750,192,495
2025-12-13 15:31:07.166,CKKS,16384,50,8,658090,14.660,82261.250,192,10
2025-12-13 15:31:07.166,CKKS,16384,50,8,657340,14.277,82167.500,192,320
2025-12-13 15:31:07.174,CKKS,16384,50,8,658107,14.176,82263.375,192,76
2025-12-13 15:31:07.258,CKKS,16384,50,8,658335,9.315,82291.875,192,304
2025-12-13 15:31:07.270,CKKS,16384,50,8,657553,10.163,82194.125,192,416
2025-12-13 15:31:07.275,CKKS,16384,50,8,658259,12.963,82282.375,192,158
2025-12-13 15:31:07.303,CKKS,16384,50,8,658125,9.073,82265.625,192,109
2025-12-13 15:31:07.317,CKKS,16384,50,8,658327,10.601,82290.875,192,432
2025-12-13 15:31:07.369,CKKS,16384,50,8,657366,12.989,82170.750,192,207
2025-12-13 15:31:07.385,CKKS,16384,50,8,658136,12.809,82267.000,192,288
2025-12-13 15:31:07.429,CKKS,16384,50,8,657420,9.368,82177.500,192,448
2025-12-13 15:31:07.556,CKKS,16384,50,8,658145,9.543,82268.125,192,272
2025-12-13 15:31:07.601,CKKS,16384,50,8,658255,9.075,82281.875,192,142
2025-12-13 15:31:07.642,CKKS,16384,50,8,657627,9.243,82203.375,192,27
2025-12-13 15:31:07.689,CKKS,16384,50,8,657411,9.071,82176.375,192,60
2025-12-13 15:31:07.709,CKKS,16384,50,8,658130,13.272,82266.250,192,191
2025-12-13 15:31:07.785,CKKS,16384,50,8,657674,13.314,82209.250,192,256
2025-12-13 15:31:07.786,CKKS,16384,50,8,657941,9.421,82242.625,192,464
2025-12-13 15:31:07.814,CKKS,16384,50,8,658152,9.177,82269.000,192,93
2025-12-13 15:31:08.011,CKKS,16384,50,8,658189,9.343,82273.625,192,240
2025-12-13 15:31:08.066,CKKS,16384,50,8,657640,12.948,82205.000,192,175
2025-12-13 15:31:08.073,CKKS,16384,50,8,657228,9.348,82153.500,192,126
2025-12-13 15:31:08.128,CKKS,16384,50,8,658088,12.589,82261.000,192,480
2025-12-13 15:31:08.174,CKKS,16384,50,8,658291,8.951,82286.375,192,369
2025-12-13 15:31:08.203,CKKS,16384,50,8,657885,9.448,82235.625,192,353
2025-12-13 15:31:08.213,CKKS,16384,50,8,658210,13.122,82276.250,192,385
2025-12-13 15:31:08.230,CKKS,16384,50,8,658240,9.452,82280.000,192,337
2025-12-13 15:31:08.258,CKKS,16384,50,8,657961,13.258,82245.125,192,44
2025-12-13 15:31:08.267,CKKS,16384,50,8,658110,9.173,82263.750,192,11
2025-12-13 15:31:08.282,CKKS,16384,50,8,657328,11.222,82166.000,192,224
2025-12-13 15:31:08.292,CKKS,16384,50,8,658145,12.585,82268.125,192,401
2025-12-13 15:31:08.309,CKKS,16384,50,8,658119,11.149,82264.875,192,321
2025-12-13 15:31:08.402,CKKS,16384,50,8,657451,12.911,82181.375,192,496
2025-12-13 15:31:08.458,CKKS,16384,50,8,658243,13.934,82280.375,192,77
2025-12-13 15:31:08.468,CKKS,16384,50,8,656028,9.170,82003.500,192,159
2025-12-13 15:31:08.495,CKKS,16384,50,8,657368,14.331,82171.000,192,417
2025-12-13 15:31:08.496,CKKS,16384,50,8,657423,14.923,82177.875,192,305
2025-12-13 15:31:08.553,CKKS,16384,50,8,658256,9.491,82282.000,192,110
2025-12-13 15:31:08.568,CKKS,16384,50,8,658084,13.031,82260.500,192,433
2025-12-13 15:31:08.576,CKKS,16384,50,8,657389,9.140,82173.625,192,208
2025-12-13 15:31:08.627,CKKS,16384,50,8,658202,9.495,82275.250,192,289
2025-12-13 15:31:08.722,CKKS,16384,50,8,658250,10.537,82281.250,192,449
2025-12-13 15:31:08.795,CKKS,16384,50,8,656906,9.252,82113.250,192,273
2025-12-13 15:31:08.904,CKKS,16384,50,8,657697,15.094,82212.125,192,143
2025-12-13 15:31:08.909,CKKS,16384,50,8,658316,15.012,82289.500,192,28
2025-12-13 15:31:08.914,CKKS,16384,50,8,658056,25.137,82257.000,192,61
2025-12-13 15:31:08.921,CKKS,16384,50,8,657858,18.685,82232.250,192,192
2025-12-13 15:31:09.003,CKKS,16384,50,8,657347,13.199,82168.375,192,257
2025-12-13 15:31:09.025,CKKS,16384,50,8,656365,9.168,82045.625,192,94
2025-12-13 15:31:09.041,CKKS,16384,50,8,657220,13.162,82152.500,192,465
2025-12-13 15:31:09.260,CKKS,16384,50,8,657866,11.247,82233.250,192,241
2025-12-13 15:31:09.319,CKKS,16384,50,8,658202,9.408,82275.250,192,176
2025-12-13 15:31:09.326,CKKS,16384,50,8,658144,13.127,82268.000,192,127
2025-12-13 15:31:09.372,CKKS,16384,50,8,657575,9.063,82196.875,192,481
2025-12-13 15:31:09.410,CKKS,16384,50,8,657980,13.176,82247.500,192,370
2025-12-13 15:31:09.423,CKKS,16384,50,8,658091,12.918,82261.375,192,354
2025-12-13 15:31:09.475,CKKS,16384,50,8,658237,13.446,82279.625,192,386
2025-12-13 15:31:09.487,CKKS,16384,50,8,657646,29.625,82205.750,192,45
2025-12-13 15:31:09.488,CKKS,16384,50,8,658208,14.912,82276.000,192,338
2025-12-13 15:31:09.500,CKKS,16384,50,8,657365,22.023,82170.625,192,12
2025-12-13 15:31:09.515,CKKS,16384,50,8,657957,11.380,82244.625,192,225
2025-12-13 15:31:09.589,CKKS,16384,50,8,658147,10.950,82268.375,192,78
2025-12-13 15:31:09.624,CKKS,16384,50,8,656900,13.065,82112.500,192,322
2025-12-13 15:31:09.629,CKKS,16384,50,8,657993,9.568,82249.125,192,402
2025-12-13 15:31:09.671,CKKS,16384,50,8,657579,12.687,82197.375,192,497
2025-12-13 15:31:09.679,CKKS,16384,50,8,657389,9.418,82173.625,192,160
2025-12-13 15:31:09.726,CKKS,16384,50,8,657967,13.381,82245.875,192,418
2025-12-13 15:31:09.753,CKKS,16384,50,8,657825,13.183,82228.125,192,306
2025-12-13 15:31:09.765,CKKS,16384,50,8,657293,9.333,82161.625,192,111
2025-12-13 15:31:09.836,CKKS,16384,50,8,657293,12.902,82161.625,192,434
2025-12-13 15:31:09.848,CKKS,16384,50,8,658164,9.464,82270.500,192,209
2025-12-13 15:31:09.864,CKKS,16384,50,8,658091,9.440,82261.375,192,290
2025-12-13 15:31:09.981,CKKS,16384,50,8,658028,13.091,82253.500,192,450
2025-12-13 15:31:10.070,CKKS,16384,50,8,657403,13.235,82175.375,192,274
2025-12-13 15:31:10.150,CKKS,16384,50,8,657463,9.242,82182.875,192,144
2025-12-13 15:31:10.175,CKKS,16384,50,8,658025,8.925,82253.125,192,29
2025-12-13 15:31:10.214,CKKS,16384,50,8,657343,9.670,82167.875,192,193
2025-12-13 15:31:10.226,CKKS,16384,50,8,657377,13.044,82172.125,192,62
2025-12-13 15:31:10.280,CKKS,16384,50,8,657357,9.193,82169.625,192,258
2025-12-13 15:31:10.305,CKKS,16384,50,8,658107,8.897,82263.375,192,95
2025-12-13 15:31:10.394,CKKS,16384,50,8,657297,8.934,82162.125,192,466
2025-12-13 15:31:10.588,CKKS,16384,50,8,658017,13.207,82252.125,192,128
2025-12-13 15:31:10.625,CKKS,16384,50,8,658061,9.300,82257.625,192,177
2025-12-13 15:31:10.625,CKKS,16384,50,8,657991,13.095,82248.875,192,242
2025-12-13 15:31:10.641,CKKS,16384,50,8,657589,9.168,82198.625,192,482
2025-12-13 15:31:10.654,CKKS,16384,50,8,657598,11.684,82199.750,192,371
2025-12-13 15:31:10.672,CKKS,16384,50,8,657457,8.940,82182.125,192,355
2025-12-13 15:31:10.697,CKKS,16384,50,8,658250,8.904,82281.250,192,387
2025-12-13 15:31:10.720,CKKS,16384,50,8,658065,13.382,82258.125,192,46
2025-12-13 15:31:10.738,CKKS,16384,50,8,655714,8.897,81964.250,192,339
2025-12-13 15:31:10.744,CKKS,16384,50,8,657767,12.969,82220.875,192,13
2025-12-13 15:31:10.755,CKKS,16384,50,8,657911,12.416,82238.875,192,226
2025-12-13 15:31:10.764,CKKS,16384,50,8,657902,14.053,82237.750,192,79
2025-12-13 15:31:10.806,CKKS,16384,50,8,657299,9.122,82162.375,192,323
2025-12-13 15:31:10.833,CKKS,16384,50,8,658248,12.961,82281.000,192,403
2025-12-13 15:31:10.907,CKKS,16384,50,8,658219,9.320,82277.375,192,161
2025-12-13 15:31:10.948,CKKS,16384,50,8,657910,9.333,82238.750,192,307
2025-12-13 15:31:10.966,CKKS,16384,50,8,657459,9.143,82182.375,192,498
2025-12-13 15:31:11.003,CKKS,16384,50,8,658102,13.048,82262.750,192,419
2025-12-13 15:31:11.008,CKKS,16384,50,8,657316,15.345,82164.500,192,112
2025-12-13 15:31:11.068,CKKS,16384,50,8,657618,8.964,82202.250,192,210
2025-12-13 15:31:11.091,CKKS,16384,50,8,658081,8.951,82260.125,192,435
2025-12-13 15:31:11.107,CKKS,16384,50,8,657765,8.907,82220.625,192,291
2025-12-13 15:31:11.224,CKKS,16384,50,8,657453,9.086,82181.625,192,451
2025-12-13 15:31:11.279,CKKS,16384,50,8,658388,9.105,82298.500,192,275
2025-12-13 15:31:11.302,CKKS,16384,50,8,657466,8.944,82183.250,192,30
2025-12-13 15:31:11.329,CKKS,16384,50,8,657308,13.002,82163.500,192,145
2025-12-13 15:31:11.350,CKKS,16384,50,8,657775,9.452,82221.875,192,63
2025-12-13 15:31:11.428,CKKS,16384,50,8,658257,12.969,82282.125,192,194
2025-12-13 15:31:11.500,CKKS,16384,50,8,658192,13.156,82274.000,192,96
2025-12-13 15:31:11.525,CKKS,16384,50,8,658331,9.377,82291.375,192,259
2025-12-13 15:31:11.669,CKKS,16384,50,8,657544,8.838,82193.000,192,467
2025-12-13 15:31:11.723,CKKS,16384,50,8,656092,12.846,82011.500,192,243
2025-12-13 15:31:11.773,CKKS,16384,50,8,657295,13.418,82161.875,192,178
2025-12-13 15:31:11.791,CKKS,16384,50,8,657926,14.872,82240.750,192,129
2025-12-13 15:31:11.908,CKKS,16384,50,8,658029,19.975,82253.625,192,47
2025-12-13 15:31:11.937,CKKS,16384,50,8,658034,22.919,82254.250,192,483
2025-12-13 15:31:11.943,CKKS,16384,50,8,657959,16.107,82244.875,192,372
2025-12-13 15:31:11.965,CKKS,16384,50,8,657074,15.336,82134.250,192,14
2025-12-13 15:31:11.975,CKKS,16384,50,8,657352,22.826,82169.000,192,356
2025-12-13 15:31:11.988,CKKS,16384,50,8,657559,11.673,82194.875,192,340
2025-12-13 15:31:12.011,CKKS,16384,50,8,657974,13.390,82246.750,192,388
2025-12-13 15:31:12.035,CKKS,16384,50,8,657047,13.087,82130.875,192,227
2025-12-13 15:31:12.036,CKKS,16384,50,8,658179,21.214,82272.375,192,80
2025-12-13 15:31:12.066,CKKS,16384,50,8,657897,13.821,82237.125,192,324
2025-12-13 15:31:12.070,CKKS,16384,50,8,657149,10.333,82143.625,192,404
2025-12-13 15:31:12.114,CKKS,16384,50,8,658136,9.222,82267.000,192,162
2025-12-13 15:31:12.201,CKKS,16384,50,8,658057,9.065,82257.125,192,113
2025-12-13 15:31:12.222,CKKS,16384,50,8,657320,9.112,82165.000,192,308
2025-12-13 15:31:12.264,CKKS,16384,50,8,657312,9.677,82164.000,192,420
2025-12-13 15:31:12.264,CKKS,16384,50,8,658275,12.894,82284.375,192,499
2025-12-13 15:31:12.296,CKKS,16384,50,8,658170,13.073,82271.250,192,211
2025-12-13 15:31:12.359,CKKS,16384,50,8,657297,13.422,82162.125,192,292
2025-12-13 15:31:12.363,CKKS,16384,50,8,658217,15.059,82277.125,192,436
2025-12-13 15:31:12.468,CKKS,16384,50,8,655898,8.967,81987.250,192,452
2025-12-13 15:31:12.487,CKKS,16384,50,8,658276,12.914,82284.500,192,31
2025-12-13 15:31:12.515,CKKS,16384,50,8,658236,9.161,82279.500,192,276
2025-12-13 15:31:12.557,CKKS,16384,50,8,658308,9.617,82288.500,192,146
2025-12-13 15:31:12.577,CKKS,16384,50,8,657486,8.759,82185.750,192,64
2025-12-13 15:31:12.610,CKKS,16384,50,8,658258,9.083,82282.250,192,195
2025-12-13 15:31:12.664,CKKS,16384,50,8,657347,9.365,82168.375,192,97
2025-12-13 15:31:12.699,CKKS,16384,50,8,657775,9.039,82221.875,192,260
2025-12-13 15:31:12.916,CKKS,16384,50,8,657379,9.672,82172.375,192,468
2025-12-13 15:31:12.970,CKKS,16384,50,8,657933,8.938,82241.625,192,130
2025-12-13 15:31:12.991,CKKS,16384,50,8,658299,9.213,82287.375,192,244
2025-12-13 15:31:13.063,CKKS,16384,50,8,658308,9.218,82288.500,192,179
2025-12-13 15:31:13.173,CKKS,16384,50,8,657785,16.673,82223.125,192,48
2025-12-13 15:31:13.184,CKKS,16384,50,8,657940,16.027,82242.500,192,15
2025-12-13 15:31:13.198,CKKS,16384,50,8,658244,24.475,82280.500,192,484
2025-12-13 15:31:13.203,CKKS,16384,50,8,657388,19.553,82173.500,192,357
2025-12-13 15:31:13.215,CKKS,16384,50,8,657830,29.114,82228.750,192,373
2025-12-13 15:31:13.220,CKKS,16384,50,8,657797,23.889,82224.625,192,341
2025-12-13 15:31:13.229,CKKS,16384,50,8,657441,16.959,82180.125,192,81
2025-12-13 15:31:13.237,CKKS,16384,50,8,658072,14.441,82259.000,192,389
2025-12-13 15:31:13.248,CKKS,16384,50,8,658013,13.481,82251.625,192,228
2025-12-13 15:31:13.294,CKKS,16384,50,8,657422,12.512,82177.750,192,325
2025-12-13 15:31:13.320,CKKS,16384,50,8,658171,9.331,82271.375,192,405
2025-12-13 15:31:13.336,CKKS,16384,50,8,657811,11.700,82226.375,192,163
2025-12-13 15:31:13.398,CKKS,16384,50,8,657797,13.169,82224.625,192,114
2025-12-13 15:31:13.445,CKKS,16384,50,8,658040,13.105,82255.000,192,309
2025-12-13 15:31:13.557,CKKS,16384,50,8,657973,46.636,82246.625,192,500
2025-12-13 15:31:13.559,CKKS,16384,50,8,657373,31.999,82171.625,192,212
2025-12-13 15:31:13.559,CKKS,16384,50,8,658031,41.413,82253.875,192,421
2025-12-13 15:31:13.586,CKKS,16384,50,8,657983,13.784,82247.875,192,293
2025-12-13 15:31:13.599,CKKS,16384,50,8,657571,13.747,82196.375,192,437
2025-12-13 15:31:13.693,CKKS,16384,50,8,658056,9.414,82257.000,192,32
2025-12-13 15:31:13.734,CKKS,16384,50,8,657274,10.020,82159.250,192,453
2025-12-13 15:31:13.760,CKKS,16384,50,8,657372,8.924,82171.500,192,147
2025-12-13 15:31:13.795,CKKS,16384,50,8,657859,12.909,82232.375,192,277
2025-12-13 15:31:13.819,CKKS,16384,50,8,657544,13.196,82193.000,192,65
2025-12-13 15:31:13.842,CKKS,16384,50,8,656019,8.854,82002.375,192,196
2025-12-13 15:31:13.901,CKKS,16384,50,8,658050,13.176,82256.250,192,98
2025-12-13 15:31:13.944,CKKS,16384,50,8,657952,13.218,82244.000,192,261
2025-12-13 15:31:14.207,CKKS,16384,50,8,657517,13.880,82189.625,192,131
2025-12-13 15:31:14.208,CKKS,16384,50,8,657212,14.740,82151.500,192,469
2025-12-13 15:31:14.232,CKKS,16384,50,8,657983,9.134,82247.875,192,245
2025-12-13 15:31:14.243,CKKS,16384,50,8,657518,13.490,82189.750,192,180
2025-12-13 15:31:14.362,CKKS,16384,50,8,658083,13.280,82260.375,192,49
2025-12-13 15:31:14.365,CKKS,16384,50,8,657322,9.868,82165.250,192,16
2025-12-13 15:31:14.418,CKKS,16384,50,8,658205,9.724,82275.625,192,374
2025-12-13 15:31:14.472,CKKS,16384,50,8,657401,12.851,82175.125,192,82
2025-12-13 15:31:14.475,CKKS,16384,50,8,657392,15.104,82174.000,192,485
2025-12-13 15:31:14.493,CKKS,16384,50,8,658154,12.896,82269.250,192,358
2025-12-13 15:31:14.493,CKKS,16384,50,8,658225,9.353,82278.125,192,342
2025-12-13 15:31:14.523,CKKS,16384,50,8,656966,9.161,82120.750,192,229
2025-12-13 15:31:14.538,CKKS,16384,50,8,657721,11.026,82215.125,192,390
2025-12-13 15:31:14.551,CKKS,16384,50,8,658231,10.613,82278.875,192,326
2025-12-13 15:31:14.592,CKKS,16384,50,8,657241,9.525,82155.125,192,164
2025-12-13 15:31:14.618,CKKS,16384,50,8,658062,10.121,82257.750,192,406
2025-12-13 15:31:14.656,CKKS,16384,50,8,657718,9.204,82214.750,192,115
2025-12-13 15:31:14.723,CKKS,16384,50,8,656375,9.504,82046.875,192,310
2025-12-13 15:31:14.765,CKKS,16384,50,8,657890,9.402,82236.250,192,422
2025-12-13 15:31:14.792,CKKS,16384,50,8,657420,11.896,82177.500,192,213
2025-12-13 15:31:14.880,CKKS,16384,50,8,657467,13.660,82183.375,192,438
2025-12-13 15:31:14.892,CKKS,16384,50,8,655724,19.275,81965.500,192,294
2025-12-13 15:31:14.963,CKKS,16384,50,8,657913,9.247,82239.125,192,33
2025-12-13 15:31:15.018,CKKS,16384,50,8,655885,9.388,81985.625,192,454
2025-12-13 15:31:15.032,CKKS,16384,50,8,657443,11.934,82180.375,192,148
2025-12-13 15:31:15.080,CKKS,16384,50,8,658194,13.075,82274.250,192,278
2025-12-13 15:31:15.090,CKKS,16384,50,8,657364,13.302,82170.500,192,66
2025-12-13 15:31:15.094,CKKS,16384,50,8,657413,14.781,82176.625,192,197
2025-12-13 15:31:15.140,CKKS,16384,50,8,657925,12.932,82240.625,192,99
2025-12-13 15:31:15.205,CKKS,16384,50,8,657821,13.830,82227.625,192,262
2025-12-13 15:31:15.401,CKKS,16384,50,8,657762,14.080,82220.250,192,132
2025-12-13 15:31:15.455,CKKS,16384,50,8,658164,9.856,82270.500,192,470
2025-12-13 15:31:15.475,CKKS,16384,50,8,657501,13.124,82187.625,192,181
2025-12-13 15:31:15.476,CKKS,16384,50,8,658293,9.009,82286.625,192,246
2025-12-13 15:31:15.592,CKKS,16384,50,8,658252,15.680,82281.500,192,17
2025-12-13 15:31:15.593,CKKS,16384,50,8,658149,15.633,82268.625,192,50
2025-12-13 15:31:15.662,CKKS,16384,50,8,657376,9.485,82172.000,192,83
2025-12-13 15:31:15.722,CKKS,16384,50,8,657534,13.096,82191.750,192,486
2025-12-13 15:31:15.791,CKKS,16384,50,8,657354,9.208,82169.250,192,343
2025-12-13 15:31:15.850,CKKS,16384,50,8,658188,13.387,82273.500,192,375
2025-12-13 15:31:15.864,CKKS,16384,50,8,658224,10.482,82278.000,192,391
2025-12-13 15:31:15.880,CKKS,16384,50,8,658230,12.950,82278.750,192,165
2025-12-13 15:31:15.883,CKKS,16384,50,8,657177,17.852,82147.125,192,359
2025-12-13 15:31:15.885,CKKS,16384,50,8,657406,17.494,82175.750,192,230
2025-12-13 15:31:15.905,CKKS,16384,50,8,658290,12.286,82286.250,192,327
2025-12-13 15:31:15.909,CKKS,16384,50,8,657937,10.122,82242.125,192,116
2025-12-13 15:31:15.962,CKKS,16384,50,8,658165,13.016,82270.625,192,311
2025-12-13 15:31:15.965,CKKS,16384,50,8,657971,9.761,82246.375,192,407
2025-12-13 15:31:16.010,CKKS,16384,50,8,657370,8.922,82171.250,192,214
2025-12-13 15:31:16.024,CKKS,16384,50,8,657257,10.283,82157.125,192,423
2025-12-13 15:31:16.064,CKKS,16384,50,8,658164,9.217,82270.500,192,295
2025-12-13 15:31:16.113,CKKS,16384,50,8,657969,13.081,82246.125,192,439
2025-12-13 15:31:16.143,CKKS,16384,50,8,657395,9.493,82174.375,192,34
2025-12-13 15:31:16.249,CKKS,16384,50,8,657224,9.026,82153.000,192,149
2025-12-13 15:31:16.280,CKKS,16384,50,8,657889,13.191,82236.125,192,1
2025-12-13 15:31:16.294,CKKS,16384,50,8,657253,9.181,82156.625,192,455
2025-12-13 15:31:16.311,CKKS,16384,50,8,657584,12.667,82198.000,192,279
2025-12-13 15:31:16.318,CKKS,16384,50,8,656863,10.527,82107.875,192,67
2025-12-13 15:31:16.330,CKKS,16384,50,8,657779,13.126,82222.375,192,198
2025-12-13 15:31:16.345,CKKS,16384,50,8,657306,9.340,82163.250,192,100
2025-12-13 15:31:16.430,CKKS,16384,50,8,658299,13.166,82287.375,192,263
2025-12-13 15:31:16.687,CKKS,16384,50,8,657404,9.148,82175.500,192,133
2025-12-13 15:31:16.733,CKKS,16384,50,8,657407,9.217,82175.875,192,182
2025-12-13 15:31:16.751,CKKS,16384,50,8,657396,9.106,82174.500,192,247
2025-12-13 15:31:16.783,CKKS,16384,50,8,658161,12.899,82270.125,192,471
2025-12-13 15:31:16.898,CKKS,16384,50,8,658008,9.553,82251.000,192,51
2025-12-13 15:31:16.903,CKKS,16384,50,8,657388,13.030,82173.500,192,18
2025-12-13 15:31:16.933,CKKS,16384,50,8,657995,8.907,82249.375,192,84
2025-12-13 15:31:16.972,CKKS,16384,50,8,657889,9.058,82236.125,192,360
2025-12-13 15:31:16.988,CKKS,16384,50,8,658127,12.898,82265.875,192,376
2025-12-13 15:31:17.037,CKKS,16384,50,8,658061,9.093,82257.625,192,231
2025-12-13 15:31:17.044,CKKS,16384,50,8,656913,12.966,82114.125,192,344
2025-12-13 15:31:17.055,CKKS,16384,50,8,658155,14.889,82269.375,192,487
2025-12-13 15:31:17.062,CKKS,16384,50,8,658183,14.519,82272.875,192,392
2025-12-13 15:31:17.064,CKKS,16384,50,8,657236,16.654,82154.500,192,166
2025-12-13 15:31:17.073,CKKS,16384,50,8,658194,12.544,82274.250,192,328
2025-12-13 15:31:17.084,CKKS,16384,50,8,658138,13.179,82267.250,192,117
2025-12-13 15:31:17.246,CKKS,16384,50,8,657861,9.237,82232.625,192,408
2025-12-13 15:31:17.261,CKKS,16384,50,8,657873,12.056,82234.125,192,312
2025-12-13 15:31:17.287,CKKS,16384,50,8,657498,11.518,82187.250,192,215
2025-12-13 15:31:17.293,CKKS,16384,50,8,658264,14.474,82283.000,192,424
2025-12-13 15:31:17.309,CKKS,16384,50,8,657693,8.778,82211.625,192,296
2025-12-13 15:31:17.343,CKKS,16384,50,8,657907,9.192,82238.375,192,35
2025-12-13 15:31:17.398,CKKS,16384,50,8,657425,9.100,82178.125,192,440
2025-12-13 15:31:17.410,CKKS,16384,50,8,657358,11.198,82169.750,192,68
2025-12-13 15:31:17.430,CKKS,16384,50,8,657642,11.756,82205.250,192,2
2025-12-13 15:31:17.443,CKKS,16384,50,8,658209,11.168,82276.125,192,150
2025-12-13 15:31:17.490,CKKS,16384,50,8,657264,9.132,82158.000,192,280
2025-12-13 15:31:17.525,CKKS,16384,50,8,657348,13.269,82168.500,192,199
2025-12-13 15:31:17.527,CKKS,16384,50,8,657350,9.397,82168.750,192,456
2025-12-13 15:31:17.552,CKKS,16384,50,8,657443,8.847,82180.375,192,101
2025-12-13 15:31:17.681,CKKS,16384,50,8,658201,12.941,82275.125,192,264
2025-12-13 15:31:17.847,CKKS,16384,50,8,657815,8.954,82226.875,192,134
2025-12-13 15:31:17.884,CKKS,16384,50,8,657760,9.027,82220.000,192,183
2025-12-13 15:31:17.897,CKKS,16384,50,8,658258,10.825,82282.250,192,248
2025-12-13 15:31:17.996,CKKS,16384,50,8,657857,9.749,82232.125,192,472
2025-12-13 15:31:18.018,CKKS,16384,50,8,657685,8.878,82210.625,192,19
2025-12-13 15:31:18.030,CKKS,16384,50,8,657035,11.916,82129.375,192,52
2025-12-13 15:31:18.078,CKKS,16384,50,8,657365,13.008,82170.625,192,85
2025-12-13 15:31:18.148,CKKS,16384,50,8,657694,9.661,82211.750,192,232
2025-12-13 15:31:18.196,CKKS,16384,50,8,657300,10.279,82162.500,192,361
2025-12-13 15:31:18.235,CKKS,16384,50,8,657796,15.015,82224.500,192,345
2025-12-13 15:31:18.236,CKKS,16384,50,8,657960,15.323,82245.000,192,377
2025-12-13 15:31:18.244,CKKS,16384,50,8,656995,22.825,82124.375,192,167
2025-12-13 15:31:18.253,CKKS,16384,50,8,658088,18.955,82261.000,192,393
2025-12-13 15:31:18.272,CKKS,16384,50,8,657393,9.278,82174.125,192,488
2025-12-13 15:31:18.305,CKKS,16384,50,8,657695,9.076,82211.875,192,329
2025-12-13 15:31:18.317,CKKS,16384,50,8,657605,10.844,82200.625,192,118
2025-12-13 15:31:18.404,CKKS,16384,50,8,658106,13.001,82263.250,192,313
2025-12-13 15:31:18.424,CKKS,16384,50,8,658002,9.297,82250.250,192,409
2025-12-13 15:31:18.457,CKKS,16384,50,8,657521,9.633,82190.125,192,216
2025-12-13 15:31:18.507,CKKS,16384,50,8,657570,9.569,82196.250,192,425
2025-12-13 15:31:18.565,CKKS,16384,50,8,657925,9.217,82240.625,192,36
2025-12-13 15:31:18.589,CKKS,16384,50,8,658167,8.817,82270.875,192,297
2025-12-13 15:31:18.603,CKKS,16384,50,8,657592,12.671,82199.000,192,3
2025-12-13 15:31:18.658,CKKS,16384,50,8,657449,23.702,82181.125,192,69
2025-12-13 15:31:18.672,CKKS,16384,50,8,657375,25.171,82171.875,192,441
2025-12-13 15:31:18.683,CKKS,16384,50,8,658181,32.265,82272.625,192,151
2025-12-13 15:31:18.735,CKKS,16384,50,8,657499,12.992,82187.375,192,281
2025-12-13 15:31:18.749,CKKS,16384,50,8,657888,17.391,82236.000,192,200
2025-12-13 15:31:18.910,CKKS,16384,50,8,657572,10.887,82196.500,192,102
2025-12-13 15:31:18.973,CKKS,16384,50,8,658234,9.530,82279.250,192,457
2025-12-13 15:31:18.979,CKKS,16384,50,8,657962,13.174,82245.250,192,265
2025-12-13 15:31:19.099,CKKS,16384,50,8,657426,9.431,82178.250,192,135
2025-12-13 15:31:19.113,CKKS,16384,50,8,657861,9.456,82232.625,192,184
2025-12-13 15:31:19.137,CKKS,16384,50,8,657383,12.930,82172.875,192,249
2025-12-13 15:31:19.168,CKKS,16384,50,8,658189,9.181,82273.625,192,20
2025-12-13 15:31:19.200,CKKS,16384,50,8,658199,8.955,82274.875,192,53
2025-12-13 15:31:19.253,CKKS,16384,50,8,657486,8.954,82185.750,192,473
2025-12-13 15:31:19.308,CKKS,16384,50,8,658249,8.956,82281.125,192,86
2025-12-13 15:31:19.389,CKKS,16384,50,8,657408,13.184,82176.000,192,233
2025-12-13 15:31:19.430,CKKS,16384,50,8,657298,12.836,82162.250,192,378
2025-12-13 15:31:19.440,CKKS,16384,50,8,658095,11.660,82261.875,192,362
2025-12-13 15:31:19.450,CKKS,16384,50,8,658158,10.771,82269.750,192,346
2025-12-13 15:31:19.486,CKKS,16384,50,8,657937,9.085,82242.125,192,168
2025-12-13 15:31:19.528,CKKS,16384,50,8,658244,13.315,82280.500,192,394
2025-12-13 15:31:19.536,CKKS,16384,50,8,658198,9.288,82274.750,192,119
2025-12-13 15:31:19.560,CKKS,16384,50,8,657821,9.359,82227.625,192,330
2025-12-13 15:31:19.580,CKKS,16384,50,8,657468,13.153,82183.500,192,489
2025-12-13 15:31:19.665,CKKS,16384,50,8,657394,12.354,82174.250,192,314
2025-12-13 15:31:19.727,CKKS,16384,50,8,657762,9.356,82220.250,192,410
2025-12-13 15:31:19.740,CKKS,16384,50,8,658033,13.053,82254.125,192,217
2025-12-13 15:31:19.821,CKKS,16384,50,8,658192,9.387,82274.000,192,426
2025-12-13 15:31:19.846,CKKS,16384,50,8,657502,9.298,82187.750,192,37
2025-12-13 15:31:19.865,CKKS,16384,50,8,657389,9.496,82173.625,192,298
2025-12-13 15:31:19.882,CKKS,16384,50,8,658214,8.922,82276.750,192,4
2025-12-13 15:31:19.896,CKKS,16384,50,8,656171,12.719,82021.375,192,70
2025-12-13 15:31:19.903,CKKS,16384,50,8,658054,9.158,82256.750,192,152
2025-12-13 15:31:19.945,CKKS,16384,50,8,657353,9.431,82169.125,192,442
2025-12-13 15:31:19.981,CKKS,16384,50,8,657396,12.986,82174.500,192,282
2025-12-13 15:31:20.006,CKKS,16384,50,8,657358,11.684,82169.750,192,201
2025-12-13 15:31:20.064,CKKS,16384,50,8,658175,9.229,82271.875,192,103
2025-12-13 15:31:20.137,CKKS,16384,50,8,658054,8.921,82256.750,192,266
2025-12-13 15:31:20.229,CKKS,16384,50,8,657366,9.507,82170.750,192,458
2025-12-13 15:31:20.299,CKKS,16384,50,8,657291,13.068,82161.375,192,136
2025-12-13 15:31:20.327,CKKS,16384,50,8,655846,13.086,81980.750,192,185
2025-12-13 15:31:20.368,CKKS,16384,50,8,657557,10.096,82194.625,192,250
2025-12-13 15:31:20.448,CKKS,16384,50,8,658132,13.270,82266.500,192,21
2025-12-13 15:31:20.449,CKKS,16384,50,8,657272,9.580,82159.000,192,54
2025-12-13 15:31:20.522,CKKS,16384,50,8,657928,12.769,82241.000,192,474
2025-12-13 15:31:20.549,CKKS,16384,50,8,657403,14.281,82175.375,192,87
2025-12-13 15:31:20.612,CKKS,16384,50,8,658282,13.763,82285.250,192,234
2025-12-13 15:31:20.668,CKKS,16384,50,8,657849,9.315,82231.125,192,363
2025-12-13 15:31:20.696,CKKS,16384,50,8,658355,9.513,82294.375,192,379
2025-12-13 15:31:20.700,CKKS,16384,50,8,658243,13.344,82280.375,192,347
2025-12-13 15:31:20.706,CKKS,16384,50,8,657297,12.614,82162.125,192,169
2025-12-13 15:31:20.721,CKKS,16384,50,8,657790,13.168,82223.750,192,120
2025-12-13 15:31:20.745,CKKS,16384,50,8,658248,9.794,82281.000,192,395
2025-12-13 15:31:20.768,CKKS,16384,50,8,657824,9.045,82228.000,192,331
2025-12-13 15:31:20.821,CKKS,16384,50,8,657304,14.752,82163.000,192,490
2025-12-13 15:31:20.966,CKKS,16384,50,8,658288,12.979,82286.000,192,411
2025-12-13 15:31:20.977,CKKS,16384,50,8,658265,14.110,82283.125,192,218
2025-12-13 15:31:20.979,CKKS,16384,50,8,657573,14.914,82196.625,192,315
2025-12-13 15:31:20.993,CKKS,16384,50,8,658287,13.197,82285.875,192,38
2025-12-13 15:31:21.046,CKKS,16384,50,8,658226,9.345,82278.250,192,5
2025-12-13 15:31:21.085,CKKS,16384,50,8,657484,12.970,82185.500,192,299
2025-12-13 15:31:21.099,CKKS,16384,50,8,658352,13.391,82294.000,192,71
2025-12-13 15:31:21.101,CKKS,16384,50,8,658249,14.511,82281.125,192,427
2025-12-13 15:31:21.111,CKKS,16384,50,8,658222,13.610,82277.750,192,153
2025-12-13 15:31:21.169,CKKS,16384,50,8,658243,9.310,82280.375,192,443
2025-12-13 15:31:21.215,CKKS,16384,50,8,658287,8.903,82285.875,192,283
2025-12-13 15:31:21.247,CKKS,16384,50,8,657688,9.880,82211.000,192,202
2025-12-13 15:31:21.274,CKKS,16384,50,8,657736,9.922,82217.000,192,104
2025-12-13 15:31:21.392,CKKS,16384,50,8,657940,8.999,82242.500,192,267
2025-12-13 15:31:21.488,CKKS,16384,50,8,657424,8.996,82178.000,192,459
2025-12-13 15:31:21.544,CKKS,16384,50,8,657038,11.809,82129.750,192,137
2025-12-13 15:31:21.595,CKKS,16384,50,8,658174,9.150,82271.750,192,186
2025-12-13 15:31:21.650,CKKS,16384,50,8,657313,13.165,82164.125,192,251
2025-12-13 15:31:21.694,CKKS,16384,50,8,658146,8.720,82268.250,192,55
2025-12-13 15:31:21.708,CKKS,16384,50,8,657670,9.736,82208.750,192,22
2025-12-13 15:31:21.735,CKKS,16384,50,8,658289,9.639,82286.125,192,88
2025-12-13 15:31:21.778,CKKS,16384,50,8,657344,9.235,82168.000,192,475
2025-12-13 15:31:21.862,CKKS,16384,50,8,656711,9.125,82088.875,192,235
2025-12-13 15:31:21.937,CKKS,16384,50,8,657205,9.030,82150.625,192,380
2025-12-13 15:31:21.975,CKKS,16384,50,8,657406,13.289,82175.750,192,364
2025-12-13 15:31:21.985,CKKS,16384,50,8,658336,9.306,82292.000,192,170
2025-12-13 15:31:22.012,CKKS,16384,50,8,656885,8.945,82110.625,192,348
2025-12-13 15:31:22.042,CKKS,16384,50,8,657684,13.149,82210.500,192,121
2025-12-13 15:31:22.069,CKKS,16384,50,8,657996,15.584,82249.500,192,332
2025-12-13 15:31:22.074,CKKS,16384,50,8,657761,17.286,82220.125,192,396
2025-12-13 15:31:22.103,CKKS,16384,50,8,657443,8.904,82180.375,192,491
2025-12-13 15:31:22.166,CKKS,16384,50,8,658128,15.217,82266.000,192,219
2025-12-13 15:31:22.171,CKKS,16384,50,8,657485,13.798,82185.625,192,316
2025-12-13 15:31:22.209,CKKS,16384,50,8,658188,12.995,82273.500,192,412
2025-12-13 15:31:22.219,CKKS,16384,50,8,658186,13.647,82273.250,192,39
2025-12-13 15:31:22.238,CKKS,16384,50,8,658244,21.436,82280.500,192,6
2025-12-13 15:31:22.292,CKKS,16384,50,8,657251,13.525,82156.375,192,72
2025-12-13 15:31:22.351,CKKS,16384,50,8,657386,44.448,82173.250,192,428
2025-12-13 15:31:22.358,CKKS,16384,50,8,657642,33.208,82205.250,192,154
2025-12-13 15:31:22.362,CKKS,16384,50,8,657422,39.069,82177.750,192,300
2025-12-13 15:31:22.417,CKKS,16384,50,8,657245,9.014,82155.625,192,444
2025-12-13 15:31:22.443,CKKS,16384,50,8,656998,9.015,82124.750,192,284
2025-12-13 15:31:22.474,CKKS,16384,50,8,657392,9.049,82174.000,192,203
2025-12-13 15:31:22.491,CKKS,16384,50,8,658182,13.226,82272.750,192,105
2025-12-13 15:31:22.609,CKKS,16384,50,8,657382,9.010,82172.750,192,268
2025-12-13 15:31:22.734,CKKS,16384,50,8,657726,9.871,82215.750,192,138
2025-12-13 15:31:22.752,CKKS,16384,50,8,657660,13.184,82207.500,192,460
2025-12-13 15:31:22.760,CKKS,16384,50,8,658114,9.111,82264.250,192,187
2025-12-13 15:31:22.807,CKKS,16384,50,8,657456,13.103,82182.000,192,23
2025-12-13 15:31:22.867,CKKS,16384,50,8,656871,9.493,82108.875,192,56
2025-12-13 15:31:22.894,CKKS,16384,50,8,657858,8.843,82232.250,192,252
2025-12-13 15:31:22.955,CKKS,16384,50,8,658327,12.912,82290.875,192,89
2025-12-13 15:31:23.045,CKKS,16384,50,8,657940,12.902,82242.500,192,476
2025-12-13 15:31:23.090,CKKS,16384,50,8,657431,9.042,82178.875,192,236
2025-12-13 15:31:23.145,CKKS,16384,50,8,657297,9.531,82162.125,192,365
2025-12-13 15:31:23.198,CKKS,16384,50,8,657496,9.271,82187.000,192,171
2025-12-13 15:31:23.212,CKKS,16384,50,8,658213,13.099,82276.625,192,381
2025-12-13 15:31:23.228,CKKS,16384,50,8,658170,10.198,82271.250,192,349
2025-12-13 15:31:23.236,CKKS,16384,50,8,658330,13.022,82291.250,192,122
2025-12-13 15:31:23.252,CKKS,16384,50,8,658320,9.071,82290.000,192,333
2025-12-13 15:31:23.280,CKKS,16384,50,8,658228,13.154,82278.500,192,397
2025-12-13 15:31:23.363,CKKS,16384,50,8,658224,10.196,82278.000,192,492
2025-12-13 15:31:23.378,CKKS,16384,50,8,657993,13.688,82249.125,192,317
2025-12-13 15:31:23.384,CKKS,16384,50,8,655978,12.788,81997.250,192,220
2025-12-13 15:31:23.411,CKKS,16384,50,8,657279,8.927,82159.875,192,40
2025-12-13 15:31:23.431,CKKS,16384,50,8,657785,9.123,82223.125,192,7
2025-12-13 15:31:23.478,CKKS,16384,50,8,657386,9.339,82173.250,192,413
2025-12-13 15:31:23.486,CKKS,16384,50,8,657392,12.941,82174.000,192,73
2025-12-13 15:31:23.578,CKKS,16384,50,8,658129,12.373,82266.125,192,429
2025-12-13 15:31:23.589,CKKS,16384,50,8,658259,12.915,82282.375,192,301
2025-12-13 15:31:23.603,CKKS,16384,50,8,658146,14.355,82268.250,192,155
2025-12-13 15:31:23.666,CKKS,16384,50,8,658032,11.820,82254.000,192,106
2025-12-13 15:31:23.692,CKKS,16384,50,8,658040,14.157,82255.000,192,445
2025-12-13 15:31:23.716,CKKS,16384,50,8,657394,12.848,82174.250,192,204
2025-12-13 15:31:23.726,CKKS,16384,50,8,657932,12.933,82241.500,192,285
2025-12-13 15:31:23.867,CKKS,16384,50,8,657257,13.745,82157.125,192,269
2025-12-13 15:31:23.961,CKKS,16384,50,8,657754,9.096,82219.250,192,139
2025-12-13 15:31:23.998,CKKS,16384,50,8,657961,9.028,82245.125,192,461
2025-12-13 15:31:24.027,CKKS,16384,50,8,657341,9.160,82167.625,192,24
2025-12-13 15:31:24.076,CKKS,16384,50,8,657345,9.510,82168.125,192,188
2025-12-13 15:31:24.099,CKKS,16384,50,8,657192,14.509,82149.000,192,57
2025-12-13 15:31:24.101,CKKS,16384,50,8,658186,14.816,82273.250,192,253
2025-12-13 15:31:24.147,CKKS,16384,50,8,658175,9.440,82271.875,192,90
2025-12-13 15:31:24.313,CKKS,16384,50,8,657902,8.985,82237.750,192,477
2025-12-13 15:31:24.330,CKKS,16384,50,8,657926,13.140,82240.750,192,237
2025-12-13 15:31:24.401,CKKS,16384,50,8,658175,13.164,82271.875,192,172
2025-12-13 15:31:24.419,CKKS,16384,50,8,657295,8.987,82161.875,192,123
2025-12-13 15:31:24.440,CKKS,16384,50,8,658118,8.933,82264.750,192,350
2025-12-13 15:31:24.497,CKKS,16384,50,8,657324,12.991,82165.500,192,366
2025-12-13 15:31:24.497,CKKS,16384,50,8,658247,8.927,82280.875,192,382
2025-12-13 15:31:24.514,CKKS,16384,50,8,657435,8.920,82179.375,192,334
2025-12-13 15:31:24.559,CKKS,16384,50,8,656051,13.097,82006.375,192,398
2025-12-13 15:31:24.626,CKKS,16384,50,8,657319,13.926,82164.875,192,221
2025-12-13 15:31:24.629,CKKS,16384,50,8,658145,14.966,82268.125,192,493
2025-12-13 15:31:24.669,CKKS,16384,50,8,657961,12.962,82245.125,192,41
2025-12-13 15:31:24.672,CKKS,16384,50,8,658115,9.677,82264.375,192,318
2025-12-13 15:31:24.688,CKKS,16384,50,8,658231,9.717,82278.875,192,8
2025-12-13 15:31:24.726,CKKS,16384,50,8,658146,13.291,82268.250,192,74
2025-12-13 15:31:24.738,CKKS,16384,50,8,656997,9.140,82124.625,192,414
2025-12-13 15:31:24.814,CKKS,16384,50,8,657407,9.562,82175.875,192,302
2025-12-13 15:31:24.851,CKKS,16384,50,8,657921,10.343,82240.125,192,156
2025-12-13 15:31:24.860,CKKS,16384,50,8,658218,13.324,82277.250,192,430
2025-12-13 15:31:24.955,CKKS,16384,50,8,658248,9.344,82281.000,192,107
2025-12-13 15:31:24.966,CKKS,16384,50,8,658360,12.762,82295.000,192,446
2025-12-13 15:31:25.018,CKKS,16384,50,8,658328,9.247,82291.000,192,286
2025-12-13 15:31:25.020,CKKS,16384,50,8,657826,12.927,82228.250,192,205
2025-12-13 15:31:25.161,CKKS,16384,50,8,658192,9.118,82274.000,192,270
2025-12-13 15:31:25.247,CKKS,16384,50,8,657338,13.132,82167.250,192,140
2025-12-13 15:31:25.267,CKKS,16384,50,8,658137,9.084,82267.125,192,25
2025-12-13 15:31:25.286,CKKS,16384,50,8,658123,13.288,82265.375,192,462
2025-12-13 15:31:25.296,CKKS,16384,50,8,658128,9.268,82266.000,192,58
2025-12-13 15:31:25.327,CKKS,16384,50,8,657195,9.502,82149.375,192,189
2025-12-13 15:31:25.332,CKKS,16384,50,8,658126,13.066,82265.750,192,254
2025-12-13 15:31:25.374,CKKS,16384,50,8,657895,11.835,82236.875,192,91
2025-12-13 15:31:25.567,CKKS,16384,50,8,657013,9.189,82126.625,192,238
2025-12-13 15:31:25.594,CKKS,16384,50,8,658144,8.833,82268.000,192,478
2025-12-13 15:31:25.655,CKKS,16384,50,8,657179,9.465,82147.375,192,173
2025-12-13 15:31:25.669,CKKS,16384,50,8,658159,12.901,82269.875,192,124
2025-12-13 15:31:25.679,CKKS,16384,50,8,657305,9.331,82163.125,192,351
2025-12-13 15:31:25.703,CKKS,16384,50,8,657319,9.059,82164.875,192,383
2025-12-13 15:31:25.718,CKKS,16384,50,8,657375,12.750,82171.875,192,367
2025-12-13 15:31:25.748,CKKS,16384,50,8,658186,13.236,82273.250,192,335
2025-12-13 15:31:25.795,CKKS,16384,50,8,658195,13.133,82274.375,192,399
2025-12-13 15:31:25.860,CKKS,16384,50,8,657523,9.128,82190.375,192,42
2025-12-13 15:31:25.882,CKKS,16384,50,8,657260,9.106,82157.500,192,494
2025-12-13 15:31:25.902,CKKS,16384,50,8,658368,9.951,82296.000,192,222
2025-12-13 15:31:25.943,CKKS,16384,50,8,658067,15.637,82258.375,192,9
2025-12-13 15:31:25.944,CKKS,16384,50,8,657266,15.958,82158.250,192,319
2025-12-13 15:31:25.953,CKKS,16384,50,8,657346,17.004,82168.250,192,75
2025-12-13 15:31:25.983,CKKS,16384,50,8,657200,9.107,82150.000,192,415
2025-12-13 15:31:26.013,CKKS,16384,50,8,657318,11.838,82164.750,192,157
2025-12-13 15:31:26.022,CKKS,16384,50,8,657957,14.426,82244.625,192,303
2025-12-13 15:31:26.079,CKKS,16384,50,8,658233,12.927,82279.125,192,431
2025-12-13 15:31:26.094,CKKS,16384,50,8,657396,8.633,82174.500,192,108
2025-12-13 15:31:26.189,CKKS,16384,50,8,657932,9.546,82241.500,192,447
2025-12-13 15:31:26.241,CKKS,16384,50,8,657439,14.114,82179.875,192,287
2025-12-13 15:31:26.253,CKKS,16384,50,8,657400,25.355,82175.000,192,206
2025-12-13 15:31:26.365,CKKS,16384,50,8,658318,9.312,82289.750,192,271
2025-12-13 15:31:26.549,CKKS,16384,50,8,657389,13.523,82173.625,192,463
2025-12-13 15:31:26.573,CKKS,16384,50,8,658153,13.576,82269.125,192,255
2025-12-13 15:31:26.626,CKKS,16384,50,8,657647,12.934,82205.875,192,190
2025-12-13 15:31:26.680,CKKS,16384,50,8,657374,9.238,82171.750,192,26
2025-12-13 15:31:26.713,CKKS,16384,50,8,657277,9.218,82159.625,192,59
2025-12-13 15:31:26.729,CKKS,16384,50,8,657238,9.166,82154.750,192,92
2025-12-13 15:31:26.735,CKKS,16384,50,8,657397,13.295,82174.625,192,141
2025-12-13 15:31:26.850,CKKS,16384,50,8,657754,9.205,82219.250,192,239
2025-12-13 15:31:26.865,CKKS,16384,50,8,657727,11.125,82215.875,192,174
2025-12-13 15:31:26.875,CKKS,16384,50,8,658177,12.520,82272.125,192,479
2025-12-13 15:31:26.907,CKKS,16384,50,8,658329,9.465,82291.125,192,125
2025-12-13 15:31:26.943,CKKS,16384,50,8,657394,9.208,82174.250,192,368
2025-12-13 15:31:27.005,CKKS,16384,50,8,657893,12.103,82236.625,192,352
2025-12-13 15:31:27.009,CKKS,16384,50,8,657225,14.469,82153.125,192,384
2025-12-13 15:31:27.022,CKKS,16384,50,8,658249,13.275,82281.125,192,336
2025-12-13 15:31:27.100,CKKS,16384,50,8,658235,12.971,82279.375,192,43
2025-12-13 15:31:27.126,CKKS,16384,50,8,657761,8.851,82220.125,192,223
2025-12-13 15:31:27.163,CKKS,16384,50,8,658148,9.814,82268.500,192,400
2025-12-13 15:31:27.172,CKKS,16384,50,8,658274,13.066,82284.250,192,495
2025-12-13 15:31:27.189,CKKS,16384,50,8,655996,14.915,81999.500,192,10
2025-12-13 15:31:27.190,CKKS,16384,50,8,657431,15.132,82178.875,192,320
2025-12-13 15:31:27.196,CKKS,16384,50,8,657852,13.270,82231.500,192,76
2025-12-13 15:31:27.275,CKKS,16384,50,8,657785,9.150,82223.125,192,304
2025-12-13 15:31:27.293,CKKS,16384,50,8,657290,14.521,82161.250,192,416
2025-12-13 15:31:27.298,CKKS,16384,50,8,658249,14.869,82281.125,192,158
2025-12-13 15:31:27.318,CKKS,16384,50,8,657628,8.881,82203.500,192,109
2025-12-13 15:31:27.336,CKKS,16384,50,8,657446,9.512,82180.750,192,432
2025-12-13 15:31:27.390,CKKS,16384,50,8,658141,13.017,82267.625,192,207
2025-12-13 15:31:27.406,CKKS,16384,50,8,657352,12.962,82169.000,192,288
2025-12-13 15:31:27.449,CKKS,16384,50,8,658145,13.154,82268.125,192,448
2025-12-13 15:31:27.580,CKKS,16384,50,8,657278,12.994,82159.750,192,272
2025-12-13 15:31:27.617,CKKS,16384,50,8,657363,9.046,82170.375,192,142
2025-12-13 15:31:27.663,CKKS,16384,50,8,657511,13.146,82188.875,192,27
2025-12-13 15:31:27.713,CKKS,16384,50,8,657911,13.075,82238.875,192,60
2025-12-13 15:31:27.726,CKKS,16384,50,8,658290,9.132,82286.250,192,191
2025-12-13 15:31:27.806,CKKS,16384,50,8,657314,13.312,82164.250,192,256
2025-12-13 15:31:27.811,CKKS,16384,50,8,657616,14.977,82202.000,192,464
2025-12-13 15:31:27.837,CKKS,16384,50,8,658174,13.018,82271.750,192,93
2025-12-13 15:31:28.028,CKKS,16384,50,8,658124,9.274,82265.500,192,240
2025-12-13 15:31:28.090,CKKS,16384,50,8,657372,12.453,82171.500,192,175
2025-12-13 15:31:28.095,CKKS,16384,50,8,658263,14.663,82282.875,192,126
2025-12-13 15:31:28.151,CKKS,16384,50,8,658029,13.083,82253.625,192,480
2025-12-13 15:31:28.191,CKKS,16384,50,8,658291,9.031,82286.375,192,369
2025-12-13 15:31:28.229,CKKS,16384,50,8,658099,13.127,82262.375,192,353
2025-12-13 15:31:28.231,CKKS,16384,50,8,658187,9.361,82273.375,192,385
2025-12-13 15:31:28.249,CKKS,16384,50,8,658134,9.072,82266.750,192,337
2025-12-13 15:31:28.276,CKKS,16384,50,8,657697,9.370,82212.125,192,44
2025-12-13 15:31:28.289,CKKS,16384,50,8,658071,13.192,82258.875,192,11
2025-12-13 15:31:28.305,CKKS,16384,50,8,658244,10.280,82280.500,192,224
2025-12-13 15:31:28.314,CKKS,16384,50,8,658159,13.717,82269.875,192,401
2025-12-13 15:31:28.336,CKKS,16384,50,8,658004,12.954,82250.500,192,321
2025-12-13 15:31:28.424,CKKS,16384,50,8,658225,12.801,82278.125,192,496
2025-12-13 15:31:28.477,CKKS,16384,50,8,658047,10.425,82255.875,192,77
2025-12-13 15:31:28.489,CKKS,16384,50,8,657398,13.795,82174.750,192,159
2025-12-13 15:31:28.512,CKKS,16384,50,8,657269,9.742,82158.625,192,417
2025-12-13 15:31:28.519,CKKS,16384,50,8,657478,12.957,82184.750,192,305
2025-12-13 15:31:28.574,CKKS,16384,50,8,657762,9.166,82220.250,192,110
2025-12-13 15:31:28.590,CKKS,16384,50,8,657894,13.011,82236.750,192,433
2025-12-13 15:31:28.599,CKKS,16384,50,8,657782,13.529,82222.750,192,208
2025-12-13 15:31:28.643,CKKS,16384,50,8,657043,9.139,82130.375,192,289
2025-12-13 15:31:28.739,CKKS,16384,50,8,658013,9.188,82251.625,192,449
2025-12-13 15:31:28.811,CKKS,16384,50,8,658086,9.406,82260.750,192,273
2025-12-13 15:31:28.933,CKKS,16384,50,8,657610,14.180,82201.250,192,28
2025-12-13 15:31:28.941,CKKS,16384,50,8,657779,13.261,82222.375,192,143
2025-12-13 15:31:28.954,CKKS,16384,50,8,657666,27.631,82208.250,192,61
2025-12-13 15:31:28.966,CKKS,16384,50,8,657371,28.504,82171.375,192,192
2025-12-13 15:31:29.027,CKKS,16384,50,8,657562,13.076,82195.250,192,257
2025-12-13 15:31:29.051,CKKS,16384,50,8,657291,13.940,82161.375,192,94
2025-12-13 15:31:29.069,CKKS,16384,50,8,657941,18.639,82242.625,192,465
2025-12-13 15:31:29.279,CKKS,16384,50,8,658174,9.701,82271.750,192,241
2025-12-13 15:31:29.345,CKKS,16384,50,8,658312,12.293,82289.000,192,176
2025-12-13 15:31:29.349,CKKS,16384,50,8,657798,14.709,82224.750,192,127
2025-12-13 15:31:29.391,CKKS,16384,50,8,658163,9.896,82270.375,192,481
2025-12-13 15:31:29.427,CKKS,16384,50,8,657907,8.865,82238.375,192,370
2025-12-13 15:31:29.440,CKKS,16384,50,8,658122,10.475,82265.250,192,354
2025-12-13 15:31:29.495,CKKS,16384,50,8,657379,9.021,82172.375,192,386
2025-12-13 15:31:29.511,CKKS,16384,50,8,658114,13.315,82264.250,192,45
2025-12-13 15:31:29.515,CKKS,16384,50,8,658285,13.308,82285.625,192,338
2025-12-13 15:31:29.531,CKKS,16384,50,8,657912,16.406,82239.000,192,12
2025-12-13 15:31:29.538,CKKS,16384,50,8,657493,13.029,82186.625,192,225
2025-12-13 15:31:29.612,CKKS,16384,50,8,657676,13.200,82209.500,192,78
2025-12-13 15:31:29.646,CKKS,16384,50,8,657227,9.518,82153.375,192,402
2025-12-13 15:31:29.647,CKKS,16384,50,8,656741,13.288,82092.625,192,322
2025-12-13 15:31:29.692,CKKS,16384,50,8,657976,11.425,82247.000,192,497
2025-12-13 15:31:29.699,CKKS,16384,50,8,657448,13.232,82181.000,192,160
2025-12-13 15:31:29.742,CKKS,16384,50,8,657837,9.130,82229.625,192,418
2025-12-13 15:31:29.771,CKKS,16384,50,8,657892,9.188,82236.500,192,306
2025-12-13 15:31:29.787,CKKS,16384,50,8,657967,13.174,82245.875,192,111
2025-12-13 15:31:29.854,CKKS,16384,50,8,658272,9.453,82284.000,192,434
2025-12-13 15:31:29.867,CKKS,16384,50,8,658254,11.004,82281.750,192,209
2025-12-13 15:31:29.881,CKKS,16384,50,8,657414,9.941,82176.750,192,290
2025-12-13 15:31:29.999,CKKS,16384,50,8,658089,9.149,82261.125,192,450
2025-12-13 15:31:30.087,CKKS,16384,50,8,658252,9.087,82281.500,192,274
2025-12-13 15:31:30.167,CKKS,16384,50,8,658247,9.419,82280.875,192,144
2025-12-13 15:31:30.191,CKKS,16384,50,8,657807,9.351,82225.875,192,29
2025-12-13 15:31:30.235,CKKS,16384,50,8,657371,9.079,82171.375,192,193
2025-12-13 15:31:30.251,CKKS,16384,50,8,657907,13.194,82238.375,192,62
2025-12-13 15:31:30.300,CKKS,16384,50,8,657339,9.067,82167.375,192,258
2025-12-13 15:31:30.320,CKKS,16384,50,8,657270,8.834,82158.750,192,95
2025-12-13 15:31:30.409,CKKS,16384,50,8,657342,9.331,82167.750,192,466
2025-12-13 15:31:30.605,CKKS,16384,50,8,658060,8.821,82257.500,192,128
2025-12-13 15:31:30.641,CKKS,16384,50,8,658019,9.450,82252.375,192,177
2025-12-13 15:31:30.650,CKKS,16384,50,8,658131,13.028,82266.375,192,242
2025-12-13 15:31:30.663,CKKS,16384,50,8,657130,9.981,82141.250,192,482
2025-12-13 15:31:30.673,CKKS,16384,50,8,657627,12.179,82203.375,192,371
2025-12-13 15:31:30.690,CKKS,16384,50,8,658211,9.283,82276.375,192,355
2025-12-13 15:31:30.718,CKKS,16384,50,8,657410,12.942,82176.250,192,387
2025-12-13 15:31:30.739,CKKS,16384,50,8,657395,11.840,82174.375,192,46
2025-12-13 15:31:30.760,CKKS,16384,50,8,658187,11.294,82273.375,192,339
2025-12-13 15:31:30.767,CKKS,16384,50,8,657179,14.828,82147.375,192,13
2025-12-13 15:31:30.777,CKKS,16384,50,8,656177,12.954,82022.125,192,226
2025-12-13 15:31:30.781,CKKS,16384,50,8,657630,10.277,82203.750,192,79
2025-12-13 15:31:30.823,CKKS,16384,50,8,658191,9.148,82273.875,192,323
2025-12-13 15:31:30.849,CKKS,16384,50,8,657364,9.079,82170.500,192,403
2025-12-13 15:31:30.923,CKKS,16384,50,8,658094,9.109,82261.750,192,161
2025-12-13 15:31:30.966,CKKS,16384,50,8,657647,9.184,82205.875,192,307
2025-12-13 15:31:30.982,CKKS,16384,50,8,657341,9.415,82167.625,192,498
2025-12-13 15:31:31.021,CKKS,16384,50,8,658099,9.058,82262.375,192,419
2025-12-13 15:31:31.033,CKKS,16384,50,8,658095,13.210,82261.875,192,112
2025-12-13 15:31:31.088,CKKS,16384,50,8,656974,12.956,82121.750,192,210
2025-12-13 15:31:31.107,CKKS,16384,50,8,657422,9.365,82177.750,192,435
2025-12-13 15:31:31.128,CKKS,16384,50,8,657453,12.922,82181.625,192,291
2025-12-13 15:31:31.241,CKKS,16384,50,8,658058,9.475,82257.250,192,451
2025-12-13 15:31:31.296,CKKS,16384,50,8,657408,9.235,82176.000,192,275
2025-12-13 15:31:31.318,CKKS,16384,50,8,658178,8.910,82272.250,192,30
2025-12-13 15:31:31.344,CKKS,16384,50,8,657601,9.205,82200.125,192,145
2025-12-13 15:31:31.375,CKKS,16384,50,8,658194,12.892,82274.250,192,63
2025-12-13 15:31:31.444,CKKS,16384,50,8,657364,9.283,82170.500,192,194
2025-12-13 15:31:31.521,CKKS,16384,50,8,657834,12.996,82229.250,192,96
2025-12-13 15:31:31.548,CKKS,16384,50,8,657533,13.230,82191.625,192,259
2025-12-13 15:31:31.685,CKKS,16384,50,8,657910,9.797,82238.750,192,467
2025-12-13 15:31:31.742,CKKS,16384,50,8,658024,9.558,82253.000,192,243
2025-12-13 15:31:31.789,CKKS,16384,50,8,657674,9.279,82209.250,192,178
2025-12-13 15:31:31.807,CKKS,16384,50,8,658088,9.486,82261.000,192,129
2025-12-13 15:31:31.931,CKKS,16384,50,8,658243,13.052,82280.375,192,47
2025-12-13 15:31:31.963,CKKS,16384,50,8,658261,14.050,82282.625,192,483
2025-12-13 15:31:31.967,CKKS,16384,50,8,656083,15.521,82010.375,192,372
2025-12-13 15:31:31.991,CKKS,16384,50,8,658232,13.257,82279.000,192,14
2025-12-13 15:31:31.997,CKKS,16384,50,8,657873,14.164,82234.125,192,356
2025-12-13 15:31:32.009,CKKS,16384,50,8,657545,11.989,82193.125,192,340
2025-12-13 15:31:32.027,CKKS,16384,50,8,656929,9.028,82116.125,192,388
2025-12-13 15:31:32.052,CKKS,16384,50,8,658174,8.978,82271.750,192,80
2025-12-13 15:31:32.059,CKKS,16384,50,8,658102,13.251,82262.750,192,227
2025-12-13 15:31:32.089,CKKS,16384,50,8,657921,9.237,82240.125,192,404
2025-12-13 15:31:32.091,CKKS,16384,50,8,658220,14.529,82277.500,192,324
2025-12-13 15:31:32.130,CKKS,16384,50,8,657306,9.140,82163.250,192,162
2025-12-13 15:31:32.227,CKKS,16384,50,8,657775,13.576,82221.875,192,113
2025-12-13 15:31:32.243,CKKS,16384,50,8,658079,10.106,82259.875,192,308
2025-12-13 15:31:32.289,CKKS,16384,50,8,657663,14.513,82207.875,192,420
2025-12-13 15:31:32.290,CKKS,16384,50,8,657373,15.599,82171.625,192,499
2025-12-13 15:31:32.312,CKKS,16384,50,8,657898,9.335,82237.250,192,211
2025-12-13 15:31:32.381,CKKS,16384,50,8,658159,9.723,82269.875,192,436
2025-12-13 15:31:32.384,CKKS,16384,50,8,658033,12.974,82254.125,192,292
2025-12-13 15:31:32.484,CKKS,16384,50,8,657115,9.512,82139.375,192,452
2025-12-13 15:31:32.502,CKKS,16384,50,8,657470,9.013,82183.750,192,31
2025-12-13 15:31:32.533,CKKS,16384,50,8,658225,9.094,82278.125,192,276
2025-12-13 15:31:32.580,CKKS,16384,50,8,657942,13.430,82242.750,192,146
2025-12-13 15:31:32.603,CKKS,16384,50,8,658214,12.775,82276.750,192,64
2025-12-13 15:31:32.639,CKKS,16384,50,8,658187,17.839,82273.375,192,195
2025-12-13 15:31:32.687,CKKS,16384,50,8,657913,13.174,82239.125,192,97
2025-12-13 15:31:32.721,CKKS,16384,50,8,658153,12.936,82269.125,192,260
2025-12-13 15:31:32.938,CKKS,16384,50,8,658063,8.932,82257.875,192,468
2025-12-13 15:31:32.988,CKKS,16384,50,8,658202,9.484,82275.250,192,130
2025-12-13 15:31:33.014,CKKS,16384,50,8,658222,13.100,82277.750,192,244
2025-12-13 15:31:33.081,CKKS,16384,50,8,658245,9.978,82280.625,192,179
2025-12-13 15:31:33.192,CKKS,16384,50,8,658064,9.578,82258.000,192,48
2025-12-13 15:31:33.211,CKKS,16384,50,8,658207,12.853,82275.875,192,15
2025-12-13 15:31:33.222,CKKS,16384,50,8,658074,12.968,82259.250,192,484
2025-12-13 15:31:33.228,CKKS,16384,50,8,657107,15.104,82138.375,192,357
2025-12-13 15:31:33.239,CKKS,16384,50,8,657875,13.639,82234.375,192,373
2025-12-13 15:31:33.245,CKKS,16384,50,8,658178,14.585,82272.250,192,341
2025-12-13 15:31:33.252,CKKS,16384,50,8,657922,15.389,82240.250,192,81
2025-12-13 15:31:33.261,CKKS,16384,50,8,657796,13.074,82224.500,192,389
2025-12-13 15:31:33.266,CKKS,16384,50,8,657388,10.393,82173.500,192,228
2025-12-13 15:31:33.317,CKKS,16384,50,8,657089,12.938,82136.125,192,325
2025-12-13 15:31:33.337,CKKS,16384,50,8,657649,9.026,82206.125,192,405
2025-12-13 15:31:33.361,CKKS,16384,50,8,658267,13.109,82283.375,192,163
2025-12-13 15:31:33.422,CKKS,16384,50,8,657416,13.209,82177.000,192,114
2025-12-13 15:31:33.463,CKKS,16384,50,8,657352,9.407,82169.000,192,309
2025-12-13 15:31:33.582,CKKS,16384,50,8,657890,13.544,82236.250,192,500
2025-12-13 15:31:33.584,CKKS,16384,50,8,657406,14.997,82175.750,192,212
2025-12-13 15:31:33.586,CKKS,16384,50,8,657432,15.331,82179.000,192,421
2025-12-13 15:31:33.610,CKKS,16384,50,8,658056,13.051,82257.000,192,293
2025-12-13 15:31:33.618,CKKS,16384,50,8,658214,9.505,82276.750,192,437
2025-12-13 15:31:33.711,CKKS,16384,50,8,657712,9.366,82214.000,192,32
2025-12-13 15:31:33.756,CKKS,16384,50,8,658350,12.978,82293.750,192,453
2025-12-13 15:31:33.780,CKKS,16384,50,8,658347,9.080,82293.375,192,147
2025-12-13 15:31:33.812,CKKS,16384,50,8,657898,10.853,82237.250,192,277
2025-12-13 15:31:33.842,CKKS,16384,50,8,657791,13.131,82223.875,192,65
2025-12-13 15:31:33.860,CKKS,16384,50,8,657438,9.496,82179.750,192,196
2025-12-13 15:31:33.921,CKKS,16384,50,8,658022,12.501,82252.750,192,98
2025-12-13 15:31:33.964,CKKS,16384,50,8,657922,11.707,82240.250,192,261
2025-12-13 15:31:34.225,CKKS,16384,50,8,657744,9.047,82218.000,192,131
2025-12-13 15:31:34.229,CKKS,16384,50,8,658224,8.995,82278.000,192,469
2025-12-13 15:31:34.258,CKKS,16384,50,8,657009,11.545,82126.125,192,245
2025-12-13 15:31:34.264,CKKS,16384,50,8,657305,14.621,82163.125,192,180
2025-12-13 15:31:34.384,CKKS,16384,50,8,657575,13.614,82196.875,192,49
2025-12-13 15:31:34.386,CKKS,16384,50,8,656382,14.825,82047.750,192,16
2025-12-13 15:31:34.433,CKKS,16384,50,8,657456,9.053,82182.000,192,374
2025-12-13 15:31:34.488,CKKS,16384,50,8,658183,9.167,82272.875,192,82
2025-12-13 15:31:34.491,CKKS,16384,50,8,657312,9.602,82164.000,192,485
2025-12-13 15:31:34.509,CKKS,16384,50,8,657337,8.951,82167.125,192,342
2025-12-13 15:31:34.509,CKKS,16384,50,8,658053,9.014,82256.625,192,358
2025-12-13 15:31:34.540,CKKS,16384,50,8,657347,9.036,82168.375,192,229
2025-12-13 15:31:34.556,CKKS,16384,50,8,658382,8.873,82297.750,192,390
2025-12-13 15:31:34.569,CKKS,16384,50,8,658304,9.673,82288.000,192,326
2025-12-13 15:31:34.609,CKKS,16384,50,8,657660,9.074,82207.500,192,164
2025-12-13 15:31:34.633,CKKS,16384,50,8,658265,8.598,82283.125,192,406
2025-12-13 15:31:34.674,CKKS,16384,50,8,657409,10.911,82176.125,192,115
2025-12-13 15:31:34.743,CKKS,16384,50,8,657860,9.216,82232.500,192,310
2025-12-13 15:31:34.783,CKKS,16384,50,8,657402,9.170,82175.250,192,422
2025-12-13 15:31:34.806,CKKS,16384,50,8,655996,9.007,81999.500,192,213
2025-12-13 15:31:34.898,CKKS,16384,50,8,657262,9.688,82157.750,192,438
2025-12-13 15:31:34.912,CKKS,16384,50,8,657687,11.030,82210.875,192,294
2025-12-13 15:31:34.984,CKKS,16384,50,8,658359,9.611,82294.875,192,33
2025-12-13 15:31:35.036,CKKS,16384,50,8,658136,9.014,82267.000,192,454
2025-12-13 15:31:35.052,CKKS,16384,50,8,657384,10.050,82173.000,192,148
2025-12-13 15:31:35.104,CKKS,16384,50,8,658257,9.978,82282.125,192,278
2025-12-13 15:31:35.111,CKKS,16384,50,8,657868,11.434,82233.500,192,66
2025-12-13 15:31:35.118,CKKS,16384,50,8,657843,13.479,82230.375,192,197
2025-12-13 15:31:35.156,CKKS,16384,50,8,657284,9.568,82160.500,192,99
2025-12-13 15:31:35.222,CKKS,16384,50,8,657041,9.823,82130.125,192,262
2025-12-13 15:31:35.419,CKKS,16384,50,8,658119,10.036,82264.875,192,132
2025-12-13 15:31:35.473,CKKS,16384,50,8,657976,9.989,82247.000,192,470
2025-12-13 15:31:35.500,CKKS,16384,50,8,656995,15.119,82124.375,192,246
2025-12-13 15:31:35.502,CKKS,16384,50,8,657978,14.542,82247.250,192,181
2025-12-13 15:31:35.615,CKKS,16384,50,8,656894,15.073,82111.750,192,17
2025-12-13 15:31:35.617,CKKS,16384,50,8,657601,15.309,82200.125,192,50
2025-12-13 15:31:35.679,CKKS,16384,50,8,657622,9.462,82202.750,192,83
2025-12-13 15:31:35.738,CKKS,16384,50,8,657730,9.061,82216.250,192,486
2025-12-13 15:31:35.806,CKKS,16384,50,8,657721,9.041,82215.125,192,343
2025-12-13 15:31:35.868,CKKS,16384,50,8,658252,9.244,82281.500,192,375
2025-12-13 15:31:35.882,CKKS,16384,50,8,657344,9.664,82168.000,192,391
2025-12-13 15:31:35.902,CKKS,16384,50,8,658251,9.311,82281.375,192,230
2025-12-13 15:31:35.904,CKKS,16384,50,8,657502,13.660,82187.750,192,165
2025-12-13 15:31:35.908,CKKS,16384,50,8,657795,14.820,82224.375,192,359
2025-12-13 15:31:35.929,CKKS,16384,50,8,658295,14.096,82286.875,192,327
2025-12-13 15:31:35.932,CKKS,16384,50,8,657259,14.841,82157.375,192,116
2025-12-13 15:31:35.983,CKKS,16384,50,8,657525,13.032,82190.625,192,311
2025-12-13 15:31:35.988,CKKS,16384,50,8,658216,14.587,82277.000,192,407
2025-12-13 15:31:36.027,CKKS,16384,50,8,657762,9.011,82220.250,192,214
2025-12-13 15:31:36.040,CKKS,16384,50,8,657155,9.013,82144.375,192,423
2025-12-13 15:31:36.081,CKKS,16384,50,8,657244,9.058,82155.500,192,295
2025-12-13 15:31:36.129,CKKS,16384,50,8,657344,9.080,82168.000,192,439
2025-12-13 15:31:36.160,CKKS,16384,50,8,658184,8.899,82273.000,192,34
2025-12-13 15:31:36.268,CKKS,16384,50,8,658102,9.435,82262.750,192,149
2025-12-13 15:31:36.298,CKKS,16384,50,8,657264,9.449,82158.000,192,1
2025-12-13 15:31:36.310,CKKS,16384,50,8,658179,8.940,82272.375,192,455
2025-12-13 15:31:36.330,CKKS,16384,50,8,658243,8.801,82280.375,192,279
2025-12-13 15:31:36.350,CKKS,16384,50,8,658254,14.587,82281.750,192,67
2025-12-13 15:31:36.352,CKKS,16384,50,8,657323,14.726,82165.375,192,198
2025-12-13 15:31:36.363,CKKS,16384,50,8,657750,9.239,82218.750,192,100
2025-12-13 15:31:36.446,CKKS,16384,50,8,657395,9.511,82174.375,192,263
2025-12-13 15:31:36.706,CKKS,16384,50,8,657264,10.191,82158.000,192,133
2025-12-13 15:31:36.752,CKKS,16384,50,8,658152,9.607,82269.000,192,182
2025-12-13 15:31:36.771,CKKS,16384,50,8,658155,10.242,82269.375,192,247
2025-12-13 15:31:36.800,CKKS,16384,50,8,657300,9.041,82162.500,192,471
2025-12-13 15:31:36.916,CKKS,16384,50,8,657685,10.022,82210.625,192,51
2025-12-13 15:31:36.922,CKKS,16384,50,8,657713,11.761,82214.125,192,18
2025-12-13 15:31:36.952,CKKS,16384,50,8,657325,9.454,82165.625,192,84
2025-12-13 15:31:36.990,CKKS,16384,50,8,658126,9.837,82265.750,192,360
2025-12-13 15:31:37.006,CKKS,16384,50,8,658156,10.106,82269.500,192,376
2025-12-13 15:31:37.054,CKKS,16384,50,8,657862,9.840,82232.750,192,231
2025-12-13 15:31:37.079,CKKS,16384,50,8,657440,15.069,82180.000,192,487
2025-12-13 15:31:37.080,CKKS,16384,50,8,658085,13.249,82260.625,192,344
2025-12-13 15:31:37.088,CKKS,16384,50,8,658046,13.542,82255.750,192,392
2025-12-13 15:31:37.099,CKKS,16384,50,8,657527,20.858,82190.875,192,166
2025-12-13 15:31:37.104,CKKS,16384,50,8,658206,19.470,82275.750,192,328
2025-12-13 15:31:37.108,CKKS,16384,50,8,658105,14.407,82263.125,192,117
2025-12-13 15:31:37.268,CKKS,16384,50,8,657395,13.064,82174.375,192,408
2025-12-13 15:31:37.282,CKKS,16384,50,8,656976,12.171,82122.000,192,312
2025-12-13 15:31:37.310,CKKS,16384,50,8,657058,11.996,82132.250,192,215
2025-12-13 15:31:37.315,CKKS,16384,50,8,657650,14.462,82206.250,192,424
2025-12-13 15:31:37.329,CKKS,16384,50,8,657959,10.786,82244.875,192,296
2025-12-13 15:31:37.361,CKKS,16384,50,8,658014,9.968,82251.750,192,35
2025-12-13 15:31:37.417,CKKS,16384,50,8,658151,9.989,82268.875,192,440
2025-12-13 15:31:37.428,CKKS,16384,50,8,658007,10.624,82250.875,192,68
2025-12-13 15:31:37.450,CKKS,16384,50,8,658098,9.728,82262.250,192,2
2025-12-13 15:31:37.463,CKKS,16384,50,8,658180,11.331,82272.500,192,150
2025-12-13 15:31:37.509,CKKS,16384,50,8,658177,9.768,82272.125,192,280
2025-12-13 15:31:37.556,CKKS,16384,50,8,658239,18.240,82279.875,192,456
2025-12-13 15:31:37.559,CKKS,16384,50,8,658161,17.425,82270.125,192,199
2025-12-13 15:31:37.582,CKKS,16384,50,8,658351,17.335,82293.875,192,101
2025-12-13 15:31:37.699,CKKS,16384,50,8,657933,9.211,82241.625,192,264
2025-12-13 15:31:37.864,CKKS,16384,50,8,657247,10.769,82155.875,192,134
2025-12-13 15:31:37.902,CKKS,16384,50,8,658229,9.074,82278.625,192,183
2025-12-13 15:31:37.912,CKKS,16384,50,8,657580,8.899,82197.500,192,248
2025-12-13 15:31:38.013,CKKS,16384,50,8,657329,8.996,82166.125,192,472
2025-12-13 15:31:38.033,CKKS,16384,50,8,658198,8.803,82274.750,192,19
2025-12-13 15:31:38.048,CKKS,16384,50,8,658160,9.457,82270.000,192,52
2025-12-13 15:31:38.096,CKKS,16384,50,8,657627,9.726,82203.375,192,85
2025-12-13 15:31:38.165,CKKS,16384,50,8,658102,9.245,82262.750,192,232
2025-12-13 15:31:38.212,CKKS,16384,50,8,657969,9.053,82246.125,192,361
2025-12-13 15:31:38.262,CKKS,16384,50,8,658191,13.949,82273.875,192,377
2025-12-13 15:31:38.263,CKKS,16384,50,8,658188,14.839,82273.500,192,345
2025-12-13 15:31:38.264,CKKS,16384,50,8,657414,9.768,82176.750,192,167
2025-12-13 15:31:38.272,CKKS,16384,50,8,657346,12.866,82168.250,192,393
2025-12-13 15:31:38.289,CKKS,16384,50,8,657951,9.085,82243.875,192,488
2025-12-13 15:31:38.321,CKKS,16384,50,8,657416,9.127,82177.000,192,329
2025-12-13 15:31:38.335,CKKS,16384,50,8,657649,8.977,82206.125,192,118
2025-12-13 15:31:38.421,CKKS,16384,50,8,658186,9.204,82273.250,192,313
2025-12-13 15:31:38.440,CKKS,16384,50,8,657525,9.021,82190.625,192,409
2025-12-13 15:31:38.474,CKKS,16384,50,8,657371,9.282,82171.375,192,216
2025-12-13 15:31:38.524,CKKS,16384,50,8,658007,9.120,82250.875,192,425
2025-12-13 15:31:38.584,CKKS,16384,50,8,658207,9.109,82275.875,192,36
2025-12-13 15:31:38.606,CKKS,16384,50,8,657764,8.849,82220.500,192,297
2025-12-13 15:31:38.621,CKKS,16384,50,8,657351,9.241,82168.875,192,3
2025-12-13 15:31:38.674,CKKS,16384,50,8,657390,8.993,82173.750,192,69
2025-12-13 15:31:38.690,CKKS,16384,50,8,657190,9.337,82148.750,192,441
2025-12-13 15:31:38.700,CKKS,16384,50,8,657115,11.142,82139.375,192,151
2025-12-13 15:31:38.755,CKKS,16384,50,8,658147,9.575,82268.375,192,281
2025-12-13 15:31:38.766,CKKS,16384,50,8,657390,10.803,82173.750,192,200
2025-12-13 15:31:38.926,CKKS,16384,50,8,657451,9.005,82181.375,192,102
2025-12-13 15:31:38.992,CKKS,16384,50,8,658224,9.379,82278.000,192,457
2025-12-13 15:31:38.996,CKKS,16384,50,8,658240,9.536,82280.000,192,265
2025-12-13 15:31:39.117,CKKS,16384,50,8,657827,9.222,82228.375,192,135
2025-12-13 15:31:39.131,CKKS,16384,50,8,657934,9.812,82241.750,192,184
2025-12-13 15:31:39.154,CKKS,16384,50,8,658184,9.260,82273.000,192,249
2025-12-13 15:31:39.184,CKKS,16384,50,8,658069,9.102,82258.625,192,20
2025-12-13 15:31:39.217,CKKS,16384,50,8,656077,9.002,82009.625,192,53
2025-12-13 15:31:39.270,CKKS,16384,50,8,657780,9.596,82222.500,192,473
2025-12-13 15:31:39.326,CKKS,16384,50,8,658231,11.078,82278.875,192,86
2025-12-13 15:31:39.406,CKKS,16384,50,8,658130,9.132,82266.250,192,233
2025-12-13 15:31:39.445,CKKS,16384,50,8,657454,9.043,82181.750,192,378
2025-12-13 15:31:39.459,CKKS,16384,50,8,658230,9.283,82278.750,192,362
2025-12-13 15:31:39.469,CKKS,16384,50,8,658117,12.093,82264.625,192,346
2025-12-13 15:31:39.503,CKKS,16384,50,8,658160,9.197,82270.000,192,168
2025-12-13 15:31:39.544,CKKS,16384,50,8,657367,9.010,82170.875,192,394
2025-12-13 15:31:39.554,CKKS,16384,50,8,657554,9.269,82194.250,192,119
2025-12-13 15:31:39.580,CKKS,16384,50,8,658244,8.851,82280.500,192,330
2025-12-13 15:31:39.597,CKKS,16384,50,8,657082,9.406,82135.250,192,489
2025-12-13 15:31:39.682,CKKS,16384,50,8,658332,9.101,82291.500,192,314
2025-12-13 15:31:39.744,CKKS,16384,50,8,658192,8.927,82274.000,192,410
2025-12-13 15:31:39.759,CKKS,16384,50,8,658310,9.843,82288.750,192,217
2025-12-13 15:31:39.839,CKKS,16384,50,8,658198,9.274,82274.750,192,426
2025-12-13 15:31:39.864,CKKS,16384,50,8,657817,9.013,82227.125,192,37
2025-12-13 15:31:39.882,CKKS,16384,50,8,658083,9.768,82260.375,192,298
2025-12-13 15:31:39.901,CKKS,16384,50,8,658237,9.895,82279.625,192,4
2025-12-13 15:31:39.920,CKKS,16384,50,8,657811,13.091,82226.375,192,70
2025-12-13 15:31:39.927,CKKS,16384,50,8,658003,14.664,82250.375,192,152
2025-12-13 15:31:39.964,CKKS,16384,50,8,658243,9.803,82280.375,192,442
2025-12-13 15:31:40.000,CKKS,16384,50,8,658064,9.569,82258.000,192,282
2025-12-13 15:31:40.025,CKKS,16384,50,8,657746,9.719,82218.250,192,201
2025-12-13 15:31:40.084,CKKS,16384,50,8,657359,9.646,82169.875,192,103
2025-12-13 15:31:40.154,CKKS,16384,50,8,656876,9.310,82109.500,192,266
2025-12-13 15:31:40.248,CKKS,16384,50,8,657354,9.368,82169.250,192,458
2025-12-13 15:31:40.317,CKKS,16384,50,8,657260,9.266,82157.500,192,136
2025-12-13 15:31:40.347,CKKS,16384,50,8,658084,9.659,82260.500,192,185
2025-12-13 15:31:40.387,CKKS,16384,50,8,657343,9.489,82167.875,192,250
2025-12-13 15:31:40.473,CKKS,16384,50,8,657364,15.515,82170.500,192,54
2025-12-13 15:31:40.474,CKKS,16384,50,8,657413,15.523,82176.625,192,21
2025-12-13 15:31:40.544,CKKS,16384,50,8,657820,12.412,82227.500,192,474
2025-12-13 15:31:40.567,CKKS,16384,50,8,657999,10.624,82249.875,192,87
2025-12-13 15:31:40.634,CKKS,16384,50,8,658221,9.036,82277.625,192,234
2025-12-13 15:31:40.684,CKKS,16384,50,8,657785,9.060,82223.125,192,363
2025-12-13 15:31:40.714,CKKS,16384,50,8,658171,8.836,82271.375,192,379
2025-12-13 15:31:40.716,CKKS,16384,50,8,658075,9.148,82259.375,192,347
2025-12-13 15:31:40.725,CKKS,16384,50,8,657926,12.104,82240.750,192,169
2025-12-13 15:31:40.737,CKKS,16384,50,8,657539,8.804,82192.375,192,120
2025-12-13 15:31:40.764,CKKS,16384,50,8,658069,8.858,82258.625,192,395
2025-12-13 15:31:40.788,CKKS,16384,50,8,658037,8.862,82254.625,192,331
2025-12-13 15:31:40.836,CKKS,16384,50,8,657369,9.097,82171.125,192,490
2025-12-13 15:31:40.983,CKKS,16384,50,8,657410,9.252,82176.250,192,411
2025-12-13 15:31:40.998,CKKS,16384,50,8,657298,12.022,82162.250,192,218
2025-12-13 15:31:40.999,CKKS,16384,50,8,658053,12.201,82256.625,192,315
2025-12-13 15:31:41.014,CKKS,16384,50,8,658209,10.624,82276.125,192,38
2025-12-13 15:31:41.067,CKKS,16384,50,8,658185,9.080,82273.125,192,5
2025-12-13 15:31:41.102,CKKS,16384,50,8,658170,9.251,82271.250,192,299
2025-12-13 15:31:41.119,CKKS,16384,50,8,657434,8.816,82179.250,192,427
2025-12-13 15:31:41.119,CKKS,16384,50,8,658201,9.508,82275.125,192,71
2025-12-13 15:31:41.129,CKKS,16384,50,8,657932,11.922,82241.500,192,153
2025-12-13 15:31:41.186,CKKS,16384,50,8,658085,9.082,82260.625,192,443
2025-12-13 15:31:41.232,CKKS,16384,50,8,657161,9.050,82145.125,192,283
2025-12-13 15:31:41.264,CKKS,16384,50,8,658247,8.950,82280.875,192,202
2025-12-13 15:31:41.292,CKKS,16384,50,8,657692,8.998,82211.500,192,104
2025-12-13 15:31:41.410,CKKS,16384,50,8,658142,9.035,82267.750,192,267
2025-12-13 15:31:41.508,CKKS,16384,50,8,657335,9.069,82166.875,192,459
2025-12-13 15:31:41.562,CKKS,16384,50,8,658169,9.107,82271.125,192,137
2025-12-13 15:31:41.612,CKKS,16384,50,8,657576,10.113,82197.000,192,186
2025-12-13 15:31:41.670,CKKS,16384,50,8,657993,10.541,82249.125,192,251
2025-12-13 15:31:41.712,CKKS,16384,50,8,658298,9.894,82287.250,192,55
2025-12-13 15:31:41.730,CKKS,16384,50,8,658286,12.518,82285.750,192,22
2025-12-13 15:31:41.753,CKKS,16384,50,8,657443,11.338,82180.375,192,88
2025-12-13 15:31:41.794,CKKS,16384,50,8,657285,10.228,82160.625,192,475
2025-12-13 15:31:41.883,CKKS,16384,50,8,658211,10.132,82276.375,192,235
2025-12-13 15:31:41.954,CKKS,16384,50,8,657390,9.434,82173.750,192,380
2025-12-13 15:31:41.992,CKKS,16384,50,8,657341,9.321,82167.625,192,364
2025-12-13 15:31:42.004,CKKS,16384,50,8,656912,11.326,82114.000,192,170
2025-12-13 15:31:42.029,CKKS,16384,50,8,657934,9.477,82241.750,192,348
2025-12-13 15:31:42.057,CKKS,16384,50,8,658057,9.167,82257.125,192,121
2025-12-13 15:31:42.087,CKKS,16384,50,8,657360,10.754,82170.000,192,332
2025-12-13 15:31:42.093,CKKS,16384,50,8,657531,10.189,82191.375,192,396
2025-12-13 15:31:42.118,CKKS,16384,50,8,657377,9.388,82172.125,192,491
2025-12-13 15:31:42.188,CKKS,16384,50,8,657812,12.455,82226.500,192,219
2025-12-13 15:31:42.195,CKKS,16384,50,8,658045,14.603,82255.625,192,316
2025-12-13 15:31:42.227,CKKS,16384,50,8,658200,9.766,82275.000,192,412
2025-12-13 15:31:42.240,CKKS,16384,50,8,658195,11.146,82274.375,192,39
2025-12-13 15:31:42.256,CKKS,16384,50,8,657372,12.473,82171.500,192,6
2025-12-13 15:31:42.311,CKKS,16384,50,8,657896,9.455,82237.000,192,72
2025-12-13 15:31:42.373,CKKS,16384,50,8,657556,11.034,82194.500,192,428
2025-12-13 15:31:42.381,CKKS,16384,50,8,658115,14.569,82264.375,192,154
2025-12-13 15:31:42.382,CKKS,16384,50,8,657179,13.125,82147.375,192,300
2025-12-13 15:31:42.435,CKKS,16384,50,8,657359,10.115,82169.875,192,444
2025-12-13 15:31:42.460,CKKS,16384,50,8,658268,9.881,82283.500,192,284
2025-12-13 15:31:42.494,CKKS,16384,50,8,657880,10.001,82235.000,192,203
2025-12-13 15:31:42.508,CKKS,16384,50,8,657373,10.753,82171.625,192,105
2025-12-13 15:31:42.626,CKKS,16384,50,8,657986,10.040,82248.250,192,268
2025-12-13 15:31:42.751,CKKS,16384,50,8,658204,9.562,82275.500,192,138
2025-12-13 15:31:42.771,CKKS,16384,50,8,657796,9.942,82224.500,192,460
2025-12-13 15:31:42.780,CKKS,16384,50,8,658317,13.268,82289.625,192,187
2025-12-13 15:31:42.823,CKKS,16384,50,8,658053,9.187,82256.625,192,23
2025-12-13 15:31:42.882,CKKS,16384,50,8,657398,9.239,82174.750,192,56
2025-12-13 15:31:42.918,CKKS,16384,50,8,657774,14.747,82221.750,192,252
2025-12-13 15:31:42.981,CKKS,16384,50,8,658297,13.511,82287.125,192,89
2025-12-13 15:31:43.068,CKKS,16384,50,8,658223,8.903,82277.875,192,476
2025-12-13 15:31:43.108,CKKS,16384,50,8,658096,8.828,82262.000,192,236
2025-12-13 15:31:43.162,CKKS,16384,50,8,657896,9.097,82237.000,192,365
2025-12-13 15:31:43.223,CKKS,16384,50,8,657941,13.152,82242.625,192,171
2025-12-13 15:31:43.238,CKKS,16384,50,8,658106,13.448,82263.250,192,381
2025-12-13 15:31:43.251,CKKS,16384,50,8,657359,13.887,82169.875,192,349
2025-12-13 15:31:43.259,CKKS,16384,50,8,657614,13.096,82201.750,192,122
2025-12-13 15:31:43.273,CKKS,16384,50,8,657238,13.137,82154.750,192,333
2025-12-13 15:31:43.297,CKKS,16384,50,8,657374,9.306,82171.750,192,397
2025-12-13 15:31:43.379,CKKS,16384,50,8,658211,9.154,82276.375,192,492
2025-12-13 15:31:43.401,CKKS,16384,50,8,657911,11.437,82238.875,192,317
2025-12-13 15:31:43.405,CKKS,16384,50,8,657329,14.757,82166.125,192,220
2025-12-13 15:31:43.430,CKKS,16384,50,8,658207,9.024,82275.875,192,40
2025-12-13 15:31:43.449,CKKS,16384,50,8,657764,8.889,82220.500,192,7
2025-12-13 15:31:43.504,CKKS,16384,50,8,656874,14.181,82109.250,192,413
2025-12-13 15:31:43.509,CKKS,16384,50,8,657271,13.034,82158.875,192,73
2025-12-13 15:31:43.596,CKKS,16384,50,8,657600,9.416,82200.000,192,429
2025-12-13 15:31:43.605,CKKS,16384,50,8,658126,9.003,82265.750,192,301
2025-12-13 15:31:43.618,CKKS,16384,50,8,657260,9.586,82157.500,192,155
2025-12-13 15:31:43.681,CKKS,16384,50,8,657382,9.053,82172.750,192,106
2025-12-13 15:31:43.708,CKKS,16384,50,8,657871,9.144,82233.875,192,445
2025-12-13 15:31:43.731,CKKS,16384,50,8,657297,8.874,82162.125,192,204
2025-12-13 15:31:43.742,CKKS,16384,50,8,657393,9.059,82174.125,192,285
2025-12-13 15:31:43.885,CKKS,16384,50,8,658079,9.482,82259.875,192,269
2025-12-13 15:31:43.978,CKKS,16384,50,8,657778,9.184,82222.250,192,139
2025-12-13 15:31:44.015,CKKS,16384,50,8,658235,9.111,82279.375,192,461
2025-12-13 15:31:44.044,CKKS,16384,50,8,657392,9.010,82174.000,192,24
2025-12-13 15:31:44.095,CKKS,16384,50,8,657343,9.864,82167.875,192,188
2025-12-13 15:31:44.117,CKKS,16384,50,8,658194,9.964,82274.250,192,57
2025-12-13 15:31:44.123,CKKS,16384,50,8,657265,12.824,82158.125,192,253
2025-12-13 15:31:44.163,CKKS,16384,50,8,657826,9.002,82228.250,192,90
2025-12-13 15:31:44.333,CKKS,16384,50,8,657981,11.543,82247.625,192,477
2025-12-13 15:31:44.350,CKKS,16384,50,8,658266,9.591,82283.250,192,237
2025-12-13 15:31:44.423,CKKS,16384,50,8,657382,11.580,82172.750,192,172
2025-12-13 15:31:44.443,CKKS,16384,50,8,657239,13.420,82154.875,192,123
2025-12-13 15:31:44.459,CKKS,16384,50,8,658052,10.349,82256.500,192,350
2025-12-13 15:31:44.513,CKKS,16384,50,8,657131,8.987,82141.375,192,382
2025-12-13 15:31:44.515,CKKS,16384,50,8,657842,9.221,82230.250,192,366
2025-12-13 15:31:44.530,CKKS,16384,50,8,657925,8.936,82240.625,192,334
2025-12-13 15:31:44.574,CKKS,16384,50,8,657733,9.385,82216.625,192,398
2025-12-13 15:31:44.653,CKKS,16384,50,8,657530,14.294,82191.250,192,221
2025-12-13 15:31:44.654,CKKS,16384,50,8,658316,14.818,82289.500,192,493
2025-12-13 15:31:44.691,CKKS,16384,50,8,657983,12.237,82247.875,192,41
2025-12-13 15:31:44.696,CKKS,16384,50,8,657735,14.725,82216.875,192,318
2025-12-13 15:31:44.704,CKKS,16384,50,8,657353,9.709,82169.125,192,8
2025-12-13 15:31:44.744,CKKS,16384,50,8,658040,8.905,82255.000,192,74
2025-12-13 15:31:44.756,CKKS,16384,50,8,658020,10.507,82252.500,192,414
2025-12-13 15:31:44.831,CKKS,16384,50,8,657748,9.195,82218.500,192,302
2025-12-13 15:31:44.869,CKKS,16384,50,8,658284,8.961,82285.500,192,156
2025-12-13 15:31:44.878,CKKS,16384,50,8,658073,9.384,82259.125,192,430
2025-12-13 15:31:44.973,CKKS,16384,50,8,658028,9.097,82253.500,192,107
2025-12-13 15:31:44.983,CKKS,16384,50,8,658125,9.072,82265.625,192,446
2025-12-13 15:31:45.035,CKKS,16384,50,8,657469,9.137,82183.625,192,286
2025-12-13 15:31:45.037,CKKS,16384,50,8,658178,9.014,82272.250,192,205
2025-12-13 15:31:45.177,CKKS,16384,50,8,657940,9.182,82242.500,192,270
2025-12-13 15:31:45.264,CKKS,16384,50,8,657379,9.187,82172.375,192,140
2025-12-13 15:31:45.284,CKKS,16384,50,8,657302,8.848,82162.750,192,25
2025-12-13 15:31:45.304,CKKS,16384,50,8,658088,9.308,82261.000,192,462
2025-12-13 15:31:45.314,CKKS,16384,50,8,658079,9.666,82259.875,192,58
2025-12-13 15:31:45.344,CKKS,16384,50,8,658185,8.899,82273.125,192,189
2025-12-13 15:31:45.348,CKKS,16384,50,8,657394,9.167,82174.250,192,254
2025-12-13 15:31:45.391,CKKS,16384,50,8,657323,9.127,82165.375,192,91
2025-12-13 15:31:45.585,CKKS,16384,50,8,657740,10.796,82217.500,192,238
2025-12-13 15:31:45.610,CKKS,16384,50,8,658171,9.034,82271.375,192,478
2025-12-13 15:31:45.670,CKKS,16384,50,8,657664,8.924,82208.000,192,173
2025-12-13 15:31:45.688,CKKS,16384,50,8,657546,8.987,82193.250,192,124
2025-12-13 15:31:45.700,CKKS,16384,50,8,657815,11.684,82226.875,192,351
2025-12-13 15:31:45.720,CKKS,16384,50,8,658316,8.853,82289.500,192,383
2025-12-13 15:31:45.734,CKKS,16384,50,8,657994,9.204,82249.250,192,367
2025-12-13 15:31:45.766,CKKS,16384,50,8,658116,8.918,82264.500,192,335
2025-12-13 15:31:45.812,CKKS,16384,50,8,657450,8.999,82181.250,192,399
2025-12-13 15:31:45.876,CKKS,16384,50,8,656821,9.495,82102.625,192,42
2025-12-13 15:31:45.898,CKKS,16384,50,8,657376,9.415,82172.000,192,494
2025-12-13 15:31:45.920,CKKS,16384,50,8,658217,8.964,82277.125,192,222
2025-12-13 15:31:45.967,CKKS,16384,50,8,656940,14.929,82117.500,192,319
2025-12-13 15:31:45.968,CKKS,16384,50,8,658302,15.140,82287.750,192,9
2025-12-13 15:31:45.972,CKKS,16384,50,8,658283,9.293,82285.375,192,75
2025-12-13 15:31:46.000,CKKS,16384,50,8,657290,9.259,82161.250,192,415
2025-12-13 15:31:46.031,CKKS,16384,50,8,657362,9.387,82170.250,192,157
2025-12-13 15:31:46.037,CKKS,16384,50,8,658083,9.007,82260.375,192,303
2025-12-13 15:31:46.094,CKKS,16384,50,8,657331,9.152,82166.375,192,431
2025-12-13 15:31:46.112,CKKS,16384,50,8,658160,8.939,82270.000,192,108
2025-12-13 15:31:46.206,CKKS,16384,50,8,657928,9.370,82241.000,192,447
2025-12-13 15:31:46.256,CKKS,16384,50,8,657202,9.059,82150.250,192,287
2025-12-13 15:31:46.273,CKKS,16384,50,8,658020,9.290,82252.500,192,206
2025-12-13 15:31:46.383,CKKS,16384,50,8,657269,9.072,82158.625,192,271
2025-12-13 15:31:46.567,CKKS,16384,50,8,658216,9.012,82277.000,192,463
2025-12-13 15:31:46.589,CKKS,16384,50,8,658082,8.991,82260.250,192,255
2025-12-13 15:31:46.642,CKKS,16384,50,8,658183,9.041,82272.875,192,190
2025-12-13 15:31:46.696,CKKS,16384,50,8,657039,9.094,82129.875,192,26
2025-12-13 15:31:46.732,CKKS,16384,50,8,658190,9.724,82273.750,192,59
2025-12-13 15:31:46.748,CKKS,16384,50,8,658135,9.527,82266.875,192,92
2025-12-13 15:31:46.751,CKKS,16384,50,8,658283,9.137,82285.375,192,141
2025-12-13 15:31:46.865,CKKS,16384,50,8,657303,9.026,82162.875,192,239
2025-12-13 15:31:46.881,CKKS,16384,50,8,657401,8.912,82175.125,192,174
2025-12-13 15:31:46.893,CKKS,16384,50,8,657547,9.679,82193.375,192,479
2025-12-13 15:31:46.928,CKKS,16384,50,8,658086,9.580,82260.750,192,125
2025-12-13 15:31:46.966,CKKS,16384,50,8,658189,9.126,82273.625,192,368
2025-12-13 15:31:47.021,CKKS,16384,50,8,657217,9.032,82152.125,192,352
2025-12-13 15:31:47.024,CKKS,16384,50,8,657245,9.193,82155.625,192,384
2025-12-13 15:31:47.040,CKKS,16384,50,8,657745,9.002,82218.125,192,336
2025-12-13 15:31:47.116,CKKS,16384,50,8,656877,9.255,82109.625,192,43
2025-12-13 15:31:47.141,CKKS,16384,50,8,657488,8.993,82186.000,192,223
2025-12-13 15:31:47.181,CKKS,16384,50,8,657239,9.553,82154.875,192,400
2025-12-13 15:31:47.192,CKKS,16384,50,8,657993,12.358,82249.125,192,495
2025-12-13 15:31:47.215,CKKS,16384,50,8,658063,9.108,82257.875,192,76
2025-12-13 15:31:47.217,CKKS,16384,50,8,658189,14.359,82273.625,192,10
2025-12-13 15:31:47.217,CKKS,16384,50,8,657476,14.836,82184.500,192,320
2025-12-13 15:31:47.293,CKKS,16384,50,8,657951,9.197,82243.875,192,304
2025-12-13 15:31:47.311,CKKS,16384,50,8,658147,9.162,82268.375,192,416
2025-12-13 15:31:47.315,CKKS,16384,50,8,657374,8.877,82171.750,192,158
2025-12-13 15:31:47.336,CKKS,16384,50,8,658146,9.020,82268.250,192,109
2025-12-13 15:31:47.354,CKKS,16384,50,8,658310,9.302,82288.750,192,432
2025-12-13 15:31:47.405,CKKS,16384,50,8,657400,9.270,82175.000,192,207
2025-12-13 15:31:47.424,CKKS,16384,50,8,658157,9.042,82269.625,192,288
2025-12-13 15:31:47.467,CKKS,16384,50,8,657383,8.924,82172.875,192,448
2025-12-13 15:31:47.599,CKKS,16384,50,8,657915,9.343,82239.375,192,272
2025-12-13 15:31:47.632,CKKS,16384,50,8,657438,8.866,82179.750,192,142
2025-12-13 15:31:47.681,CKKS,16384,50,8,658235,9.178,82279.375,192,27
2025-12-13 15:31:47.729,CKKS,16384,50,8,657210,9.047,82151.250,192,60
2025-12-13 15:31:47.744,CKKS,16384,50,8,657782,9.522,82222.750,192,191
2025-12-13 15:31:47.831,CKKS,16384,50,8,658090,12.615,82261.250,192,256
2025-12-13 15:31:47.834,CKKS,16384,50,8,657391,14.708,82173.875,192,464
2025-12-13 15:31:47.853,CKKS,16384,50,8,657432,8.978,82179.000,192,93
2025-12-13 15:31:48.046,CKKS,16384,50,8,658198,8.970,82274.750,192,240
2025-12-13 15:31:48.114,CKKS,16384,50,8,658288,12.761,82286.000,192,175
2025-12-13 15:31:48.119,CKKS,16384,50,8,657458,14.587,82182.250,192,126
2025-12-13 15:31:48.168,CKKS,16384,50,8,657376,9.091,82172.000,192,480
2025-12-13 15:31:48.207,CKKS,16384,50,8,657992,9.164,82249.000,192,369
2025-12-13 15:31:48.252,CKKS,16384,50,8,658219,13.100,82277.375,192,353
2025-12-13 15:31:48.256,CKKS,16384,50,8,658388,14.695,82298.500,192,385
2025-12-13 15:31:48.265,CKKS,16384,50,8,657603,9.284,82200.375,192,337
2025-12-13 15:31:48.292,CKKS,16384,50,8,658082,8.823,82260.250,192,44
2025-12-13 15:31:48.307,CKKS,16384,50,8,657848,9.961,82231.000,192,11
2025-12-13 15:31:48.325,CKKS,16384,50,8,657799,9.111,82224.875,192,224
2025-12-13 15:31:48.334,CKKS,16384,50,8,658076,12.638,82259.500,192,401
2025-12-13 15:31:48.351,CKKS,16384,50,8,658176,8.749,82272.000,192,321
2025-12-13 15:31:48.439,CKKS,16384,50,8,657411,9.148,82176.375,192,496
2025-12-13 15:31:48.495,CKKS,16384,50,8,658170,9.212,82271.250,192,77
2025-12-13 15:31:48.506,CKKS,16384,50,8,657223,9.429,82152.875,192,159
2025-12-13 15:31:48.529,CKKS,16384,50,8,658312,9.335,82289.000,192,417
2025-12-13 15:31:48.535,CKKS,16384,50,8,658269,9.152,82283.625,192,305
2025-12-13 15:31:48.592,CKKS,16384,50,8,658117,10.831,82264.625,192,110
2025-12-13 15:31:48.611,CKKS,16384,50,8,657397,9.999,82174.625,192,433
2025-12-13 15:31:48.619,CKKS,16384,50,8,656944,12.799,82118.000,192,208
2025-12-13 15:31:48.661,CKKS,16384,50,8,658372,9.542,82296.500,192,289
2025-12-13 15:31:48.755,CKKS,16384,50,8,658161,9.161,82270.125,192,449
2025-12-13 15:31:48.833,CKKS,16384,50,8,657982,12.886,82247.750,192,273
2025-12-13 15:31:48.953,CKKS,16384,50,8,658001,9.021,82250.125,192,28
2025-12-13 15:31:48.967,CKKS,16384,50,8,657893,12.846,82236.625,192,143
2025-12-13 15:31:48.973,CKKS,16384,50,8,657361,11.331,82170.125,192,61
2025-12-13 15:31:48.982,CKKS,16384,50,8,658016,9.576,82252.000,192,192
2025-12-13 15:31:49.044,CKKS,16384,50,8,658226,8.885,82278.250,192,257
2025-12-13 15:31:49.068,CKKS,16384,50,8,657944,9.079,82243.000,192,94
2025-12-13 15:31:49.089,CKKS,16384,50,8,658002,9.157,82250.250,192,465
2025-12-13 15:31:49.295,CKKS,16384,50,8,658191,9.106,82273.875,192,241
2025-12-13 15:31:49.367,CKKS,16384,50,8,657918,12.456,82239.750,192,176
2025-12-13 15:31:49.373,CKKS,16384,50,8,658140,14.590,82267.500,192,127
2025-12-13 15:31:49.406,CKKS,16384,50,8,657353,9.295,82169.125,192,481
2025-12-13 15:31:49.444,CKKS,16384,50,8,657375,9.003,82171.875,192,370
2025-12-13 15:31:49.459,CKKS,16384,50,8,657405,11.255,82175.625,192,354
2025-12-13 15:31:49.516,CKKS,16384,50,8,657853,9.054,82231.625,192,386
2025-12-13 15:31:49.536,CKKS,16384,50,8,657677,15.462,82209.625,192,45
2025-12-13 15:31:49.542,CKKS,16384,50,8,657486,15.267,82185.750,192,338
2025-12-13 15:31:49.556,CKKS,16384,50,8,658221,15.745,82277.625,192,12
2025-12-13 15:31:49.562,CKKS,16384,50,8,657378,13.600,82172.250,192,225
2025-12-13 15:31:49.628,CKKS,16384,50,8,657901,9.154,82237.625,192,78
2025-12-13 15:31:49.661,CKKS,16384,50,8,657213,9.416,82151.625,192,402
2025-12-13 15:31:49.663,CKKS,16384,50,8,658150,9.385,82268.750,192,322
2025-12-13 15:31:49.707,CKKS,16384,50,8,657325,9.082,82165.625,192,497
2025-12-13 15:31:49.716,CKKS,16384,50,8,657357,9.178,82169.625,192,160
2025-12-13 15:31:49.759,CKKS,16384,50,8,658020,9.084,82252.500,192,418
2025-12-13 15:31:49.787,CKKS,16384,50,8,657373,9.069,82171.625,192,306
2025-12-13 15:31:49.803,CKKS,16384,50,8,657386,9.353,82173.250,192,111
2025-12-13 15:31:49.870,CKKS,16384,50,8,658173,8.927,82271.625,192,434
2025-12-13 15:31:49.885,CKKS,16384,50,8,657493,9.176,82186.625,192,209
2025-12-13 15:31:49.899,CKKS,16384,50,8,657611,10.550,82201.375,192,290
2025-12-13 15:31:50.015,CKKS,16384,50,8,658283,9.094,82285.375,192,450
2025-12-13 15:31:50.102,CKKS,16384,50,8,657228,9.364,82153.500,192,274
2025-12-13 15:31:50.184,CKKS,16384,50,8,658111,9.074,82263.875,192,144
2025-12-13 15:31:50.207,CKKS,16384,50,8,657981,8.959,82247.625,192,29
2025-12-13 15:31:50.253,CKKS,16384,50,8,657942,9.215,82242.750,192,193
2025-12-13 15:31:50.267,CKKS,16384,50,8,658040,9.266,82255.000,192,62
2025-12-13 15:31:50.316,CKKS,16384,50,8,658240,9.000,82280.000,192,258
2025-12-13 15:31:50.338,CKKS,16384,50,8,658060,8.967,82257.500,192,95
2025-12-13 15:31:50.427,CKKS,16384,50,8,658229,8.998,82278.625,192,466
2025-12-13 15:31:50.621,CKKS,16384,50,8,657965,9.012,82245.625,192,128
2025-12-13 15:31:50.658,CKKS,16384,50,8,658074,9.304,82259.250,192,177
2025-12-13 15:31:50.667,CKKS,16384,50,8,657782,9.263,82222.750,192,242
2025-12-13 15:31:50.680,CKKS,16384,50,8,658196,10.565,82274.500,192,482
2025-12-13 15:31:50.690,CKKS,16384,50,8,658040,9.023,82255.000,192,371
2025-12-13 15:31:50.706,CKKS,16384,50,8,657482,9.176,82185.250,192,355
2025-12-13 15:31:50.737,CKKS,16384,50,8,658320,8.948,82290.000,192,387
2025-12-13 15:31:50.756,CKKS,16384,50,8,657170,9.084,82146.250,192,46
2025-12-13 15:31:50.778,CKKS,16384,50,8,658010,9.450,82251.250,192,339
2025-12-13 15:31:50.787,CKKS,16384,50,8,658162,12.839,82270.250,192,13
2025-12-13 15:31:50.797,CKKS,16384,50,8,656487,12.943,82060.875,192,226
2025-12-13 15:31:50.805,CKKS,16384,50,8,658191,15.128,82273.875,192,79
2025-12-13 15:31:50.839,CKKS,16384,50,8,657564,9.033,82195.500,192,323
2025-12-13 15:31:50.866,CKKS,16384,50,8,658169,9.183,82271.125,192,403
2025-12-13 15:31:50.941,CKKS,16384,50,8,658293,8.937,82286.625,192,161
2025-12-13 15:31:50.984,CKKS,16384,50,8,657960,9.156,82245.000,192,307
2025-12-13 15:31:50.998,CKKS,16384,50,8,657779,9.452,82222.375,192,498
2025-12-13 15:31:51.036,CKKS,16384,50,8,657340,9.124,82167.500,192,419
2025-12-13 15:31:51.048,CKKS,16384,50,8,657328,9.049,82166.000,192,112
2025-12-13 15:31:51.106,CKKS,16384,50,8,658143,9.287,82267.875,192,210
2025-12-13 15:31:51.122,CKKS,16384,50,8,657320,8.862,82165.000,192,435
2025-12-13 15:31:51.145,CKKS,16384,50,8,657943,8.851,82242.875,192,291
2025-12-13 15:31:51.258,CKKS,16384,50,8,657987,9.158,82248.375,192,451
2025-12-13 15:31:51.312,CKKS,16384,50,8,658248,9.084,82281.000,192,275
2025-12-13 15:31:51.334,CKKS,16384,50,8,658289,9.246,82286.125,192,30
2025-12-13 15:31:51.361,CKKS,16384,50,8,657326,9.060,82165.750,192,145
2025-12-13 15:31:51.391,CKKS,16384,50,8,658022,8.986,82252.750,192,63
2025-12-13 15:31:51.461,CKKS,16384,50,8,657590,9.219,82198.750,192,194
2025-12-13 15:31:51.536,CKKS,16384,50,8,657908,9.179,82238.500,192,96
2025-12-13 15:31:51.569,CKKS,16384,50,8,658050,9.245,82256.250,192,259
2025-12-13 15:31:51.704,CKKS,16384,50,8,658142,10.155,82267.750,192,467
2025-12-13 15:31:51.757,CKKS,16384,50,8,657358,9.112,82169.750,192,243
2025-12-13 15:31:51.807,CKKS,16384,50,8,658236,9.310,82279.500,192,178
2025-12-13 15:31:51.823,CKKS,16384,50,8,658049,8.791,82256.125,192,129
2025-12-13 15:31:51.947,CKKS,16384,50,8,657374,8.951,82171.750,192,47
2025-12-13 15:31:51.980,CKKS,16384,50,8,658085,9.621,82260.625,192,483
2025-12-13 15:31:51.982,CKKS,16384,50,8,657384,9.366,82173.000,192,372
2025-12-13 15:31:52.011,CKKS,16384,50,8,657401,11.314,82175.125,192,14
2025-12-13 15:31:52.020,CKKS,16384,50,8,658126,14.229,82265.750,192,356
2025-12-13 15:31:52.024,CKKS,16384,50,8,657375,9.285,82171.875,192,340
2025-12-13 15:31:52.049,CKKS,16384,50,8,657813,12.561,82226.625,192,388
2025-12-13 15:31:52.069,CKKS,16384,50,8,658273,9.133,82284.125,192,80
2025-12-13 15:31:52.075,CKKS,16384,50,8,657355,9.009,82169.375,192,227
2025-12-13 15:31:52.107,CKKS,16384,50,8,657686,9.396,82210.750,192,404
2025-12-13 15:31:52.108,CKKS,16384,50,8,656493,9.507,82061.625,192,324
2025-12-13 15:31:52.147,CKKS,16384,50,8,658146,8.927,82268.250,192,162
2025-12-13 15:31:52.243,CKKS,16384,50,8,657997,8.944,82249.625,192,113
2025-12-13 15:31:52.260,CKKS,16384,50,8,657361,9.333,82170.125,192,308
2025-12-13 15:31:52.305,CKKS,16384,50,8,657257,9.510,82157.125,192,499
2025-12-13 15:31:52.306,CKKS,16384,50,8,657379,9.729,82172.375,192,420
2025-12-13 15:31:52.328,CKKS,16384,50,8,657994,8.934,82249.250,192,211
2025-12-13 15:31:52.397,CKKS,16384,50,8,657337,9.244,82167.125,192,436
2025-12-13 15:31:52.401,CKKS,16384,50,8,658211,9.487,82276.375,192,292
2025-12-13 15:31:52.499,CKKS,16384,50,8,657338,9.175,82167.250,192,452
2025-12-13 15:31:52.519,CKKS,16384,50,8,657190,8.849,82148.750,192,31
2025-12-13 15:31:52.549,CKKS,16384,50,8,657377,8.978,82172.125,192,276
2025-12-13 15:31:52.600,CKKS,16384,50,8,658067,9.020,82258.375,192,146
2025-12-13 15:31:52.618,CKKS,16384,50,8,657552,8.801,82194.000,192,64
2025-12-13 15:31:52.656,CKKS,16384,50,8,658182,9.085,82272.750,192,195
2025-12-13 15:31:52.703,CKKS,16384,50,8,658126,9.394,82265.750,192,97
2025-12-13 15:31:52.736,CKKS,16384,50,8,657739,9.014,82217.375,192,260
2025-12-13 15:31:52.953,CKKS,16384,50,8,658005,8.899,82250.625,192,468
2025-12-13 15:31:53.008,CKKS,16384,50,8,657403,11.817,82175.375,192,130
2025-12-13 15:31:53.030,CKKS,16384,50,8,657167,8.961,82145.875,192,244
2025-12-13 15:31:53.100,CKKS,16384,50,8,658179,9.002,82272.375,192,179
2025-12-13 15:31:53.216,CKKS,16384,50,8,658015,13.743,82251.875,192,48
2025-12-13 15:31:53.238,CKKS,16384,50,8,658279,13.210,82284.875,192,15
2025-12-13 15:31:53.248,CKKS,16384,50,8,657869,13.730,82233.625,192,484
2025-12-13 15:31:53.270,CKKS,16384,50,8,657702,19.741,82212.750,192,373
2025-12-13 15:31:53.273,CKKS,16384,50,8,657267,14.327,82158.375,192,341
2025-12-13 15:31:53.274,CKKS,16384,50,8,658049,24.857,82256.125,192,357
2025-12-13 15:31:53.294,CKKS,16384,50,8,658080,17.149,82260.000,192,389
2025-12-13 15:31:53.297,CKKS,16384,50,8,658019,33.353,82252.375,192,81
2025-12-13 15:31:53.299,CKKS,16384,50,8,657325,17.409,82165.625,192,228
2025-12-13 15:31:53.332,CKKS,16384,50,8,656998,9.186,82124.750,192,325
2025-12-13 15:31:53.353,CKKS,16384,50,8,658243,8.955,82280.375,192,405
2025-12-13 15:31:53.377,CKKS,16384,50,8,658224,9.045,82278.000,192,163
2025-12-13 15:31:53.436,CKKS,16384,50,8,656071,9.091,82008.875,192,114
2025-12-13 15:31:53.478,CKKS,16384,50,8,657287,9.146,82160.875,192,309
2025-12-13 15:31:53.602,CKKS,16384,50,8,657797,9.404,82224.625,192,212
2025-12-13 15:31:53.603,CKKS,16384,50,8,657323,12.512,82165.375,192,500
2025-12-13 15:31:53.608,CKKS,16384,50,8,658286,14.965,82285.750,192,421
2025-12-13 15:31:53.625,CKKS,16384,50,8,657367,8.866,82170.875,192,293
2025-12-13 15:31:53.634,CKKS,16384,50,8,658020,9.312,82252.500,192,437
2025-12-13 15:31:53.727,CKKS,16384,50,8,657773,9.010,82221.625,192,32
2025-12-13 15:31:53.774,CKKS,16384,50,8,657521,9.605,82190.125,192,453
2025-12-13 15:31:53.796,CKKS,16384,50,8,657258,9.264,82157.250,192,147
2025-12-13 15:31:53.829,CKKS,16384,50,8,657327,8.993,82165.875,192,277
2025-12-13 15:31:53.858,CKKS,16384,50,8,658141,9.057,82267.625,192,65
2025-12-13 15:31:53.875,CKKS,16384,50,8,657388,8.868,82173.500,192,196
2025-12-13 15:31:53.938,CKKS,16384,50,8,658303,9.123,82287.875,192,98
2025-12-13 15:31:53.981,CKKS,16384,50,8,657219,9.201,82152.375,192,261
2025-12-13 15:31:54.244,CKKS,16384,50,8,658173,11.827,82271.625,192,131
2025-12-13 15:31:54.247,CKKS,16384,50,8,657949,9.222,82243.625,192,469
2025-12-13 15:31:54.275,CKKS,16384,50,8,658097,9.000,82262.125,192,245
2025-12-13 15:31:54.281,CKKS,16384,50,8,657928,9.239,82241.000,192,180
2025-12-13 15:31:54.406,CKKS,16384,50,8,658130,12.316,82266.250,192,49
2025-12-13 15:31:54.409,CKKS,16384,50,8,656052,14.075,82006.500,192,16
2025-12-13 15:31:54.450,CKKS,16384,50,8,657986,9.001,82248.250,192,374
2025-12-13 15:31:54.520,CKKS,16384,50,8,657923,18.954,82240.375,192,485
2025-12-13 15:31:54.520,CKKS,16384,50,8,658286,14.133,82285.750,192,82
2025-12-13 15:31:54.537,CKKS,16384,50,8,658139,17.505,82267.375,192,358
2025-12-13 15:31:54.542,CKKS,16384,50,8,657707,18.961,82213.375,192,342
2025-12-13 15:31:54.564,CKKS,16384,50,8,657810,13.947,82226.250,192,229
2025-12-13 15:31:54.588,CKKS,16384,50,8,658331,20.142,82291.375,192,390
2025-12-13 15:31:54.592,CKKS,16384,50,8,656789,15.223,82098.625,192,326
2025-12-13 15:31:54.633,CKKS,16384,50,8,658127,13.547,82265.875,192,164
2025-12-13 15:31:54.659,CKKS,16384,50,8,658114,13.289,82264.250,192,406
2025-12-13 15:31:54.691,CKKS,16384,50,8,658332,9.391,82291.500,192,115
2025-12-13 15:31:54.758,CKKS,16384,50,8,657225,9.123,82153.125,192,310
2025-12-13 15:31:54.800,CKKS,16384,50,8,658155,9.131,82269.375,192,422
2025-12-13 15:31:54.827,CKKS,16384,50,8,657409,12.487,82176.125,192,213
2025-12-13 15:31:54.914,CKKS,16384,50,8,658279,9.152,82284.875,192,438
2025-12-13 15:31:54.927,CKKS,16384,50,8,657157,8.880,82144.625,192,294
2025-12-13 15:31:55.001,CKKS,16384,50,8,658210,9.026,82276.250,192,33
2025-12-13 15:31:55.052,CKKS,16384,50,8,658182,8.946,82272.750,192,454
2025-12-13 15:31:55.070,CKKS,16384,50,8,657963,9.636,82245.375,192,148
2025-12-13 15:31:55.123,CKKS,16384,50,8,657331,10.212,82166.375,192,278
2025-12-13 15:31:55.132,CKKS,16384,50,8,658153,13.349,82269.125,192,66
2025-12-13 15:31:55.135,CKKS,16384,50,8,658191,10.278,82273.875,192,197
2025-12-13 15:31:55.174,CKKS,16384,50,8,658108,9.083,82263.500,192,99
2025-12-13 15:31:55.240,CKKS,16384,50,8,657537,9.221,82192.125,192,262
2025-12-13 15:31:55.435,CKKS,16384,50,8,657934,9.147,82241.750,192,132
2025-12-13 15:31:55.490,CKKS,16384,50,8,657389,9.263,82173.625,192,470
2025-12-13 15:31:55.518,CKKS,16384,50,8,657944,9.001,82243.000,192,181
2025-12-13 15:31:55.518,CKKS,16384,50,8,658233,9.273,82279.125,192,246
2025-12-13 15:31:55.637,CKKS,16384,50,8,657302,12.220,82162.750,192,17
2025-12-13 15:31:55.638,CKKS,16384,50,8,657833,11.843,82229.125,192,50
2025-12-13 15:31:55.696,CKKS,16384,50,8,657939,9.087,82242.375,192,83
2025-12-13 15:31:55.754,CKKS,16384,50,8,657352,9.140,82169.000,192,486
2025-12-13 15:31:55.824,CKKS,16384,50,8,658373,8.899,82296.625,192,343
2025-12-13 15:31:55.883,CKKS,16384,50,8,657181,9.264,82147.625,192,375
2025-12-13 15:31:55.898,CKKS,16384,50,8,658011,9.048,82251.375,192,391
2025-12-13 15:31:55.924,CKKS,16384,50,8,657429,9.041,82178.625,192,359
2025-12-13 15:31:55.929,CKKS,16384,50,8,658109,13.609,82263.625,192,230
2025-12-13 15:31:55.930,CKKS,16384,50,8,657811,14.608,82226.375,192,165
2025-12-13 15:31:55.951,CKKS,16384,50,8,657849,12.648,82231.125,192,327
2025-12-13 15:31:55.953,CKKS,16384,50,8,655947,14.695,81993.375,192,116
2025-12-13 15:31:56.006,CKKS,16384,50,8,657266,13.831,82158.250,192,311
2025-12-13 15:31:56.010,CKKS,16384,50,8,657809,14.834,82226.125,192,407
2025-12-13 15:31:56.043,CKKS,16384,50,8,658211,8.974,82276.375,192,214
2025-12-13 15:31:56.056,CKKS,16384,50,8,658175,8.913,82271.875,192,423
2025-12-13 15:31:56.098,CKKS,16384,50,8,657391,9.174,82173.875,192,295
2025-12-13 15:31:56.145,CKKS,16384,50,8,656563,9.066,82070.375,192,439
2025-12-13 15:31:56.176,CKKS,16384,50,8,658127,8.945,82265.875,192,34
2025-12-13 15:31:56.284,CKKS,16384,50,8,658256,9.471,82282.000,192,149
2025-12-13 15:31:56.316,CKKS,16384,50,8,658029,9.287,82253.625,192,1
2025-12-13 15:31:56.327,CKKS,16384,50,8,657541,10.773,82192.625,192,455
2025-12-13 15:31:56.346,CKKS,16384,50,8,658199,8.834,82274.875,192,279
2025-12-13 15:31:56.367,CKKS,16384,50,8,658065,9.014,82258.125,192,67
2025-12-13 15:31:56.373,CKKS,16384,50,8,658175,9.157,82271.875,192,198
2025-12-13 15:31:56.383,CKKS,16384,50,8,658285,12.023,82285.625,192,100
2025-12-13 15:31:56.463,CKKS,16384,50,8,657284,9.127,82160.500,192,263
2025-12-13 15:31:56.723,CKKS,16384,50,8,658006,9.046,82250.750,192,133
2025-12-13 15:31:56.768,CKKS,16384,50,8,658175,9.100,82271.875,192,182
2025-12-13 15:31:56.787,CKKS,16384,50,8,658170,9.267,82271.250,192,247
2025-12-13 15:31:56.815,CKKS,16384,50,8,657725,9.048,82215.625,192,471
2025-12-13 15:31:56.934,CKKS,16384,50,8,657374,9.165,82171.750,192,51
2025-12-13 15:31:56.938,CKKS,16384,50,8,658220,9.382,82277.500,192,18
2025-12-13 15:31:56.968,CKKS,16384,50,8,658067,9.088,82258.375,192,84
2025-12-13 15:31:57.008,CKKS,16384,50,8,657799,9.351,82224.875,192,360
2025-12-13 15:31:57.023,CKKS,16384,50,8,658107,9.113,82263.375,192,376
2025-12-13 15:31:57.071,CKKS,16384,50,8,657435,9.177,82179.375,192,231
2025-12-13 15:31:57.103,CKKS,16384,50,8,657419,14.627,82177.375,192,487
2025-12-13 15:31:57.106,CKKS,16384,50,8,658268,14.902,82283.500,192,344
2025-12-13 15:31:57.109,CKKS,16384,50,8,657905,9.547,82238.125,192,392
2025-12-13 15:31:57.118,CKKS,16384,50,8,657882,12.875,82235.250,192,166
2025-12-13 15:31:57.126,CKKS,16384,50,8,657350,13.752,82168.750,192,328
2025-12-13 15:31:57.131,CKKS,16384,50,8,657389,14.852,82173.625,192,117
2025-12-13 15:31:57.293,CKKS,16384,50,8,657301,9.401,82162.625,192,408
2025-12-13 15:31:57.300,CKKS,16384,50,8,658221,9.218,82277.625,192,312
2025-12-13 15:31:57.325,CKKS,16384,50,8,657134,9.079,82141.750,192,215
2025-12-13 15:31:57.331,CKKS,16384,50,8,657379,9.054,82172.375,192,424
2025-12-13 15:31:57.345,CKKS,16384,50,8,658307,9.051,82288.375,192,296
2025-12-13 15:31:57.378,CKKS,16384,50,8,657983,9.085,82247.875,192,35
2025-12-13 15:31:57.434,CKKS,16384,50,8,658196,8.907,82274.500,192,440
2025-12-13 15:31:57.445,CKKS,16384,50,8,658194,9.131,82274.250,192,68
2025-12-13 15:31:57.465,CKKS,16384,50,8,657419,8.916,82177.375,192,2
2025-12-13 15:31:57.481,CKKS,16384,50,8,658171,9.067,82271.375,192,150
2025-12-13 15:31:57.525,CKKS,16384,50,8,658117,8.914,82264.625,192,280
2025-12-13 15:31:57.573,CKKS,16384,50,8,658251,9.131,82281.375,192,456
2025-12-13 15:31:57.573,CKKS,16384,50,8,655907,9.133,81988.375,192,199
2025-12-13 15:31:57.599,CKKS,16384,50,8,658250,8.869,82281.250,192,101
2025-12-13 15:31:57.714,CKKS,16384,50,8,657351,9.213,82168.875,192,264
2025-12-13 15:31:57.882,CKKS,16384,50,8,657701,9.110,82212.625,192,134
2025-12-13 15:31:57.918,CKKS,16384,50,8,657537,9.126,82192.125,192,183
2025-12-13 15:31:57.929,CKKS,16384,50,8,657637,9.055,82204.625,192,248
2025-12-13 15:31:58.029,CKKS,16384,50,8,658261,8.914,82282.625,192,472
2025-12-13 15:31:58.051,CKKS,16384,50,8,658068,8.819,82258.500,192,19
2025-12-13 15:31:58.064,CKKS,16384,50,8,657521,9.343,82190.125,192,52
2025-12-13 15:31:58.112,CKKS,16384,50,8,657505,9.367,82188.125,192,85
2025-12-13 15:31:58.181,CKKS,16384,50,8,658070,9.035,82258.750,192,232
2025-12-13 15:31:58.227,CKKS,16384,50,8,657361,8.917,82170.125,192,361
2025-12-13 15:31:58.282,CKKS,16384,50,8,657417,9.800,82177.125,192,167
2025-12-13 15:31:58.288,CKKS,16384,50,8,657406,14.930,82175.750,192,377
2025-12-13 15:31:58.288,CKKS,16384,50,8,657852,15.104,82231.500,192,345
2025-12-13 15:31:58.295,CKKS,16384,50,8,657362,13.567,82170.250,192,393
2025-12-13 15:31:58.306,CKKS,16384,50,8,657638,11.061,82204.750,192,488
2025-12-13 15:31:58.337,CKKS,16384,50,8,657242,9.105,82155.250,192,329
2025-12-13 15:31:58.351,CKKS,16384,50,8,657969,9.009,82246.125,192,118
2025-12-13 15:31:58.438,CKKS,16384,50,8,658108,9.143,82263.500,192,313
2025-12-13 15:31:58.456,CKKS,16384,50,8,657850,8.835,82231.250,192,409
2025-12-13 15:31:58.490,CKKS,16384,50,8,657382,9.642,82172.750,192,216
2025-12-13 15:31:58.540,CKKS,16384,50,8,657540,8.969,82192.500,192,425
2025-12-13 15:31:58.603,CKKS,16384,50,8,658283,8.995,82285.375,192,36
2025-12-13 15:31:58.624,CKKS,16384,50,8,657961,9.054,82245.125,192,297
2025-12-13 15:31:58.636,CKKS,16384,50,8,657742,8.967,82217.750,192,3
2025-12-13 15:31:58.691,CKKS,16384,50,8,657289,9.303,82161.125,192,69
2025-12-13 15:31:58.707,CKKS,16384,50,8,658052,8.773,82256.500,192,441
2025-12-13 15:31:58.716,CKKS,16384,50,8,657289,9.203,82161.125,192,151
2025-12-13 15:31:58.773,CKKS,16384,50,8,658280,9.337,82285.000,192,281
2025-12-13 15:31:58.786,CKKS,16384,50,8,657836,11.317,82229.500,192,200
2025-12-13 15:31:58.941,CKKS,16384,50,8,657492,9.093,82186.500,192,102
2025-12-13 15:31:59.007,CKKS,16384,50,8,657341,9.363,82167.625,192,457
2025-12-13 15:31:59.014,CKKS,16384,50,8,658050,9.656,82256.250,192,265
2025-12-13 15:31:59.132,CKKS,16384,50,8,657091,9.102,82136.375,192,135
2025-12-13 15:31:59.146,CKKS,16384,50,8,656097,9.056,82012.125,192,184
2025-12-13 15:31:59.170,CKKS,16384,50,8,658246,8.911,82280.750,192,249
2025-12-13 15:31:59.202,CKKS,16384,50,8,658265,9.341,82283.125,192,20
2025-12-13 15:31:59.233,CKKS,16384,50,8,658152,8.968,82269.000,192,53
2025-12-13 15:31:59.288,CKKS,16384,50,8,657568,9.943,82196.000,192,473
2025-12-13 15:31:59.343,CKKS,16384,50,8,657147,9.219,82143.375,192,86
2025-12-13 15:31:59.422,CKKS,16384,50,8,658139,9.421,82267.375,192,233
2025-12-13 15:31:59.464,CKKS,16384,50,8,658054,10.191,82256.750,192,378
2025-12-13 15:31:59.474,CKKS,16384,50,8,657310,9.130,82163.750,192,362
2025-12-13 15:31:59.487,CKKS,16384,50,8,658161,9.625,82270.125,192,346
2025-12-13 15:31:59.520,CKKS,16384,50,8,657387,9.187,82173.375,192,168
2025-12-13 15:31:59.563,CKKS,16384,50,8,657941,8.924,82242.625,192,394
2025-12-13 15:31:59.572,CKKS,16384,50,8,657353,9.328,82169.125,192,119
2025-12-13 15:31:59.595,CKKS,16384,50,8,657363,9.081,82170.375,192,330
2025-12-13 15:31:59.613,CKKS,16384,50,8,657414,9.355,82176.750,192,489
2025-12-13 15:31:59.697,CKKS,16384,50,8,657334,9.084,82166.750,192,314
2025-12-13 15:31:59.766,CKKS,16384,50,8,658001,9.235,82250.125,192,410
2025-12-13 15:31:59.784,CKKS,16384,50,8,657284,14.809,82160.500,192,217
2025-12-13 15:31:59.860,CKKS,16384,50,8,657964,12.279,82245.500,192,426
2025-12-13 15:31:59.880,CKKS,16384,50,8,657901,9.042,82237.625,192,37
2025-12-13 15:31:59.898,CKKS,16384,50,8,658274,9.081,82284.250,192,298
2025-12-13 15:31:59.919,CKKS,16384,50,8,657320,10.895,82165.000,192,4
2025-12-13 15:31:59.940,CKKS,16384,50,8,658091,10.316,82261.375,192,70
2025-12-13 15:31:59.948,CKKS,16384,50,8,657996,13.758,82249.500,192,152
2025-12-13 15:31:59.982,CKKS,16384,50,8,658027,8.934,82253.375,192,442
2025-12-13 15:32:00.015,CKKS,16384,50,8,657262,9.196,82157.750,192,282
2025-12-13 15:32:00.040,CKKS,16384,50,8,657931,8.828,82241.375,192,201
2025-12-13 15:32:00.099,CKKS,16384,50,8,657361,8.949,82170.125,192,103
2025-12-13 15:32:00.171,CKKS,16384,50,8,658080,9.094,82260.000,192,266
2025-12-13 15:32:00.268,CKKS,16384,50,8,658074,11.246,82259.250,192,458
2025-12-13 15:32:00.333,CKKS,16384,50,8,657876,9.185,82234.500,192,136
2025-12-13 15:32:00.364,CKKS,16384,50,8,657164,9.010,82145.500,192,185
2025-12-13 15:32:00.403,CKKS,16384,50,8,658194,9.294,82274.250,192,250
2025-12-13 15:32:00.498,CKKS,16384,50,8,657321,14.300,82165.125,192,21
2025-12-13 15:32:00.499,CKKS,16384,50,8,658014,13.489,82251.750,192,54
2025-12-13 15:32:00.560,CKKS,16384,50,8,657374,8.954,82171.750,192,474
2025-12-13 15:32:00.584,CKKS,16384,50,8,658306,9.039,82288.250,192,87
2025-12-13 15:32:00.656,CKKS,16384,50,8,657315,11.569,82164.375,192,234
2025-12-13 15:32:00.700,CKKS,16384,50,8,658036,9.065,82254.500,192,363
2025-12-13 15:32:00.733,CKKS,16384,50,8,657351,8.917,82168.875,192,347
2025-12-13 15:32:00.736,CKKS,16384,50,8,658106,9.042,82263.250,192,379
2025-12-13 15:32:00.745,CKKS,16384,50,8,657330,12.790,82166.250,192,169
2025-12-13 15:32:00.753,CKKS,16384,50,8,657831,8.949,82228.875,192,120
2025-12-13 15:32:00.780,CKKS,16384,50,8,657570,8.966,82196.250,192,395
2025-12-13 15:32:00.806,CKKS,16384,50,8,658085,9.326,82260.625,192,331
2025-12-13 15:32:00.854,CKKS,16384,50,8,657935,9.128,82241.875,192,490
2025-12-13 15:32:01.000,CKKS,16384,50,8,657394,9.061,82174.250,192,411
2025-12-13 15:32:01.016,CKKS,16384,50,8,657293,9.703,82161.625,192,218
2025-12-13 15:32:01.021,CKKS,16384,50,8,658050,10.460,82256.250,192,315
2025-12-13 15:32:01.031,CKKS,16384,50,8,657616,11.160,82202.000,192,38
2025-12-13 15:32:01.084,CKKS,16384,50,8,657236,9.114,82154.500,192,5
2025-12-13 15:32:01.120,CKKS,16384,50,8,657371,9.136,82171.375,192,299
2025-12-13 15:32:01.136,CKKS,16384,50,8,658193,9.115,82274.125,192,71
2025-12-13 15:32:01.138,CKKS,16384,50,8,658300,9.011,82287.500,192,427
2025-12-13 15:32:01.149,CKKS,16384,50,8,657351,12.166,82168.875,192,153
2025-12-13 15:32:01.204,CKKS,16384,50,8,657593,9.080,82199.125,192,443
2025-12-13 15:32:01.255,CKKS,16384,50,8,658110,10.506,82263.750,192,283
2025-12-13 15:32:01.281,CKKS,16384,50,8,656570,9.300,82071.250,192,202
2025-12-13 15:32:01.308,CKKS,16384,50,8,657721,9.359,82215.125,192,104
2025-12-13 15:32:01.425,CKKS,16384,50,8,657426,9.076,82178.250,192,267
2025-12-13 15:32:01.524,CKKS,16384,50,8,657497,9.221,82187.125,192,459
2025-12-13 15:32:01.578,CKKS,16384,50,8,658068,9.076,82258.500,192,137
2025-12-13 15:32:01.630,CKKS,16384,50,8,658269,8.997,82283.625,192,186
2025-12-13 15:32:01.686,CKKS,16384,50,8,657532,8.938,82191.500,192,251
2025-12-13 15:32:01.729,CKKS,16384,50,8,658034,8.933,82254.250,192,55
2025-12-13 15:32:01.745,CKKS,16384,50,8,657409,9.122,82176.125,192,22
2025-12-13 15:32:01.772,CKKS,16384,50,8,658210,9.568,82276.250,192,88
2025-12-13 15:32:01.812,CKKS,16384,50,8,657882,8.906,82235.250,192,475
2025-12-13 15:32:01.898,CKKS,16384,50,8,657439,9.105,82179.875,192,235
2025-12-13 15:32:01.970,CKKS,16384,50,8,657791,9.042,82223.875,192,380
2025-12-13 15:32:02.009,CKKS,16384,50,8,658046,9.258,82255.750,192,364
2025-12-13 15:32:02.020,CKKS,16384,50,8,656022,9.461,82002.750,192,170
2025-12-13 15:32:02.045,CKKS,16384,50,8,658148,9.241,82268.500,192,348
2025-12-13 15:32:02.073,CKKS,16384,50,8,657561,9.177,82195.125,192,121
2025-12-13 15:32:02.106,CKKS,16384,50,8,658154,8.989,82269.250,192,332
2025-12-13 15:32:02.110,CKKS,16384,50,8,658113,9.379,82264.125,192,396
2025-12-13 15:32:02.134,CKKS,16384,50,8,658094,8.829,82261.750,192,491
2025-12-13 15:32:02.209,CKKS,16384,50,8,658193,10.759,82274.125,192,219
2025-12-13 15:32:02.216,CKKS,16384,50,8,658191,13.832,82273.875,192,316
2025-12-13 15:32:02.246,CKKS,16384,50,8,657651,9.053,82206.375,192,412
2025-12-13 15:32:02.258,CKKS,16384,50,8,658109,10.706,82263.625,192,39
2025-12-13 15:32:02.275,CKKS,16384,50,8,656388,10.005,82048.500,192,6
2025-12-13 15:32:02.328,CKKS,16384,50,8,658172,9.003,82271.500,192,72
2025-12-13 15:32:02.389,CKKS,16384,50,8,657616,9.044,82202.000,192,428
2025-12-13 15:32:02.405,CKKS,16384,50,8,657417,15.052,82177.125,192,154
2025-12-13 15:32:02.408,CKKS,16384,50,8,657421,15.472,82177.625,192,300
2025-12-13 15:32:02.451,CKKS,16384,50,8,658295,9.019,82286.875,192,444
2025-12-13 15:32:02.475,CKKS,16384,50,8,658132,8.964,82266.500,192,284
2025-12-13 15:32:02.509,CKKS,16384,50,8,657084,9.048,82135.500,192,203
2025-12-13 15:32:02.524,CKKS,16384,50,8,656943,9.123,82117.875,192,105
2025-12-13 15:32:02.643,CKKS,16384,50,8,657292,9.377,82161.500,192,268
2025-12-13 15:32:02.767,CKKS,16384,50,8,657947,9.141,82243.375,192,138
2025-12-13 15:32:02.789,CKKS,16384,50,8,657459,9.152,82182.375,192,460
2025-12-13 15:32:02.797,CKKS,16384,50,8,657248,9.309,82156.000,192,187
2025-12-13 15:32:02.841,CKKS,16384,50,8,658209,9.150,82276.125,192,23
2025-12-13 15:32:02.899,CKKS,16384,50,8,656839,9.230,82104.875,192,56
2025-12-13 15:32:02.936,CKKS,16384,50,8,658212,8.937,82276.500,192,252
2025-12-13 15:32:02.996,CKKS,16384,50,8,657039,9.308,82129.875,192,89
2025-12-13 15:32:03.085,CKKS,16384,50,8,657988,8.874,82248.500,192,476
2025-12-13 15:32:03.123,CKKS,16384,50,8,657646,9.111,82205.750,192,236
2025-12-13 15:32:03.177,CKKS,16384,50,8,657445,8.996,82180.625,192,365
2025-12-13 15:32:03.238,CKKS,16384,50,8,657497,9.099,82187.125,192,171
2025-12-13 15:32:03.254,CKKS,16384,50,8,657326,9.032,82165.750,192,381
2025-12-13 15:32:03.269,CKKS,16384,50,8,658222,9.064,82277.750,192,349
2025-12-13 15:32:03.285,CKKS,16384,50,8,658059,9.324,82257.375,192,122
2025-12-13 15:32:03.295,CKKS,16384,50,8,658159,9.220,82269.875,192,333
2025-12-13 15:32:03.319,CKKS,16384,50,8,658142,13.203,82267.750,192,397
2025-12-13 15:32:03.403,CKKS,16384,50,8,658163,14.384,82270.375,192,492
2025-12-13 15:32:03.418,CKKS,16384,50,8,658166,9.904,82270.750,192,317
2025-12-13 15:32:03.427,CKKS,16384,50,8,657430,14.211,82178.750,192,220
2025-12-13 15:32:03.446,CKKS,16384,50,8,658198,9.216,82274.750,192,40
2025-12-13 15:32:03.470,CKKS,16384,50,8,657328,12.545,82166.000,192,7
2025-12-13 15:32:03.528,CKKS,16384,50,8,657355,14.477,82169.375,192,413
2025-12-13 15:32:03.530,CKKS,16384,50,8,657362,13.298,82170.250,192,73
2025-12-13 15:32:03.615,CKKS,16384,50,8,658194,9.885,82274.250,192,429
2025-12-13 15:32:03.622,CKKS,16384,50,8,657494,9.298,82186.750,192,301
2025-12-13 15:32:03.636,CKKS,16384,50,8,658126,8.913,82265.750,192,155
2025-12-13 15:32:03.698,CKKS,16384,50,8,657941,9.222,82242.625,192,106
2025-12-13 15:32:03.726,CKKS,16384,50,8,658176,9.094,82272.000,192,445
2025-12-13 15:32:03.748,CKKS,16384,50,8,658052,9.236,82256.500,192,204
2025-12-13 15:32:03.759,CKKS,16384,50,8,657406,9.043,82175.750,192,285
2025-12-13 15:32:03.904,CKKS,16384,50,8,656034,13.029,82004.250,192,269
2025-12-13 15:32:04.002,CKKS,16384,50,8,657680,13.103,82210.000,192,139
2025-12-13 15:32:04.031,CKKS,16384,50,8,658224,9.133,82278.000,192,461
2025-12-13 15:32:04.060,CKKS,16384,50,8,658161,8.959,82270.125,192,24
2025-12-13 15:32:04.112,CKKS,16384,50,8,658152,9.575,82269.000,192,188
2025-12-13 15:32:04.132,CKKS,16384,50,8,657285,8.993,82160.625,192,57
2025-12-13 15:32:04.146,CKKS,16384,50,8,657081,13.337,82135.125,192,253
2025-12-13 15:32:04.180,CKKS,16384,50,8,657489,9.230,82186.125,192,90
2025-12-13 15:32:04.349,CKKS,16384,50,8,658013,9.490,82251.625,192,477
2025-12-13 15:32:04.374,CKKS,16384,50,8,658202,12.921,82275.250,192,237
2025-12-13 15:32:04.439,CKKS,16384,50,8,658251,9.292,82281.375,192,172
2025-12-13 15:32:04.465,CKKS,16384,50,8,657412,12.915,82176.500,192,123
2025-12-13 15:32:04.475,CKKS,16384,50,8,657398,9.842,82174.750,192,350
2025-12-13 15:32:04.536,CKKS,16384,50,8,657632,9.493,82204.000,192,366
2025-12-13 15:32:04.538,CKKS,16384,50,8,658202,12.758,82275.250,192,382
2025-12-13 15:32:04.547,CKKS,16384,50,8,657407,11.088,82175.875,192,334
2025-12-13 15:32:04.591,CKKS,16384,50,8,657388,9.619,82173.500,192,398
2025-12-13 15:32:04.676,CKKS,16384,50,8,658240,13.373,82280.000,192,221
2025-12-13 15:32:04.678,CKKS,16384,50,8,658116,13.503,82264.500,192,493
2025-12-13 15:32:04.721,CKKS,16384,50,8,658283,14.686,82285.375,192,318
2025-12-13 15:32:04.723,CKKS,16384,50,8,657341,13.337,82167.625,192,41
2025-12-13 15:32:04.732,CKKS,16384,50,8,657934,16.254,82241.750,192,8
2025-12-13 15:32:04.767,CKKS,16384,50,8,658300,13.066,82287.500,192,74
2025-12-13 15:32:04.779,CKKS,16384,50,8,658251,13.806,82281.375,192,414
2025-12-13 15:32:04.854,CKKS,16384,50,8,657352,13.800,82169.000,192,302
2025-12-13 15:32:04.893,CKKS,16384,50,8,657929,14.638,82241.125,192,156
2025-12-13 15:32:04.911,CKKS,16384,50,8,658315,21.641,82289.375,192,430
2025-12-13 15:32:04.997,CKKS,16384,50,8,657816,13.836,82227.000,192,107
2025-12-13 15:32:05.009,CKKS,16384,50,8,658166,13.489,82270.750,192,446
2025-12-13 15:32:05.053,CKKS,16384,50,8,657160,9.433,82145.000,192,205
2025-12-13 15:32:05.059,CKKS,16384,50,8,657296,13.418,82162.000,192,286
2025-12-13 15:32:05.194,CKKS,16384,50,8,657617,8.991,82202.125,192,270
2025-12-13 15:32:05.280,CKKS,16384,50,8,657450,9.328,82181.250,192,140
2025-12-13 15:32:05.301,CKKS,16384,50,8,657347,9.010,82168.375,192,25
2025-12-13 15:32:05.324,CKKS,16384,50,8,658166,9.440,82270.750,192,462
2025-12-13 15:32:05.332,CKKS,16384,50,8,657383,11.171,82172.875,192,58
2025-12-13 15:32:05.368,CKKS,16384,50,8,658126,13.276,82265.750,192,189
2025-12-13 15:32:05.373,CKKS,16384,50,8,658151,12.955,82268.875,192,254
2025-12-13 15:32:05.408,CKKS,16384,50,8,657680,9.169,82210.000,192,91
2025-12-13 15:32:05.604,CKKS,16384,50,8,658311,9.926,82288.875,192,238
2025-12-13 15:32:05.632,CKKS,16384,50,8,657378,13.167,82172.250,192,478
2025-12-13 15:32:05.695,CKKS,16384,50,8,658022,12.533,82252.750,192,173
2025-12-13 15:32:05.714,CKKS,16384,50,8,658253,16.400,82281.625,192,124
2025-12-13 15:32:05.724,CKKS,16384,50,8,657752,14.237,82219.000,192,351
2025-12-13 15:32:05.736,CKKS,16384,50,8,657396,8.970,82174.500,192,383
2025-12-13 15:32:05.756,CKKS,16384,50,8,655913,12.990,81989.125,192,367
2025-12-13 15:32:05.781,CKKS,16384,50,8,657357,9.238,82169.625,192,335
2025-12-13 15:32:05.837,CKKS,16384,50,8,657728,12.913,82216.000,192,399
2025-12-13 15:32:05.900,CKKS,16384,50,8,657414,13.269,82176.750,192,42
2025-12-13 15:32:05.924,CKKS,16384,50,8,658029,15.690,82253.625,192,494
2025-12-13 15:32:05.943,CKKS,16384,50,8,657915,12.770,82239.375,192,222
2025-12-13 15:32:05.993,CKKS,16384,50,8,658152,12.822,82269.000,192,319
2025-12-13 15:32:05.994,CKKS,16384,50,8,657749,13.703,82218.625,192,9
2025-12-13 15:32:05.997,CKKS,16384,50,8,658213,14.997,82276.625,192,75
2025-12-13 15:32:06.017,CKKS,16384,50,8,657943,9.216,82242.875,192,415
2025-12-13 15:32:06.050,CKKS,16384,50,8,657279,10.935,82159.875,192,157
2025-12-13 15:32:06.059,CKKS,16384,50,8,658162,13.827,82270.250,192,303
2025-12-13 15:32:06.119,CKKS,16384,50,8,657326,12.887,82165.750,192,431
2025-12-13 15:32:06.138,CKKS,16384,50,8,658066,17.152,82258.250,192,108
2025-12-13 15:32:06.231,CKKS,16384,50,8,657381,14.113,82172.625,192,447
2025-12-13 15:32:06.275,CKKS,16384,50,8,658063,9.761,82257.875,192,287
2025-12-13 15:32:06.291,CKKS,16384,50,8,657369,8.879,82171.125,192,206
2025-12-13 15:32:06.408,CKKS,16384,50,8,657719,13.488,82214.875,192,271
2025-12-13 15:32:06.585,CKKS,16384,50,8,658130,9.213,82266.250,192,463
2025-12-13 15:32:06.607,CKKS,16384,50,8,658112,9.143,82264.000,192,255
2025-12-13 15:32:06.659,CKKS,16384,50,8,658069,9.012,82258.625,192,190
2025-12-13 15:32:06.711,CKKS,16384,50,8,658036,8.928,82254.500,192,26
2025-12-13 15:32:06.748,CKKS,16384,50,8,657663,9.818,82207.875,192,59
2025-12-13 15:32:06.766,CKKS,16384,50,8,657468,9.159,82183.500,192,141
2025-12-13 15:32:06.771,CKKS,16384,50,8,658148,13.055,82268.500,192,92
2025-12-13 15:32:06.883,CKKS,16384,50,8,658345,9.413,82293.125,192,239
2025-12-13 15:32:06.905,CKKS,16384,50,8,658251,10.240,82281.375,192,174
2025-12-13 15:32:06.913,CKKS,16384,50,8,657427,13.399,82178.375,192,479
2025-12-13 15:32:06.943,CKKS,16384,50,8,657440,9.007,82180.000,192,125
2025-12-13 15:32:06.982,CKKS,16384,50,8,658337,9.285,82292.125,192,368
2025-12-13 15:32:07.045,CKKS,16384,50,8,657571,13.207,82196.375,192,352
2025-12-13 15:32:07.048,CKKS,16384,50,8,657594,14.542,82199.250,192,384
2025-12-13 15:32:07.061,CKKS,16384,50,8,657431,12.855,82178.875,192,336
2025-12-13 15:32:07.134,CKKS,16384,50,8,658073,8.971,82259.125,192,43
2025-12-13 15:32:07.158,CKKS,16384,50,8,658130,8.998,82266.250,192,223
2025-12-13 15:32:07.204,CKKS,16384,50,8,657133,12.737,82141.625,192,400
2025-12-13 15:32:07.209,CKKS,16384,50,8,657672,9.442,82209.000,192,495
2025-12-13 15:32:07.240,CKKS,16384,50,8,658198,13.480,82274.750,192,76
2025-12-13 15:32:07.241,CKKS,16384,50,8,657376,14.478,82172.000,192,10
2025-12-13 15:32:07.243,CKKS,16384,50,8,657773,15.699,82221.625,192,320
2025-12-13 15:32:07.308,CKKS,16384,50,8,657374,9.221,82171.750,192,304
2025-12-13 15:32:07.332,CKKS,16384,50,8,657974,9.173,82246.750,192,158
2025-12-13 15:32:07.334,CKKS,16384,50,8,658078,13.126,82259.750,192,416
2025-12-13 15:32:07.351,CKKS,16384,50,8,657295,9.088,82161.875,192,109
2025-12-13 15:32:07.376,CKKS,16384,50,8,657514,12.915,82189.250,192,432
2025-12-13 15:32:07.428,CKKS,16384,50,8,658225,12.437,82278.125,192,207
2025-12-13 15:32:07.441,CKKS,16384,50,8,658117,9.866,82264.625,192,288
2025-12-13 15:32:07.482,CKKS,16384,50,8,657270,9.251,82158.750,192,448
2025-12-13 15:32:07.615,CKKS,16384,50,8,657183,9.047,82147.875,192,272
2025-12-13 15:32:07.648,CKKS,16384,50,8,658139,9.098,82267.375,192,142
2025-12-13 15:32:07.697,CKKS,16384,50,8,657951,9.177,82243.875,192,27
2025-12-13 15:32:07.745,CKKS,16384,50,8,657778,8.963,82222.250,192,60
2025-12-13 15:32:07.764,CKKS,16384,50,8,658151,13.008,82268.875,192,191
2025-12-13 15:32:07.855,CKKS,16384,50,8,658176,13.495,82272.000,192,256
2025-12-13 15:32:07.859,CKKS,16384,50,8,658145,15.053,82268.125,192,464
2025-12-13 15:32:07.875,CKKS,16384,50,8,658117,12.963,82264.625,192,93
2025-12-13 15:32:08.062,CKKS,16384,50,8,657517,9.089,82189.625,192,240
2025-12-13 15:32:08.141,CKKS,16384,50,8,658311,13.823,82288.875,192,175
2025-12-13 15:32:08.144,CKKS,16384,50,8,658258,14.901,82282.250,192,126
2025-12-13 15:32:08.184,CKKS,16384,50,8,658171,9.194,82271.375,192,480
2025-12-13 15:32:08.226,CKKS,16384,50,8,658221,9.609,82277.625,192,369
2025-12-13 15:32:08.274,CKKS,16384,50,8,657279,13.084,82159.875,192,353
2025-12-13 15:32:08.275,CKKS,16384,50,8,657415,9.739,82176.875,192,385
2025-12-13 15:32:08.286,CKKS,16384,50,8,658164,12.928,82270.500,192,337
2025-12-13 15:32:08.307,CKKS,16384,50,8,657438,9.184,82179.750,192,44
2025-12-13 15:32:08.324,CKKS,16384,50,8,657360,10.700,82170.000,192,11
2025-12-13 15:32:08.343,CKKS,16384,50,8,656854,9.372,82106.750,192,224
2025-12-13 15:32:08.354,CKKS,16384,50,8,657388,12.106,82173.500,192,401
2025-12-13 15:32:08.367,CKKS,16384,50,8,657482,9.793,82185.250,192,321
2025-12-13 15:32:08.457,CKKS,16384,50,8,658214,9.172,82276.750,192,496
2025-12-13 15:32:08.519,CKKS,16384,50,8,657742,13.142,82217.750,192,77
2025-12-13 15:32:08.526,CKKS,16384,50,8,658102,9.945,82262.750,192,159
2025-12-13 15:32:08.545,CKKS,16384,50,8,658011,9.074,82251.375,192,417
2025-12-13 15:32:08.557,CKKS,16384,50,8,657399,12.756,82174.875,192,305
2025-12-13 15:32:08.610,CKKS,16384,50,8,657518,10.019,82189.750,192,110
2025-12-13 15:32:08.631,CKKS,16384,50,8,657314,10.513,82164.250,192,433
2025-12-13 15:32:08.641,CKKS,16384,50,8,658213,13.269,82276.625,192,208
2025-12-13 15:32:08.678,CKKS,16384,50,8,658102,9.095,82262.750,192,289
2025-12-13 15:32:08.773,CKKS,16384,50,8,657357,9.294,82169.625,192,449
2025-12-13 15:32:08.849,CKKS,16384,50,8,658160,9.042,82270.000,192,273
2025-12-13 15:32:08.968,CKKS,16384,50,8,657716,9.156,82214.500,192,28
2025-12-13 15:32:08.991,CKKS,16384,50,8,658134,13.081,82266.750,192,143
2025-12-13 15:32:09.000,CKKS,16384,50,8,658134,12.838,82266.750,192,61
2025-12-13 15:32:09.005,CKKS,16384,50,8,658056,15.479,82257.000,192,192
2025-12-13 15:32:09.061,CKKS,16384,50,8,658118,8.948,82264.750,192,257
2025-12-13 15:32:09.086,CKKS,16384,50,8,657357,8.912,82169.625,192,94
2025-12-13 15:32:09.105,CKKS,16384,50,8,658153,9.349,82269.125,192,465
2025-12-13 15:32:09.318,CKKS,16384,50,8,657746,13.016,82218.250,192,241
2025-12-13 15:32:09.386,CKKS,16384,50,8,658137,9.209,82267.125,192,176
2025-12-13 15:32:09.394,CKKS,16384,50,8,657305,13.136,82163.125,192,127
2025-12-13 15:32:09.423,CKKS,16384,50,8,657821,9.282,82227.625,192,481
2025-12-13 15:32:09.462,CKKS,16384,50,8,658229,9.998,82278.625,192,370
2025-12-13 15:32:09.477,CKKS,16384,50,8,657447,10.066,82180.875,192,354
2025-12-13 15:32:09.539,CKKS,16384,50,8,657426,13.207,82178.250,192,386
2025-12-13 15:32:09.552,CKKS,16384,50,8,657875,9.354,82234.375,192,45
2025-12-13 15:32:09.565,CKKS,16384,50,8,657393,12.718,82174.125,192,338
2025-12-13 15:32:09.578,CKKS,16384,50,8,657554,11.103,82194.250,192,12
2025-12-13 15:32:09.584,CKKS,16384,50,8,656887,14.589,82110.875,192,225
2025-12-13 15:32:09.645,CKKS,16384,50,8,657324,9.189,82165.500,192,78
2025-12-13 15:32:09.686,CKKS,16384,50,8,657392,14.107,82174.000,192,402
2025-12-13 15:32:09.687,CKKS,16384,50,8,657811,14.663,82226.375,192,322
2025-12-13 15:32:09.733,CKKS,16384,50,8,658288,12.427,82286.000,192,497
2025-12-13 15:32:09.738,CKKS,16384,50,8,657831,14.549,82228.875,192,160
2025-12-13 15:32:09.775,CKKS,16384,50,8,657783,9.018,82222.875,192,418
2025-12-13 15:32:09.805,CKKS,16384,50,8,658071,9.438,82258.875,192,306
2025-12-13 15:32:09.825,CKKS,16384,50,8,658293,13.079,82286.625,192,111
2025-12-13 15:32:09.885,CKKS,16384,50,8,657388,9.190,82173.500,192,434
2025-12-13 15:32:09.901,CKKS,16384,50,8,657258,9.331,82157.250,192,209
2025-12-13 15:32:09.920,CKKS,16384,50,8,657117,12.979,82139.625,192,290
2025-12-13 15:32:10.039,CKKS,16384,50,8,658195,13.549,82274.375,192,450
2025-12-13 15:32:10.126,CKKS,16384,50,8,657287,13.709,82160.875,192,274
2025-12-13 15:32:10.202,CKKS,16384,50,8,657120,11.257,82140.000,192,144
2025-12-13 15:32:10.222,CKKS,16384,50,8,657701,8.958,82212.625,192,29
2025-12-13 15:32:10.270,CKKS,16384,50,8,658146,9.475,82268.250,192,193
2025-12-13 15:32:10.291,CKKS,16384,50,8,657629,13.174,82203.625,192,62
2025-12-13 15:32:10.331,CKKS,16384,50,8,657384,9.142,82173.000,192,258
2025-12-13 15:32:10.353,CKKS,16384,50,8,657826,9.016,82228.250,192,95
2025-12-13 15:32:10.443,CKKS,16384,50,8,658147,9.131,82268.375,192,466
2025-12-13 15:32:10.643,CKKS,16384,50,8,657409,13.091,82176.125,192,128
2025-12-13 15:32:10.676,CKKS,16384,50,8,657463,8.983,82182.875,192,177
2025-12-13 15:32:10.689,CKKS,16384,50,8,656645,11.535,82080.625,192,242
2025-12-13 15:32:10.703,CKKS,16384,50,8,657585,12.559,82198.125,192,482
2025-12-13 15:32:10.712,CKKS,16384,50,8,657912,10.569,82239.000,192,371
2025-12-13 15:32:10.732,CKKS,16384,50,8,658206,14.361,82275.750,192,355
2025-12-13 15:32:10.753,CKKS,16384,50,8,658006,9.007,82250.750,192,387
2025-12-13 15:32:10.772,CKKS,16384,50,8,658161,9.041,82270.125,192,46
2025-12-13 15:32:10.801,CKKS,16384,50,8,658191,12.979,82273.875,192,339
2025-12-13 15:32:10.806,CKKS,16384,50,8,657830,9.711,82228.750,192,13
2025-12-13 15:32:10.820,CKKS,16384,50,8,658089,12.350,82261.125,192,226
2025-12-13 15:32:10.824,CKKS,16384,50,8,657375,13.053,82171.875,192,79
2025-12-13 15:32:10.862,CKKS,16384,50,8,657383,13.095,82172.875,192,323
2025-12-13 15:32:10.882,CKKS,16384,50,8,657407,9.115,82175.875,192,403
2025-12-13 15:32:10.962,CKKS,16384,50,8,657339,13.237,82167.375,192,161
2025-12-13 15:32:11.006,CKKS,16384,50,8,658155,11.118,82269.375,192,307
2025-12-13 15:32:11.019,CKKS,16384,50,8,658096,11.743,82262.000,192,498
2025-12-13 15:32:11.060,CKKS,16384,50,8,657381,13.241,82172.625,192,419
2025-12-13 15:32:11.066,CKKS,16384,50,8,658190,9.306,82273.750,192,112
2025-12-13 15:32:11.124,CKKS,16384,50,8,658041,9.230,82255.125,192,210
2025-12-13 15:32:11.138,CKKS,16384,50,8,658161,9.391,82270.125,192,435
2025-12-13 15:32:11.160,CKKS,16384,50,8,657321,9.082,82165.125,192,291
2025-12-13 15:32:11.284,CKKS,16384,50,8,658057,13.547,82257.125,192,451
2025-12-13 15:32:11.330,CKKS,16384,50,8,658176,9.710,82272.000,192,275
2025-12-13 15:32:11.352,CKKS,16384,50,8,658197,9.129,82274.625,192,30
2025-12-13 15:32:11.376,CKKS,16384,50,8,657301,9.050,82162.625,192,145
2025-12-13 15:32:11.408,CKKS,16384,50,8,656917,9.388,82114.625,192,63
2025-12-13 15:32:11.477,CKKS,16384,50,8,657422,8.961,82177.750,192,194
2025-12-13 15:32:11.561,CKKS,16384,50,8,658016,14.655,82252.000,192,96
2025-12-13 15:32:11.595,CKKS,16384,50,8,657703,14.208,82212.875,192,259
2025-12-13 15:32:11.729,CKKS,16384,50,8,658257,12.971,82282.125,192,467
2025-12-13 15:32:11.780,CKKS,16384,50,8,657349,12.994,82168.625,192,243
2025-12-13 15:32:11.831,CKKS,16384,50,8,657357,14.448,82169.625,192,178
2025-12-13 15:32:11.849,CKKS,16384,50,8,657084,17.243,82135.500,192,129
2025-12-13 15:32:11.963,CKKS,16384,50,8,657660,9.016,82207.500,192,47
2025-12-13 15:32:12.000,CKKS,16384,50,8,658047,9.093,82255.875,192,372
2025-12-13 15:32:12.004,CKKS,16384,50,8,657916,13.285,82239.500,192,483
2025-12-13 15:32:12.035,CKKS,16384,50,8,658158,12.757,82269.750,192,14
2025-12-13 15:32:12.042,CKKS,16384,50,8,657776,12.864,82222.000,192,356
2025-12-13 15:32:12.048,CKKS,16384,50,8,658074,14.639,82259.250,192,340
2025-12-13 15:32:12.073,CKKS,16384,50,8,658106,12.946,82263.250,192,388
2025-12-13 15:32:12.086,CKKS,16384,50,8,657030,9.446,82128.750,192,80
2025-12-13 15:32:12.096,CKKS,16384,50,8,657722,12.765,82215.250,192,227
2025-12-13 15:32:12.124,CKKS,16384,50,8,657408,9.343,82176.000,192,404
2025-12-13 15:32:12.133,CKKS,16384,50,8,658329,13.501,82291.125,192,324
2025-12-13 15:32:12.163,CKKS,16384,50,8,657555,9.090,82194.375,192,162
2025-12-13 15:32:12.259,CKKS,16384,50,8,658332,9.198,82291.500,192,113
2025-12-13 15:32:12.275,CKKS,16384,50,8,657022,8.902,82127.750,192,308
2025-12-13 15:32:12.323,CKKS,16384,50,8,657199,9.525,82149.875,192,420
2025-12-13 15:32:12.327,CKKS,16384,50,8,657959,13.012,82244.875,192,499
2025-12-13 15:32:12.350,CKKS,16384,50,8,658076,13.062,82259.500,192,211
2025-12-13 15:32:12.415,CKKS,16384,50,8,658118,9.318,82264.750,192,436
2025-12-13 15:32:12.424,CKKS,16384,50,8,657310,12.945,82163.750,192,292
2025-12-13 15:32:12.522,CKKS,16384,50,8,657351,12.739,82168.875,192,452
2025-12-13 15:32:12.541,CKKS,16384,50,8,657408,12.886,82176.000,192,31
2025-12-13 15:32:12.566,CKKS,16384,50,8,657316,9.110,82164.500,192,276
2025-12-13 15:32:12.617,CKKS,16384,50,8,658270,9.371,82283.750,192,146
2025-12-13 15:32:12.637,CKKS,16384,50,8,657991,9.388,82248.875,192,64
2025-12-13 15:32:12.675,CKKS,16384,50,8,658171,9.484,82271.375,192,195
2025-12-13 15:32:12.724,CKKS,16384,50,8,657641,12.708,82205.125,192,97
2025-12-13 15:32:12.759,CKKS,16384,50,8,656117,13.187,82014.625,192,260
2025-12-13 15:32:12.970,CKKS,16384,50,8,658338,9.040,82292.250,192,468
2025-12-13 15:32:13.032,CKKS,16384,50,8,657347,13.223,82168.375,192,130
2025-12-13 15:32:13.046,CKKS,16384,50,8,657392,9.292,82174.000,192,244
2025-12-13 15:32:13.116,CKKS,16384,50,8,658286,9.169,82285.750,192,179
2025-12-13 15:32:13.235,CKKS,16384,50,8,658175,9.628,82271.875,192,48
2025-12-13 15:32:13.258,CKKS,16384,50,8,658278,9.073,82284.750,192,15
2025-12-13 15:32:13.269,CKKS,16384,50,8,657858,11.152,82232.250,192,484
2025-12-13 15:32:13.293,CKKS,16384,50,8,656809,12.918,82101.125,192,373
2025-12-13 15:32:13.300,CKKS,16384,50,8,657301,15.794,82162.625,192,357
2025-12-13 15:32:13.300,CKKS,16384,50,8,658158,15.392,82269.750,192,341
2025-12-13 15:32:13.320,CKKS,16384,50,8,657322,14.611,82165.250,192,389
2025-12-13 15:32:13.323,CKKS,16384,50,8,657791,14.846,82223.875,192,81
2025-12-13 15:32:13.325,CKKS,16384,50,8,658189,13.484,82273.625,192,228
2025-12-13 15:32:13.350,CKKS,16384,50,8,657707,9.050,82213.375,192,325
2025-12-13 15:32:13.369,CKKS,16384,50,8,657649,8.936,82206.125,192,405
2025-12-13 15:32:13.395,CKKS,16384,50,8,658132,8.663,82266.500,192,163
2025-12-13 15:32:13.453,CKKS,16384,50,8,656494,9.709,82061.750,192,114
2025-12-13 15:32:13.496,CKKS,16384,50,8,658193,9.102,82274.125,192,309
2025-12-13 15:32:13.636,CKKS,16384,50,8,656805,24.555,82100.625,192,212
2025-12-13 15:32:13.648,CKKS,16384,50,8,657545,28.108,82193.125,192,500
2025-12-13 15:32:13.661,CKKS,16384,50,8,658312,33.340,82289.000,192,421
2025-12-13 15:32:13.662,CKKS,16384,50,8,657399,26.126,82174.875,192,293
2025-12-13 15:32:13.662,CKKS,16384,50,8,658220,14.176,82277.500,192,437
2025-12-13 15:32:13.749,CKKS,16384,50,8,657344,14.216,82168.000,192,32
2025-12-13 15:32:13.795,CKKS,16384,50,8,657371,13.067,82171.375,192,453
2025-12-13 15:32:13.833,CKKS,16384,50,8,658089,27.172,82261.125,192,147
2025-12-13 15:32:13.853,CKKS,16384,50,8,657821,14.106,82227.625,192,277
2025-12-13 15:32:13.882,CKKS,16384,50,8,658047,13.373,82255.875,192,65
2025-12-13 15:32:13.901,CKKS,16384,50,8,657418,15.817,82177.250,192,196
2025-12-13 15:32:13.957,CKKS,16384,50,8,657421,12.043,82177.625,192,98
2025-12-13 15:32:13.997,CKKS,16384,50,8,657766,9.022,82220.750,192,261
