timestamp,node_type,operation,data_size_bytes,latency_ms,throughput_mbps,success,error_type,connection_id
2025-12-10 08:05:44.694,smart_meter,send_encrypted_data,334412,0.357,7493.826,true,none,61
2025-12-10 08:05:44.696,smart_meter,send_encrypted_data,334273,0.356,7511.753,true,none,56
2025-12-10 08:05:44.697,smart_meter,send_encrypted_data,334552,0.353,7581.915,true,none,22
2025-12-10 08:05:44.699,smart_meter,send_encrypted_data,334166,0.381,7016.609,true,none,38
2025-12-10 08:05:44.703,smart_meter,send_encrypted_data,334305,0.350,7641.257,true,none,20
2025-12-10 08:05:44.704,smart_meter,send_encrypted_data,334236,0.353,7574.754,true,none,55
2025-12-10 08:05:44.705,smart_meter,send_encrypted_data,334193,2.108,1268.285,true,none,23
2025-12-10 08:05:44.707,smart_meter,send_encrypted_data,334334,0.494,5414.316,true,none,46
2025-12-10 08:05:44.709,smart_meter,send_encrypted_data,334216,0.394,6786.112,true,none,82
2025-12-10 08:05:44.709,smart_meter,send_encrypted_data,334145,0.394,6784.670,true,none,313
2025-12-10 08:05:44.711,smart_meter,send_encrypted_data,334291,0.399,6702.576,true,none,328
2025-12-10 08:05:44.712,smart_meter,send_encrypted_data,334495,0.334,8011.856,true,none,239
2025-12-10 08:05:44.713,smart_meter,send_encrypted_data,334340,0.354,7555.706,true,none,13
2025-12-10 08:05:44.713,smart_meter,send_encrypted_data,334150,0.400,6683.000,true,none,76
2025-12-10 08:05:44.714,smart_meter,send_encrypted_data,334393,0.366,7309.137,true,none,112
2025-12-10 08:05:44.714,smart_meter,send_encrypted_data,334387,0.399,6704.501,true,none,15
2025-12-10 08:05:44.714,smart_meter,send_encrypted_data,334320,0.421,6352.874,true,none,1
2025-12-10 08:05:44.714,smart_meter,send_encrypted_data,334249,0.385,6945.434,true,none,94
2025-12-10 08:05:44.715,smart_meter,send_encrypted_data,334084,0.357,7486.476,true,none,406
2025-12-10 08:05:44.715,smart_meter,send_encrypted_data,334406,0.369,7249.995,true,none,129
2025-12-10 08:05:44.715,smart_meter,send_encrypted_data,334329,4.031,663.516,true,none,105
2025-12-10 08:05:44.716,smart_meter,send_encrypted_data,334342,5.794,461.639,true,none,39
2025-12-10 08:05:44.717,smart_meter,send_encrypted_data,334159,0.352,7594.523,true,none,304
2025-12-10 08:05:44.718,smart_meter,send_encrypted_data,334113,0.330,8099.709,true,none,145
2025-12-10 08:05:44.719,smart_meter,send_encrypted_data,334395,0.725,3689.876,true,none,81
2025-12-10 08:05:44.719,smart_meter,send_encrypted_data,334440,5.034,531.490,true,none,40
2025-12-10 08:05:44.720,smart_meter,send_encrypted_data,334287,0.361,7408.022,true,none,179
2025-12-10 08:05:44.720,smart_meter,send_encrypted_data,334203,0.379,7054.417,true,none,150
2025-12-10 08:05:44.721,smart_meter,send_encrypted_data,334460,0.312,8575.897,true,none,430
2025-12-10 08:05:44.721,smart_meter,send_encrypted_data,334426,0.367,7289.940,true,none,279
2025-12-10 08:05:44.722,smart_meter,send_encrypted_data,334428,2.445,1094.243,true,none,30
2025-12-10 08:05:44.722,smart_meter,send_encrypted_data,334189,0.517,5171.203,true,none,191
2025-12-10 08:05:44.723,smart_meter,send_encrypted_data,334145,0.966,2767.246,true,none,69
2025-12-10 08:05:44.723,smart_meter,send_encrypted_data,334076,0.373,7165.169,true,none,167
2025-12-10 08:05:44.723,smart_meter,send_encrypted_data,334077,0.373,7165.190,true,none,74
2025-12-10 08:05:44.724,smart_meter,send_encrypted_data,334308,0.389,6875.229,true,none,213
2025-12-10 08:05:44.725,smart_meter,send_encrypted_data,334330,0.493,5425.233,true,none,171
2025-12-10 08:05:44.726,smart_meter,send_encrypted_data,334394,2.356,1135.463,true,none,211
2025-12-10 08:05:44.726,smart_meter,send_encrypted_data,334210,0.366,7305.137,true,none,393
2025-12-10 08:05:44.726,smart_meter,send_encrypted_data,334262,0.410,6522.185,true,none,385
2025-12-10 08:05:44.726,smart_meter,send_encrypted_data,334365,0.344,7775.930,true,none,243
2025-12-10 08:05:44.727,smart_meter,send_encrypted_data,334224,5.574,479.690,true,none,307
2025-12-10 08:05:44.728,smart_meter,send_encrypted_data,334392,2.565,1042.938,true,none,164
2025-12-10 08:05:44.729,smart_meter,send_encrypted_data,334362,0.395,6771.889,true,none,259
2025-12-10 08:05:44.731,smart_meter,send_encrypted_data,333971,0.401,6662.763,true,none,87
2025-12-10 08:05:44.731,smart_meter,send_encrypted_data,334135,0.401,6666.035,true,none,437
2025-12-10 08:05:44.733,smart_meter,send_encrypted_data,334466,7.134,375.067,true,none,63
2025-12-10 08:05:44.733,smart_meter,send_encrypted_data,334281,6.872,389.151,true,none,64
2025-12-10 08:05:44.734,smart_meter,send_encrypted_data,333883,6.397,417.549,true,none,24
2025-12-10 08:05:44.734,smart_meter,send_encrypted_data,334418,12.614,212.093,true,none,346
2025-12-10 08:05:44.734,smart_meter,send_encrypted_data,334408,5.929,451.217,true,none,4
2025-12-10 08:05:44.735,smart_meter,send_encrypted_data,334135,5.987,446.481,true,none,402
2025-12-10 08:05:44.735,smart_meter,send_encrypted_data,334428,0.364,7350.066,true,none,302
2025-12-10 08:05:44.735,smart_meter,send_encrypted_data,334019,0.633,4221.409,true,none,294
2025-12-10 08:05:44.735,smart_meter,send_encrypted_data,334499,0.762,3511.801,true,none,479
2025-12-10 08:05:44.735,smart_meter,send_encrypted_data,334472,0.390,6860.964,true,none,130
2025-12-10 08:05:44.733,smart_meter,send_encrypted_data,334383,2.806,953.337,true,none,281
2025-12-10 08:05:44.736,smart_meter,send_encrypted_data,334460,0.354,7558.418,true,none,278
2025-12-10 08:05:44.736,smart_meter,send_encrypted_data,334381,0.389,6876.730,true,none,207
2025-12-10 08:05:44.736,smart_meter,send_encrypted_data,334353,0.425,6293.704,true,none,254
2025-12-10 08:05:44.737,smart_meter,send_encrypted_data,334369,0.354,7556.362,true,none,47
2025-12-10 08:05:44.737,smart_meter,send_encrypted_data,334037,0.443,6032.271,true,none,133
2025-12-10 08:05:44.737,smart_meter,send_encrypted_data,334398,0.436,6135.743,true,none,404
2025-12-10 08:05:44.737,smart_meter,send_encrypted_data,334391,3.399,787.034,true,none,123
2025-12-10 08:05:44.738,smart_meter,send_encrypted_data,334410,2.647,1010.684,true,none,295
2025-12-10 08:05:44.738,smart_meter,send_encrypted_data,334370,0.417,6414.772,true,none,49
2025-12-10 08:05:44.738,smart_meter,send_encrypted_data,334089,0.398,6715.357,true,none,12
2025-12-10 08:05:44.736,smart_meter,send_encrypted_data,334458,1.257,2128.611,true,none,100
2025-12-10 08:05:44.739,smart_meter,send_encrypted_data,334246,3.082,867.608,true,none,159
2025-12-10 08:05:44.739,smart_meter,send_encrypted_data,334137,0.388,6889.423,true,none,386
2025-12-10 08:05:44.739,smart_meter,send_encrypted_data,333959,9.673,276.199,true,none,421
2025-12-10 08:05:44.740,smart_meter,send_encrypted_data,334122,0.350,7637.074,true,none,108
2025-12-10 08:05:44.740,smart_meter,send_encrypted_data,334388,0.370,7230.011,true,none,158
2025-12-10 08:05:44.741,smart_meter,send_encrypted_data,334478,0.422,6340.815,true,none,175
2025-12-10 08:05:44.741,smart_meter,send_encrypted_data,334404,0.344,7776.837,true,none,388
2025-12-10 08:05:44.741,smart_meter,send_encrypted_data,334414,0.370,7230.573,true,none,409
2025-12-10 08:05:44.741,smart_meter,send_encrypted_data,334348,0.383,6983.770,true,none,320
2025-12-10 08:05:44.742,smart_meter,send_encrypted_data,333909,0.357,7482.555,true,none,208
2025-12-10 08:05:44.742,smart_meter,send_encrypted_data,334000,0.408,6549.020,true,none,338
2025-12-10 08:05:44.743,smart_meter,send_encrypted_data,334432,0.361,7411.235,true,none,84
2025-12-10 08:05:44.743,smart_meter,send_encrypted_data,334444,0.384,6967.583,true,none,51
2025-12-10 08:05:44.744,smart_meter,send_encrypted_data,334187,0.387,6908.258,true,none,231
2025-12-10 08:05:44.744,smart_meter,send_encrypted_data,334292,0.385,6946.327,true,none,11
2025-12-10 08:05:44.728,smart_meter,send_encrypted_data,334334,11.190,239.023,true,none,154
2025-12-10 08:05:44.744,smart_meter,send_encrypted_data,334133,0.995,2686.496,true,none,41
2025-12-10 08:05:44.744,smart_meter,send_encrypted_data,334408,0.404,6621.941,true,none,374
2025-12-10 08:05:44.745,smart_meter,send_encrypted_data,334121,0.411,6503.572,true,none,267
2025-12-10 08:05:44.745,smart_meter,send_encrypted_data,334468,0.379,7060.011,true,none,21
2025-12-10 08:05:44.746,smart_meter,send_encrypted_data,334367,0.357,7492.818,true,none,146
2025-12-10 08:05:44.746,smart_meter,send_encrypted_data,334470,0.363,7371.240,true,none,16
2025-12-10 08:05:44.747,smart_meter,send_encrypted_data,334397,0.387,6912.599,true,none,216
2025-12-10 08:05:44.747,smart_meter,send_encrypted_data,334320,0.392,6822.857,true,none,389
2025-12-10 08:05:44.747,smart_meter,send_encrypted_data,334389,0.389,6876.895,true,none,350
2025-12-10 08:05:44.747,smart_meter,send_encrypted_data,334284,0.363,7367.140,true,none,155
2025-12-10 08:05:44.748,smart_meter,send_encrypted_data,334607,0.358,7477.251,true,none,109
2025-12-10 08:05:44.748,smart_meter,send_encrypted_data,334307,0.354,7554.960,true,none,200
2025-12-10 08:05:44.748,smart_meter,send_encrypted_data,334361,0.359,7450.942,true,none,127
2025-12-10 08:05:44.749,smart_meter,send_encrypted_data,334219,0.355,7531.696,true,none,432
2025-12-10 08:05:44.749,smart_meter,send_encrypted_data,334360,0.360,7430.222,true,none,120
2025-12-10 08:05:44.749,smart_meter,send_encrypted_data,334424,0.384,6967.167,true,none,197
2025-12-10 08:05:44.749,smart_meter,send_encrypted_data,334360,0.367,7288.501,true,none,142
2025-12-10 08:05:44.750,smart_meter,send_encrypted_data,334128,0.390,6853.908,true,none,236
2025-12-10 08:05:44.750,smart_meter,send_encrypted_data,334337,2.914,917.878,true,none,331
2025-12-10 08:05:44.751,smart_meter,send_encrypted_data,333943,0.376,7105.170,true,none,139
2025-12-10 08:05:44.751,smart_meter,send_encrypted_data,334081,0.368,7262.630,true,none,303
2025-12-10 08:05:44.751,smart_meter,send_encrypted_data,334116,0.407,6567.391,true,none,201
2025-12-10 08:05:44.752,smart_meter,send_encrypted_data,334480,0.362,7391.823,true,none,83
2025-12-10 08:05:44.752,smart_meter,send_encrypted_data,334261,11.986,223.101,true,none,59
2025-12-10 08:05:44.752,smart_meter,send_encrypted_data,334340,0.396,6754.343,true,none,275
2025-12-10 08:05:44.753,smart_meter,send_encrypted_data,334381,0.338,7914.343,true,none,378
2025-12-10 08:05:44.754,smart_meter,send_encrypted_data,334303,5.530,483.621,true,none,54
2025-12-10 08:05:44.754,smart_meter,send_encrypted_data,334508,7.164,373.543,true,none,391
2025-12-10 08:05:44.754,smart_meter,send_encrypted_data,334356,0.366,7308.328,true,none,44
2025-12-10 08:05:44.754,smart_meter,send_encrypted_data,333368,0.362,7367.249,true,none,33
2025-12-10 08:05:44.754,smart_meter,send_encrypted_data,334074,0.386,6923.813,true,none,215
2025-12-10 08:05:44.755,smart_meter,send_encrypted_data,334259,0.349,7662.097,true,none,124
2025-12-10 08:05:44.755,smart_meter,send_encrypted_data,334379,0.381,7021.081,true,none,144
2025-12-10 08:05:44.756,smart_meter,send_encrypted_data,334401,0.356,7514.629,true,none,177
2025-12-10 08:05:44.756,smart_meter,send_encrypted_data,334160,10.461,255.547,true,none,395
2025-12-10 08:05:44.757,smart_meter,send_encrypted_data,334204,0.367,7285.101,true,none,148
2025-12-10 08:05:44.757,smart_meter,send_encrypted_data,334302,0.388,6892.825,true,none,151
2025-12-10 08:05:44.758,smart_meter,send_encrypted_data,334250,8.250,324.121,true,none,183
2025-12-10 08:05:44.758,smart_meter,send_encrypted_data,334165,6.639,402.669,true,none,370
2025-12-10 08:05:44.758,smart_meter,send_encrypted_data,334383,0.363,7369.322,true,none,68
2025-12-10 08:05:44.758,smart_meter,send_encrypted_data,334315,7.263,368.239,true,none,414
2025-12-10 08:05:44.759,smart_meter,send_encrypted_data,334190,0.381,7017.113,true,none,192
2025-12-10 08:05:44.759,smart_meter,send_encrypted_data,334055,7.025,380.419,true,none,397
2025-12-10 08:05:44.759,smart_meter,send_encrypted_data,334163,8.270,323.253,true,none,265
2025-12-10 08:05:44.753,smart_meter,send_encrypted_data,334417,4.783,559.343,true,none,382
2025-12-10 08:05:44.759,smart_meter,send_encrypted_data,334076,0.349,7657.903,true,none,37
2025-12-10 08:05:44.759,smart_meter,send_encrypted_data,334313,0.373,7170.252,true,none,446
2025-12-10 08:05:44.760,smart_meter,send_encrypted_data,334306,8.824,303.088,true,none,85
2025-12-10 08:05:44.760,smart_meter,send_encrypted_data,333806,0.345,7740.429,true,none,125
2025-12-10 08:05:44.760,smart_meter,send_encrypted_data,334488,0.380,7041.853,true,none,134
2025-12-10 08:05:44.761,smart_meter,send_encrypted_data,334165,0.423,6319.905,true,none,224
2025-12-10 08:05:44.762,smart_meter,send_encrypted_data,334152,7.226,369.944,true,none,441
2025-12-10 08:05:44.762,smart_meter,send_encrypted_data,334011,0.370,7221.859,true,none,72
2025-12-10 08:05:44.762,smart_meter,send_encrypted_data,334351,11.724,228.148,true,none,75
2025-12-10 08:05:44.760,smart_meter,send_encrypted_data,334169,8.396,318.408,true,none,411
2025-12-10 08:05:44.762,smart_meter,send_encrypted_data,334386,0.372,7191.097,true,none,403
2025-12-10 08:05:44.763,smart_meter,send_encrypted_data,334358,0.347,7708.542,true,none,115
2025-12-10 08:05:44.763,smart_meter,send_encrypted_data,334363,0.358,7471.799,true,none,416
2025-12-10 08:05:44.763,smart_meter,send_encrypted_data,334408,0.385,6948.738,true,none,143
2025-12-10 08:05:44.764,smart_meter,send_encrypted_data,334510,0.356,7517.079,true,none,14
2025-12-10 08:05:44.764,smart_meter,send_encrypted_data,334049,0.381,7014.152,true,none,34
2025-12-10 08:05:44.764,smart_meter,send_encrypted_data,334210,0.357,7489.300,true,none,272
2025-12-10 08:05:44.765,smart_meter,send_encrypted_data,334168,0.362,7384.928,true,none,113
2025-12-10 08:05:44.765,smart_meter,send_encrypted_data,334378,7.520,355.721,true,none,212
2025-12-10 08:05:44.765,smart_meter,send_encrypted_data,334350,0.340,7867.059,true,none,48
2025-12-10 08:05:44.765,smart_meter,send_encrypted_data,334400,0.375,7133.867,true,none,218
2025-12-10 08:05:44.766,smart_meter,send_encrypted_data,334306,0.347,7707.343,true,none,2
2025-12-10 08:05:44.766,smart_meter,send_encrypted_data,334081,5.814,459.692,true,none,255
2025-12-10 08:05:44.766,smart_meter,send_encrypted_data,334521,0.361,7413.208,true,none,205
2025-12-10 08:05:44.767,smart_meter,send_encrypted_data,334089,0.364,7342.615,true,none,380
2025-12-10 08:05:44.767,smart_meter,send_encrypted_data,334288,0.357,7491.048,true,none,141
2025-12-10 08:05:44.767,smart_meter,send_encrypted_data,334336,0.362,7388.641,true,none,194
2025-12-10 08:05:44.767,smart_meter,send_encrypted_data,334350,0.381,7020.472,true,none,282
2025-12-10 08:05:44.767,smart_meter,send_encrypted_data,334431,0.429,6236.476,true,none,454
2025-12-10 08:05:44.768,smart_meter,send_encrypted_data,333966,0.346,7721.757,true,none,3
2025-12-10 08:05:44.768,smart_meter,send_encrypted_data,333288,0.355,7510.715,true,none,329
2025-12-10 08:05:44.769,smart_meter,send_encrypted_data,334391,0.350,7643.223,true,none,36
2025-12-10 08:05:44.769,smart_meter,send_encrypted_data,334211,0.392,6820.633,true,none,199
2025-12-10 08:05:44.769,smart_meter,send_encrypted_data,334169,0.396,6750.889,true,none,283
2025-12-10 08:05:44.769,smart_meter,send_encrypted_data,334155,0.375,7128.640,true,none,42
2025-12-10 08:05:44.770,smart_meter,send_encrypted_data,333316,0.355,7511.346,true,none,138
2025-12-10 08:05:44.770,smart_meter,send_encrypted_data,334407,0.402,6654.866,true,none,357
2025-12-10 08:05:44.770,smart_meter,send_encrypted_data,334460,0.386,6931.813,true,none,247
2025-12-10 08:05:44.770,smart_meter,send_encrypted_data,334094,0.388,6888.536,true,none,98
2025-12-10 08:05:44.771,smart_meter,send_encrypted_data,334334,0.358,7471.151,true,none,88
2025-12-10 08:05:44.771,smart_meter,send_encrypted_data,334120,0.352,7593.636,true,none,136
2025-12-10 08:05:44.771,smart_meter,send_encrypted_data,334165,0.391,6837.136,true,none,43
2025-12-10 08:05:44.771,smart_meter,send_encrypted_data,334372,0.436,6135.266,true,none,340
2025-12-10 08:05:44.772,smart_meter,send_encrypted_data,334015,0.378,7069.101,true,none,332
2025-12-10 08:05:44.773,smart_meter,send_encrypted_data,333353,0.400,6667.060,true,none,327
2025-12-10 08:05:44.773,smart_meter,send_encrypted_data,334335,0.412,6491.942,true,none,104
2025-12-10 08:05:44.773,smart_meter,send_encrypted_data,333291,0.348,7661.862,true,none,77
2025-12-10 08:05:44.773,smart_meter,send_encrypted_data,334365,0.399,6704.060,true,none,408
2025-12-10 08:05:44.774,smart_meter,send_encrypted_data,334347,0.404,6620.733,true,none,262
2025-12-10 08:05:44.774,smart_meter,send_encrypted_data,334068,0.408,6550.353,true,none,228
2025-12-10 08:05:44.775,smart_meter,send_encrypted_data,334222,0.346,7727.676,true,none,119
2025-12-10 08:05:44.775,smart_meter,send_encrypted_data,334378,0.346,7731.283,true,none,32
2025-12-10 08:05:44.775,smart_meter,send_encrypted_data,333878,0.368,7258.217,true,none,80
2025-12-10 08:05:44.775,smart_meter,send_encrypted_data,334153,0.369,7244.509,true,none,157
2025-12-10 08:05:44.775,smart_meter,send_encrypted_data,334353,0.419,6383.828,true,none,186
2025-12-10 08:05:44.776,smart_meter,send_encrypted_data,334388,6.619,404.155,true,none,204
2025-12-10 08:05:44.777,smart_meter,send_encrypted_data,334050,0.356,7506.742,true,none,90
2025-12-10 08:05:44.777,smart_meter,send_encrypted_data,334161,0.380,7034.968,true,none,301
2025-12-10 08:05:44.777,smart_meter,send_encrypted_data,333999,0.349,7656.138,true,none,300
2025-12-10 08:05:44.777,smart_meter,send_encrypted_data,334278,0.410,6522.498,true,none,419
2025-12-10 08:05:44.778,smart_meter,send_encrypted_data,334046,41.687,64.106,true,none,335
2025-12-10 08:05:44.778,smart_meter,send_encrypted_data,334241,0.355,7532.192,true,none,114
2025-12-10 08:05:44.778,smart_meter,send_encrypted_data,334381,0.387,6912.269,true,none,270
2025-12-10 08:05:44.779,smart_meter,send_encrypted_data,334434,0.347,7710.294,true,none,436
2025-12-10 08:05:44.779,smart_meter,send_encrypted_data,334308,0.395,6770.795,true,none,147
2025-12-10 08:05:44.779,smart_meter,send_encrypted_data,334466,0.393,6808.468,true,none,268
2025-12-10 08:05:44.780,smart_meter,send_encrypted_data,334087,0.350,7636.274,true,none,242
2025-12-10 08:05:44.780,smart_meter,send_encrypted_data,334120,0.346,7725.318,true,none,31
2025-12-10 08:05:44.780,smart_meter,send_encrypted_data,334262,0.367,7286.365,true,none,347
2025-12-10 08:05:44.780,smart_meter,send_encrypted_data,334524,21.917,122.106,true,none,57
2025-12-10 08:05:44.780,smart_meter,send_encrypted_data,334078,0.386,6923.896,true,none,166
2025-12-10 08:05:44.781,smart_meter,send_encrypted_data,334275,0.358,7469.832,true,none,427
2025-12-10 08:05:44.781,smart_meter,send_encrypted_data,334199,8.236,324.623,true,none,73
2025-12-10 08:05:44.781,smart_meter,send_encrypted_data,334341,10.869,246.088,true,none,425
2025-12-10 08:05:44.781,smart_meter,send_encrypted_data,334363,0.394,6789.096,true,none,29
2025-12-10 08:05:44.782,smart_meter,send_encrypted_data,334179,30.574,87.441,true,none,70
2025-12-10 08:05:44.779,smart_meter,send_encrypted_data,334266,10.891,245.536,true,none,106
2025-12-10 08:05:44.782,smart_meter,send_encrypted_data,334394,0.364,7349.319,true,none,187
2025-12-10 08:05:44.782,smart_meter,send_encrypted_data,334495,0.430,6223.163,true,none,399
2025-12-10 08:05:44.783,smart_meter,send_encrypted_data,334019,0.366,7300.962,true,none,287
2025-12-10 08:05:44.783,smart_meter,send_encrypted_data,334316,0.375,7132.075,true,none,173
2025-12-10 08:05:44.783,smart_meter,send_encrypted_data,334134,14.426,185.295,true,none,110
2025-12-10 08:05:44.774,smart_meter,send_encrypted_data,334403,9.109,293.690,true,none,78
2025-12-10 08:05:44.784,smart_meter,send_encrypted_data,334166,0.356,7509.348,true,none,28
2025-12-10 08:05:44.784,smart_meter,send_encrypted_data,334441,12.618,212.041,true,none,165
2025-12-10 08:05:44.784,smart_meter,send_encrypted_data,334527,44.069,60.728,true,none,221
2025-12-10 08:05:44.785,smart_meter,send_encrypted_data,334352,0.358,7471.553,true,none,198
2025-12-10 08:05:44.785,smart_meter,send_encrypted_data,334357,0.377,7095.109,true,none,93
2025-12-10 08:05:44.785,smart_meter,send_encrypted_data,334246,27.465,97.359,true,none,372
2025-12-10 08:05:44.785,smart_meter,send_encrypted_data,334417,12.236,218.645,true,none,240
2025-12-10 08:05:44.785,smart_meter,send_encrypted_data,334450,0.383,6985.901,true,none,18
2025-12-10 08:05:44.781,smart_meter,send_encrypted_data,334245,11.939,223.969,true,none,288
2025-12-10 08:05:44.786,smart_meter,send_encrypted_data,334314,0.355,7533.837,true,none,67
2025-12-10 08:05:44.786,smart_meter,send_encrypted_data,334497,0.371,7212.873,true,none,318
2025-12-10 08:05:44.786,smart_meter,send_encrypted_data,334451,0.371,7211.881,true,none,91
2025-12-10 08:05:44.787,smart_meter,send_encrypted_data,334458,0.354,7558.373,true,none,433
2025-12-10 08:05:44.787,smart_meter,send_encrypted_data,334027,0.365,7321.140,true,none,5
2025-12-10 08:05:44.788,smart_meter,send_encrypted_data,334067,0.410,6518.380,true,none,365
2025-12-10 08:05:44.788,smart_meter,send_encrypted_data,334314,6.022,444.124,true,none,97
2025-12-10 08:05:44.788,smart_meter,send_encrypted_data,334505,0.437,6123.661,true,none,6
2025-12-10 08:05:44.788,smart_meter,send_encrypted_data,334292,9.999,267.460,true,none,9
2025-12-10 08:05:44.788,smart_meter,send_encrypted_data,334173,0.379,7053.784,true,none,293
2025-12-10 08:05:44.789,smart_meter,send_encrypted_data,333960,0.366,7299.672,true,none,222
2025-12-10 08:05:44.789,smart_meter,send_encrypted_data,334471,0.361,7412.100,true,none,401
2025-12-10 08:05:44.789,smart_meter,send_encrypted_data,334508,0.360,7433.511,true,none,234
2025-12-10 08:05:44.790,smart_meter,send_encrypted_data,334468,10.393,257.456,true,none,413
2025-12-10 08:05:44.790,smart_meter,send_encrypted_data,334187,0.365,7324.647,true,none,117
2025-12-10 08:05:44.791,smart_meter,send_encrypted_data,333345,0.470,5673.957,true,none,45
2025-12-10 08:05:44.791,smart_meter,send_encrypted_data,334143,0.375,7128.384,true,none,153
2025-12-10 08:05:44.792,smart_meter,send_encrypted_data,334161,0.341,7839.554,true,none,65
2025-12-10 08:05:44.792,smart_meter,send_encrypted_data,334131,0.382,6997.508,true,none,101
2025-12-10 08:05:44.792,smart_meter,send_encrypted_data,334387,0.395,6772.395,true,none,86
2025-12-10 08:05:44.793,smart_meter,send_encrypted_data,334180,26.724,100.039,true,none,96
2025-12-10 08:05:44.793,smart_meter,send_encrypted_data,334398,0.373,7172.075,true,none,26
2025-12-10 08:05:44.793,smart_meter,send_encrypted_data,334406,0.376,7115.021,true,none,263
2025-12-10 08:05:44.794,smart_meter,send_encrypted_data,334447,0.406,6590.089,true,none,420
2025-12-10 08:05:44.794,smart_meter,send_encrypted_data,334303,0.429,6234.089,true,none,62
2025-12-10 08:05:44.794,smart_meter,send_encrypted_data,334388,0.375,7133.611,true,none,131
2025-12-10 08:05:44.795,smart_meter,send_encrypted_data,334129,11.587,230.692,true,none,58
2025-12-10 08:05:44.795,smart_meter,send_encrypted_data,333981,0.380,7031.179,true,none,330
2025-12-10 08:05:44.795,smart_meter,send_encrypted_data,334334,40.597,65.883,true,none,193
2025-12-10 08:05:44.796,smart_meter,send_encrypted_data,334285,0.374,7150.481,true,none,53
2025-12-10 08:05:44.796,smart_meter,send_encrypted_data,334426,0.353,7579.059,true,none,368
2025-12-10 08:05:44.796,smart_meter,send_encrypted_data,334450,0.365,7330.411,true,none,258
2025-12-10 08:05:44.787,smart_meter,send_encrypted_data,334164,6.502,411.152,true,none,238
2025-12-10 08:05:44.796,smart_meter,send_encrypted_data,334323,0.371,7209.121,true,none,351
2025-12-10 08:05:44.797,smart_meter,send_encrypted_data,334120,0.338,7908.166,true,none,66
2025-12-10 08:05:44.795,smart_meter,send_encrypted_data,334485,13.261,201.786,true,none,394
2025-12-10 08:05:44.798,smart_meter,send_encrypted_data,334421,0.381,7021.963,true,none,431
2025-12-10 08:05:44.798,smart_meter,send_encrypted_data,334353,0.355,7534.715,true,none,121
2025-12-10 08:05:44.798,smart_meter,send_encrypted_data,334375,48.529,55.122,true,none,118
2025-12-10 08:05:44.791,smart_meter,send_encrypted_data,334362,7.978,335.284,true,none,309
2025-12-10 08:05:44.799,smart_meter,send_encrypted_data,334500,0.348,7689.655,true,none,298
2025-12-10 08:05:44.799,smart_meter,send_encrypted_data,334206,5.192,514.955,true,none,379
2025-12-10 08:05:44.800,smart_meter,send_encrypted_data,334334,0.345,7752.672,true,none,160
2025-12-10 08:05:44.800,smart_meter,send_encrypted_data,334321,0.365,7327.584,true,none,418
2025-12-10 08:05:44.800,smart_meter,send_encrypted_data,334220,0.374,7149.091,true,none,178
2025-12-10 08:05:44.800,smart_meter,send_encrypted_data,334447,0.367,7290.398,true,none,182
2025-12-10 08:05:44.801,smart_meter,send_encrypted_data,334351,0.402,6653.751,true,none,381
2025-12-10 08:05:44.801,smart_meter,send_encrypted_data,334229,0.386,6927.026,true,none,168
2025-12-10 08:05:44.801,smart_meter,send_encrypted_data,334205,0.420,6365.810,true,none,8
2025-12-10 08:05:44.801,smart_meter,send_encrypted_data,334489,47.448,56.397,true,none,336
2025-12-10 08:05:44.801,smart_meter,send_encrypted_data,334350,6.378,419.379,true,none,456
2025-12-10 08:05:44.802,smart_meter,send_encrypted_data,334453,2.295,1165.849,true,none,453
2025-12-10 08:05:44.802,smart_meter,send_encrypted_data,334233,0.426,6276.676,true,none,449
2025-12-10 08:05:44.791,smart_meter,send_encrypted_data,334438,2.864,934.184,true,none,383
2025-12-10 08:05:44.802,smart_meter,send_encrypted_data,334501,29.417,90.968,true,none,392
2025-12-10 08:05:44.803,smart_meter,send_encrypted_data,334424,0.358,7473.162,true,none,358
2025-12-10 08:05:44.803,smart_meter,send_encrypted_data,334378,0.352,7599.500,true,none,377
2025-12-10 08:05:44.803,smart_meter,send_encrypted_data,334557,0.395,6775.838,true,none,280
2025-12-10 08:05:44.804,smart_meter,send_encrypted_data,334447,16.645,160.744,true,none,225
2025-12-10 08:05:44.804,smart_meter,send_encrypted_data,334419,0.376,7115.298,true,none,325
2025-12-10 08:05:44.804,smart_meter,send_encrypted_data,334412,0.418,6400.230,true,none,202
2025-12-10 08:05:44.804,smart_meter,send_encrypted_data,334108,36.485,73.259,true,none,266
2025-12-10 08:05:44.805,smart_meter,send_encrypted_data,334417,19.772,135.309,true,none,176
2025-12-10 08:05:44.805,smart_meter,send_encrypted_data,334138,0.356,7508.719,true,none,71
2025-12-10 08:05:44.805,smart_meter,send_encrypted_data,334261,51.120,52.310,true,none,384
2025-12-10 08:05:44.806,smart_meter,send_encrypted_data,334106,0.372,7185.075,true,none,400
2025-12-10 08:05:44.806,smart_meter,send_encrypted_data,334464,0.387,6913.984,true,none,321
2025-12-10 08:05:44.806,smart_meter,send_encrypted_data,334429,0.393,6807.715,true,none,174
2025-12-10 08:05:44.807,smart_meter,send_encrypted_data,334066,0.356,7507.101,true,none,371
2025-12-10 08:05:44.807,smart_meter,send_encrypted_data,334353,26.087,102.535,true,none,25
2025-12-10 08:05:44.807,smart_meter,send_encrypted_data,334309,0.405,6603.635,true,none,286
2025-12-10 08:05:44.807,smart_meter,send_encrypted_data,334275,14.843,180.166,true,none,102
2025-12-10 08:05:44.810,smart_meter,send_encrypted_data,334379,0.377,7095.576,true,none,398
2025-12-10 08:05:44.810,smart_meter,send_encrypted_data,334097,0.334,8002.323,true,none,163
2025-12-10 08:05:44.810,smart_meter,send_encrypted_data,334201,0.412,6489.340,true,none,369
2025-12-10 08:05:44.811,smart_meter,send_encrypted_data,334419,0.392,6824.878,true,none,89
2025-12-10 08:05:44.811,smart_meter,send_encrypted_data,334382,0.391,6841.575,true,none,444
2025-12-10 08:05:44.807,smart_meter,send_encrypted_data,334064,10.293,259.644,true,none,244
2025-12-10 08:05:44.812,smart_meter,send_encrypted_data,334208,6.431,415.746,true,none,185
2025-12-10 08:05:44.812,smart_meter,send_encrypted_data,334444,0.360,7432.089,true,none,116
2025-12-10 08:05:44.803,smart_meter,send_encrypted_data,333292,8.971,297.217,true,none,428
2025-12-10 08:05:44.812,smart_meter,send_encrypted_data,334275,0.443,6036.569,true,none,203
2025-12-10 08:05:44.813,smart_meter,send_encrypted_data,334462,0.402,6655.960,true,none,344
2025-12-10 08:05:44.728,smart_meter,send_encrypted_data,334388,8.983,297.796,true,none,220
2025-12-10 08:05:44.814,smart_meter,send_encrypted_data,334095,0.340,7861.059,true,none,27
2025-12-10 08:05:44.814,smart_meter,send_encrypted_data,334074,0.345,7746.643,true,none,360
2025-12-10 08:05:44.806,smart_meter,send_encrypted_data,334484,7.776,344.119,true,none,455
2025-12-10 08:05:44.815,smart_meter,send_encrypted_data,334423,0.375,7134.357,true,none,126
2025-12-10 08:05:44.815,smart_meter,send_encrypted_data,334340,37.050,72.192,true,none,181
2025-12-10 08:05:44.815,smart_meter,send_encrypted_data,334374,0.365,7328.745,true,none,274
2025-12-10 08:05:44.816,smart_meter,send_encrypted_data,334345,0.369,7248.672,true,none,235
2025-12-10 08:05:44.816,smart_meter,send_encrypted_data,334225,74.157,36.056,true,none,434
2025-12-10 08:05:44.816,smart_meter,send_encrypted_data,334151,70.461,37.939,true,none,423
2025-12-10 08:05:44.816,smart_meter,send_encrypted_data,334367,70.496,37.945,true,none,410
2025-12-10 08:05:44.817,smart_meter,send_encrypted_data,334395,29.316,91.253,true,none,111
2025-12-10 08:05:44.817,smart_meter,send_encrypted_data,334111,0.353,7571.921,true,none,429
2025-12-10 08:05:44.817,smart_meter,send_encrypted_data,334083,26.886,99.407,true,none,250
2025-12-10 08:05:44.817,smart_meter,send_encrypted_data,334304,13.563,197.186,true,none,169
2025-12-10 08:05:44.818,smart_meter,send_encrypted_data,334358,12.789,209.153,true,none,426
2025-12-10 08:05:44.818,smart_meter,send_encrypted_data,334508,0.401,6673.476,true,none,52
2025-12-10 08:05:44.818,smart_meter,send_encrypted_data,334250,16.667,160.437,true,none,299
2025-12-10 08:05:44.819,smart_meter,send_encrypted_data,334392,55.983,47.785,true,none,180
2025-12-10 08:05:44.819,smart_meter,send_encrypted_data,334493,0.353,7580.578,true,none,107
2025-12-10 08:05:44.819,smart_meter,send_encrypted_data,334513,54.844,48.795,true,none,387
2025-12-10 08:05:44.819,smart_meter,send_encrypted_data,334368,0.367,7288.676,true,none,7
2025-12-10 08:05:44.820,smart_meter,send_encrypted_data,334408,28.592,93.567,true,none,132
2025-12-10 08:05:44.820,smart_meter,send_encrypted_data,334121,0.366,7303.191,true,none,233
2025-12-10 08:05:44.790,smart_meter,send_encrypted_data,333364,42.996,62.027,true,none,249
2025-12-10 08:05:44.821,smart_meter,send_encrypted_data,333737,12.953,206.122,true,none,161
2025-12-10 08:05:44.821,smart_meter,send_encrypted_data,334373,0.396,6755.010,true,none,162
2025-12-10 08:05:44.821,smart_meter,send_encrypted_data,334390,0.368,7269.348,true,none,19
2025-12-10 08:05:44.822,smart_meter,send_encrypted_data,333794,0.358,7459.084,true,none,223
2025-12-10 08:05:44.822,smart_meter,send_encrypted_data,334087,0.385,6942.068,true,none,232
2025-12-10 08:05:44.822,smart_meter,send_encrypted_data,334313,0.414,6460.155,true,none,189
2025-12-10 08:05:44.822,smart_meter,send_encrypted_data,334327,50.021,53.470,true,none,445
2025-12-10 08:05:44.822,smart_meter,send_encrypted_data,334312,25.385,105.357,true,none,135
2025-12-10 08:05:44.822,smart_meter,send_encrypted_data,334409,0.412,6493.379,true,none,289
2025-12-10 08:05:44.821,smart_meter,send_encrypted_data,334298,12.263,218.086,true,none,226
2025-12-10 08:05:44.823,smart_meter,send_encrypted_data,333380,0.741,3599.244,true,none,339
2025-12-10 08:05:44.823,smart_meter,send_encrypted_data,334421,0.380,7040.442,true,none,316
2025-12-10 08:05:44.823,smart_meter,send_encrypted_data,334215,13.409,199.397,true,none,256
2025-12-10 08:05:44.824,smart_meter,send_encrypted_data,334369,35.788,74.744,true,none,260
2025-12-10 08:05:44.824,smart_meter,send_encrypted_data,334110,0.371,7204.528,true,none,269
2025-12-10 08:05:44.824,smart_meter,send_encrypted_data,334428,0.364,7350.066,true,none,248
2025-12-10 08:05:44.824,smart_meter,send_encrypted_data,334460,69.010,38.772,true,none,312
2025-12-10 08:05:44.824,smart_meter,send_encrypted_data,334469,0.375,7135.339,true,none,415
2025-12-10 08:05:44.825,smart_meter,send_encrypted_data,334246,0.348,7683.816,true,none,60
2025-12-10 08:05:44.798,smart_meter,send_encrypted_data,334401,34.103,78.445,true,none,195
2025-12-10 08:05:44.825,smart_meter,send_encrypted_data,334241,0.389,6873.851,true,none,276
2025-12-10 08:05:44.825,smart_meter,send_encrypted_data,334313,25.533,104.747,true,none,184
2025-12-10 08:05:44.826,smart_meter,send_encrypted_data,334167,0.362,7384.906,true,none,460
2025-12-10 08:05:44.826,smart_meter,send_encrypted_data,334374,6.931,385.946,true,none,137
2025-12-10 08:05:44.826,smart_meter,send_encrypted_data,334388,0.382,7002.890,true,none,251
2025-12-10 08:05:44.827,smart_meter,send_encrypted_data,334469,0.360,7432.644,true,none,206
2025-12-10 08:05:44.827,smart_meter,send_encrypted_data,334066,0.343,7791.627,true,none,364
2025-12-10 08:05:44.827,smart_meter,send_encrypted_data,334348,8.272,323.354,true,none,122
2025-12-10 08:05:44.827,smart_meter,send_encrypted_data,334327,9.161,291.957,true,none,152
2025-12-10 08:05:44.828,smart_meter,send_encrypted_data,334068,6.902,387.213,true,none,264
2025-12-10 08:05:44.828,smart_meter,send_encrypted_data,334320,0.395,6771.038,true,none,170
2025-12-10 08:05:44.828,smart_meter,send_encrypted_data,334410,33.430,80.026,true,none,219
2025-12-10 08:05:44.828,smart_meter,send_encrypted_data,334153,28.465,93.913,true,none,261
2025-12-10 08:05:44.829,smart_meter,send_encrypted_data,334388,34.796,76.880,true,none,273
2025-12-10 08:05:44.829,smart_meter,send_encrypted_data,334184,30.263,88.341,true,none,422
2025-12-10 08:05:44.829,smart_meter,send_encrypted_data,334360,0.355,7534.873,true,none,367
2025-12-10 08:05:44.829,smart_meter,send_encrypted_data,334409,27.351,97.813,true,none,407
2025-12-10 08:05:44.790,smart_meter,send_encrypted_data,334110,0.369,7243.577,true,none,172
2025-12-10 08:05:44.830,smart_meter,send_encrypted_data,334127,0.372,7185.527,true,none,50
2025-12-10 08:05:44.830,smart_meter,send_encrypted_data,334128,48.623,54.974,true,none,390
2025-12-10 08:05:44.831,smart_meter,send_encrypted_data,334105,18.715,142.818,true,none,319
2025-12-10 08:05:44.831,smart_meter,send_encrypted_data,334421,0.369,7250.320,true,none,348
2025-12-10 08:05:44.831,smart_meter,send_encrypted_data,334528,24.175,110.702,true,none,405
2025-12-10 08:05:44.831,smart_meter,send_encrypted_data,334375,33.326,80.268,true,none,17
2025-12-10 08:05:44.832,smart_meter,send_encrypted_data,334125,0.370,7224.324,true,none,442
2025-12-10 08:05:44.832,smart_meter,send_encrypted_data,334319,24.470,109.299,true,none,252
2025-12-10 08:05:44.833,smart_meter,send_encrypted_data,334341,0.358,7471.307,true,none,188
2025-12-10 08:05:44.833,smart_meter,send_encrypted_data,334169,0.361,7405.407,true,none,457
2025-12-10 08:05:44.833,smart_meter,send_encrypted_data,333355,23.839,111.869,true,none,35
2025-12-10 08:05:44.834,smart_meter,send_encrypted_data,334113,0.348,7680.759,true,none,308
2025-12-10 08:05:44.834,smart_meter,send_encrypted_data,334300,0.377,7093.899,true,none,373
2025-12-10 08:05:44.835,smart_meter,send_encrypted_data,334146,1.525,1752.897,true,none,464
2025-12-10 08:05:44.835,smart_meter,send_encrypted_data,334228,0.378,7073.608,true,none,149
2025-12-10 08:05:44.836,smart_meter,send_encrypted_data,334130,0.466,5736.137,true,none,291
2025-12-10 08:05:44.836,smart_meter,send_encrypted_data,334269,0.374,7150.139,true,none,341
2025-12-10 08:05:44.837,smart_meter,send_encrypted_data,334385,0.566,4726.290,true,none,458
2025-12-10 08:05:44.837,smart_meter,send_encrypted_data,334354,15.605,171.409,true,none,284
2025-12-10 08:05:44.837,smart_meter,send_encrypted_data,334312,24.788,107.895,true,none,349
2025-12-10 08:05:44.837,smart_meter,send_encrypted_data,334369,26.342,101.547,true,none,337
2025-12-10 08:05:44.838,smart_meter,send_encrypted_data,334274,0.357,7490.734,true,none,140
2025-12-10 08:05:44.838,smart_meter,send_encrypted_data,334481,16.897,158.362,true,none,363
2025-12-10 08:05:44.838,smart_meter,send_encrypted_data,334360,18.492,144.651,true,none,10
2025-12-10 08:05:44.838,smart_meter,send_encrypted_data,334428,0.363,7370.314,true,none,435
2025-12-10 08:05:44.840,smart_meter,send_encrypted_data,334239,0.370,7226.789,true,none,412
2025-12-10 08:05:44.841,smart_meter,send_encrypted_data,334415,0.378,7077.566,true,none,324
2025-12-10 08:05:44.842,smart_meter,send_encrypted_data,334149,0.373,7166.735,true,none,459
2025-12-10 08:05:44.842,smart_meter,send_encrypted_data,334374,0.621,4307.556,true,none,315
2025-12-10 08:05:44.844,smart_meter,send_encrypted_data,334312,0.378,7075.386,true,none,443
2025-12-10 08:05:44.844,smart_meter,send_encrypted_data,334238,0.369,7246.352,true,none,366
2025-12-10 08:05:44.844,smart_meter,send_encrypted_data,334133,0.794,3366.579,true,none,473
2025-12-10 08:05:44.845,smart_meter,send_encrypted_data,334049,38.726,69.008,true,none,79
2025-12-10 08:05:44.845,smart_meter,send_encrypted_data,334241,0.355,7532.192,true,none,326
2025-12-10 08:05:44.845,smart_meter,send_encrypted_data,334432,27.019,99.021,true,none,311
2025-12-10 08:05:44.845,smart_meter,send_encrypted_data,334465,23.470,114.006,true,none,92
2025-12-10 08:05:44.848,smart_meter,send_encrypted_data,334382,0.343,7798.997,true,none,253
2025-12-10 08:05:44.849,smart_meter,send_encrypted_data,334435,0.347,7710.317,true,none,396
2025-12-10 08:05:44.848,smart_meter,send_encrypted_data,334371,8.442,316.864,true,none,290
2025-12-10 08:05:44.850,smart_meter,send_encrypted_data,334152,12.675,210.905,true,none,314
2025-12-10 08:05:44.850,smart_meter,send_encrypted_data,334308,35.826,74.651,true,none,296
2025-12-10 08:05:44.850,smart_meter,send_encrypted_data,334325,0.715,3740.699,true,none,487
2025-12-10 08:05:44.851,smart_meter,send_encrypted_data,334164,0.341,7839.625,true,none,362
2025-12-10 08:05:44.820,smart_meter,send_encrypted_data,334435,0.368,7270.326,true,none,375
2025-12-10 08:05:44.851,smart_meter,send_encrypted_data,334166,0.414,6457.314,true,none,355
2025-12-10 08:05:44.852,smart_meter,send_encrypted_data,334114,0.895,2986.494,true,none,485
2025-12-10 08:05:44.852,smart_meter,send_encrypted_data,334407,4.597,581.957,true,none,497
2025-12-10 08:05:44.728,smart_meter,send_encrypted_data,334371,0.390,6858.892,true,none,196
2025-12-10 08:05:44.854,smart_meter,send_encrypted_data,334502,0.376,7117.064,true,none,323
2025-12-10 08:05:44.855,smart_meter,send_encrypted_data,334179,57.327,46.635,true,none,217
2025-12-10 08:05:44.729,smart_meter,send_encrypted_data,334374,0.362,7389.481,true,none,245
2025-12-10 08:05:44.856,smart_meter,send_encrypted_data,334465,1.915,1397.243,true,none,498
2025-12-10 08:05:44.857,smart_meter,send_encrypted_data,334430,0.766,3492.742,true,none,466
2025-12-10 08:05:44.857,smart_meter,send_encrypted_data,334379,2.772,965.019,true,none,492
2025-12-10 08:05:44.857,smart_meter,send_encrypted_data,334401,0.753,3552.733,true,none,470
2025-12-10 08:05:44.857,smart_meter,send_encrypted_data,334323,0.456,5865.316,true,none,353
2025-12-10 08:05:44.858,smart_meter,send_encrypted_data,334219,0.377,7092.180,true,none,297
2025-12-10 08:05:44.858,smart_meter,send_encrypted_data,334461,0.353,7579.853,true,none,447
2025-12-10 08:05:44.861,smart_meter,send_encrypted_data,334201,0.790,3384.314,true,none,472
2025-12-10 08:05:44.863,smart_meter,send_encrypted_data,334026,2.331,1146.378,true,none,482
2025-12-10 08:05:44.865,smart_meter,send_encrypted_data,334247,0.791,3380.501,true,none,481
2025-12-10 08:05:44.866,smart_meter,send_encrypted_data,334455,3.038,880.724,true,none,491
2025-12-10 08:05:44.867,smart_meter,send_encrypted_data,334292,1.663,1608.140,true,none,484
2025-12-10 08:05:44.816,smart_meter,send_encrypted_data,334446,0.702,3811.350,true,none,471
2025-12-10 08:05:44.867,smart_meter,send_encrypted_data,334164,1.166,2292.720,true,none,477
2025-12-10 08:05:44.867,smart_meter,send_encrypted_data,333359,14.810,180.072,true,none,486
2025-12-10 08:05:44.868,smart_meter,send_encrypted_data,334331,0.806,3318.422,true,none,499
2025-12-10 08:05:44.869,smart_meter,send_encrypted_data,334184,9.751,274.174,true,none,334
2025-12-10 08:05:44.867,smart_meter,send_encrypted_data,333874,0.362,7378.431,true,none,241
2025-12-10 08:05:44.869,smart_meter,send_encrypted_data,334345,3.870,691.152,true,none,465
2025-12-10 08:05:44.729,smart_meter,send_encrypted_data,334409,0.376,7115.085,true,none,95
2025-12-10 08:05:44.871,smart_meter,send_encrypted_data,334316,0.334,8007.569,true,none,103
2025-12-10 08:05:44.872,smart_meter,send_encrypted_data,334415,0.344,7777.093,true,none,461
2025-12-10 08:05:44.872,smart_meter,send_encrypted_data,334347,1.878,1424.268,true,none,277
2025-12-10 08:05:44.807,smart_meter,send_encrypted_data,334465,11.102,241.012,true,none,424
2025-12-10 08:05:44.873,smart_meter,send_encrypted_data,334075,1.810,1476.575,true,none,190
2025-12-10 08:05:44.873,smart_meter,send_encrypted_data,334408,0.788,3395.005,true,none,467
2025-12-10 08:05:44.873,smart_meter,send_encrypted_data,334391,0.361,7410.327,true,none,292
2025-12-10 08:05:44.873,smart_meter,send_encrypted_data,334181,1.504,1777.559,true,none,440
2025-12-10 08:05:44.808,smart_meter,send_encrypted_data,334229,0.383,6981.285,true,none,417
2025-12-10 08:05:44.808,smart_meter,send_encrypted_data,333924,36.906,72.384,true,none,156
2025-12-10 08:05:44.808,smart_meter,send_encrypted_data,334384,31.121,85.957,true,none,246
2025-12-10 08:05:44.874,smart_meter,send_encrypted_data,334266,2.364,1131.188,true,none,376
2025-12-10 08:05:44.808,smart_meter,send_encrypted_data,334345,5.532,483.507,true,none,356
2025-12-10 08:05:44.875,smart_meter,send_encrypted_data,334367,0.870,3074.639,true,none,343
2025-12-10 08:05:44.808,smart_meter,send_encrypted_data,334520,0.408,6559.216,true,none,352
2025-12-10 08:05:44.809,smart_meter,send_encrypted_data,334152,21.455,124.596,true,none,306
2025-12-10 08:05:44.876,smart_meter,send_encrypted_data,334425,0.389,6877.635,true,none,128
2025-12-10 08:05:44.809,smart_meter,send_encrypted_data,334433,0.348,7688.115,true,none,438
2025-12-10 08:05:44.809,smart_meter,send_encrypted_data,334078,0.393,6800.570,true,none,214
2025-12-10 08:05:44.809,smart_meter,send_encrypted_data,334219,40.056,66.750,true,none,257
2025-12-10 08:05:44.810,smart_meter,send_encrypted_data,334226,0.341,7841.079,true,none,333
2025-12-10 08:05:44.880,smart_meter,send_encrypted_data,334028,0.484,5521.124,true,none,359
2025-12-10 08:05:44.883,smart_meter,send_encrypted_data,334495,0.467,5730.107,true,none,462
2025-12-10 08:05:44.886,smart_meter,send_encrypted_data,334406,0.679,3939.982,true,none,468
2025-12-10 08:05:44.888,smart_meter,send_encrypted_data,334109,0.344,7769.977,true,none,463
2025-12-10 08:05:44.888,smart_meter,send_encrypted_data,334393,0.354,7556.904,true,none,450
2025-12-10 08:05:44.891,smart_meter,send_encrypted_data,334275,3.194,837.257,true,none,451
2025-12-10 08:05:44.892,smart_meter,send_encrypted_data,334404,5.656,472.990,true,none,476
2025-12-10 08:05:44.893,smart_meter,send_encrypted_data,333382,0.387,6891.618,true,none,310
2025-12-10 08:05:44.893,smart_meter,send_encrypted_data,334335,0.702,3810.085,true,none,475
2025-12-10 08:05:44.893,smart_meter,send_encrypted_data,334158,2.723,981.735,true,none,494
2025-12-10 08:05:44.894,smart_meter,send_encrypted_data,334383,2.789,959.148,true,none,493
2025-12-10 08:05:44.894,smart_meter,send_encrypted_data,334263,1.132,2362.283,true,none,342
2025-12-10 08:05:44.894,smart_meter,send_encrypted_data,334500,0.880,3040.909,true,none,317
2025-12-10 08:05:44.895,smart_meter,send_encrypted_data,334311,0.710,3766.885,true,none,474
2025-12-10 08:05:44.899,smart_meter,send_encrypted_data,334366,0.570,4692.856,true,none,354
2025-12-10 08:05:44.900,smart_meter,send_encrypted_data,334141,0.902,2963.557,true,none,489
2025-12-10 08:05:44.902,smart_meter,send_encrypted_data,334039,0.701,3812.143,true,none,490
2025-12-10 08:05:44.904,smart_meter,send_encrypted_data,333344,0.821,3248.175,true,none,469
2025-12-10 08:05:44.906,smart_meter,send_encrypted_data,334089,8.749,305.488,true,none,495
2025-12-10 08:05:44.916,smart_meter,send_encrypted_data,334329,4.948,540.548,true,none,480
2025-12-10 08:05:44.917,smart_meter,send_encrypted_data,334480,0.618,4329.838,true,none,237
2025-12-10 08:05:44.919,smart_meter,send_encrypted_data,334379,1.893,1413.118,true,none,209
2025-12-10 08:05:44.921,smart_meter,send_encrypted_data,334168,0.407,6568.413,true,none,361
2025-12-10 08:05:44.923,smart_meter,send_encrypted_data,334080,0.302,8849.801,true,none,230
2025-12-10 08:05:44.925,smart_meter,send_encrypted_data,334426,0.329,8131.939,true,none,345
2025-12-10 08:05:44.926,smart_meter,send_encrypted_data,334057,0.344,7768.767,true,none,227
2025-12-10 08:05:44.928,smart_meter,send_encrypted_data,334550,1.607,1665.464,true,none,210
2025-12-10 08:05:44.931,smart_meter,send_encrypted_data,334359,0.766,3492.000,true,none,483
2025-12-10 08:05:44.932,smart_meter,send_encrypted_data,334048,1.276,2094.345,true,none,271
2025-12-10 08:05:44.934,smart_meter,send_encrypted_data,334294,0.772,3464.187,true,none,496
2025-12-10 08:05:44.935,smart_meter,send_encrypted_data,334308,0.304,8797.579,true,none,229
2025-12-10 08:05:44.938,smart_meter,send_encrypted_data,334412,0.339,7891.729,true,none,448
2025-12-10 08:05:44.944,smart_meter,send_encrypted_data,334330,0.474,5642.700,true,none,322
2025-12-10 08:05:44.945,smart_meter,send_encrypted_data,334315,1.421,1882.139,true,none,285
2025-12-10 08:05:44.947,smart_meter,send_encrypted_data,334271,1.418,1885.873,true,none,452
2025-12-10 08:05:44.947,smart_meter,send_encrypted_data,334326,0.370,7228.670,true,none,305
2025-12-10 08:05:44.949,smart_meter,send_encrypted_data,334355,0.363,7368.705,true,none,439
2025-12-10 08:05:44.949,smart_meter,send_encrypted_data,334474,4.423,604.972,true,none,99
2025-12-10 08:05:44.953,smart_meter,send_encrypted_data,334101,0.871,3068.666,true,none,488
2025-12-10 08:05:44.954,smart_meter,send_encrypted_data,334411,0.886,3019.512,true,none,478
2025-12-10 08:05:45.518,smart_meter,send_encrypted_data,334369,0.719,3720.378,true,none,500
2025-12-10 08:06:50.550,smart_meter,send_encrypted_data,334302,0.384,6964.625,true,none,32
2025-12-10 08:06:50.552,smart_meter,send_encrypted_data,334248,0.381,7018.331,true,none,57
2025-12-10 08:06:50.554,smart_meter,send_encrypted_data,334048,0.359,7443.967,true,none,41
2025-12-10 08:06:50.555,smart_meter,send_encrypted_data,334167,0.387,6907.845,true,none,93
2025-12-10 08:06:50.557,smart_meter,send_encrypted_data,334399,0.354,7557.040,true,none,34
2025-12-10 08:06:50.559,smart_meter,send_encrypted_data,334417,0.358,7473.006,true,none,246
2025-12-10 08:06:50.560,smart_meter,send_encrypted_data,334264,0.659,4057.833,true,none,6
2025-12-10 08:06:50.561,smart_meter,send_encrypted_data,334410,0.357,7493.782,true,none,83
2025-12-10 08:06:50.562,smart_meter,send_encrypted_data,334198,0.371,7206.426,true,none,72
2025-12-10 08:06:50.563,smart_meter,send_encrypted_data,334414,0.358,7472.939,true,none,73
2025-12-10 08:06:50.564,smart_meter,send_encrypted_data,334367,0.669,3998.410,true,none,36
2025-12-10 08:06:50.564,smart_meter,send_encrypted_data,333972,0.592,4513.135,true,none,29
2025-12-10 08:06:50.567,smart_meter,send_encrypted_data,333988,0.381,7012.871,true,none,224
2025-12-10 08:06:50.567,smart_meter,send_encrypted_data,334081,0.387,6906.067,true,none,187
2025-12-10 08:06:50.568,smart_meter,send_encrypted_data,334294,0.941,2842.032,true,none,104
2025-12-10 08:06:50.569,smart_meter,send_encrypted_data,334135,1.515,1764.409,true,none,5
2025-12-10 08:06:50.569,smart_meter,send_encrypted_data,334429,0.384,6967.271,true,none,65
2025-12-10 08:06:50.570,smart_meter,send_encrypted_data,334092,0.376,7108.340,true,none,260
2025-12-10 08:06:50.571,smart_meter,send_encrypted_data,334459,0.379,7059.821,true,none,436
2025-12-10 08:06:50.572,smart_meter,send_encrypted_data,334125,0.382,6997.382,true,none,80
2025-12-10 08:06:50.574,smart_meter,send_encrypted_data,334332,0.389,6875.722,true,none,268
2025-12-10 08:06:50.574,smart_meter,send_encrypted_data,333901,0.404,6611.901,true,none,418
2025-12-10 08:06:50.574,smart_meter,send_encrypted_data,333314,2.791,955.397,true,none,263
2025-12-10 08:06:50.574,smart_meter,send_encrypted_data,334296,0.413,6475.467,true,none,37
2025-12-10 08:06:50.574,smart_meter,send_encrypted_data,334145,0.394,6784.670,true,none,258
2025-12-10 08:06:50.574,smart_meter,send_encrypted_data,334407,0.400,6688.140,true,none,131
2025-12-10 08:06:50.575,smart_meter,send_encrypted_data,334381,0.390,6859.097,true,none,18
2025-12-10 08:06:50.575,smart_meter,send_encrypted_data,334473,0.390,6860.985,true,none,86
2025-12-10 08:06:50.575,smart_meter,send_encrypted_data,334182,1.690,1581.927,true,none,117
2025-12-10 08:06:50.576,smart_meter,send_encrypted_data,334242,0.378,7073.905,true,none,28
2025-12-10 08:06:50.577,smart_meter,send_encrypted_data,334111,0.358,7466.168,true,none,8
2025-12-10 08:06:50.577,smart_meter,send_encrypted_data,334331,0.364,7347.934,true,none,394
2025-12-10 08:06:50.579,smart_meter,send_encrypted_data,334361,0.373,7171.282,true,none,399
2025-12-10 08:06:50.579,smart_meter,send_encrypted_data,334285,0.375,7131.413,true,none,323
2025-12-10 08:06:50.580,smart_meter,send_encrypted_data,334353,0.352,7598.932,true,none,35
2025-12-10 08:06:50.580,smart_meter,send_encrypted_data,334191,3.497,764.520,true,none,45
2025-12-10 08:06:50.579,smart_meter,send_encrypted_data,334460,5.058,529.000,true,none,119
2025-12-10 08:06:50.580,smart_meter,send_encrypted_data,334323,0.356,7512.876,true,none,89
2025-12-10 08:06:50.581,smart_meter,send_encrypted_data,334303,0.428,6248.654,true,none,126
2025-12-10 08:06:50.581,smart_meter,send_encrypted_data,334364,0.413,6476.785,true,none,91
2025-12-10 08:06:50.581,smart_meter,send_encrypted_data,334152,0.390,6854.400,true,none,242
2025-12-10 08:06:50.578,smart_meter,send_encrypted_data,334365,3.389,789.295,true,none,122
2025-12-10 08:06:50.581,smart_meter,send_encrypted_data,334115,0.372,7185.269,true,none,375
2025-12-10 08:06:50.582,smart_meter,send_encrypted_data,334154,0.522,5121.134,true,none,125
2025-12-10 08:06:50.582,smart_meter,send_encrypted_data,334379,14.014,190.883,true,none,273
2025-12-10 08:06:50.582,smart_meter,send_encrypted_data,334196,0.384,6962.417,true,none,422
2025-12-10 08:06:50.583,smart_meter,send_encrypted_data,334425,0.353,7579.037,true,none,101
2025-12-10 08:06:50.584,smart_meter,send_encrypted_data,333334,0.349,7640.894,true,none,53
2025-12-10 08:06:50.584,smart_meter,send_encrypted_data,334414,0.361,7410.837,true,none,161
2025-12-10 08:06:50.584,smart_meter,send_encrypted_data,333300,1.317,2024.601,true,none,147
2025-12-10 08:06:50.585,smart_meter,send_encrypted_data,334316,0.379,7056.802,true,none,351
2025-12-10 08:06:50.585,smart_meter,send_encrypted_data,334096,0.383,6978.507,true,none,165
2025-12-10 08:06:50.586,smart_meter,send_encrypted_data,334494,0.371,7212.809,true,none,135
2025-12-10 08:06:50.586,smart_meter,send_encrypted_data,334381,0.356,7514.180,true,none,417
2025-12-10 08:06:50.587,smart_meter,send_encrypted_data,334516,0.355,7538.389,true,none,97
2025-12-10 08:06:50.587,smart_meter,send_encrypted_data,334430,8.977,298.033,true,none,403
2025-12-10 08:06:50.587,smart_meter,send_encrypted_data,334410,0.395,6772.861,true,none,153
2025-12-10 08:06:50.587,smart_meter,send_encrypted_data,334131,0.415,6441.080,true,none,25
2025-12-10 08:06:50.588,smart_meter,send_encrypted_data,334128,1.357,1969.804,true,none,50
2025-12-10 08:06:50.588,smart_meter,send_encrypted_data,334417,0.386,6930.922,true,none,319
2025-12-10 08:06:50.588,smart_meter,send_encrypted_data,333968,0.384,6957.667,true,none,141
2025-12-10 08:06:50.589,smart_meter,send_encrypted_data,334426,0.381,7022.068,true,none,174
2025-12-10 08:06:50.589,smart_meter,send_encrypted_data,333342,0.401,6650.214,true,none,107
2025-12-10 08:06:50.589,smart_meter,send_encrypted_data,334231,0.401,6667.950,true,none,52
2025-12-10 08:06:50.590,smart_meter,send_encrypted_data,334451,0.397,6739.567,true,none,256
2025-12-10 08:06:50.590,smart_meter,send_encrypted_data,334378,0.385,6948.114,true,none,466
2025-12-10 08:06:50.591,smart_meter,send_encrypted_data,334141,0.355,7529.938,true,none,103
2025-12-10 08:06:50.592,smart_meter,send_encrypted_data,334527,0.376,7117.596,true,none,26
2025-12-10 08:06:50.592,smart_meter,send_encrypted_data,334320,0.538,4971.301,true,none,178
2025-12-10 08:06:50.592,smart_meter,send_encrypted_data,334376,5.098,524.717,true,none,447
2025-12-10 08:06:50.592,smart_meter,send_encrypted_data,334145,5.210,513.083,true,none,66
2025-12-10 08:06:50.593,smart_meter,send_encrypted_data,334369,4.908,545.019,true,none,116
2025-12-10 08:06:50.593,smart_meter,send_encrypted_data,334375,0.519,5154.143,true,none,163
2025-12-10 08:06:50.593,smart_meter,send_encrypted_data,334186,0.406,6584.946,true,none,398
2025-12-10 08:06:50.595,smart_meter,send_encrypted_data,334296,0.361,7408.222,true,none,369
2025-12-10 08:06:50.595,smart_meter,send_encrypted_data,334333,0.411,6507.698,true,none,185
2025-12-10 08:06:50.596,smart_meter,send_encrypted_data,334025,0.389,6869.409,true,none,401
2025-12-10 08:06:50.596,smart_meter,send_encrypted_data,334396,4.273,626.063,true,none,252
2025-12-10 08:06:50.597,smart_meter,send_encrypted_data,334462,0.361,7411.900,true,none,269
2025-12-10 08:06:50.597,smart_meter,send_encrypted_data,334316,0.419,6383.122,true,none,368
2025-12-10 08:06:50.598,smart_meter,send_encrypted_data,334128,0.912,2930.947,true,none,62
2025-12-10 08:06:50.598,smart_meter,send_encrypted_data,334381,4.731,565.430,true,none,405
2025-12-10 08:06:50.598,smart_meter,send_encrypted_data,334078,0.456,5861.018,true,none,156
2025-12-10 08:06:50.599,smart_meter,send_encrypted_data,334419,2.411,1109.644,true,none,17
2025-12-10 08:06:50.599,smart_meter,send_encrypted_data,334163,6.012,444.661,true,none,184
2025-12-10 08:06:50.599,smart_meter,send_encrypted_data,334367,1.211,2208.865,true,none,87
2025-12-10 08:06:50.600,smart_meter,send_encrypted_data,334458,0.391,6843.130,true,none,38
2025-12-10 08:06:50.600,smart_meter,send_encrypted_data,334125,6.519,410.032,true,none,27
2025-12-10 08:06:50.601,smart_meter,send_encrypted_data,334230,0.475,5629.137,true,none,152
2025-12-10 08:06:50.590,smart_meter,send_encrypted_data,334368,6.757,395.877,true,none,400
2025-12-10 08:06:50.603,smart_meter,send_encrypted_data,334121,0.386,6924.788,true,none,137
2025-12-10 08:06:50.603,smart_meter,send_encrypted_data,334453,0.393,6808.204,true,none,61
2025-12-10 08:06:50.603,smart_meter,send_encrypted_data,333867,0.407,6562.496,true,none,160
2025-12-10 08:06:50.604,smart_meter,send_encrypted_data,334326,0.365,7327.693,true,none,189
2025-12-10 08:06:50.604,smart_meter,send_encrypted_data,334190,0.370,7225.730,true,none,23
2025-12-10 08:06:50.604,smart_meter,send_encrypted_data,334264,2.507,1066.658,true,none,415
2025-12-10 08:06:50.605,smart_meter,send_encrypted_data,334415,0.318,8412.956,true,none,451
2025-12-10 08:06:50.605,smart_meter,send_encrypted_data,334459,0.381,7022.761,true,none,280
2025-12-10 08:06:50.606,smart_meter,send_encrypted_data,334437,0.370,7231.070,true,none,361
2025-12-10 08:06:50.606,smart_meter,send_encrypted_data,334480,0.955,2801.927,true,none,328
2025-12-10 08:06:50.607,smart_meter,send_encrypted_data,334012,0.629,4248.165,true,none,176
2025-12-10 08:06:50.607,smart_meter,send_encrypted_data,334323,0.384,6965.062,true,none,352
2025-12-10 08:06:50.608,smart_meter,send_encrypted_data,334243,0.348,7683.747,true,none,325
2025-12-10 08:06:50.608,smart_meter,send_encrypted_data,334425,0.355,7536.338,true,none,379
2025-12-10 08:06:50.608,smart_meter,send_encrypted_data,334169,0.374,7148.000,true,none,467
2025-12-10 08:06:50.609,smart_meter,send_encrypted_data,334223,0.350,7639.383,true,none,7
2025-12-10 08:06:50.609,smart_meter,send_encrypted_data,334427,0.357,7494.162,true,none,354
2025-12-10 08:06:50.573,smart_meter,send_encrypted_data,334117,0.363,7363.460,true,none,88
2025-12-10 08:06:50.609,smart_meter,send_encrypted_data,334053,0.419,6378.100,true,none,46
2025-12-10 08:06:50.610,smart_meter,send_encrypted_data,334492,17.776,150.536,true,none,449
2025-12-10 08:06:50.611,smart_meter,send_encrypted_data,334218,0.372,7187.484,true,none,476
2025-12-10 08:06:50.611,smart_meter,send_encrypted_data,334380,16.147,165.668,true,none,58
2025-12-10 08:06:50.612,smart_meter,send_encrypted_data,334109,0.341,7838.334,true,none,105
2025-12-10 08:06:50.612,smart_meter,send_encrypted_data,334268,0.384,6963.917,true,none,239
2025-12-10 08:06:50.613,smart_meter,send_encrypted_data,334143,8.832,302.666,true,none,168
2025-12-10 08:06:50.613,smart_meter,send_encrypted_data,334080,0.339,7883.894,true,none,373
2025-12-10 08:06:50.614,smart_meter,send_encrypted_data,334417,1.316,2032.930,true,none,426
2025-12-10 08:06:50.614,smart_meter,send_encrypted_data,334414,0.346,7732.116,true,none,175
2025-12-10 08:06:50.615,smart_meter,send_encrypted_data,333307,0.348,7662.230,true,none,337
2025-12-10 08:06:50.615,smart_meter,send_encrypted_data,334340,20.026,133.562,true,none,140
2025-12-10 08:06:50.616,smart_meter,send_encrypted_data,334300,20.627,129.655,true,none,132
2025-12-10 08:06:50.616,smart_meter,send_encrypted_data,334379,1.972,1356.507,true,none,214
2025-12-10 08:06:50.617,smart_meter,send_encrypted_data,334127,0.368,7263.630,true,none,151
2025-12-10 08:06:50.617,smart_meter,send_encrypted_data,334439,0.383,6985.671,true,none,182
2025-12-10 08:06:50.617,smart_meter,send_encrypted_data,334333,20.002,133.720,true,none,343
2025-12-10 08:06:50.617,smart_meter,send_encrypted_data,334458,14.445,185.231,true,none,407
2025-12-10 08:06:50.618,smart_meter,send_encrypted_data,333301,0.372,7167.763,true,none,148
2025-12-10 08:06:50.619,smart_meter,send_encrypted_data,334263,5.823,459.231,true,none,431
2025-12-10 08:06:50.619,smart_meter,send_encrypted_data,334369,0.345,7753.484,true,none,226
2025-12-10 08:06:50.619,smart_meter,send_encrypted_data,334372,0.378,7076.656,true,none,170
2025-12-10 08:06:50.619,smart_meter,send_encrypted_data,333851,4.522,590.625,true,none,393
2025-12-10 08:06:50.621,smart_meter,send_encrypted_data,334467,3.096,864.256,true,none,382
2025-12-10 08:06:50.621,smart_meter,send_encrypted_data,334011,0.378,7069.016,true,none,389
2025-12-10 08:06:50.622,smart_meter,send_encrypted_data,334347,0.375,7132.736,true,none,188
2025-12-10 08:06:50.600,smart_meter,send_encrypted_data,334315,0.389,6875.373,true,none,183
2025-12-10 08:06:50.623,smart_meter,send_encrypted_data,334304,1.569,1704.546,true,none,56
2025-12-10 08:06:50.624,smart_meter,send_encrypted_data,334015,12.473,214.232,true,none,274
2025-12-10 08:06:50.624,smart_meter,send_encrypted_data,334476,0.402,6656.239,true,none,196
2025-12-10 08:06:50.624,smart_meter,send_encrypted_data,333980,11.325,235.924,true,none,172
2025-12-10 08:06:50.625,smart_meter,send_encrypted_data,334015,13.823,193.310,true,none,333
2025-12-10 08:06:50.625,smart_meter,send_encrypted_data,334475,0.390,6861.026,true,none,67
2025-12-10 08:06:50.627,smart_meter,send_encrypted_data,334156,0.379,7053.425,true,none,308
2025-12-10 08:06:50.627,smart_meter,send_encrypted_data,334342,0.351,7620.330,true,none,139
2025-12-10 08:06:50.632,smart_meter,send_encrypted_data,334099,0.341,7838.100,true,none,374
2025-12-10 08:06:50.633,smart_meter,send_encrypted_data,334133,0.375,7128.171,true,none,220
2025-12-10 08:06:50.633,smart_meter,send_encrypted_data,333315,0.369,7226.341,true,none,306
2025-12-10 08:06:50.633,smart_meter,send_encrypted_data,333319,0.383,6962.277,true,none,275
2025-12-10 08:06:50.633,smart_meter,send_encrypted_data,334405,0.380,7040.105,true,none,123
2025-12-10 08:06:50.634,smart_meter,send_encrypted_data,334504,0.346,7734.197,true,none,4
2025-12-10 08:06:50.634,smart_meter,send_encrypted_data,334325,0.390,6857.949,true,none,118
2025-12-10 08:06:50.634,smart_meter,send_encrypted_data,334482,0.365,7331.112,true,none,386
2025-12-10 08:06:50.635,smart_meter,send_encrypted_data,334233,23.110,115.702,true,none,169
2025-12-10 08:06:50.635,smart_meter,send_encrypted_data,334354,22.886,116.876,true,none,413
2025-12-10 08:06:50.635,smart_meter,send_encrypted_data,333490,17.361,153.673,true,none,81
2025-12-10 08:06:50.636,smart_meter,send_encrypted_data,334291,0.375,7131.541,true,none,391
2025-12-10 08:06:50.636,smart_meter,send_encrypted_data,333953,7.099,376.338,true,none,40
2025-12-10 08:06:50.637,smart_meter,send_encrypted_data,334429,0.361,7411.169,true,none,94
2025-12-10 08:06:50.637,smart_meter,send_encrypted_data,334416,2.348,1139.407,true,none,477
2025-12-10 08:06:50.638,smart_meter,send_encrypted_data,334398,0.369,7249.821,true,none,145
2025-12-10 08:06:50.638,smart_meter,send_encrypted_data,334267,7.749,345.094,true,none,155
2025-12-10 08:06:50.638,smart_meter,send_encrypted_data,334316,0.378,7075.471,true,none,432
2025-12-10 08:06:50.639,smart_meter,send_encrypted_data,334138,3.259,820.222,true,none,301
2025-12-10 08:06:50.639,smart_meter,send_encrypted_data,333765,0.368,7255.761,true,none,39
2025-12-10 08:06:50.628,smart_meter,send_encrypted_data,334117,0.353,7572.057,true,none,199
2025-12-10 08:06:50.640,smart_meter,send_encrypted_data,334416,0.536,4991.284,true,none,322
2025-12-10 08:06:50.640,smart_meter,send_encrypted_data,334176,33.746,79.221,true,none,408
2025-12-10 08:06:50.640,smart_meter,send_encrypted_data,334414,28.593,93.565,true,none,92
2025-12-10 08:06:50.640,smart_meter,send_encrypted_data,334297,7.281,367.309,true,none,385
2025-12-10 08:06:50.641,smart_meter,send_encrypted_data,334104,0.369,7243.447,true,none,311
2025-12-10 08:06:50.641,smart_meter,send_encrypted_data,333955,0.405,6596.642,true,none,359
2025-12-10 08:06:50.642,smart_meter,send_encrypted_data,334334,6.455,414.357,true,none,315
2025-12-10 08:06:50.642,smart_meter,send_encrypted_data,334318,0.385,6946.868,true,none,414
2025-12-10 08:06:50.642,smart_meter,send_encrypted_data,334483,6.891,388.313,true,none,243
2025-12-10 08:06:50.643,smart_meter,send_encrypted_data,334440,0.362,7390.939,true,none,261
2025-12-10 08:06:50.643,smart_meter,send_encrypted_data,334428,0.370,7230.876,true,none,294
2025-12-10 08:06:50.643,smart_meter,send_encrypted_data,334126,0.378,7071.450,true,none,317
2025-12-10 08:06:50.644,smart_meter,send_encrypted_data,334370,0.360,7430.444,true,none,307
2025-12-10 08:06:50.644,smart_meter,send_encrypted_data,334230,9.002,297.027,true,none,241
2025-12-10 08:06:50.645,smart_meter,send_encrypted_data,334276,0.357,7490.779,true,none,288
2025-12-10 08:06:50.646,smart_meter,send_encrypted_data,334406,0.396,6755.677,true,none,324
2025-12-10 08:06:50.646,smart_meter,send_encrypted_data,334220,0.386,6926.839,true,none,309
2025-12-10 08:06:50.646,smart_meter,send_encrypted_data,334332,0.357,7492.034,true,none,215
2025-12-10 08:06:50.646,smart_meter,send_encrypted_data,334208,0.384,6962.667,true,none,113
2025-12-10 08:06:50.647,smart_meter,send_encrypted_data,334091,0.358,7465.721,true,none,233
2025-12-10 08:06:50.647,smart_meter,send_encrypted_data,334487,0.370,7232.151,true,none,186
2025-12-10 08:06:50.628,smart_meter,send_encrypted_data,334372,0.352,7599.364,true,none,76
2025-12-10 08:06:50.647,smart_meter,send_encrypted_data,334305,31.956,83.691,true,none,13
2025-12-10 08:06:50.648,smart_meter,send_encrypted_data,334166,16.993,157.319,true,none,74
2025-12-10 08:06:50.648,smart_meter,send_encrypted_data,334331,0.401,6669.945,true,none,416
2025-12-10 08:06:50.648,smart_meter,send_encrypted_data,334524,0.675,3964.729,true,none,384
2025-12-10 08:06:50.649,smart_meter,send_encrypted_data,334364,19.317,138.475,true,none,64
2025-12-10 08:06:50.649,smart_meter,send_encrypted_data,334410,0.339,7891.681,true,none,144
2025-12-10 08:06:50.650,smart_meter,send_encrypted_data,334433,0.367,7290.093,true,none,419
2025-12-10 08:06:50.650,smart_meter,send_encrypted_data,334322,0.406,6587.626,true,none,238
2025-12-10 08:06:50.651,smart_meter,send_encrypted_data,334198,36.018,74.229,true,none,55
2025-12-10 08:06:50.652,smart_meter,send_encrypted_data,334500,0.363,7371.901,true,none,102
2025-12-10 08:06:50.652,smart_meter,send_encrypted_data,334444,0.365,7330.279,true,none,458
2025-12-10 08:06:50.652,smart_meter,send_encrypted_data,334212,0.362,7385.901,true,none,164
2025-12-10 08:06:50.653,smart_meter,send_encrypted_data,334131,0.394,6784.386,true,none,295
2025-12-10 08:06:50.653,smart_meter,send_encrypted_data,334226,0.404,6618.337,true,none,210
2025-12-10 08:06:50.653,smart_meter,send_encrypted_data,334201,0.385,6944.436,true,none,12
2025-12-10 08:06:50.654,smart_meter,send_encrypted_data,334494,0.353,7580.601,true,none,197
2025-12-10 08:06:50.654,smart_meter,send_encrypted_data,334390,0.367,7289.155,true,none,218
2025-12-10 08:06:50.655,smart_meter,send_encrypted_data,334365,0.414,6461.159,true,none,249
2025-12-10 08:06:50.628,smart_meter,send_encrypted_data,334401,0.394,6789.868,true,none,112
2025-12-10 08:06:50.655,smart_meter,send_encrypted_data,334158,3.485,767.077,true,none,277
2025-12-10 08:06:50.655,smart_meter,send_encrypted_data,334220,0.391,6838.261,true,none,49
2025-12-10 08:06:50.656,smart_meter,send_encrypted_data,334323,0.367,7287.695,true,none,44
2025-12-10 08:06:50.656,smart_meter,send_encrypted_data,333740,26.993,98.912,true,none,213
2025-12-10 08:06:50.657,smart_meter,send_encrypted_data,334441,0.374,7153.818,true,none,290
2025-12-10 08:06:50.657,smart_meter,send_encrypted_data,334538,0.377,7098.950,true,none,321
2025-12-10 08:06:50.657,smart_meter,send_encrypted_data,334495,6.808,393.061,true,none,158
2025-12-10 08:06:50.657,smart_meter,send_encrypted_data,334492,0.397,6740.393,true,none,439
2025-12-10 08:06:50.658,smart_meter,send_encrypted_data,334052,0.380,7032.674,true,none,78
2025-12-10 08:06:50.658,smart_meter,send_encrypted_data,334458,0.384,6967.875,true,none,209
2025-12-10 08:06:50.658,smart_meter,send_encrypted_data,334327,15.535,172.167,true,none,47
2025-12-10 08:06:50.658,smart_meter,send_encrypted_data,334335,26.298,101.707,true,none,129
2025-12-10 08:06:50.659,smart_meter,send_encrypted_data,334326,16.256,164.531,true,none,318
2025-12-10 08:06:50.659,smart_meter,send_encrypted_data,334320,34.208,78.185,true,none,236
2025-12-10 08:06:50.660,smart_meter,send_encrypted_data,334429,0.398,6722.191,true,none,14
2025-12-10 08:06:50.661,smart_meter,send_encrypted_data,334255,0.374,7149.840,true,none,312
2025-12-10 08:06:50.661,smart_meter,send_encrypted_data,334407,0.397,6738.680,true,none,404
2025-12-10 08:06:50.661,smart_meter,send_encrypted_data,334304,0.382,7001.131,true,none,380
2025-12-10 08:06:50.662,smart_meter,send_encrypted_data,334344,0.391,6840.798,true,none,271
2025-12-10 08:06:50.662,smart_meter,send_encrypted_data,334440,0.362,7390.939,true,none,285
2025-12-10 08:06:50.662,smart_meter,send_encrypted_data,334222,14.770,181.027,true,none,110
2025-12-10 08:06:50.663,smart_meter,send_encrypted_data,334382,39.601,67.550,true,none,262
2025-12-10 08:06:50.663,smart_meter,send_encrypted_data,334402,0.363,7369.741,true,none,378
2025-12-10 08:06:50.664,smart_meter,send_encrypted_data,334378,0.345,7753.693,true,none,292
2025-12-10 08:06:50.664,smart_meter,send_encrypted_data,334254,0.345,7750.817,true,none,388
2025-12-10 08:06:50.664,smart_meter,send_encrypted_data,334177,6.278,425.839,true,none,205
2025-12-10 08:06:50.664,smart_meter,send_encrypted_data,334075,0.368,7262.500,true,none,349
2025-12-10 08:06:50.665,smart_meter,send_encrypted_data,334451,0.351,7622.815,true,none,77
2025-12-10 08:06:50.665,smart_meter,send_encrypted_data,334404,0.365,7329.403,true,none,457
2025-12-10 08:06:50.665,smart_meter,send_encrypted_data,334265,0.372,7188.495,true,none,296
2025-12-10 08:06:50.666,smart_meter,send_encrypted_data,334360,22.912,116.746,true,none,244
2025-12-10 08:06:50.666,smart_meter,send_encrypted_data,334400,0.380,7040.000,true,none,255
2025-12-10 08:06:50.666,smart_meter,send_encrypted_data,334440,5.272,507.496,true,none,3
2025-12-10 08:06:50.666,smart_meter,send_encrypted_data,334272,0.386,6927.917,true,none,85
2025-12-10 08:06:50.666,smart_meter,send_encrypted_data,334403,7.145,374.419,true,none,392
2025-12-10 08:06:50.667,smart_meter,send_encrypted_data,334221,6.875,388.912,true,none,452
2025-12-10 08:06:50.667,smart_meter,send_encrypted_data,334414,2.063,1296.807,true,none,120
2025-12-10 08:06:50.667,smart_meter,send_encrypted_data,334112,0.384,6960.667,true,none,329
2025-12-10 08:06:50.667,smart_meter,send_encrypted_data,334125,2.178,1227.273,true,none,281
2025-12-10 08:06:50.667,smart_meter,send_encrypted_data,334278,0.362,7387.359,true,none,420
2025-12-10 08:06:50.668,smart_meter,send_encrypted_data,334223,0.344,7772.628,true,none,235
2025-12-10 08:06:50.669,smart_meter,send_encrypted_data,334246,0.381,7018.289,true,none,221
2025-12-10 08:06:50.669,smart_meter,send_encrypted_data,334264,0.398,6718.874,true,none,9
2025-12-10 08:06:50.669,smart_meter,send_encrypted_data,334053,17.711,150.891,true,none,267
2025-12-10 08:06:50.669,smart_meter,send_encrypted_data,334365,45.347,58.988,true,none,217
2025-12-10 08:06:50.669,smart_meter,send_encrypted_data,334085,0.385,6942.026,true,none,339
2025-12-10 08:06:50.670,smart_meter,send_encrypted_data,334275,51.573,51.853,true,none,167
2025-12-10 08:06:50.670,smart_meter,send_encrypted_data,334504,0.350,7645.806,true,none,338
2025-12-10 08:06:50.670,smart_meter,send_encrypted_data,334411,0.362,7390.298,true,none,95
2025-12-10 08:06:50.670,smart_meter,send_encrypted_data,334100,39.536,67.604,true,none,293
2025-12-10 08:06:50.670,smart_meter,send_encrypted_data,334194,41.376,64.616,true,none,302
2025-12-10 08:06:50.629,smart_meter,send_encrypted_data,334144,15.030,177.854,true,none,10
2025-12-10 08:06:50.686,smart_meter,send_encrypted_data,334342,58.034,46.089,true,none,1
2025-12-10 08:06:50.686,smart_meter,send_encrypted_data,334251,51.004,52.427,true,none,51
2025-12-10 08:06:50.631,smart_meter,send_encrypted_data,334127,0.376,7109.085,true,none,30
2025-12-10 08:06:50.687,smart_meter,send_encrypted_data,334160,0.369,7244.661,true,none,453
2025-12-10 08:06:50.687,smart_meter,send_encrypted_data,334389,0.700,3821.589,true,none,331
2025-12-10 08:06:50.631,smart_meter,send_encrypted_data,334380,0.350,7642.971,true,none,304
2025-12-10 08:06:50.631,smart_meter,send_encrypted_data,334401,0.403,6638.233,true,none,146
2025-12-10 08:06:50.631,smart_meter,send_encrypted_data,334195,0.421,6350.499,true,none,11
2025-12-10 08:06:50.670,smart_meter,send_encrypted_data,334339,27.312,97.932,true,none,24
2025-12-10 08:06:50.671,smart_meter,send_encrypted_data,334145,17.227,155.173,true,none,96
2025-12-10 08:06:50.672,smart_meter,send_encrypted_data,334453,6.607,404.968,true,none,402
2025-12-10 08:06:50.672,smart_meter,send_encrypted_data,334036,23.359,114.401,true,none,69
2025-12-10 08:06:50.668,smart_meter,send_encrypted_data,334094,26.246,101.835,true,none,193
2025-12-10 08:06:50.673,smart_meter,send_encrypted_data,334382,27.656,96.726,true,none,335
2025-12-10 08:06:50.690,smart_meter,send_encrypted_data,334360,0.355,7534.873,true,none,336
2025-12-10 08:06:50.673,smart_meter,send_encrypted_data,334356,20.754,128.883,true,none,154
2025-12-10 08:06:50.673,smart_meter,send_encrypted_data,334397,0.367,7289.308,true,none,90
2025-12-10 08:06:50.674,smart_meter,send_encrypted_data,334447,17.580,152.194,true,none,272
2025-12-10 08:06:50.674,smart_meter,send_encrypted_data,334026,27.030,98.861,true,none,204
2025-12-10 08:06:50.691,smart_meter,send_encrypted_data,334427,0.347,7710.133,true,none,348
2025-12-10 08:06:50.691,smart_meter,send_encrypted_data,334327,6.544,408.713,true,none,468
2025-12-10 08:06:50.692,smart_meter,send_encrypted_data,334359,0.338,7913.822,true,none,461
2025-12-10 08:06:50.675,smart_meter,send_encrypted_data,334434,0.369,7250.602,true,none,109
2025-12-10 08:06:50.692,smart_meter,send_encrypted_data,334362,6.333,422.374,true,none,99
2025-12-10 08:06:50.688,smart_meter,send_encrypted_data,334347,0.342,7820.982,true,none,470
2025-12-10 08:06:50.675,smart_meter,send_encrypted_data,334346,1.421,1882.314,true,none,43
2025-12-10 08:06:50.693,smart_meter,send_encrypted_data,333920,7.403,360.848,true,none,313
2025-12-10 08:06:50.694,smart_meter,send_encrypted_data,333953,1.060,2520.400,true,none,460
2025-12-10 08:06:50.675,smart_meter,send_encrypted_data,334317,38.735,69.047,true,none,421
2025-12-10 08:06:50.676,smart_meter,send_encrypted_data,334450,10.011,267.266,true,none,320
2025-12-10 08:06:50.676,smart_meter,send_encrypted_data,334367,4.428,604.096,true,none,177
2025-12-10 08:06:50.676,smart_meter,send_encrypted_data,334487,0.344,7778.767,true,none,128
2025-12-10 08:06:50.676,smart_meter,send_encrypted_data,334131,3.785,706.221,true,none,376
2025-12-10 08:06:50.676,smart_meter,send_encrypted_data,334276,1.842,1451.796,true,none,397
2025-12-10 08:06:50.676,smart_meter,send_encrypted_data,334409,0.412,6493.379,true,none,82
2025-12-10 08:06:50.677,smart_meter,send_encrypted_data,334449,0.351,7622.769,true,none,2
2025-12-10 08:06:50.677,smart_meter,send_encrypted_data,334365,47.384,56.452,true,none,222
2025-12-10 08:06:50.678,smart_meter,send_encrypted_data,334200,1.548,1727.132,true,none,157
2025-12-10 08:06:50.678,smart_meter,send_encrypted_data,333955,0.370,7220.649,true,none,254
2025-12-10 08:06:50.678,smart_meter,send_encrypted_data,334354,0.402,6653.811,true,none,230
2025-12-10 08:06:50.671,smart_meter,send_encrypted_data,334169,24.217,110.392,true,none,344
2025-12-10 08:06:50.678,smart_meter,send_encrypted_data,334232,0.386,6927.088,true,none,133
2025-12-10 08:06:50.678,smart_meter,send_encrypted_data,334461,1.399,1912.572,true,none,68
2025-12-10 08:06:50.678,smart_meter,send_encrypted_data,334288,4.336,616.768,true,none,54
2025-12-10 08:06:50.697,smart_meter,send_encrypted_data,333346,7.278,366.415,true,none,326
2025-12-10 08:06:50.698,smart_meter,send_encrypted_data,334332,0.363,7368.198,true,none,286
2025-12-10 08:06:50.692,smart_meter,send_encrypted_data,334372,2.475,1080.798,true,none,469
2025-12-10 08:06:50.699,smart_meter,send_encrypted_data,334106,0.805,3320.308,true,none,473
2025-12-10 08:06:50.699,smart_meter,send_encrypted_data,333852,1.480,1804.605,true,none,465
2025-12-10 08:06:50.699,smart_meter,send_encrypted_data,334362,2.094,1277.410,true,none,464
2025-12-10 08:06:50.699,smart_meter,send_encrypted_data,334320,5.632,474.886,true,none,364
2025-12-10 08:06:50.700,smart_meter,send_encrypted_data,334216,0.341,7840.845,true,none,298
2025-12-10 08:06:50.701,smart_meter,send_encrypted_data,334151,0.359,7446.262,true,none,346
2025-12-10 08:06:50.701,smart_meter,send_encrypted_data,334207,0.375,7129.749,true,none,357
2025-12-10 08:06:50.702,smart_meter,send_encrypted_data,334270,0.406,6586.601,true,none,383
2025-12-10 08:06:50.703,smart_meter,send_encrypted_data,333686,0.350,7627.109,true,none,98
2025-12-10 08:06:50.703,smart_meter,send_encrypted_data,334061,2.619,1020.423,true,none,366
2025-12-10 08:06:50.704,smart_meter,send_encrypted_data,334438,1.354,1976.000,true,none,440
2025-12-10 08:06:50.679,smart_meter,send_encrypted_data,334304,0.369,7247.783,true,none,127
2025-12-10 08:06:50.679,smart_meter,send_encrypted_data,333367,8.556,311.704,true,none,200
2025-12-10 08:06:50.708,smart_meter,send_encrypted_data,334160,0.396,6750.707,true,none,396
2025-12-10 08:06:50.709,smart_meter,send_encrypted_data,334206,2.010,1330.173,true,none,365
2025-12-10 08:06:50.710,smart_meter,send_encrypted_data,334457,0.353,7579.762,true,none,442
2025-12-10 08:06:50.710,smart_meter,send_encrypted_data,334294,2.049,1305.199,true,none,443
2025-12-10 08:06:50.710,smart_meter,send_encrypted_data,334188,0.387,6908.279,true,none,390
2025-12-10 08:06:50.711,smart_meter,send_encrypted_data,334150,5.265,507.730,true,none,444
2025-12-10 08:06:50.711,smart_meter,send_encrypted_data,334300,0.396,6753.535,true,none,121
2025-12-10 08:06:50.713,smart_meter,send_encrypted_data,334405,0.354,7557.175,true,none,480
2025-12-10 08:06:50.714,smart_meter,send_encrypted_data,334062,0.335,7977.600,true,none,149
2025-12-10 08:06:50.714,smart_meter,send_encrypted_data,334345,0.380,7038.842,true,none,22
2025-12-10 08:06:50.714,smart_meter,send_encrypted_data,334441,1.398,1913.825,true,none,48
2025-12-10 08:06:50.679,smart_meter,send_encrypted_data,333769,0.396,6742.808,true,none,136
2025-12-10 08:06:50.679,smart_meter,send_encrypted_data,334425,53.750,49.775,true,none,291
2025-12-10 08:06:50.680,smart_meter,send_encrypted_data,334306,0.355,7533.656,true,none,266
2025-12-10 08:06:50.680,smart_meter,send_encrypted_data,333996,3.159,845.827,true,none,142
2025-12-10 08:06:50.680,smart_meter,send_encrypted_data,334285,8.441,316.820,true,none,332
2025-12-10 08:06:50.680,smart_meter,send_encrypted_data,334282,0.358,7469.989,true,none,231
2025-12-10 08:06:50.680,smart_meter,send_encrypted_data,334193,2.203,1213.592,true,none,190
2025-12-10 08:06:50.680,smart_meter,send_encrypted_data,334161,1.642,1628.068,true,none,283
2025-12-10 08:06:50.716,smart_meter,send_encrypted_data,334321,0.359,7450.050,true,none,406
2025-12-10 08:06:50.681,smart_meter,send_encrypted_data,334357,0.369,7248.932,true,none,106
2025-12-10 08:06:50.681,smart_meter,send_encrypted_data,334509,24.082,111.123,true,none,316
2025-12-10 08:06:50.681,smart_meter,send_encrypted_data,334060,0.381,7014.383,true,none,179
2025-12-10 08:06:50.681,smart_meter,send_encrypted_data,334374,44.863,59.626,true,none,108
2025-12-10 08:06:50.682,smart_meter,send_encrypted_data,334374,0.926,2888.760,true,none,450
2025-12-10 08:06:50.682,smart_meter,send_encrypted_data,334482,0.587,4558.528,true,none,259
2025-12-10 08:06:50.717,smart_meter,send_encrypted_data,334470,0.376,7116.383,true,none,372
2025-12-10 08:06:50.718,smart_meter,send_encrypted_data,334362,0.335,7984.764,true,none,425
2025-12-10 08:06:50.718,smart_meter,send_encrypted_data,334365,7.043,379.798,true,none,114
2025-12-10 08:06:50.719,smart_meter,send_encrypted_data,334380,1.093,2447.429,true,none,424
2025-12-10 08:06:50.720,smart_meter,send_encrypted_data,334430,0.474,5644.388,true,none,409
2025-12-10 08:06:50.720,smart_meter,send_encrypted_data,334406,0.354,7557.198,true,none,171
2025-12-10 08:06:50.721,smart_meter,send_encrypted_data,334117,0.345,7747.641,true,none,143
2025-12-10 08:06:50.722,smart_meter,send_encrypted_data,334477,2.212,1209.682,true,none,363
2025-12-10 08:06:50.722,smart_meter,send_encrypted_data,334181,3.962,674.772,true,none,59
2025-12-10 08:06:50.682,smart_meter,send_encrypted_data,334236,18.192,146.982,true,none,437
2025-12-10 08:06:50.723,smart_meter,send_encrypted_data,334284,0.870,3073.876,true,none,479
2025-12-10 08:06:50.723,smart_meter,send_encrypted_data,334437,11.083,241.405,true,none,353
2025-12-10 08:06:50.682,smart_meter,send_encrypted_data,334236,35.713,74.872,true,none,264
2025-12-10 08:06:50.683,smart_meter,send_encrypted_data,334443,40.628,65.855,true,none,423
2025-12-10 08:06:50.683,smart_meter,send_encrypted_data,334326,40.022,66.828,true,none,130
2025-12-10 08:06:50.721,smart_meter,send_encrypted_data,334319,0.342,7820.327,true,none,427
2025-12-10 08:06:50.683,smart_meter,send_encrypted_data,334381,20.253,132.082,true,none,395
2025-12-10 08:06:50.673,smart_meter,send_encrypted_data,334389,18.790,142.369,true,none,159
2025-12-10 08:06:50.666,smart_meter,send_encrypted_data,334167,22.732,117.602,true,none,195
2025-12-10 08:06:50.725,smart_meter,send_encrypted_data,333325,0.359,7427.855,true,none,484
2025-12-10 08:06:50.683,smart_meter,send_encrypted_data,334397,22.047,121.340,true,none,327
2025-12-10 08:06:50.726,smart_meter,send_encrypted_data,334158,1.900,1406.981,true,none,362
2025-12-10 08:06:50.684,smart_meter,send_encrypted_data,333731,0.382,6989.131,true,none,31
2025-12-10 08:06:50.727,smart_meter,send_encrypted_data,334464,0.412,6494.447,true,none,251
2025-12-10 08:06:50.684,smart_meter,send_encrypted_data,334092,39.846,67.077,true,none,441
2025-12-10 08:06:50.727,smart_meter,send_encrypted_data,334469,0.710,3768.665,true,none,429
2025-12-10 08:06:50.684,smart_meter,send_encrypted_data,334168,18.622,143.558,true,none,237
2025-12-10 08:06:50.669,smart_meter,send_encrypted_data,334304,18.963,141.034,true,none,63
2025-12-10 08:06:50.684,smart_meter,send_encrypted_data,334335,0.390,6858.154,true,none,75
2025-12-10 08:06:50.683,smart_meter,send_encrypted_data,334327,16.099,166.136,true,none,16
2025-12-10 08:06:50.684,smart_meter,send_encrypted_data,334446,25.389,105.383,true,none,124
2025-12-10 08:06:50.684,smart_meter,send_encrypted_data,334439,7.483,357.545,true,none,115
2025-12-10 08:06:50.685,smart_meter,send_encrypted_data,334432,38.267,69.915,true,none,228
2025-12-10 08:06:50.662,smart_meter,send_encrypted_data,334414,12.142,220.335,true,none,434
2025-12-10 08:06:50.669,smart_meter,send_encrypted_data,334211,11.427,233.980,true,none,21
2025-12-10 08:06:50.650,smart_meter,send_encrypted_data,334190,0.413,6473.414,true,none,84
2025-12-10 08:06:50.728,smart_meter,send_encrypted_data,334417,0.379,7058.934,true,none,411
2025-12-10 08:06:50.686,smart_meter,send_encrypted_data,334165,33.507,79.784,true,none,79
2025-12-10 08:06:50.686,smart_meter,send_encrypted_data,334050,26.536,100.708,true,none,100
2025-12-10 08:06:50.729,smart_meter,send_encrypted_data,333945,0.304,8788.026,true,none,162
2025-12-10 08:06:50.730,smart_meter,send_encrypted_data,334185,0.354,7552.203,true,none,166
2025-12-10 08:06:50.732,smart_meter,send_encrypted_data,334346,0.354,7555.842,true,none,150
2025-12-10 08:06:50.733,smart_meter,send_encrypted_data,334295,0.364,7347.143,true,none,201
2025-12-10 08:06:50.735,smart_meter,send_encrypted_data,334403,0.371,7210.846,true,none,173
2025-12-10 08:06:50.735,smart_meter,send_encrypted_data,334377,3.804,703.211,true,none,489
2025-12-10 08:06:50.736,smart_meter,send_encrypted_data,334403,0.391,6842.005,true,none,180
2025-12-10 08:06:50.737,smart_meter,send_encrypted_data,334384,0.999,2677.750,true,none,208
2025-12-10 08:06:50.737,smart_meter,send_encrypted_data,333412,0.331,8058.296,true,none,207
2025-12-10 08:06:50.737,smart_meter,send_encrypted_data,334235,0.384,6963.229,true,none,216
2025-12-10 08:06:50.739,smart_meter,send_encrypted_data,334441,0.351,7622.587,true,none,212
2025-12-10 08:06:50.740,smart_meter,send_encrypted_data,334366,0.349,7664.550,true,none,203
2025-12-10 08:06:50.740,smart_meter,send_encrypted_data,334372,0.380,7039.411,true,none,202
2025-12-10 08:06:50.741,smart_meter,send_encrypted_data,334430,0.348,7688.046,true,none,192
2025-12-10 08:06:50.742,smart_meter,send_encrypted_data,334362,0.358,7471.777,true,none,20
2025-12-10 08:06:50.743,smart_meter,send_encrypted_data,334199,2.491,1073.301,true,none,194
2025-12-10 08:06:50.744,smart_meter,send_encrypted_data,334290,0.352,7597.500,true,none,206
2025-12-10 08:06:50.744,smart_meter,send_encrypted_data,334151,3.997,668.804,true,none,219
2025-12-10 08:06:50.744,smart_meter,send_encrypted_data,334407,2.580,1036.921,true,none,198
2025-12-10 08:06:50.745,smart_meter,send_encrypted_data,334165,2.626,1018.020,true,none,278
2025-12-10 08:06:50.746,smart_meter,send_encrypted_data,334177,3.035,880.862,true,none,227
2025-12-10 08:06:50.747,smart_meter,send_encrypted_data,334474,0.351,7623.339,true,none,223
2025-12-10 08:06:50.747,smart_meter,send_encrypted_data,334247,0.352,7596.523,true,none,70
2025-12-10 08:06:50.748,smart_meter,send_encrypted_data,334385,0.333,8033.273,true,none,71
2025-12-10 08:06:50.749,smart_meter,send_encrypted_data,334160,0.472,5663.729,true,none,247
2025-12-10 08:06:50.750,smart_meter,send_encrypted_data,334271,0.346,7728.809,true,none,229
2025-12-10 08:06:50.750,smart_meter,send_encrypted_data,334110,6.139,435.393,true,none,232
2025-12-10 08:06:50.751,smart_meter,send_encrypted_data,334384,0.635,4212.712,true,none,257
2025-12-10 08:06:50.752,smart_meter,send_encrypted_data,334358,0.412,6492.388,true,none,345
2025-12-10 08:06:50.757,smart_meter,send_encrypted_data,334358,3.441,777.351,true,none,265
2025-12-10 08:06:50.758,smart_meter,send_encrypted_data,334446,0.361,7411.546,true,none,342
2025-12-10 08:06:50.758,smart_meter,send_encrypted_data,334405,0.313,8547.093,true,none,347
2025-12-10 08:06:50.758,smart_meter,send_encrypted_data,334129,0.377,7090.271,true,none,297
2025-12-10 08:06:50.761,smart_meter,send_encrypted_data,334149,0.444,6020.703,true,none,481
2025-12-10 08:06:50.764,smart_meter,send_encrypted_data,334160,0.350,7637.943,true,none,279
2025-12-10 08:06:50.764,smart_meter,send_encrypted_data,334320,0.964,2774.440,true,none,289
2025-12-10 08:06:50.766,smart_meter,send_encrypted_data,334403,0.364,7349.516,true,none,428
2025-12-10 08:06:50.767,smart_meter,send_encrypted_data,334395,3.101,862.677,true,none,303
2025-12-10 08:06:50.768,smart_meter,send_encrypted_data,334476,0.359,7453.504,true,none,381
2025-12-10 08:06:50.768,smart_meter,send_encrypted_data,334449,4.027,664.413,true,none,455
2025-12-10 08:06:50.769,smart_meter,send_encrypted_data,334270,3.497,764.701,true,none,282
2025-12-10 08:06:50.771,smart_meter,send_encrypted_data,334405,0.387,6912.765,true,none,310
2025-12-10 08:06:50.773,smart_meter,send_encrypted_data,334073,0.342,7814.573,true,none,356
2025-12-10 08:06:50.774,smart_meter,send_encrypted_data,334341,1.576,1697.162,true,none,15
2025-12-10 08:06:50.775,smart_meter,send_encrypted_data,334401,0.365,7329.337,true,none,492
2025-12-10 08:06:50.776,smart_meter,send_encrypted_data,334252,0.382,7000.042,true,none,478
2025-12-10 08:06:50.777,smart_meter,send_encrypted_data,334075,5.397,495.201,true,none,33
2025-12-10 08:06:50.776,smart_meter,send_encrypted_data,334161,0.941,2840.901,true,none,498
2025-12-10 08:06:50.781,smart_meter,send_encrypted_data,334398,3.809,702.332,true,none,299
2025-12-10 08:06:50.783,smart_meter,send_encrypted_data,334229,0.357,7489.725,true,none,490
2025-12-10 08:06:50.784,smart_meter,send_encrypted_data,334143,1.486,1798.886,true,none,485
2025-12-10 08:06:50.785,smart_meter,send_encrypted_data,334323,0.528,5065.500,true,none,483
2025-12-10 08:06:50.788,smart_meter,send_encrypted_data,334500,0.347,7711.816,true,none,340
2025-12-10 08:06:50.789,smart_meter,send_encrypted_data,334356,0.374,7152.000,true,none,495
2025-12-10 08:06:50.791,smart_meter,send_encrypted_data,334058,0.346,7723.884,true,none,253
2025-12-10 08:06:50.793,smart_meter,send_encrypted_data,334199,0.522,5121.824,true,none,250
2025-12-10 08:06:50.805,smart_meter,send_encrypted_data,333810,0.410,6513.366,true,none,471
2025-12-10 08:06:50.805,smart_meter,send_encrypted_data,334473,0.409,6542.259,true,none,433
2025-12-10 08:06:50.805,smart_meter,send_encrypted_data,334393,1.136,2354.880,true,none,459
2025-12-10 08:06:50.806,smart_meter,send_encrypted_data,334225,1.123,2380.944,true,none,456
2025-12-10 08:06:50.807,smart_meter,send_encrypted_data,334260,0.357,7490.420,true,none,462
2025-12-10 08:06:50.808,smart_meter,send_encrypted_data,333969,0.381,7012.472,true,none,360
2025-12-10 08:06:50.810,smart_meter,send_encrypted_data,334388,1.408,1899.932,true,none,446
2025-12-10 08:06:50.810,smart_meter,send_encrypted_data,334345,3.445,776.418,true,none,482
2025-12-10 08:06:50.812,smart_meter,send_encrypted_data,333979,0.355,7526.287,true,none,438
2025-12-10 08:06:50.814,smart_meter,send_encrypted_data,334373,0.360,7430.511,true,none,448
2025-12-10 08:06:50.815,smart_meter,send_encrypted_data,333937,0.331,8070.985,true,none,496
2025-12-10 08:06:50.815,smart_meter,send_encrypted_data,334290,0.353,7575.977,true,none,488
2025-12-10 08:06:50.815,smart_meter,send_encrypted_data,334332,0.347,7707.942,true,none,314
2025-12-10 08:06:50.816,smart_meter,send_encrypted_data,334465,0.347,7711.009,true,none,350
2025-12-10 08:06:50.816,smart_meter,send_encrypted_data,334020,0.369,7241.626,true,none,497
2025-12-10 08:06:50.816,smart_meter,send_encrypted_data,334329,1.228,2178.039,true,none,42
2025-12-10 08:06:50.814,smart_meter,send_encrypted_data,334360,0.315,8491.683,true,none,445
2025-12-10 08:06:50.818,smart_meter,send_encrypted_data,334338,6.064,441.079,true,none,486
2025-12-10 08:06:50.820,smart_meter,send_encrypted_data,334173,7.180,372.338,true,none,487
2025-12-10 08:06:50.818,smart_meter,send_encrypted_data,334182,0.399,6700.391,true,none,491
2025-12-10 08:06:50.823,smart_meter,send_encrypted_data,334175,2.891,924.732,true,none,60
2025-12-10 08:06:50.823,smart_meter,send_encrypted_data,333366,0.350,7619.794,true,none,499
2025-12-10 08:06:50.823,smart_meter,send_encrypted_data,334329,2.129,1256.286,true,none,270
2025-12-10 08:06:50.823,smart_meter,send_encrypted_data,334445,2.494,1072.799,true,none,370
2025-12-10 08:06:50.822,smart_meter,send_encrypted_data,334543,4.020,665.757,true,none,138
2025-12-10 08:06:50.824,smart_meter,send_encrypted_data,334333,0.857,3120.961,true,none,500
2025-12-10 08:06:50.821,smart_meter,send_encrypted_data,334417,0.997,2683.386,true,none,371
2025-12-10 08:06:50.824,smart_meter,send_encrypted_data,334448,6.194,431.964,true,none,493
2025-12-10 08:06:50.828,smart_meter,send_encrypted_data,334277,3.334,802.104,true,none,367
2025-12-10 08:06:50.829,smart_meter,send_encrypted_data,334266,2.731,979.175,true,none,211
2025-12-10 08:06:50.829,smart_meter,send_encrypted_data,334019,1.846,1447.536,true,none,305
2025-12-10 08:06:50.829,smart_meter,send_encrypted_data,334441,1.511,1770.700,true,none,225
2025-12-10 08:06:50.831,smart_meter,send_encrypted_data,334118,3.001,890.684,true,none,191
2025-12-10 08:06:50.832,smart_meter,send_encrypted_data,333879,9.254,288.635,true,none,111
2025-12-10 08:06:50.819,smart_meter,send_encrypted_data,334305,0.396,6753.636,true,none,410
2025-12-10 08:06:50.834,smart_meter,send_encrypted_data,334171,0.349,7660.080,true,none,240
2025-12-10 08:06:50.836,smart_meter,send_encrypted_data,334331,0.541,4943.896,true,none,284
2025-12-10 08:06:50.837,smart_meter,send_encrypted_data,334158,0.345,7748.591,true,none,430
2025-12-10 08:06:50.844,smart_meter,send_encrypted_data,334401,2.192,1220.442,true,none,245
2025-12-10 08:06:50.847,smart_meter,send_encrypted_data,334402,1.443,1853.927,true,none,248
2025-12-10 08:06:50.850,smart_meter,send_encrypted_data,334331,1.528,1750.424,true,none,334
2025-12-10 08:06:50.851,smart_meter,send_encrypted_data,334382,0.351,7621.242,true,none,341
2025-12-10 08:06:50.852,smart_meter,send_encrypted_data,334384,0.345,7753.832,true,none,475
2025-12-10 08:06:50.855,smart_meter,send_encrypted_data,334431,0.340,7868.965,true,none,474
2025-12-10 08:06:50.855,smart_meter,send_encrypted_data,334318,2.506,1067.256,true,none,472
2025-12-10 08:06:50.856,smart_meter,send_encrypted_data,334504,1.487,1799.618,true,none,358
2025-12-10 08:06:50.858,smart_meter,send_encrypted_data,334271,0.864,3095.102,true,none,494
2025-12-10 08:06:50.859,smart_meter,send_encrypted_data,334368,0.374,7152.257,true,none,276
2025-12-10 08:06:50.860,smart_meter,send_encrypted_data,334174,1.153,2318.640,true,none,412
2025-12-10 08:06:50.860,smart_meter,send_encrypted_data,334314,0.364,7347.560,true,none,134
2025-12-10 08:06:50.859,smart_meter,send_encrypted_data,334370,7.521,355.665,true,none,387
2025-12-10 08:06:50.859,smart_meter,send_encrypted_data,334340,2.161,1237.723,true,none,377
2025-12-10 08:06:50.862,smart_meter,send_encrypted_data,334481,6.012,445.084,true,none,435
2025-12-10 08:06:50.862,smart_meter,send_encrypted_data,334294,1.322,2022.959,true,none,181
2025-12-10 08:06:50.868,smart_meter,send_encrypted_data,334486,0.489,5472.164,true,none,355
2025-12-10 08:06:50.868,smart_meter,send_encrypted_data,334196,0.581,4601.666,true,none,454
2025-12-10 08:06:50.879,smart_meter,send_encrypted_data,334366,0.423,6323.707,true,none,463
2025-12-10 08:06:50.882,smart_meter,send_encrypted_data,334103,0.946,2825.395,true,none,300
2025-12-10 08:06:50.883,smart_meter,send_encrypted_data,334280,0.643,4159.005,true,none,287
2025-12-10 08:06:50.885,smart_meter,send_encrypted_data,334181,0.364,7344.637,true,none,234
2025-12-10 08:06:50.885,smart_meter,send_encrypted_data,334152,1.074,2489.028,true,none,19
2025-12-10 08:06:50.888,smart_meter,send_encrypted_data,334392,1.203,2223.721,true,none,330
2025-12-10 08:07:55.956,smart_meter,send_encrypted_data,333583,0.646,4131.059,true,none,67
2025-12-10 08:07:55.957,smart_meter,send_encrypted_data,334461,0.359,7453.170,true,none,33
2025-12-10 08:07:55.959,smart_meter,send_encrypted_data,334251,0.355,7532.417,true,none,65
2025-12-10 08:07:55.959,smart_meter,send_encrypted_data,334396,0.364,7349.363,true,none,2
2025-12-10 08:07:55.960,smart_meter,send_encrypted_data,334519,0.372,7193.957,true,none,35
2025-12-10 08:07:55.961,smart_meter,send_encrypted_data,334463,0.957,2795.929,true,none,53
2025-12-10 08:07:55.961,smart_meter,send_encrypted_data,334458,0.354,7558.373,true,none,27
2025-12-10 08:07:55.961,smart_meter,send_encrypted_data,334347,1.356,1972.549,true,none,28
2025-12-10 08:07:55.962,smart_meter,send_encrypted_data,334185,0.399,6700.451,true,none,85
2025-12-10 08:07:55.963,smart_meter,send_encrypted_data,334149,0.449,5953.657,true,none,75
2025-12-10 08:07:55.965,smart_meter,send_encrypted_data,334273,0.358,7469.788,true,none,142
2025-12-10 08:07:55.965,smart_meter,send_encrypted_data,334361,0.387,6911.855,true,none,71
2025-12-10 08:07:55.966,smart_meter,send_encrypted_data,334143,0.361,7404.831,true,none,45
2025-12-10 08:07:55.966,smart_meter,send_encrypted_data,334425,0.433,6178.753,true,none,86
2025-12-10 08:07:55.966,smart_meter,send_encrypted_data,334337,1.824,1466.390,true,none,68
2025-12-10 08:07:55.967,smart_meter,send_encrypted_data,334394,0.418,6399.885,true,none,131
2025-12-10 08:07:55.967,smart_meter,send_encrypted_data,334228,0.399,6701.313,true,none,6
2025-12-10 08:07:55.968,smart_meter,send_encrypted_data,334378,0.412,6492.777,true,none,103
2025-12-10 08:07:55.969,smart_meter,send_encrypted_data,334252,0.393,6804.112,true,none,83
2025-12-10 08:07:55.969,smart_meter,send_encrypted_data,334255,0.407,6570.123,true,none,79
2025-12-10 08:07:55.969,smart_meter,send_encrypted_data,334439,0.407,6573.740,true,none,117
2025-12-10 08:07:55.970,smart_meter,send_encrypted_data,334348,0.392,6823.429,true,none,18
2025-12-10 08:07:55.971,smart_meter,send_encrypted_data,334115,0.386,6924.663,true,none,91
2025-12-10 08:07:55.972,smart_meter,send_encrypted_data,334390,2.050,1304.937,true,none,9
2025-12-10 08:07:55.971,smart_meter,send_encrypted_data,334072,1.573,1699.031,true,none,36
2025-12-10 08:07:55.973,smart_meter,send_encrypted_data,334204,0.376,7110.723,true,none,191
2025-12-10 08:07:55.974,smart_meter,send_encrypted_data,334143,10.002,267.261,true,none,126
2025-12-10 08:07:55.974,smart_meter,send_encrypted_data,334512,0.470,5693.821,true,none,212
2025-12-10 08:07:55.975,smart_meter,send_encrypted_data,334081,0.393,6800.631,true,none,37
2025-12-10 08:07:55.975,smart_meter,send_encrypted_data,334348,0.439,6092.902,true,none,151
2025-12-10 08:07:55.976,smart_meter,send_encrypted_data,334044,1.098,2433.836,true,none,222
2025-12-10 08:07:55.976,smart_meter,send_encrypted_data,334455,0.399,6705.865,true,none,116
2025-12-10 08:07:55.979,smart_meter,send_encrypted_data,334295,0.379,7056.359,true,none,141
2025-12-10 08:07:55.980,smart_meter,send_encrypted_data,334214,1.782,1500.400,true,none,101
2025-12-10 08:07:55.980,smart_meter,send_encrypted_data,334392,0.369,7249.691,true,none,50
2025-12-10 08:07:55.980,smart_meter,send_encrypted_data,334386,1.842,1452.274,true,none,114
2025-12-10 08:07:55.980,smart_meter,send_encrypted_data,334459,0.392,6825.694,true,none,111
2025-12-10 08:07:55.981,smart_meter,send_encrypted_data,334372,1.814,1474.628,true,none,82
2025-12-10 08:07:55.982,smart_meter,send_encrypted_data,334442,0.379,7059.462,true,none,187
2025-12-10 08:07:55.983,smart_meter,send_encrypted_data,334182,11.499,232.495,true,none,41
2025-12-10 08:07:55.983,smart_meter,send_encrypted_data,334026,0.369,7241.756,true,none,5
2025-12-10 08:07:55.984,smart_meter,send_encrypted_data,334139,0.366,7303.585,true,none,29
2025-12-10 08:07:55.984,smart_meter,send_encrypted_data,334508,0.372,7193.720,true,none,119
2025-12-10 08:07:55.984,smart_meter,send_encrypted_data,334093,0.368,7262.891,true,none,52
2025-12-10 08:07:55.985,smart_meter,send_encrypted_data,334376,1.429,1871.944,true,none,102
2025-12-10 08:07:55.985,smart_meter,send_encrypted_data,334326,0.367,7287.760,true,none,184
2025-12-10 08:07:55.986,smart_meter,send_encrypted_data,334429,1.504,1778.878,true,none,107
2025-12-10 08:07:55.986,smart_meter,send_encrypted_data,334154,2.266,1179.714,true,none,296
2025-12-10 08:07:55.987,smart_meter,send_encrypted_data,334127,0.390,6853.887,true,none,31
2025-12-10 08:07:55.987,smart_meter,send_encrypted_data,334454,0.376,7116.043,true,none,215
2025-12-10 08:07:55.987,smart_meter,send_encrypted_data,334156,1.196,2235.157,true,none,25
2025-12-10 08:07:55.986,smart_meter,send_encrypted_data,334491,2.279,1174.168,true,none,309
2025-12-10 08:07:55.988,smart_meter,send_encrypted_data,334246,0.382,6999.916,true,none,173
2025-12-10 08:07:55.989,smart_meter,send_encrypted_data,334321,5.970,448.001,true,none,26
2025-12-10 08:07:55.989,smart_meter,send_encrypted_data,334433,0.401,6671.980,true,none,226
2025-12-10 08:07:55.989,smart_meter,send_encrypted_data,334306,0.387,6910.718,true,none,301
2025-12-10 08:07:55.990,smart_meter,send_encrypted_data,334456,0.384,6967.833,true,none,62
2025-12-10 08:07:55.990,smart_meter,send_encrypted_data,334337,0.385,6947.262,true,none,264
2025-12-10 08:07:55.990,smart_meter,send_encrypted_data,333964,0.352,7590.091,true,none,89
2025-12-10 08:07:55.990,smart_meter,send_encrypted_data,334154,0.385,6943.460,true,none,283
2025-12-10 08:07:55.991,smart_meter,send_encrypted_data,334122,0.373,7166.155,true,none,174
2025-12-10 08:07:55.991,smart_meter,send_encrypted_data,334339,2.641,1012.765,true,none,233
2025-12-10 08:07:55.991,smart_meter,send_encrypted_data,334327,0.364,7347.846,true,none,206
2025-12-10 08:07:55.992,smart_meter,send_encrypted_data,334139,0.368,7263.891,true,none,17
2025-12-10 08:07:55.992,smart_meter,send_encrypted_data,334181,10.426,256.421,true,none,104
2025-12-10 08:07:55.991,smart_meter,send_encrypted_data,334354,4.436,602.983,true,none,269
2025-12-10 08:07:55.992,smart_meter,send_encrypted_data,334403,0.396,6755.616,true,none,266
2025-12-10 08:07:55.993,smart_meter,send_encrypted_data,334234,0.383,6981.389,true,none,137
2025-12-10 08:07:55.993,smart_meter,send_encrypted_data,334106,0.393,6801.140,true,none,8
2025-12-10 08:07:55.993,smart_meter,send_encrypted_data,334093,0.398,6715.437,true,none,178
2025-12-10 08:07:55.994,smart_meter,send_encrypted_data,334148,0.414,6456.966,true,none,92
2025-12-10 08:07:55.994,smart_meter,send_encrypted_data,334389,0.374,7152.706,true,none,223
2025-12-10 08:07:55.994,smart_meter,send_encrypted_data,334067,0.387,6905.778,true,none,162
2025-12-10 08:07:55.995,smart_meter,send_encrypted_data,334212,0.416,6427.154,true,none,293
2025-12-10 08:07:55.995,smart_meter,send_encrypted_data,334352,0.384,6965.667,true,none,153
2025-12-10 08:07:55.996,smart_meter,send_encrypted_data,334222,0.417,6411.933,true,none,152
2025-12-10 08:07:55.997,smart_meter,send_encrypted_data,334427,0.353,7579.082,true,none,182
2025-12-10 08:07:55.997,smart_meter,send_encrypted_data,334102,0.359,7445.170,true,none,259
2025-12-10 08:07:55.997,smart_meter,send_encrypted_data,334294,14.586,183.351,true,none,78
2025-12-10 08:07:55.998,smart_meter,send_encrypted_data,334515,0.362,7392.597,true,none,58
2025-12-10 08:07:55.999,smart_meter,send_encrypted_data,334309,0.361,7408.510,true,none,168
2025-12-10 08:07:55.999,smart_meter,send_encrypted_data,334307,0.395,6770.775,true,none,252
2025-12-10 08:07:55.999,smart_meter,send_encrypted_data,334434,7.797,343.141,true,none,10
2025-12-10 08:07:55.999,smart_meter,send_encrypted_data,334325,0.391,6840.409,true,none,81
2025-12-10 08:07:56.000,smart_meter,send_encrypted_data,334112,2.528,1057.316,true,none,140
2025-12-10 08:07:56.000,smart_meter,send_encrypted_data,334119,0.388,6889.052,true,none,232
2025-12-10 08:07:56.001,smart_meter,send_encrypted_data,334094,0.373,7165.555,true,none,316
2025-12-10 08:07:56.001,smart_meter,send_encrypted_data,334262,8.529,313.530,true,none,66
2025-12-10 08:07:56.002,smart_meter,send_encrypted_data,334052,0.343,7791.300,true,none,61
2025-12-10 08:07:56.002,smart_meter,send_encrypted_data,334388,9.550,280.116,true,none,163
2025-12-10 08:07:56.002,smart_meter,send_encrypted_data,334129,0.372,7185.570,true,none,271
2025-12-10 08:07:56.002,smart_meter,send_encrypted_data,334346,11.008,242.984,true,none,286
2025-12-10 08:07:56.002,smart_meter,send_encrypted_data,334180,1.171,2283.040,true,none,304
2025-12-10 08:07:56.003,smart_meter,send_encrypted_data,334400,0.396,6755.556,true,none,261
2025-12-10 08:07:56.003,smart_meter,send_encrypted_data,334264,2.771,965.035,true,none,167
2025-12-10 08:07:56.003,smart_meter,send_encrypted_data,334388,6.625,403.789,true,none,87
2025-12-10 08:07:56.003,smart_meter,send_encrypted_data,334449,0.400,6688.980,true,none,13
2025-12-10 08:07:56.003,smart_meter,send_encrypted_data,334219,7.615,351.116,true,none,60
2025-12-10 08:07:56.004,smart_meter,send_encrypted_data,334150,0.359,7446.240,true,none,274
2025-12-10 08:07:56.004,smart_meter,send_encrypted_data,334323,0.368,7267.891,true,none,64
2025-12-10 08:07:56.005,smart_meter,send_encrypted_data,334497,7.300,366.572,true,none,97
2025-12-10 08:07:56.005,smart_meter,send_encrypted_data,334199,0.406,6585.202,true,none,211
2025-12-10 08:07:56.005,smart_meter,send_encrypted_data,334293,2.586,1034.162,true,none,46
2025-12-10 08:07:56.005,smart_meter,send_encrypted_data,334174,0.358,7467.575,true,none,7
2025-12-10 08:07:56.005,smart_meter,send_encrypted_data,334368,9.144,292.535,true,none,248
2025-12-10 08:07:56.005,smart_meter,send_encrypted_data,334464,1.584,1689.212,true,none,270
2025-12-10 08:07:56.006,smart_meter,send_encrypted_data,334423,0.350,7643.954,true,none,19
2025-12-10 08:07:56.006,smart_meter,send_encrypted_data,334255,9.197,290.751,true,none,80
2025-12-10 08:07:56.006,smart_meter,send_encrypted_data,334212,9.405,284.285,true,none,227
2025-12-10 08:07:56.007,smart_meter,send_encrypted_data,334292,9.835,271.920,true,none,175
2025-12-10 08:07:56.002,smart_meter,send_encrypted_data,334423,5.455,490.446,true,none,280
2025-12-10 08:07:56.008,smart_meter,send_encrypted_data,333819,0.358,7459.642,true,none,170
2025-12-10 08:07:56.003,smart_meter,send_encrypted_data,334324,6.368,420.005,true,none,38
2025-12-10 08:07:56.011,smart_meter,send_encrypted_data,334241,0.348,7683.701,true,none,121
2025-12-10 08:07:56.011,smart_meter,send_encrypted_data,334439,5.743,465.874,true,none,251
2025-12-10 08:07:56.007,smart_meter,send_encrypted_data,333957,1.460,1829.901,true,none,23
2025-12-10 08:07:56.008,smart_meter,send_encrypted_data,334238,0.341,7841.361,true,none,49
2025-12-10 08:07:56.012,smart_meter,send_encrypted_data,334327,0.392,6823.000,true,none,1
2025-12-10 08:07:56.013,smart_meter,send_encrypted_data,334131,0.401,6665.955,true,none,196
2025-12-10 08:07:56.013,smart_meter,send_encrypted_data,334317,0.417,6413.755,true,none,56
2025-12-10 08:07:56.013,smart_meter,send_encrypted_data,334340,3.949,677.316,true,none,314
2025-12-10 08:07:56.013,smart_meter,send_encrypted_data,334340,3.603,742.359,true,none,229
2025-12-10 08:07:56.014,smart_meter,send_encrypted_data,334379,0.347,7709.026,true,none,305
2025-12-10 08:07:56.014,smart_meter,send_encrypted_data,334409,0.391,6842.128,true,none,59
2025-12-10 08:07:56.015,smart_meter,send_encrypted_data,334481,0.380,7041.705,true,none,105
2025-12-10 08:07:56.015,smart_meter,send_encrypted_data,334223,0.386,6926.902,true,none,24
2025-12-10 08:07:56.015,smart_meter,send_encrypted_data,334261,2.247,1190.070,true,none,48
2025-12-10 08:07:56.016,smart_meter,send_encrypted_data,334521,0.354,7559.797,true,none,199
2025-12-10 08:07:56.016,smart_meter,send_encrypted_data,334440,0.371,7211.644,true,none,284
2025-12-10 08:07:56.016,smart_meter,send_encrypted_data,334295,0.394,6787.716,true,none,40
2025-12-10 08:07:56.017,smart_meter,send_encrypted_data,334413,0.361,7410.814,true,none,74
2025-12-10 08:07:56.017,smart_meter,send_encrypted_data,334094,2.025,1319.878,true,none,39
2025-12-10 08:07:56.017,smart_meter,send_encrypted_data,334211,0.378,7073.249,true,none,20
2025-12-10 08:07:56.018,smart_meter,send_encrypted_data,334187,0.392,6820.143,true,none,118
2025-12-10 08:07:56.018,smart_meter,send_encrypted_data,334192,0.376,7110.468,true,none,76
2025-12-10 08:07:56.018,smart_meter,send_encrypted_data,334264,0.424,6306.868,true,none,22
2025-12-10 08:07:56.019,smart_meter,send_encrypted_data,334343,0.381,7020.325,true,none,108
2025-12-10 08:07:56.019,smart_meter,send_encrypted_data,334177,5.183,515.805,true,none,220
2025-12-10 08:07:56.020,smart_meter,send_encrypted_data,334283,0.377,7093.538,true,none,294
2025-12-10 08:07:56.022,smart_meter,send_encrypted_data,334358,6.406,417.556,true,none,145
2025-12-10 08:07:56.022,smart_meter,send_encrypted_data,334316,0.379,7056.802,true,none,302
2025-12-10 08:07:56.022,smart_meter,send_encrypted_data,334410,0.353,7578.697,true,none,310
2025-12-10 08:07:56.023,smart_meter,send_encrypted_data,334403,0.351,7621.721,true,none,210
2025-12-10 08:07:56.023,smart_meter,send_encrypted_data,334454,0.348,7688.598,true,none,197
2025-12-10 08:07:56.023,smart_meter,send_encrypted_data,334495,0.365,7331.397,true,none,130
2025-12-10 08:07:56.024,smart_meter,send_encrypted_data,334243,0.413,6474.441,true,none,171
2025-12-10 08:07:56.024,smart_meter,send_encrypted_data,334490,0.393,6808.957,true,none,213
2025-12-10 08:07:56.025,smart_meter,send_encrypted_data,334359,0.346,7730.844,true,none,158
2025-12-10 08:07:56.026,smart_meter,send_encrypted_data,334267,0.352,7596.977,true,none,303
2025-12-10 08:07:56.026,smart_meter,send_encrypted_data,334364,0.350,7642.606,true,none,216
2025-12-10 08:07:56.026,smart_meter,send_encrypted_data,334377,0.358,7472.112,true,none,253
2025-12-10 08:07:56.027,smart_meter,send_encrypted_data,334371,0.388,6894.247,true,none,110
2025-12-10 08:07:56.027,smart_meter,send_encrypted_data,334325,0.388,6893.299,true,none,128
2025-12-10 08:07:56.027,smart_meter,send_encrypted_data,334296,0.396,6753.455,true,none,203
2025-12-10 08:07:56.027,smart_meter,send_encrypted_data,333509,11.959,223.102,true,none,207
2025-12-10 08:07:56.028,smart_meter,send_encrypted_data,334385,0.352,7599.659,true,none,11
2025-12-10 08:07:56.028,smart_meter,send_encrypted_data,334301,0.372,7189.269,true,none,96
2025-12-10 08:07:56.028,smart_meter,send_encrypted_data,334084,0.363,7362.733,true,none,47
2025-12-10 08:07:56.028,smart_meter,send_encrypted_data,334355,0.379,7057.625,true,none,77
2025-12-10 08:07:56.029,smart_meter,send_encrypted_data,334498,0.365,7331.463,true,none,143
2025-12-10 08:07:56.029,smart_meter,send_encrypted_data,334461,0.366,7310.623,true,none,200
2025-12-10 08:07:56.029,smart_meter,send_encrypted_data,334458,5.041,530.780,true,none,94
2025-12-10 08:07:56.029,smart_meter,send_encrypted_data,334422,0.348,7687.862,true,none,30
2025-12-10 08:07:56.029,smart_meter,send_encrypted_data,334375,0.360,7430.556,true,none,129
2025-12-10 08:07:56.030,smart_meter,send_encrypted_data,334159,6.484,412.287,true,none,208
2025-12-10 08:07:56.030,smart_meter,send_encrypted_data,334166,0.388,6890.021,true,none,265
2025-12-10 08:07:56.030,smart_meter,send_encrypted_data,334275,8.799,303.921,true,none,123
2025-12-10 08:07:56.030,smart_meter,send_encrypted_data,334135,9.819,272.235,true,none,150
2025-12-10 08:07:56.030,smart_meter,send_encrypted_data,334359,0.378,7076.381,true,none,63
2025-12-10 08:07:56.030,smart_meter,send_encrypted_data,334216,13.791,193.875,true,none,278
2025-12-10 08:07:56.030,smart_meter,send_encrypted_data,333506,0.397,6720.524,true,none,133
2025-12-10 08:07:56.031,smart_meter,send_encrypted_data,334432,0.345,7754.945,true,none,69
2025-12-10 08:07:56.031,smart_meter,send_encrypted_data,334442,0.374,7153.840,true,none,146
2025-12-10 08:07:56.032,smart_meter,send_encrypted_data,334453,0.366,7310.448,true,none,112
2025-12-10 08:07:56.032,smart_meter,send_encrypted_data,334356,0.370,7229.319,true,none,21
2025-12-10 08:07:56.032,smart_meter,send_encrypted_data,334071,0.374,7145.904,true,none,275
2025-12-10 08:07:56.032,smart_meter,send_encrypted_data,333849,0.387,6901.271,true,none,15
2025-12-10 08:07:56.032,smart_meter,send_encrypted_data,334547,0.377,7099.141,true,none,154
2025-12-10 08:07:56.033,smart_meter,send_encrypted_data,334333,0.355,7534.265,true,none,195
2025-12-10 08:07:56.033,smart_meter,send_encrypted_data,334165,0.368,7264.457,true,none,136
2025-12-10 08:07:56.033,smart_meter,send_encrypted_data,333921,0.410,6515.532,true,none,272
2025-12-10 08:07:56.033,smart_meter,send_encrypted_data,334174,21.156,126.366,true,none,236
2025-12-10 08:07:56.033,smart_meter,send_encrypted_data,334412,8.064,331.758,true,none,12
2025-12-10 08:07:56.034,smart_meter,send_encrypted_data,334371,7.721,346.454,true,none,155
2025-12-10 08:07:56.034,smart_meter,send_encrypted_data,334280,13.321,200.754,true,none,289
2025-12-10 08:07:56.034,smart_meter,send_encrypted_data,334150,0.357,7487.955,true,none,267
2025-12-10 08:07:56.034,smart_meter,send_encrypted_data,334268,0.354,7554.079,true,none,124
2025-12-10 08:07:56.035,smart_meter,send_encrypted_data,334148,0.352,7594.273,true,none,186
2025-12-10 08:07:56.035,smart_meter,send_encrypted_data,334192,0.354,7552.362,true,none,205
2025-12-10 08:07:56.036,smart_meter,send_encrypted_data,334500,0.350,7645.714,true,none,230
2025-12-10 08:07:56.036,smart_meter,send_encrypted_data,334367,0.424,6308.811,true,none,100
2025-12-10 08:07:56.036,smart_meter,send_encrypted_data,334336,0.424,6308.226,true,none,169
2025-12-10 08:07:56.037,smart_meter,send_encrypted_data,334310,0.703,3804.381,true,none,159
2025-12-10 08:07:56.037,smart_meter,send_encrypted_data,334176,9.766,273.746,true,none,55
2025-12-10 08:07:56.037,smart_meter,send_encrypted_data,334432,13.488,198.358,true,none,262
2025-12-10 08:07:56.037,smart_meter,send_encrypted_data,334505,13.117,204.013,true,none,149
2025-12-10 08:07:56.038,smart_meter,send_encrypted_data,334177,22.791,117.301,true,none,307
2025-12-10 08:07:56.038,smart_meter,send_encrypted_data,334373,11.430,234.032,true,none,322
2025-12-10 08:07:56.038,smart_meter,send_encrypted_data,334357,0.816,3278.010,true,none,32
2025-12-10 08:07:56.038,smart_meter,send_encrypted_data,334117,0.373,7166.048,true,none,194
2025-12-10 08:07:56.039,smart_meter,send_encrypted_data,334433,0.375,7134.571,true,none,291
2025-12-10 08:07:56.039,smart_meter,send_encrypted_data,333911,12.814,208.466,true,none,308
2025-12-10 08:07:56.039,smart_meter,send_encrypted_data,334439,20.219,132.327,true,none,164
2025-12-10 08:07:56.039,smart_meter,send_encrypted_data,334364,15.552,171.998,true,none,313
2025-12-10 08:07:56.040,smart_meter,send_encrypted_data,334156,11.764,227.240,true,none,193
2025-12-10 08:07:56.040,smart_meter,send_encrypted_data,334069,0.355,7528.315,true,none,90
2025-12-10 08:07:56.040,smart_meter,send_encrypted_data,334126,0.378,7071.450,true,none,70
2025-12-10 08:07:56.040,smart_meter,send_encrypted_data,334452,0.405,6606.459,true,none,279
2025-12-10 08:07:56.041,smart_meter,send_encrypted_data,334104,0.360,7424.533,true,none,54
2025-12-10 08:07:56.041,smart_meter,send_encrypted_data,334443,0.371,7211.709,true,none,115
2025-12-10 08:07:56.041,smart_meter,send_encrypted_data,334472,0.393,6808.590,true,none,138
2025-12-10 08:07:56.041,smart_meter,send_encrypted_data,334048,0.409,6533.946,true,none,201
2025-12-10 08:07:56.041,smart_meter,send_encrypted_data,334156,10.403,256.969,true,none,249
2025-12-10 08:07:56.042,smart_meter,send_encrypted_data,334385,0.385,6948.260,true,none,157
2025-12-10 08:07:56.042,smart_meter,send_encrypted_data,334138,0.391,6836.583,true,none,290
2025-12-10 08:07:56.042,smart_meter,send_encrypted_data,334057,0.387,6905.571,true,none,4
2025-12-10 08:07:56.042,smart_meter,send_encrypted_data,334380,0.648,4128.148,true,none,147
2025-12-10 08:07:56.043,smart_meter,send_encrypted_data,334453,0.373,7173.255,true,none,295
2025-12-10 08:07:56.043,smart_meter,send_encrypted_data,334405,0.690,3877.159,true,none,183
2025-12-10 08:07:56.043,smart_meter,send_encrypted_data,334095,0.376,7108.404,true,none,95
2025-12-10 08:07:56.043,smart_meter,send_encrypted_data,334417,0.359,7452.189,true,none,14
2025-12-10 08:07:56.044,smart_meter,send_encrypted_data,334319,0.359,7450.006,true,none,237
2025-12-10 08:07:56.044,smart_meter,send_encrypted_data,334205,0.355,7531.380,true,none,263
2025-12-10 08:07:56.044,smart_meter,send_encrypted_data,334340,0.373,7170.831,true,none,44
2025-12-10 08:07:56.044,smart_meter,send_encrypted_data,334457,0.379,7059.778,true,none,177
2025-12-10 08:07:56.045,smart_meter,send_encrypted_data,334249,0.339,7887.882,true,none,109
2025-12-10 08:07:56.045,smart_meter,send_encrypted_data,334485,0.366,7311.148,true,none,192
2025-12-10 08:07:56.045,smart_meter,send_encrypted_data,334469,0.408,6558.216,true,none,127
2025-12-10 08:07:56.045,smart_meter,send_encrypted_data,334155,0.398,6716.683,true,none,285
2025-12-10 08:07:56.046,smart_meter,send_encrypted_data,334429,0.361,7411.169,true,none,144
2025-12-10 08:07:56.046,smart_meter,send_encrypted_data,334345,0.378,7076.085,true,none,99
2025-12-10 08:07:56.047,smart_meter,send_encrypted_data,334475,0.406,6590.640,true,none,43
2025-12-10 08:07:56.047,smart_meter,send_encrypted_data,334048,0.406,6582.227,true,none,57
2025-12-10 08:07:56.047,smart_meter,send_encrypted_data,334312,0.362,7388.110,true,none,179
2025-12-10 08:07:56.047,smart_meter,send_encrypted_data,334452,0.367,7290.507,true,none,113
2025-12-10 08:07:56.047,smart_meter,send_encrypted_data,334386,0.389,6876.833,true,none,98
2025-12-10 08:07:56.048,smart_meter,send_encrypted_data,334449,0.356,7515.708,true,none,320
2025-12-10 08:07:56.048,smart_meter,send_encrypted_data,334193,29.741,89.894,true,none,51
2025-12-10 08:07:56.048,smart_meter,send_encrypted_data,334475,0.430,6222.791,true,none,134
2025-12-10 08:07:56.049,smart_meter,send_encrypted_data,334361,13.597,196.726,true,none,42
2025-12-10 08:07:56.049,smart_meter,send_encrypted_data,334340,15.929,167.915,true,none,84
2025-12-10 08:07:56.049,smart_meter,send_encrypted_data,334402,0.367,7289.417,true,none,34
2025-12-10 08:07:56.050,smart_meter,send_encrypted_data,334385,0.358,7472.291,true,none,125
2025-12-10 08:07:56.050,smart_meter,send_encrypted_data,334273,10.432,256.344,true,none,106
2025-12-10 08:07:56.051,smart_meter,send_encrypted_data,334374,0.366,7308.721,true,none,282
2025-12-10 08:07:56.051,smart_meter,send_encrypted_data,334218,0.377,7092.159,true,none,148
2025-12-10 08:07:56.052,smart_meter,send_encrypted_data,334212,3.573,748.306,true,none,257
2025-12-10 08:07:56.052,smart_meter,send_encrypted_data,334248,1.148,2329.254,true,none,241
2025-12-10 08:07:56.051,smart_meter,send_encrypted_data,334470,9.351,286.147,true,none,245
2025-12-10 08:07:56.053,smart_meter,send_encrypted_data,334360,0.353,7577.564,true,none,72
2025-12-10 08:07:56.053,smart_meter,send_encrypted_data,334150,0.384,6961.458,true,none,312
2025-12-10 08:07:56.053,smart_meter,send_encrypted_data,334445,0.405,6606.321,true,none,244
2025-12-10 08:07:56.053,smart_meter,send_encrypted_data,334421,0.391,6842.373,true,none,132
2025-12-10 08:07:56.054,smart_meter,send_encrypted_data,334364,1.488,1797.656,true,none,247
2025-12-10 08:07:56.054,smart_meter,send_encrypted_data,333296,0.380,7016.758,true,none,297
2025-12-10 08:07:56.055,smart_meter,send_encrypted_data,334414,0.404,6622.059,true,none,139
2025-12-10 08:07:56.055,smart_meter,send_encrypted_data,334118,6.641,402.491,true,none,281
2025-12-10 08:07:56.055,smart_meter,send_encrypted_data,333330,0.413,6456.755,true,none,238
2025-12-10 08:07:56.056,smart_meter,send_encrypted_data,334179,0.363,7364.826,true,none,255
2025-12-10 08:07:56.046,smart_meter,send_encrypted_data,334199,0.361,7406.072,true,none,16
2025-12-10 08:07:56.057,smart_meter,send_encrypted_data,334364,9.234,289.681,true,none,165
2025-12-10 08:07:56.058,smart_meter,send_encrypted_data,334495,5.150,519.604,true,none,88
2025-12-10 08:07:56.058,smart_meter,send_encrypted_data,334328,0.356,7512.989,true,none,231
2025-12-10 08:07:56.059,smart_meter,send_encrypted_data,334374,0.340,7867.624,true,none,225
2025-12-10 08:07:56.059,smart_meter,send_encrypted_data,333925,0.463,5769.762,true,none,315
2025-12-10 08:07:56.061,smart_meter,send_encrypted_data,334324,0.389,6875.558,true,none,73
2025-12-10 08:07:56.062,smart_meter,send_encrypted_data,334336,0.418,6398.775,true,none,221
2025-12-10 08:07:56.062,smart_meter,send_encrypted_data,334074,0.413,6471.167,true,none,228
2025-12-10 08:07:56.063,smart_meter,send_encrypted_data,334184,0.342,7817.170,true,none,317
2025-12-10 08:07:56.064,smart_meter,send_encrypted_data,334410,0.371,7210.997,true,none,209
2025-12-10 08:07:56.064,smart_meter,send_encrypted_data,333999,0.356,7505.596,true,none,250
2025-12-10 08:07:56.065,smart_meter,send_encrypted_data,334037,10.524,253.924,true,none,135
2025-12-10 08:07:56.065,smart_meter,send_encrypted_data,334266,0.361,7407.557,true,none,93
2025-12-10 08:07:56.066,smart_meter,send_encrypted_data,334550,13.739,194.803,true,none,3
2025-12-10 08:07:56.066,smart_meter,send_encrypted_data,334447,0.354,7558.124,true,none,298
2025-12-10 08:07:56.066,smart_meter,send_encrypted_data,334372,15.970,167.500,true,none,277
2025-12-10 08:07:56.066,smart_meter,send_encrypted_data,334341,0.387,6911.442,true,none,160
2025-12-10 08:07:56.067,smart_meter,send_encrypted_data,334063,0.342,7814.339,true,none,198
2025-12-10 08:07:56.067,smart_meter,send_encrypted_data,334402,0.361,7410.571,true,none,219
2025-12-10 08:07:56.067,smart_meter,send_encrypted_data,334430,0.386,6931.192,true,none,204
2025-12-10 08:07:56.067,smart_meter,send_encrypted_data,334170,0.437,6117.529,true,none,166
2025-12-10 08:07:56.067,smart_meter,send_encrypted_data,334489,0.413,6479.206,true,none,258
2025-12-10 08:07:56.068,smart_meter,send_encrypted_data,334487,0.348,7689.356,true,none,224
2025-12-10 08:07:56.068,smart_meter,send_encrypted_data,334353,9.359,285.802,true,none,120
2025-12-10 08:07:56.070,smart_meter,send_encrypted_data,334406,2.451,1091.492,true,none,180
2025-12-10 08:07:56.070,smart_meter,send_encrypted_data,334367,0.362,7389.326,true,none,234
2025-12-10 08:07:56.066,smart_meter,send_encrypted_data,334320,15.643,170.975,true,none,218
2025-12-10 08:07:56.070,smart_meter,send_encrypted_data,334365,0.374,7152.193,true,none,235
2025-12-10 08:07:56.071,smart_meter,send_encrypted_data,334170,2.086,1281.572,true,none,318
2025-12-10 08:07:56.071,smart_meter,send_encrypted_data,334095,0.391,6835.703,true,none,254
2025-12-10 08:07:56.071,smart_meter,send_encrypted_data,334325,8.729,306.404,true,none,122
2025-12-10 08:07:56.072,smart_meter,send_encrypted_data,334372,0.658,4065.313,true,none,260
2025-12-10 08:07:56.072,smart_meter,send_encrypted_data,334348,8.406,318.199,true,none,161
2025-12-10 08:07:56.069,smart_meter,send_encrypted_data,334121,7.583,352.495,true,none,202
2025-12-10 08:07:56.072,smart_meter,send_encrypted_data,334429,6.089,439.388,true,none,288
2025-12-10 08:07:56.072,smart_meter,send_encrypted_data,334509,0.414,6463.942,true,none,300
2025-12-10 08:07:56.069,smart_meter,send_encrypted_data,334111,2.979,897.243,true,none,306
2025-12-10 08:07:56.074,smart_meter,send_encrypted_data,334424,0.368,7270.087,true,none,172
2025-12-10 08:07:56.074,smart_meter,send_encrypted_data,334180,0.356,7509.663,true,none,246
2025-12-10 08:07:56.075,smart_meter,send_encrypted_data,334568,1.226,2183.152,true,none,276
2025-12-10 08:07:56.075,smart_meter,send_encrypted_data,334370,0.359,7451.142,true,none,242
2025-12-10 08:07:56.077,smart_meter,send_encrypted_data,334281,0.723,3698.822,true,none,256
2025-12-10 08:07:56.078,smart_meter,send_encrypted_data,334130,10.329,258.790,true,none,181
2025-12-10 08:07:56.078,smart_meter,send_encrypted_data,334319,11.499,232.590,true,none,287
2025-12-10 08:07:56.080,smart_meter,send_encrypted_data,334328,0.335,7983.952,true,none,311
2025-12-10 08:07:56.080,smart_meter,send_encrypted_data,334381,0.372,7190.989,true,none,273
2025-12-10 08:07:56.080,smart_meter,send_encrypted_data,334154,0.359,7446.329,true,none,323
2025-12-10 08:07:56.081,smart_meter,send_encrypted_data,334299,0.403,6636.208,true,none,299
2025-12-10 08:07:56.081,smart_meter,send_encrypted_data,334315,1.565,1708.958,true,none,214
2025-12-10 08:07:56.081,smart_meter,send_encrypted_data,334508,7.324,365.383,true,none,190
2025-12-10 08:07:56.082,smart_meter,send_encrypted_data,334302,18.778,142.423,true,none,185
2025-12-10 08:07:56.082,smart_meter,send_encrypted_data,334460,0.469,5705.075,true,none,319
2025-12-10 08:07:56.083,smart_meter,send_encrypted_data,334464,18.034,148.370,true,none,217
2025-12-10 08:07:56.084,smart_meter,send_encrypted_data,334088,14.966,178.585,true,none,268
2025-12-10 08:07:56.070,smart_meter,send_encrypted_data,334302,0.364,7347.297,true,none,156
2025-12-10 08:07:56.085,smart_meter,send_encrypted_data,334186,0.411,6504.837,true,none,176
2025-12-10 08:07:56.087,smart_meter,send_encrypted_data,334425,2.921,915.919,true,none,239
2025-12-10 08:07:56.088,smart_meter,send_encrypted_data,334345,0.360,7429.889,true,none,321
2025-12-10 08:07:56.092,smart_meter,send_encrypted_data,333471,0.437,6104.732,true,none,325
2025-12-10 08:07:56.095,smart_meter,send_encrypted_data,334470,0.374,7154.439,true,none,337
2025-12-10 08:07:56.096,smart_meter,send_encrypted_data,334399,0.380,7039.979,true,none,333
2025-12-10 08:07:56.103,smart_meter,send_encrypted_data,334444,0.714,3747.272,true,none,328
2025-12-10 08:07:56.104,smart_meter,send_encrypted_data,334098,0.535,4995.858,true,none,339
2025-12-10 08:07:56.104,smart_meter,send_encrypted_data,334232,0.368,7265.913,true,none,188
2025-12-10 08:07:56.106,smart_meter,send_encrypted_data,334336,0.418,6398.775,true,none,326
2025-12-10 08:07:56.107,smart_meter,send_encrypted_data,334084,1.807,1479.066,true,none,341
2025-12-10 08:07:56.107,smart_meter,send_encrypted_data,334109,0.350,7636.777,true,none,292
2025-12-10 08:07:56.108,smart_meter,send_encrypted_data,334139,0.524,5101.359,true,none,344
2025-12-10 08:07:56.113,smart_meter,send_encrypted_data,334353,0.349,7664.252,true,none,346
2025-12-10 08:07:56.114,smart_meter,send_encrypted_data,334276,0.380,7037.389,true,none,329
2025-12-10 08:07:56.115,smart_meter,send_encrypted_data,334324,0.343,7797.644,true,none,359
2025-12-10 08:07:56.117,smart_meter,send_encrypted_data,334480,5.532,483.702,true,none,335
2025-12-10 08:07:56.117,smart_meter,send_encrypted_data,334111,0.366,7302.973,true,none,396
2025-12-10 08:07:56.119,smart_meter,send_encrypted_data,334093,0.421,6348.561,true,none,389
2025-12-10 08:07:56.119,smart_meter,send_encrypted_data,334265,0.359,7448.802,true,none,406
2025-12-10 08:07:56.122,smart_meter,send_encrypted_data,334010,0.374,7144.599,true,none,374
2025-12-10 08:07:56.123,smart_meter,send_encrypted_data,333303,0.354,7532.271,true,none,340
2025-12-10 08:07:56.125,smart_meter,send_encrypted_data,334355,0.384,6965.729,true,none,386
2025-12-10 08:07:56.125,smart_meter,send_encrypted_data,334262,1.452,1841.664,true,none,324
2025-12-10 08:07:56.126,smart_meter,send_encrypted_data,334145,0.426,6275.023,true,none,350
2025-12-10 08:07:56.126,smart_meter,send_encrypted_data,334456,0.404,6622.891,true,none,376
2025-12-10 08:07:56.126,smart_meter,send_encrypted_data,333925,0.381,7011.549,true,none,421
2025-12-10 08:07:56.126,smart_meter,send_encrypted_data,334475,0.383,6986.423,true,none,388
2025-12-10 08:07:56.127,smart_meter,send_encrypted_data,334134,1.166,2292.515,true,none,366
2025-12-10 08:07:56.128,smart_meter,send_encrypted_data,334491,0.341,7847.296,true,none,385
2025-12-10 08:07:56.128,smart_meter,send_encrypted_data,334211,0.356,7510.360,true,none,331
2025-12-10 08:07:56.129,smart_meter,send_encrypted_data,334452,0.360,7432.267,true,none,240
2025-12-10 08:07:56.132,smart_meter,send_encrypted_data,334313,0.716,3735.341,true,none,336
2025-12-10 08:07:56.133,smart_meter,send_encrypted_data,334506,0.319,8388.865,true,none,355
2025-12-10 08:07:56.134,smart_meter,send_encrypted_data,334438,0.363,7370.534,true,none,414
2025-12-10 08:07:56.135,smart_meter,send_encrypted_data,334230,0.371,7207.116,true,none,457
2025-12-10 08:07:56.136,smart_meter,send_encrypted_data,334358,0.359,7450.875,true,none,397
2025-12-10 08:07:56.138,smart_meter,send_encrypted_data,334104,0.362,7383.514,true,none,384
2025-12-10 08:07:56.139,smart_meter,send_encrypted_data,334311,0.386,6928.725,true,none,404
2025-12-10 08:07:56.140,smart_meter,send_encrypted_data,334318,0.352,7598.136,true,none,419
2025-12-10 08:07:56.140,smart_meter,send_encrypted_data,334094,0.347,7702.455,true,none,410
2025-12-10 08:07:56.141,smart_meter,send_encrypted_data,334413,0.422,6339.583,true,none,409
2025-12-10 08:07:56.143,smart_meter,send_encrypted_data,334005,0.349,7656.275,true,none,327
2025-12-10 08:07:56.144,smart_meter,send_encrypted_data,334174,0.385,6943.875,true,none,338
2025-12-10 08:07:56.144,smart_meter,send_encrypted_data,334402,0.378,7077.291,true,none,416
2025-12-10 08:07:56.145,smart_meter,send_encrypted_data,334028,0.361,7402.283,true,none,360
2025-12-10 08:07:56.146,smart_meter,send_encrypted_data,334410,0.345,7754.435,true,none,387
2025-12-10 08:07:56.147,smart_meter,send_encrypted_data,334070,0.305,8762.492,true,none,243
2025-12-10 08:07:56.147,smart_meter,send_encrypted_data,334276,0.542,4933.963,true,none,402
2025-12-10 08:07:56.148,smart_meter,send_encrypted_data,334399,0.591,4526.552,true,none,345
2025-12-10 08:07:56.149,smart_meter,send_encrypted_data,334359,0.371,7209.898,true,none,442
2025-12-10 08:07:56.150,smart_meter,send_encrypted_data,334391,1.400,1910.806,true,none,443
2025-12-10 08:07:56.151,smart_meter,send_encrypted_data,334371,1.061,2521.176,true,none,392
2025-12-10 08:07:56.152,smart_meter,send_encrypted_data,334156,0.429,6231.347,true,none,394
2025-12-10 08:07:56.152,smart_meter,send_encrypted_data,334404,0.445,6011.757,true,none,455
2025-12-10 08:07:56.152,smart_meter,send_encrypted_data,334131,0.322,8301.391,true,none,332
2025-12-10 08:07:56.153,smart_meter,send_encrypted_data,334343,0.379,7057.372,true,none,370
2025-12-10 08:07:56.154,smart_meter,send_encrypted_data,334392,0.348,7687.172,true,none,436
2025-12-10 08:07:56.158,smart_meter,send_encrypted_data,334181,0.380,7035.389,true,none,380
2025-12-10 08:07:56.159,smart_meter,send_encrypted_data,334092,0.376,7108.340,true,none,375
2025-12-10 08:07:56.160,smart_meter,send_encrypted_data,334448,0.351,7622.746,true,none,493
2025-12-10 08:07:56.160,smart_meter,send_encrypted_data,333731,0.380,7025.916,true,none,372
2025-12-10 08:07:56.161,smart_meter,send_encrypted_data,334431,0.367,7290.049,true,none,469
2025-12-10 08:07:56.162,smart_meter,send_encrypted_data,334082,3.999,668.331,true,none,425
2025-12-10 08:07:56.162,smart_meter,send_encrypted_data,334253,3.568,749.446,true,none,330
2025-12-10 08:07:56.164,smart_meter,send_encrypted_data,334078,0.408,6550.549,true,none,413
2025-12-10 08:07:56.161,smart_meter,send_encrypted_data,334051,0.374,7145.476,true,none,440
2025-12-10 08:07:56.165,smart_meter,send_encrypted_data,333732,0.340,7852.518,true,none,391
2025-12-10 08:07:56.166,smart_meter,send_encrypted_data,333938,2.040,1309.561,true,none,490
2025-12-10 08:07:56.166,smart_meter,send_encrypted_data,334483,0.361,7412.366,true,none,496
2025-12-10 08:07:56.166,smart_meter,send_encrypted_data,334430,7.136,374.922,true,none,481
2025-12-10 08:07:56.168,smart_meter,send_encrypted_data,334138,0.338,7908.592,true,none,399
2025-12-10 08:07:56.169,smart_meter,send_encrypted_data,333798,0.376,7102.085,true,none,365
2025-12-10 08:07:56.169,smart_meter,send_encrypted_data,334372,0.350,7642.789,true,none,428
2025-12-10 08:07:56.169,smart_meter,send_encrypted_data,334383,0.366,7308.918,true,none,456
2025-12-10 08:07:56.170,smart_meter,send_encrypted_data,334457,0.347,7710.824,true,none,378
2025-12-10 08:07:56.170,smart_meter,send_encrypted_data,334340,0.338,7913.373,true,none,427
2025-12-10 08:07:56.171,smart_meter,send_encrypted_data,334254,0.338,7911.337,true,none,351
2025-12-10 08:07:56.171,smart_meter,send_encrypted_data,334006,0.426,6272.413,true,none,381
2025-12-10 08:07:56.172,smart_meter,send_encrypted_data,334078,0.350,7636.069,true,none,347
2025-12-10 08:07:56.173,smart_meter,send_encrypted_data,334518,0.355,7538.434,true,none,474
2025-12-10 08:07:56.173,smart_meter,send_encrypted_data,334065,0.412,6486.699,true,none,403
2025-12-10 08:07:56.174,smart_meter,send_encrypted_data,334025,3.182,839.786,true,none,444
2025-12-10 08:07:56.177,smart_meter,send_encrypted_data,334204,0.368,7265.304,true,none,400
2025-12-10 08:07:56.177,smart_meter,send_encrypted_data,334243,16.476,162.293,true,none,448
2025-12-10 08:07:56.177,smart_meter,send_encrypted_data,333989,6.885,388.077,true,none,439
2025-12-10 08:07:56.177,smart_meter,send_encrypted_data,334491,1.467,1824.082,true,none,357
2025-12-10 08:07:56.175,smart_meter,send_encrypted_data,334540,2.748,973.916,true,none,452
2025-12-10 08:07:56.178,smart_meter,send_encrypted_data,334419,11.220,238.445,true,none,369
2025-12-10 08:07:56.178,smart_meter,send_encrypted_data,334171,0.359,7446.708,true,none,343
2025-12-10 08:07:56.179,smart_meter,send_encrypted_data,333939,0.369,7239.870,true,none,486
2025-12-10 08:07:56.179,smart_meter,send_encrypted_data,334187,0.436,6131.872,true,none,434
2025-12-10 08:07:56.180,smart_meter,send_encrypted_data,334271,3.394,787.910,true,none,460
2025-12-10 08:07:56.181,smart_meter,send_encrypted_data,334442,6.515,410.673,true,none,418
2025-12-10 08:07:56.179,smart_meter,send_encrypted_data,334262,8.956,298.582,true,none,422
2025-12-10 08:07:56.181,smart_meter,send_encrypted_data,333998,0.340,7858.776,true,none,334
2025-12-10 08:07:56.181,smart_meter,send_encrypted_data,334014,1.531,1745.338,true,none,472
2025-12-10 08:07:56.182,smart_meter,send_encrypted_data,334271,9.895,270.254,true,none,498
2025-12-10 08:07:56.182,smart_meter,send_encrypted_data,334152,0.356,7509.034,true,none,358
2025-12-10 08:07:56.182,smart_meter,send_encrypted_data,334388,18.294,146.228,true,none,420
2025-12-10 08:07:56.184,smart_meter,send_encrypted_data,334331,0.350,7641.851,true,none,482
2025-12-10 08:07:56.184,smart_meter,send_encrypted_data,334284,20.308,131.686,true,none,390
2025-12-10 08:07:56.185,smart_meter,send_encrypted_data,334428,1.484,1802.846,true,none,478
2025-12-10 08:07:56.185,smart_meter,send_encrypted_data,334415,0.439,6094.123,true,none,471
2025-12-10 08:07:56.186,smart_meter,send_encrypted_data,334321,0.370,7228.562,true,none,437
2025-12-10 08:07:56.187,smart_meter,send_encrypted_data,334394,2.676,999.683,true,none,445
2025-12-10 08:07:56.188,smart_meter,send_encrypted_data,334182,7.885,339.056,true,none,431
2025-12-10 08:07:56.188,smart_meter,send_encrypted_data,334344,5.438,491.863,true,none,464
2025-12-10 08:07:56.189,smart_meter,send_encrypted_data,334235,0.381,7018.058,true,none,348
2025-12-10 08:07:56.189,smart_meter,send_encrypted_data,334439,19.776,135.291,true,none,401
2025-12-10 08:07:56.189,smart_meter,send_encrypted_data,334248,0.371,7207.504,true,none,383
2025-12-10 08:07:56.190,smart_meter,send_encrypted_data,334273,0.537,4979.858,true,none,405
2025-12-10 08:07:56.190,smart_meter,send_encrypted_data,334448,2.050,1305.163,true,none,450
2025-12-10 08:07:56.190,smart_meter,send_encrypted_data,334366,1.292,2070.378,true,none,438
2025-12-10 08:07:56.190,smart_meter,send_encrypted_data,334085,3.118,857.178,true,none,483
2025-12-10 08:07:56.175,smart_meter,send_encrypted_data,334543,0.389,6880.062,true,none,467
2025-12-10 08:07:56.191,smart_meter,send_encrypted_data,334146,0.348,7681.517,true,none,476
2025-12-10 08:07:56.191,smart_meter,send_encrypted_data,334385,0.367,7289.046,true,none,377
2025-12-10 08:07:56.192,smart_meter,send_encrypted_data,334286,0.358,7470.078,true,none,485
2025-12-10 08:07:56.192,smart_meter,send_encrypted_data,334441,2.823,947.761,true,none,447
2025-12-10 08:07:56.194,smart_meter,send_encrypted_data,334198,0.359,7447.309,true,none,361
2025-12-10 08:07:56.194,smart_meter,send_encrypted_data,334285,0.364,7346.923,true,none,408
2025-12-10 08:07:56.194,smart_meter,send_encrypted_data,334198,6.456,414.124,true,none,463
2025-12-10 08:07:56.195,smart_meter,send_encrypted_data,334198,0.420,6365.676,true,none,398
2025-12-10 08:07:56.195,smart_meter,send_encrypted_data,334383,0.379,7058.216,true,none,424
2025-12-10 08:07:56.195,smart_meter,send_encrypted_data,334421,1.758,1521.825,true,none,492
2025-12-10 08:07:56.193,smart_meter,send_encrypted_data,334338,0.389,6875.846,true,none,395
2025-12-10 08:07:56.196,smart_meter,send_encrypted_data,334522,0.417,6417.688,true,none,349
2025-12-10 08:07:56.196,smart_meter,send_encrypted_data,334498,0.417,6417.228,true,none,342
2025-12-10 08:07:56.197,smart_meter,send_encrypted_data,334116,0.332,8050.988,true,none,352
2025-12-10 08:07:56.197,smart_meter,send_encrypted_data,334203,0.381,7017.386,true,none,453
2025-12-10 08:07:56.176,smart_meter,send_encrypted_data,334152,0.351,7616.000,true,none,411
2025-12-10 08:07:56.198,smart_meter,send_encrypted_data,334132,3.713,719.918,true,none,446
2025-12-10 08:07:56.198,smart_meter,send_encrypted_data,334349,0.406,6588.158,true,none,371
2025-12-10 08:07:56.191,smart_meter,send_encrypted_data,334369,0.388,6894.206,true,none,449
2025-12-10 08:07:56.200,smart_meter,send_encrypted_data,334196,8.072,331.215,true,none,356
2025-12-10 08:07:56.176,smart_meter,send_encrypted_data,334455,0.353,7579.717,true,none,417
2025-12-10 08:07:56.201,smart_meter,send_encrypted_data,334131,7.847,340.646,true,none,354
2025-12-10 08:07:56.202,smart_meter,send_encrypted_data,334365,0.355,7534.986,true,none,382
2025-12-10 08:07:56.202,smart_meter,send_encrypted_data,334416,2.899,922.845,true,none,429
2025-12-10 08:07:56.203,smart_meter,send_encrypted_data,334293,0.398,6719.457,true,none,451
2025-12-10 08:07:56.203,smart_meter,send_encrypted_data,334132,0.374,7147.209,true,none,353
2025-12-10 08:07:56.203,smart_meter,send_encrypted_data,334059,10.675,250.349,true,none,368
2025-12-10 08:07:56.176,smart_meter,send_encrypted_data,334079,0.365,7322.279,true,none,407
2025-12-10 08:07:56.204,smart_meter,send_encrypted_data,334363,0.418,6399.292,true,none,426
2025-12-10 08:07:56.204,smart_meter,send_encrypted_data,334451,0.423,6325.314,true,none,495
2025-12-10 08:07:56.204,smart_meter,send_encrypted_data,334341,3.462,772.596,true,none,433
2025-12-10 08:07:56.204,smart_meter,send_encrypted_data,334332,0.368,7268.087,true,none,475
2025-12-10 08:07:56.176,smart_meter,send_encrypted_data,334419,5.104,524.168,true,none,458
2025-12-10 08:07:56.205,smart_meter,send_encrypted_data,334480,0.386,6932.228,true,none,393
2025-12-10 08:07:56.205,smart_meter,send_encrypted_data,334446,5.025,532.451,true,none,500
2025-12-10 08:07:56.206,smart_meter,send_encrypted_data,334425,4.879,548.350,true,none,373
2025-12-10 08:07:56.205,smart_meter,send_encrypted_data,334378,3.817,700.818,true,none,430
2025-12-10 08:07:56.206,smart_meter,send_encrypted_data,333817,0.362,7377.171,true,none,435
2025-12-10 08:07:56.207,smart_meter,send_encrypted_data,334091,0.382,6996.670,true,none,364
2025-12-10 08:07:56.207,smart_meter,send_encrypted_data,334338,0.350,7642.011,true,none,379
2025-12-10 08:07:56.207,smart_meter,send_encrypted_data,334117,0.355,7529.397,true,none,470
2025-12-10 08:07:56.177,smart_meter,send_encrypted_data,334163,1.206,2216.670,true,none,189
2025-12-10 08:07:56.208,smart_meter,send_encrypted_data,333838,6.380,418.606,true,none,415
2025-12-10 08:07:56.208,smart_meter,send_encrypted_data,334493,2.345,1141.128,true,none,367
2025-12-10 08:07:56.188,smart_meter,send_encrypted_data,334325,0.424,6308.019,true,none,466
2025-12-10 08:07:56.209,smart_meter,send_encrypted_data,334296,0.623,4292.726,true,none,362
2025-12-10 08:07:56.210,smart_meter,send_encrypted_data,333797,0.353,7564.805,true,none,462
2025-12-10 08:07:56.210,smart_meter,send_encrypted_data,334494,0.358,7474.726,true,none,477
2025-12-10 08:07:56.210,smart_meter,send_encrypted_data,334276,1.298,2060.253,true,none,363
2025-12-10 08:07:56.211,smart_meter,send_encrypted_data,334400,2.150,1244.279,true,none,459
2025-12-10 08:07:56.212,smart_meter,send_encrypted_data,334268,0.429,6233.436,true,none,412
2025-12-10 08:07:56.212,smart_meter,send_encrypted_data,334007,0.544,4911.868,true,none,480
2025-12-10 08:07:56.213,smart_meter,send_encrypted_data,334380,0.901,2968.968,true,none,499
2025-12-10 08:07:56.213,smart_meter,send_encrypted_data,334411,0.355,7536.023,true,none,423
2025-12-10 08:07:56.214,smart_meter,send_encrypted_data,333865,1.891,1412.438,true,none,441
2025-12-10 08:07:56.214,smart_meter,send_encrypted_data,334116,0.725,3686.797,true,none,432
2025-12-10 08:07:56.215,smart_meter,send_encrypted_data,334330,0.358,7471.061,true,none,497
2025-12-10 08:07:56.214,smart_meter,send_encrypted_data,334396,0.847,3158.404,true,none,489
2025-12-10 08:07:56.218,smart_meter,send_encrypted_data,334375,0.490,5459.184,true,none,484
2025-12-10 08:07:56.219,smart_meter,send_encrypted_data,334456,0.807,3315.549,true,none,479
2025-12-10 08:07:56.221,smart_meter,send_encrypted_data,334423,0.428,6250.897,true,none,468
2025-12-10 08:07:56.223,smart_meter,send_encrypted_data,334543,0.398,6724.482,true,none,454
2025-12-10 08:07:56.224,smart_meter,send_encrypted_data,334346,1.306,2048.061,true,none,494
2025-12-10 08:07:56.224,smart_meter,send_encrypted_data,334323,0.369,7248.195,true,none,473
2025-12-10 08:07:56.225,smart_meter,send_encrypted_data,334429,0.488,5482.443,true,none,487
2025-12-10 08:07:56.225,smart_meter,send_encrypted_data,334405,0.382,7003.246,true,none,461
2025-12-10 08:07:56.225,smart_meter,send_encrypted_data,334349,0.405,6604.425,true,none,465
2025-12-10 08:07:56.225,smart_meter,send_encrypted_data,334426,2.677,999.405,true,none,491
2025-12-10 08:07:56.227,smart_meter,send_encrypted_data,334312,0.347,7707.481,true,none,488
2025-12-10 08:09:01.234,smart_meter,send_encrypted_data,334257,0.398,6718.734,true,none,3
2025-12-10 08:09:01.236,smart_meter,send_encrypted_data,334371,0.654,4090.165,true,none,43
2025-12-10 08:09:01.237,smart_meter,send_encrypted_data,334348,0.363,7368.551,true,none,32
2025-12-10 08:09:01.237,smart_meter,send_encrypted_data,334168,1.069,2500.790,true,none,16
2025-12-10 08:09:01.239,smart_meter,send_encrypted_data,334319,0.394,6788.203,true,none,4
2025-12-10 08:09:01.240,smart_meter,send_encrypted_data,334401,0.434,6164.074,true,none,57
2025-12-10 08:09:01.244,smart_meter,send_encrypted_data,334089,2.251,1187.344,true,none,54
2025-12-10 08:09:01.246,smart_meter,send_encrypted_data,334393,0.396,6755.414,true,none,88
2025-12-10 08:09:01.246,smart_meter,send_encrypted_data,334142,0.391,6836.665,true,none,28
2025-12-10 08:09:01.248,smart_meter,send_encrypted_data,334315,0.404,6620.099,true,none,14
2025-12-10 08:09:01.250,smart_meter,send_encrypted_data,334171,0.366,7304.284,true,none,122
2025-12-10 08:09:01.255,smart_meter,send_encrypted_data,334046,0.378,7069.757,true,none,176
2025-12-10 08:09:01.255,smart_meter,send_encrypted_data,334206,0.354,7552.678,true,none,120
2025-12-10 08:09:01.255,smart_meter,send_encrypted_data,334144,0.377,7090.589,true,none,165
2025-12-10 08:09:01.256,smart_meter,send_encrypted_data,334143,0.394,6784.629,true,none,75
2025-12-10 08:09:01.260,smart_meter,send_encrypted_data,334409,0.354,7557.266,true,none,73
2025-12-10 08:09:01.261,smart_meter,send_encrypted_data,334309,0.370,7228.303,true,none,202
2025-12-10 08:09:01.261,smart_meter,send_encrypted_data,334324,0.369,7248.217,true,none,126
2025-12-10 08:09:01.262,smart_meter,send_encrypted_data,334358,0.355,7534.828,true,none,224
2025-12-10 08:09:01.264,smart_meter,send_encrypted_data,334114,0.353,7571.989,true,none,27
2025-12-10 08:09:01.264,smart_meter,send_encrypted_data,334354,0.373,7171.131,true,none,228
2025-12-10 08:09:01.265,smart_meter,send_encrypted_data,334418,0.407,6573.327,true,none,29
2025-12-10 08:09:01.269,smart_meter,send_encrypted_data,334470,0.383,6986.319,true,none,36
2025-12-10 08:09:01.270,smart_meter,send_encrypted_data,334323,7.117,375.802,true,none,34
2025-12-10 08:09:01.270,smart_meter,send_encrypted_data,334360,0.356,7513.708,true,none,37
2025-12-10 08:09:01.271,smart_meter,send_encrypted_data,334396,0.472,5667.729,true,none,166
2025-12-10 08:09:01.271,smart_meter,send_encrypted_data,334453,0.410,6525.912,true,none,102
2025-12-10 08:09:01.271,smart_meter,send_encrypted_data,334251,0.397,6735.537,true,none,35
2025-12-10 08:09:01.271,smart_meter,send_encrypted_data,334163,0.416,6426.212,true,none,380
2025-12-10 08:09:01.271,smart_meter,send_encrypted_data,334258,1.195,2237.710,true,none,131
2025-12-10 08:09:01.272,smart_meter,send_encrypted_data,334460,0.366,7310.601,true,none,41
2025-12-10 08:09:01.272,smart_meter,send_encrypted_data,334396,0.386,6930.487,true,none,411
2025-12-10 08:09:01.272,smart_meter,send_encrypted_data,334295,0.584,4579.384,true,none,86
2025-12-10 08:09:01.273,smart_meter,send_encrypted_data,333311,0.368,7245.891,true,none,31
2025-12-10 08:09:01.273,smart_meter,send_encrypted_data,333878,0.349,7653.364,true,none,45
2025-12-10 08:09:01.273,smart_meter,send_encrypted_data,334384,0.399,6704.441,true,none,53
2025-12-10 08:09:01.274,smart_meter,send_encrypted_data,334377,0.394,6789.381,true,none,300
2025-12-10 08:09:01.274,smart_meter,send_encrypted_data,334329,5.995,446.144,true,none,217
2025-12-10 08:09:01.274,smart_meter,send_encrypted_data,334055,0.390,6852.410,true,none,18
2025-12-10 08:09:01.276,smart_meter,send_encrypted_data,334386,0.386,6930.280,true,none,214
2025-12-10 08:09:01.278,smart_meter,send_encrypted_data,334085,0.747,3577.885,true,none,276
2025-12-10 08:09:01.278,smart_meter,send_encrypted_data,334543,0.361,7413.695,true,none,246
2025-12-10 08:09:01.278,smart_meter,send_encrypted_data,334311,0.367,7287.433,true,none,85
2025-12-10 08:09:01.279,smart_meter,send_encrypted_data,334398,0.362,7390.011,true,none,117
2025-12-10 08:09:01.279,smart_meter,send_encrypted_data,334422,0.355,7536.270,true,none,33
2025-12-10 08:09:01.280,smart_meter,send_encrypted_data,334374,0.403,6637.697,true,none,323
2025-12-10 08:09:01.281,smart_meter,send_encrypted_data,334350,0.361,7409.418,true,none,357
2025-12-10 08:09:01.281,smart_meter,send_encrypted_data,334337,19.132,139.802,true,none,250
2025-12-10 08:09:01.281,smart_meter,send_encrypted_data,334116,0.399,6699.068,true,none,381
2025-12-10 08:09:01.281,smart_meter,send_encrypted_data,334162,1.803,1482.693,true,none,91
2025-12-10 08:09:01.282,smart_meter,send_encrypted_data,334262,0.354,7553.944,true,none,114
2025-12-10 08:09:01.282,smart_meter,send_encrypted_data,334200,15.208,175.802,true,none,68
2025-12-10 08:09:01.283,smart_meter,send_encrypted_data,334485,0.357,7495.462,true,none,9
2025-12-10 08:09:01.283,smart_meter,send_encrypted_data,334461,0.373,7173.426,true,none,71
2025-12-10 08:09:01.283,smart_meter,send_encrypted_data,334334,8.164,327.618,true,none,390
2025-12-10 08:09:01.284,smart_meter,send_encrypted_data,334364,20.957,127.638,true,none,401
2025-12-10 08:09:01.284,smart_meter,send_encrypted_data,334368,2.210,1210.382,true,none,2
2025-12-10 08:09:01.284,smart_meter,send_encrypted_data,334141,0.416,6425.788,true,none,311
2025-12-10 08:09:01.284,smart_meter,send_encrypted_data,334446,0.384,6967.625,true,none,318
2025-12-10 08:09:01.286,smart_meter,send_encrypted_data,334266,0.358,7469.631,true,none,242
2025-12-10 08:09:01.286,smart_meter,send_encrypted_data,334058,0.390,6852.472,true,none,26
2025-12-10 08:09:01.286,smart_meter,send_encrypted_data,334455,0.372,7192.581,true,none,5
2025-12-10 08:09:01.287,smart_meter,send_encrypted_data,334197,19.677,135.873,true,none,399
2025-12-10 08:09:01.287,smart_meter,send_encrypted_data,334293,16.332,163.749,true,none,198
2025-12-10 08:09:01.287,smart_meter,send_encrypted_data,334468,0.420,6370.819,true,none,330
2025-12-10 08:09:01.287,smart_meter,send_encrypted_data,334455,0.432,6193.611,true,none,50
2025-12-10 08:09:01.288,smart_meter,send_encrypted_data,334279,6.799,393.327,true,none,67
2025-12-10 08:09:01.288,smart_meter,send_encrypted_data,334382,0.357,7493.154,true,none,168
2025-12-10 08:09:01.288,smart_meter,send_encrypted_data,334387,7.430,360.040,true,none,104
2025-12-10 08:09:01.289,smart_meter,send_encrypted_data,334354,20.860,128.228,true,none,65
2025-12-10 08:09:01.289,smart_meter,send_encrypted_data,334412,0.389,6877.368,true,none,163
2025-12-10 08:09:01.289,smart_meter,send_encrypted_data,334491,0.367,7291.357,true,none,180
2025-12-10 08:09:01.289,smart_meter,send_encrypted_data,334301,0.379,7056.485,true,none,189
2025-12-10 08:09:01.290,smart_meter,send_encrypted_data,334366,26.754,99.982,true,none,93
2025-12-10 08:09:01.290,smart_meter,send_encrypted_data,334150,3.953,676.246,true,none,222
2025-12-10 08:09:01.290,smart_meter,send_encrypted_data,334298,3.596,743.711,true,none,89
2025-12-10 08:09:01.290,smart_meter,send_encrypted_data,334437,4.347,615.481,true,none,334
2025-12-10 08:09:01.290,smart_meter,send_encrypted_data,334185,0.366,7304.590,true,none,378
2025-12-10 08:09:01.291,smart_meter,send_encrypted_data,334392,2.262,1182.642,true,none,219
2025-12-10 08:09:01.291,smart_meter,send_encrypted_data,334063,2.756,969.704,true,none,52
2025-12-10 08:09:01.291,smart_meter,send_encrypted_data,334285,0.350,7640.800,true,none,101
2025-12-10 08:09:01.291,smart_meter,send_encrypted_data,334309,0.373,7170.166,true,none,252
2025-12-10 08:09:01.291,smart_meter,send_encrypted_data,334359,0.387,6911.814,true,none,78
2025-12-10 08:09:01.292,smart_meter,send_encrypted_data,334034,9.699,275.520,true,none,25
2025-12-10 08:09:01.292,smart_meter,send_encrypted_data,334084,7.960,335.763,true,none,235
2025-12-10 08:09:01.292,smart_meter,send_encrypted_data,334213,1.276,2095.379,true,none,319
2025-12-10 08:09:01.293,smart_meter,send_encrypted_data,334408,0.382,7003.309,true,none,116
2025-12-10 08:09:01.293,smart_meter,send_encrypted_data,334297,0.615,4348.579,true,none,6
2025-12-10 08:09:01.293,smart_meter,send_encrypted_data,334406,0.425,6294.701,true,none,223
2025-12-10 08:09:01.293,smart_meter,send_encrypted_data,334271,0.381,7018.814,true,none,233
2025-12-10 08:09:01.295,smart_meter,send_encrypted_data,333832,0.391,6830.322,true,none,358
2025-12-10 08:09:01.295,smart_meter,send_encrypted_data,334123,0.373,7166.177,true,none,239
2025-12-10 08:09:01.296,smart_meter,send_encrypted_data,334104,0.379,7052.327,true,none,321
2025-12-10 08:09:01.296,smart_meter,send_encrypted_data,334318,0.356,7512.764,true,none,361
2025-12-10 08:09:01.296,smart_meter,send_encrypted_data,334457,2.113,1266.283,true,none,82
2025-12-10 08:09:01.297,smart_meter,send_encrypted_data,334308,0.462,5788.883,true,none,309
2025-12-10 08:09:01.297,smart_meter,send_encrypted_data,334345,0.604,4428.411,true,none,10
2025-12-10 08:09:01.297,smart_meter,send_encrypted_data,334483,0.399,6706.426,true,none,187
2025-12-10 08:09:01.298,smart_meter,send_encrypted_data,334398,0.343,7799.370,true,none,191
2025-12-10 08:09:01.299,smart_meter,send_encrypted_data,334313,0.363,7367.780,true,none,178
2025-12-10 08:09:01.300,smart_meter,send_encrypted_data,334482,0.374,7154.695,true,none,17
2025-12-10 08:09:01.300,smart_meter,send_encrypted_data,334369,0.374,7152.278,true,none,254
2025-12-10 08:09:01.300,smart_meter,send_encrypted_data,334113,0.346,7725.156,true,none,206
2025-12-10 08:09:01.300,smart_meter,send_encrypted_data,334320,0.383,6983.185,true,none,119
2025-12-10 08:09:01.300,smart_meter,send_encrypted_data,334375,4.672,572.560,true,none,368
2025-12-10 08:09:01.301,smart_meter,send_encrypted_data,334369,0.390,6858.851,true,none,97
2025-12-10 08:09:01.301,smart_meter,send_encrypted_data,334316,0.392,6822.776,true,none,215
2025-12-10 08:09:01.302,smart_meter,send_encrypted_data,334340,0.408,6555.686,true,none,241
2025-12-10 08:09:01.302,smart_meter,send_encrypted_data,334425,0.423,6324.823,true,none,377
2025-12-10 08:09:01.302,smart_meter,send_encrypted_data,334359,0.414,6461.043,true,none,393
2025-12-10 08:09:01.302,smart_meter,send_encrypted_data,334329,0.412,6491.825,true,none,66
2025-12-10 08:09:01.304,smart_meter,send_encrypted_data,334467,0.396,6756.909,true,none,13
2025-12-10 08:09:01.305,smart_meter,send_encrypted_data,334242,0.374,7149.561,true,none,371
2025-12-10 08:09:01.305,smart_meter,send_encrypted_data,334358,0.928,2882.397,true,none,383
2025-12-10 08:09:01.305,smart_meter,send_encrypted_data,334083,0.361,7403.501,true,none,226
2025-12-10 08:09:01.305,smart_meter,send_encrypted_data,334295,0.581,4603.029,true,none,62
2025-12-10 08:09:01.306,smart_meter,send_encrypted_data,334466,0.359,7453.281,true,none,61
2025-12-10 08:09:01.306,smart_meter,send_encrypted_data,334100,4.240,630.377,true,none,333
2025-12-10 08:09:01.306,smart_meter,send_encrypted_data,334429,0.384,6967.271,true,none,424
2025-12-10 08:09:01.306,smart_meter,send_encrypted_data,334223,0.588,4547.252,true,none,463
2025-12-10 08:09:01.307,smart_meter,send_encrypted_data,334367,1.447,1848.608,true,none,372
2025-12-10 08:09:01.307,smart_meter,send_encrypted_data,334186,4.414,605.684,true,none,227
2025-12-10 08:09:01.308,smart_meter,send_encrypted_data,334388,0.330,8106.376,true,none,296
2025-12-10 08:09:01.309,smart_meter,send_encrypted_data,334353,0.352,7598.932,true,none,260
2025-12-10 08:09:01.309,smart_meter,send_encrypted_data,334453,5.840,458.155,true,none,356
2025-12-10 08:09:01.309,smart_meter,send_encrypted_data,334210,0.383,6980.888,true,none,476
2025-12-10 08:09:01.310,smart_meter,send_encrypted_data,333279,0.349,7639.633,true,none,369
2025-12-10 08:09:01.310,smart_meter,send_encrypted_data,334136,0.379,7053.003,true,none,229
2025-12-10 08:09:01.311,smart_meter,send_encrypted_data,334216,0.378,7073.354,true,none,325
2025-12-10 08:09:01.311,smart_meter,send_encrypted_data,334388,0.375,7133.611,true,none,335
2025-12-10 08:09:01.311,smart_meter,send_encrypted_data,333913,0.394,6779.959,true,none,365
2025-12-10 08:09:01.312,smart_meter,send_encrypted_data,334402,0.347,7709.556,true,none,258
2025-12-10 08:09:01.313,smart_meter,send_encrypted_data,334455,0.384,6967.812,true,none,382
2025-12-10 08:09:01.313,smart_meter,send_encrypted_data,334103,0.388,6888.722,true,none,7
2025-12-10 08:09:01.313,smart_meter,send_encrypted_data,334298,0.379,7056.422,true,none,107
2025-12-10 08:09:01.314,smart_meter,send_encrypted_data,333935,0.359,7441.448,true,none,92
2025-12-10 08:09:01.314,smart_meter,send_encrypted_data,334379,0.363,7369.234,true,none,136
2025-12-10 08:09:01.315,smart_meter,send_encrypted_data,334340,0.393,6805.903,true,none,39
2025-12-10 08:09:01.315,smart_meter,send_encrypted_data,334579,0.354,7561.107,true,none,274
2025-12-10 08:09:01.315,smart_meter,send_encrypted_data,334254,0.342,7818.807,true,none,60
2025-12-10 08:09:01.315,smart_meter,send_encrypted_data,334179,0.390,6854.954,true,none,174
2025-12-10 08:09:01.316,smart_meter,send_encrypted_data,334180,0.343,7794.286,true,none,288
2025-12-10 08:09:01.316,smart_meter,send_encrypted_data,334175,0.357,7488.515,true,none,98
2025-12-10 08:09:01.317,smart_meter,send_encrypted_data,334404,5.441,491.680,true,none,429
2025-12-10 08:09:01.318,smart_meter,send_encrypted_data,334386,0.349,7665.009,true,none,19
2025-12-10 08:09:01.318,smart_meter,send_encrypted_data,334326,4.703,568.703,true,none,58
2025-12-10 08:09:01.318,smart_meter,send_encrypted_data,334236,0.336,7958.000,true,none,232
2025-12-10 08:09:01.319,smart_meter,send_encrypted_data,334473,23.433,114.189,true,none,316
2025-12-10 08:09:01.319,smart_meter,send_encrypted_data,334319,0.376,7113.170,true,none,271
2025-12-10 08:09:01.319,smart_meter,send_encrypted_data,334190,0.434,6160.184,true,none,59
2025-12-10 08:09:01.319,smart_meter,send_encrypted_data,334126,0.864,3093.759,true,none,38
2025-12-10 08:09:01.320,smart_meter,send_encrypted_data,334100,23.371,114.364,true,none,354
2025-12-10 08:09:01.320,smart_meter,send_encrypted_data,334166,0.366,7304.175,true,none,289
2025-12-10 08:09:01.321,smart_meter,send_encrypted_data,334071,0.353,7571.014,true,none,72
2025-12-10 08:09:01.321,smart_meter,send_encrypted_data,334351,0.370,7229.211,true,none,8
2025-12-10 08:09:01.322,smart_meter,send_encrypted_data,334481,0.393,6808.774,true,none,175
2025-12-10 08:09:01.322,smart_meter,send_encrypted_data,334169,0.384,6961.854,true,none,193
2025-12-10 08:09:01.322,smart_meter,send_encrypted_data,334443,0.383,6985.755,true,none,303
2025-12-10 08:09:01.323,smart_meter,send_encrypted_data,334395,0.370,7230.162,true,none,56
2025-12-10 08:09:01.323,smart_meter,send_encrypted_data,334419,24.107,110.978,true,none,256
2025-12-10 08:09:01.323,smart_meter,send_encrypted_data,334429,0.384,6967.271,true,none,264
2025-12-10 08:09:01.323,smart_meter,send_encrypted_data,334053,5.410,493.979,true,none,459
2025-12-10 08:09:01.323,smart_meter,send_encrypted_data,334479,0.395,6774.258,true,none,74
2025-12-10 08:09:01.324,smart_meter,send_encrypted_data,334325,0.381,7019.948,true,none,207
2025-12-10 08:09:01.324,smart_meter,send_encrypted_data,334455,15.604,171.471,true,none,145
2025-12-10 08:09:01.325,smart_meter,send_encrypted_data,334157,1.213,2203.838,true,none,110
2025-12-10 08:09:01.324,smart_meter,send_encrypted_data,334384,5.840,458.060,true,none,213
2025-12-10 08:09:01.325,smart_meter,send_encrypted_data,334137,0.415,6441.195,true,none,167
2025-12-10 08:09:01.325,smart_meter,send_encrypted_data,334118,0.386,6924.725,true,none,326
2025-12-10 08:09:01.325,smart_meter,send_encrypted_data,334460,0.367,7290.681,true,none,46
2025-12-10 08:09:01.326,smart_meter,send_encrypted_data,334488,0.380,7041.853,true,none,220
2025-12-10 08:09:01.323,smart_meter,send_encrypted_data,334142,9.618,277.931,true,none,24
2025-12-10 08:09:01.326,smart_meter,send_encrypted_data,334476,0.398,6723.136,true,none,364
2025-12-10 08:09:01.327,smart_meter,send_encrypted_data,334323,4.511,592.903,true,none,146
2025-12-10 08:09:01.327,smart_meter,send_encrypted_data,334285,22.723,117.690,true,none,261
2025-12-10 08:09:01.327,smart_meter,send_encrypted_data,334395,6.799,393.464,true,none,363
2025-12-10 08:09:01.325,smart_meter,send_encrypted_data,334443,6.188,432.376,true,none,328
2025-12-10 08:09:01.327,smart_meter,send_encrypted_data,334209,0.397,6734.690,true,none,389
2025-12-10 08:09:01.328,smart_meter,send_encrypted_data,334411,0.391,6842.169,true,none,158
2025-12-10 08:09:01.328,smart_meter,send_encrypted_data,334377,1.256,2129.790,true,none,11
2025-12-10 08:09:01.328,smart_meter,send_encrypted_data,334351,0.397,6737.552,true,none,412
2025-12-10 08:09:01.329,smart_meter,send_encrypted_data,334097,3.344,799.275,true,none,315
2025-12-10 08:09:01.329,smart_meter,send_encrypted_data,334429,13.663,195.816,true,none,108
2025-12-10 08:09:01.329,smart_meter,send_encrypted_data,334346,0.355,7534.558,true,none,497
2025-12-10 08:09:01.329,smart_meter,send_encrypted_data,334479,0.452,5919.982,true,none,244
2025-12-10 08:09:01.330,smart_meter,send_encrypted_data,334289,0.973,2748.522,true,none,414
2025-12-10 08:09:01.330,smart_meter,send_encrypted_data,334405,0.392,6824.592,true,none,212
2025-12-10 08:09:01.330,smart_meter,send_encrypted_data,334493,0.380,7041.958,true,none,48
2025-12-10 08:09:01.331,smart_meter,send_encrypted_data,333325,0.385,6926.234,true,none,55
2025-12-10 08:09:01.331,smart_meter,send_encrypted_data,334414,5.126,521.910,true,none,473
2025-12-10 08:09:01.332,smart_meter,send_encrypted_data,334255,0.360,7427.889,true,none,76
2025-12-10 08:09:01.333,smart_meter,send_encrypted_data,334129,0.358,7466.570,true,none,111
2025-12-10 08:09:01.334,smart_meter,send_encrypted_data,334246,0.362,7386.652,true,none,69
2025-12-10 08:09:01.334,smart_meter,send_encrypted_data,334442,0.994,2691.686,true,none,1
2025-12-10 08:09:01.335,smart_meter,send_encrypted_data,334124,0.394,6784.244,true,none,484
2025-12-10 08:09:01.335,smart_meter,send_encrypted_data,334251,0.361,7407.224,true,none,51
2025-12-10 08:09:01.335,smart_meter,send_encrypted_data,334347,0.374,7151.807,true,none,324
2025-12-10 08:09:01.335,smart_meter,send_encrypted_data,334112,3.239,825.223,true,none,305
2025-12-10 08:09:01.335,smart_meter,send_encrypted_data,333970,0.370,7220.973,true,none,355
2025-12-10 08:09:01.335,smart_meter,send_encrypted_data,334252,13.524,197.724,true,none,266
2025-12-10 08:09:01.336,smart_meter,send_encrypted_data,334267,3.221,830.219,true,none,279
2025-12-10 08:09:01.336,smart_meter,send_encrypted_data,334125,0.357,7487.395,true,none,130
2025-12-10 08:09:01.336,smart_meter,send_encrypted_data,334225,0.378,7073.545,true,none,87
2025-12-10 08:09:01.336,smart_meter,send_encrypted_data,334534,0.387,6915.432,true,none,30
2025-12-10 08:09:01.337,smart_meter,send_encrypted_data,334473,0.366,7310.885,true,none,386
2025-12-10 08:09:01.337,smart_meter,send_encrypted_data,334344,0.362,7388.818,true,none,384
2025-12-10 08:09:01.338,smart_meter,send_encrypted_data,334355,26.604,100.543,true,none,155
2025-12-10 08:09:01.338,smart_meter,send_encrypted_data,334326,0.398,6720.121,true,none,209
2025-12-10 08:09:01.339,smart_meter,send_encrypted_data,334194,31.938,83.711,true,none,20
2025-12-10 08:09:01.339,smart_meter,send_encrypted_data,334125,0.378,7071.429,true,none,21
2025-12-10 08:09:01.339,smart_meter,send_encrypted_data,334374,0.384,6966.125,true,none,444
2025-12-10 08:09:01.340,smart_meter,send_encrypted_data,334486,0.372,7193.247,true,none,496
2025-12-10 08:09:01.340,smart_meter,send_encrypted_data,334343,0.375,7132.651,true,none,118
2025-12-10 08:09:01.341,smart_meter,send_encrypted_data,334231,0.433,6175.169,true,none,267
2025-12-10 08:09:01.342,smart_meter,send_encrypted_data,334301,8.302,322.140,true,none,15
2025-12-10 08:09:01.343,smart_meter,send_encrypted_data,334048,0.359,7443.967,true,none,331
2025-12-10 08:09:01.344,smart_meter,send_encrypted_data,334500,0.356,7516.854,true,none,376
2025-12-10 08:09:01.345,smart_meter,send_encrypted_data,334314,0.355,7533.837,true,none,103
2025-12-10 08:09:01.345,smart_meter,send_encrypted_data,334483,0.396,6757.232,true,none,127
2025-12-10 08:09:01.346,smart_meter,send_encrypted_data,334435,0.377,7096.764,true,none,63
2025-12-10 08:09:01.346,smart_meter,send_encrypted_data,334492,0.375,7135.829,true,none,205
2025-12-10 08:09:01.340,smart_meter,send_encrypted_data,334331,28.219,94.782,true,none,337
2025-12-10 08:09:01.346,smart_meter,send_encrypted_data,334419,2.113,1266.139,true,none,99
2025-12-10 08:09:01.346,smart_meter,send_encrypted_data,334394,0.422,6339.223,true,none,47
2025-12-10 08:09:01.346,smart_meter,send_encrypted_data,334189,3.880,689.049,true,none,379
2025-12-10 08:09:01.347,smart_meter,send_encrypted_data,334334,0.396,6754.222,true,none,124
2025-12-10 08:09:01.347,smart_meter,send_encrypted_data,334308,0.359,7449.760,true,none,263
2025-12-10 08:09:01.347,smart_meter,send_encrypted_data,334197,0.401,6667.272,true,none,338
2025-12-10 08:09:01.348,smart_meter,send_encrypted_data,333445,0.351,7599.886,true,none,173
2025-12-10 08:09:01.348,smart_meter,send_encrypted_data,334394,0.416,6430.654,true,none,413
2025-12-10 08:09:01.348,smart_meter,send_encrypted_data,334177,0.450,5940.924,true,none,44
2025-12-10 08:09:01.349,smart_meter,send_encrypted_data,334133,5.761,463.993,true,none,237
2025-12-10 08:09:01.349,smart_meter,send_encrypted_data,334463,0.424,6310.623,true,none,247
2025-12-10 08:09:01.349,smart_meter,send_encrypted_data,334150,0.386,6925.389,true,none,388
2025-12-10 08:09:01.350,smart_meter,send_encrypted_data,334426,5.334,501.576,true,none,218
2025-12-10 08:09:01.350,smart_meter,send_encrypted_data,334388,1.635,1636.149,true,none,181
2025-12-10 08:09:01.340,smart_meter,send_encrypted_data,334451,21.813,122.661,true,none,170
2025-12-10 08:09:01.351,smart_meter,send_encrypted_data,333988,0.456,5859.439,true,none,257
2025-12-10 08:09:01.352,smart_meter,send_encrypted_data,334331,18.005,148.550,true,none,491
2025-12-10 08:09:01.352,smart_meter,send_encrypted_data,334214,0.348,7683.080,true,none,392
2025-12-10 08:09:01.352,smart_meter,send_encrypted_data,334145,0.381,7016.168,true,none,141
2025-12-10 08:09:01.353,smart_meter,send_encrypted_data,334241,5.150,519.209,true,none,172
2025-12-10 08:09:01.353,smart_meter,send_encrypted_data,334335,9.444,283.215,true,none,134
2025-12-10 08:09:01.354,smart_meter,send_encrypted_data,334025,0.402,6647.264,true,none,367
2025-12-10 08:09:01.354,smart_meter,send_encrypted_data,334485,0.402,6656.418,true,none,113
2025-12-10 08:09:01.354,smart_meter,send_encrypted_data,334102,0.380,7033.726,true,none,135
2025-12-10 08:09:01.355,smart_meter,send_encrypted_data,334501,0.367,7291.575,true,none,42
2025-12-10 08:09:01.355,smart_meter,send_encrypted_data,334207,35.894,74.488,true,none,40
2025-12-10 08:09:01.352,smart_meter,send_encrypted_data,334342,6.660,401.612,true,none,396
2025-12-10 08:09:01.356,smart_meter,send_encrypted_data,334544,0.371,7213.887,true,none,225
2025-12-10 08:09:01.356,smart_meter,send_encrypted_data,334412,0.368,7269.826,true,none,391
2025-12-10 08:09:01.316,smart_meter,send_encrypted_data,334339,0.381,7020.241,true,none,49
2025-12-10 08:09:01.357,smart_meter,send_encrypted_data,334158,0.362,7384.707,true,none,370
2025-12-10 08:09:01.357,smart_meter,send_encrypted_data,334439,15.108,177.092,true,none,64
2025-12-10 08:09:01.357,smart_meter,send_encrypted_data,334387,0.347,7709.210,true,none,262
2025-12-10 08:09:01.357,smart_meter,send_encrypted_data,334341,12.838,208.345,true,none,132
2025-12-10 08:09:01.358,smart_meter,send_encrypted_data,334005,13.847,192.969,true,none,194
2025-12-10 08:09:01.358,smart_meter,send_encrypted_data,334376,0.700,3821.440,true,none,231
2025-12-10 08:09:01.358,smart_meter,send_encrypted_data,334248,0.379,7055.367,true,none,461
2025-12-10 08:09:01.343,smart_meter,send_encrypted_data,334458,0.326,8207.558,true,none,105
2025-12-10 08:09:01.358,smart_meter,send_encrypted_data,334370,7.224,370.288,true,none,234
2025-12-10 08:09:01.356,smart_meter,send_encrypted_data,334373,16.647,160.689,true,none,353
2025-12-10 08:09:01.358,smart_meter,send_encrypted_data,334344,7.035,380.206,true,none,140
2025-12-10 08:09:01.358,smart_meter,send_encrypted_data,334389,0.399,6704.541,true,none,290
2025-12-10 08:09:01.358,smart_meter,send_encrypted_data,334256,12.660,211.220,true,none,80
2025-12-10 08:09:01.341,smart_meter,send_encrypted_data,334368,0.443,6038.248,true,none,272
2025-12-10 08:09:01.359,smart_meter,send_encrypted_data,334331,5.652,473.222,true,none,295
2025-12-10 08:09:01.359,smart_meter,send_encrypted_data,334527,4.083,655.453,true,none,366
2025-12-10 08:09:01.359,smart_meter,send_encrypted_data,334384,0.355,7535.414,true,none,287
2025-12-10 08:09:01.360,smart_meter,send_encrypted_data,334410,0.428,6250.654,true,none,435
2025-12-10 08:09:01.360,smart_meter,send_encrypted_data,334232,5.982,446.984,true,none,77
2025-12-10 08:09:01.355,smart_meter,send_encrypted_data,334397,4.773,560.481,true,none,156
2025-12-10 08:09:01.360,smart_meter,send_encrypted_data,334426,0.381,7022.068,true,none,395
2025-12-10 08:09:01.361,smart_meter,send_encrypted_data,333809,12.518,213.331,true,none,171
2025-12-10 08:09:01.361,smart_meter,send_encrypted_data,334470,8.987,297.737,true,none,375
2025-12-10 08:09:01.361,smart_meter,send_encrypted_data,334407,0.367,7289.526,true,none,186
2025-12-10 08:09:01.361,smart_meter,send_encrypted_data,334316,8.218,325.448,true,none,221
2025-12-10 08:09:01.361,smart_meter,send_encrypted_data,334311,7.637,350.201,true,none,240
2025-12-10 08:09:01.361,smart_meter,send_encrypted_data,334491,0.342,7824.351,true,none,385
2025-12-10 08:09:01.361,smart_meter,send_encrypted_data,334099,6.762,395.266,true,none,327
2025-12-10 08:09:01.361,smart_meter,send_encrypted_data,334296,43.538,61.426,true,none,362
2025-12-10 08:09:01.363,smart_meter,send_encrypted_data,334542,0.351,7624.889,true,none,177
2025-12-10 08:09:01.363,smart_meter,send_encrypted_data,334223,46.307,57.740,true,none,23
2025-12-10 08:09:01.364,smart_meter,send_encrypted_data,334237,0.335,7981.779,true,none,179
2025-12-10 08:09:01.364,smart_meter,send_encrypted_data,333265,32.623,81.725,true,none,199
2025-12-10 08:09:01.365,smart_meter,send_encrypted_data,334107,0.347,7702.755,true,none,245
2025-12-10 08:09:01.365,smart_meter,send_encrypted_data,334404,21.992,121.646,true,none,154
2025-12-10 08:09:01.355,smart_meter,send_encrypted_data,333920,18.283,146.112,true,none,285
2025-12-10 08:09:01.366,smart_meter,send_encrypted_data,334366,0.363,7368.948,true,none,387
2025-12-10 08:09:01.366,smart_meter,send_encrypted_data,334261,0.354,7553.921,true,none,195
2025-12-10 08:09:01.367,smart_meter,send_encrypted_data,334091,0.341,7837.912,true,none,159
2025-12-10 08:09:01.367,smart_meter,send_encrypted_data,334390,21.336,125.381,true,none,184
2025-12-10 08:09:01.368,smart_meter,send_encrypted_data,334324,0.518,5163.305,true,none,152
2025-12-10 08:09:01.368,smart_meter,send_encrypted_data,334262,1.344,1989.655,true,none,409
2025-12-10 08:09:01.368,smart_meter,send_encrypted_data,334306,0.415,6444.453,true,none,320
2025-12-10 08:09:01.369,smart_meter,send_encrypted_data,334464,1.932,1384.944,true,none,407
2025-12-10 08:09:01.369,smart_meter,send_encrypted_data,334417,14.961,178.821,true,none,203
2025-12-10 08:09:01.370,smart_meter,send_encrypted_data,334346,0.357,7492.347,true,none,125
2025-12-10 08:09:01.370,smart_meter,send_encrypted_data,334513,54.127,49.441,true,none,269
2025-12-10 08:09:01.371,smart_meter,send_encrypted_data,334394,6.534,409.420,true,none,138
2025-12-10 08:09:01.371,smart_meter,send_encrypted_data,334354,1.281,2088.081,true,none,70
2025-12-10 08:09:01.372,smart_meter,send_encrypted_data,334344,16.514,161.969,true,none,143
2025-12-10 08:09:01.372,smart_meter,send_encrypted_data,334414,0.344,7777.070,true,none,192
2025-12-10 08:09:01.372,smart_meter,send_encrypted_data,334251,16.059,166.511,true,none,112
2025-12-10 08:09:01.373,smart_meter,send_encrypted_data,334054,4.804,556.293,true,none,183
2025-12-10 08:09:01.373,smart_meter,send_encrypted_data,334215,26.147,102.257,true,none,374
2025-12-10 08:09:01.375,smart_meter,send_encrypted_data,334394,4.436,603.055,true,none,139
2025-12-10 08:09:01.378,smart_meter,send_encrypted_data,334436,10.675,250.631,true,none,216
2025-12-10 08:09:01.378,smart_meter,send_encrypted_data,334262,27.105,98.657,true,none,400
2025-12-10 08:09:01.378,smart_meter,send_encrypted_data,334423,31.129,85.945,true,none,322
2025-12-10 08:09:01.379,smart_meter,send_encrypted_data,334156,30.642,87.241,true,none,96
2025-12-10 08:09:01.379,smart_meter,send_encrypted_data,334323,17.126,156.171,true,none,133
2025-12-10 08:09:01.377,smart_meter,send_encrypted_data,334144,30.410,87.904,true,none,398
2025-12-10 08:09:01.380,smart_meter,send_encrypted_data,334334,1.496,1787.882,true,none,106
2025-12-10 08:09:01.381,smart_meter,send_encrypted_data,334172,37.687,70.936,true,none,12
2025-12-10 08:09:01.381,smart_meter,send_encrypted_data,334108,33.376,80.083,true,none,90
2025-12-10 08:09:01.381,smart_meter,send_encrypted_data,334187,29.374,91.016,true,none,397
2025-12-10 08:09:01.350,smart_meter,send_encrypted_data,333647,0.383,6969.128,true,none,137
2025-12-10 08:09:01.382,smart_meter,send_encrypted_data,334215,26.132,102.316,true,none,22
2025-12-10 08:09:01.359,smart_meter,send_encrypted_data,334158,0.372,7186.194,true,none,360
2025-12-10 08:09:01.383,smart_meter,send_encrypted_data,334436,1.142,2342.809,true,none,420
2025-12-10 08:09:01.383,smart_meter,send_encrypted_data,334237,0.339,7887.599,true,none,422
2025-12-10 08:09:01.383,smart_meter,send_encrypted_data,334127,0.317,8432.227,true,none,425
2025-12-10 08:09:01.383,smart_meter,send_encrypted_data,334282,0.373,7169.587,true,none,418
2025-12-10 08:09:01.385,smart_meter,send_encrypted_data,334041,0.430,6214.716,true,none,457
2025-12-10 08:09:01.385,smart_meter,send_encrypted_data,334469,0.364,7350.967,true,none,294
2025-12-10 08:09:01.385,smart_meter,send_encrypted_data,334091,0.341,7837.912,true,none,436
2025-12-10 08:09:01.386,smart_meter,send_encrypted_data,334522,0.365,7331.989,true,none,293
2025-12-10 08:09:01.387,smart_meter,send_encrypted_data,334361,0.359,7450.942,true,none,423
2025-12-10 08:09:01.387,smart_meter,send_encrypted_data,334411,0.308,8686.000,true,none,292
2025-12-10 08:09:01.389,smart_meter,send_encrypted_data,334471,0.503,5319.618,true,none,291
2025-12-10 08:09:01.390,smart_meter,send_encrypted_data,334510,0.370,7232.649,true,none,297
2025-12-10 08:09:01.391,smart_meter,send_encrypted_data,334418,0.361,7410.925,true,none,432
2025-12-10 08:09:01.391,smart_meter,send_encrypted_data,334448,0.629,4253.711,true,none,299
2025-12-10 08:09:01.391,smart_meter,send_encrypted_data,334399,4.645,575.929,true,none,286
2025-12-10 08:09:01.392,smart_meter,send_encrypted_data,334425,5.060,528.735,true,none,201
2025-12-10 08:09:01.393,smart_meter,send_encrypted_data,334331,3.985,671.179,true,none,431
2025-12-10 08:09:01.393,smart_meter,send_encrypted_data,334074,0.458,5835.354,true,none,284
2025-12-10 08:09:01.393,smart_meter,send_encrypted_data,334396,2.478,1079.567,true,none,204
2025-12-10 08:09:01.390,smart_meter,send_encrypted_data,334370,0.464,5765.000,true,none,208
2025-12-10 08:09:01.397,smart_meter,send_encrypted_data,334510,0.372,7193.763,true,none,302
2025-12-10 08:09:01.398,smart_meter,send_encrypted_data,334116,0.771,3466.833,true,none,469
2025-12-10 08:09:01.399,smart_meter,send_encrypted_data,334358,0.352,7599.045,true,none,403
2025-12-10 08:09:01.400,smart_meter,send_encrypted_data,334418,2.783,961.317,true,none,402
2025-12-10 08:09:01.401,smart_meter,send_encrypted_data,334378,1.565,1709.281,true,none,298
2025-12-10 08:09:01.402,smart_meter,send_encrypted_data,333987,2.251,1186.982,true,none,471
2025-12-10 08:09:01.404,smart_meter,send_encrypted_data,333965,0.334,7999.162,true,none,281
2025-12-10 08:09:01.404,smart_meter,send_encrypted_data,334389,0.391,6841.719,true,none,405
2025-12-10 08:09:01.406,smart_meter,send_encrypted_data,334244,0.322,8304.199,true,none,426
2025-12-10 08:09:01.408,smart_meter,send_encrypted_data,334062,0.398,6714.814,true,none,474
2025-12-10 08:09:01.409,smart_meter,send_encrypted_data,334162,0.605,4418.671,true,none,485
2025-12-10 08:09:01.410,smart_meter,send_encrypted_data,334106,0.357,7486.969,true,none,445
2025-12-10 08:09:01.410,smart_meter,send_encrypted_data,334136,0.404,6616.554,true,none,478
2025-12-10 08:09:01.411,smart_meter,send_encrypted_data,334447,0.344,7777.837,true,none,477
2025-12-10 08:09:01.411,smart_meter,send_encrypted_data,334392,0.490,5459.461,true,none,479
2025-12-10 08:09:01.412,smart_meter,send_encrypted_data,334271,2.111,1266.778,true,none,421
2025-12-10 08:09:01.412,smart_meter,send_encrypted_data,334395,0.363,7369.587,true,none,301
2025-12-10 08:09:01.413,smart_meter,send_encrypted_data,334106,0.496,5388.806,true,none,486
2025-12-10 08:09:01.414,smart_meter,send_encrypted_data,333964,0.336,7951.524,true,none,446
2025-12-10 08:09:01.415,smart_meter,send_encrypted_data,334463,0.337,7939.774,true,none,488
2025-12-10 08:09:01.416,smart_meter,send_encrypted_data,334336,0.365,7327.912,true,none,489
2025-12-10 08:09:01.416,smart_meter,send_encrypted_data,334051,0.362,7382.343,true,none,448
2025-12-10 08:09:01.417,smart_meter,send_encrypted_data,334122,0.334,8002.922,true,none,440
2025-12-10 08:09:01.418,smart_meter,send_encrypted_data,334351,0.333,8032.456,true,none,441
2025-12-10 08:09:01.418,smart_meter,send_encrypted_data,334047,2.326,1148.915,true,none,481
2025-12-10 08:09:01.418,smart_meter,send_encrypted_data,334419,0.376,7115.298,true,none,449
2025-12-10 08:09:01.419,smart_meter,send_encrypted_data,333353,0.366,7286.404,true,none,450
2025-12-10 08:09:01.419,smart_meter,send_encrypted_data,334346,1.881,1421.993,true,none,490
2025-12-10 08:09:01.419,smart_meter,send_encrypted_data,334147,0.356,7508.921,true,none,492
2025-12-10 08:09:01.419,smart_meter,send_encrypted_data,334453,0.437,6122.709,true,none,283
2025-12-10 08:09:01.421,smart_meter,send_encrypted_data,334150,0.368,7264.130,true,none,439
2025-12-10 08:09:01.421,smart_meter,send_encrypted_data,334155,2.349,1138.033,true,none,434
2025-12-10 08:09:01.422,smart_meter,send_encrypted_data,334389,0.338,7914.533,true,none,453
2025-12-10 08:09:01.422,smart_meter,send_encrypted_data,334337,2.865,933.576,true,none,438
2025-12-10 08:09:01.423,smart_meter,send_encrypted_data,334226,0.333,8029.453,true,none,498
2025-12-10 08:09:01.423,smart_meter,send_encrypted_data,334418,1.115,2399.412,true,none,452
2025-12-10 08:09:01.424,smart_meter,send_encrypted_data,334147,2.737,976.681,true,none,451
2025-12-10 08:09:01.424,smart_meter,send_encrypted_data,333955,1.009,2647.810,true,none,454
2025-12-10 08:09:01.425,smart_meter,send_encrypted_data,334374,2.600,1028.843,true,none,487
2025-12-10 08:09:01.426,smart_meter,send_encrypted_data,334553,0.391,6845.074,true,none,455
2025-12-10 08:09:01.427,smart_meter,send_encrypted_data,334069,0.443,6032.849,true,none,493
2025-12-10 08:09:01.428,smart_meter,send_encrypted_data,334415,0.408,6557.157,true,none,307
2025-12-10 08:09:01.428,smart_meter,send_encrypted_data,334332,0.603,4435.582,true,none,313
2025-12-10 08:09:01.429,smart_meter,send_encrypted_data,334346,0.370,7229.103,true,none,308
2025-12-10 08:09:01.430,smart_meter,send_encrypted_data,334089,1.170,2284.369,true,none,83
2025-12-10 08:09:01.431,smart_meter,send_encrypted_data,334100,0.603,4432.504,true,none,310
2025-12-10 08:09:01.432,smart_meter,send_encrypted_data,334137,3.950,676.733,true,none,456
2025-12-10 08:09:01.432,smart_meter,send_encrypted_data,334002,0.346,7722.590,true,none,317
2025-12-10 08:09:01.433,smart_meter,send_encrypted_data,334274,0.370,7227.546,true,none,249
2025-12-10 08:09:01.433,smart_meter,send_encrypted_data,334162,0.688,3885.605,true,none,341
2025-12-10 08:09:01.434,smart_meter,send_encrypted_data,334417,0.966,2769.499,true,none,255
2025-12-10 08:09:01.439,smart_meter,send_encrypted_data,334127,0.371,7204.895,true,none,248
2025-12-10 08:09:01.439,smart_meter,send_encrypted_data,334193,0.937,2853.302,true,none,339
2025-12-10 08:09:01.441,smart_meter,send_encrypted_data,334349,4.157,643.443,true,none,259
2025-12-10 08:09:01.443,smart_meter,send_encrypted_data,334399,0.315,8492.673,true,none,351
2025-12-10 08:09:01.444,smart_meter,send_encrypted_data,334352,0.346,7730.682,true,none,329
2025-12-10 08:09:01.444,smart_meter,send_encrypted_data,334276,0.452,5916.389,true,none,253
2025-12-10 08:09:01.445,smart_meter,send_encrypted_data,334330,0.375,7132.373,true,none,349
2025-12-10 08:09:01.445,smart_meter,send_encrypted_data,334332,2.133,1253.941,true,none,344
2025-12-10 08:09:01.446,smart_meter,send_encrypted_data,334087,0.432,6186.796,true,none,347
2025-12-10 08:09:01.447,smart_meter,send_encrypted_data,334288,1.407,1900.714,true,none,345
2025-12-10 08:09:01.450,smart_meter,send_encrypted_data,334387,0.633,4226.060,true,none,346
2025-12-10 08:09:01.450,smart_meter,send_encrypted_data,334324,1.430,1870.344,true,none,359
2025-12-10 08:09:01.451,smart_meter,send_encrypted_data,334388,1.402,1908.063,true,none,332
2025-12-10 08:09:01.451,smart_meter,send_encrypted_data,334562,0.724,3696.818,true,none,306
2025-12-10 08:09:01.451,smart_meter,send_encrypted_data,334451,0.401,6672.339,true,none,270
2025-12-10 08:09:01.452,smart_meter,send_encrypted_data,334376,1.049,2550.055,true,none,499
2025-12-10 08:09:01.452,smart_meter,send_encrypted_data,334323,0.346,7730.012,true,none,280
2025-12-10 08:09:01.454,smart_meter,send_encrypted_data,334307,1.033,2589.018,true,none,495
2025-12-10 08:09:01.455,smart_meter,send_encrypted_data,334371,2.187,1223.122,true,none,275
2025-12-10 08:09:01.455,smart_meter,send_encrypted_data,334382,0.317,8438.662,true,none,277
2025-12-10 08:09:01.456,smart_meter,send_encrypted_data,334078,0.372,7184.473,true,none,278
2025-12-10 08:09:01.457,smart_meter,send_encrypted_data,334307,0.967,2765.725,true,none,342
2025-12-10 08:09:01.458,smart_meter,send_encrypted_data,334520,0.310,8632.774,true,none,312
2025-12-10 08:09:01.461,smart_meter,send_encrypted_data,334021,1.489,1794.606,true,none,121
2025-12-10 08:09:01.461,smart_meter,send_encrypted_data,334413,0.385,6948.842,true,none,94
2025-12-10 08:09:01.461,smart_meter,send_encrypted_data,334115,0.349,7658.797,true,none,115
2025-12-10 08:09:01.462,smart_meter,send_encrypted_data,334298,0.481,5560.050,true,none,144
2025-12-10 08:09:01.463,smart_meter,send_encrypted_data,334209,0.349,7660.951,true,none,182
2025-12-10 08:09:01.463,smart_meter,send_encrypted_data,334256,0.470,5689.464,true,none,109
2025-12-10 08:09:01.463,smart_meter,send_encrypted_data,334139,0.380,7034.505,true,none,148
2025-12-10 08:09:01.464,smart_meter,send_encrypted_data,334157,0.366,7303.978,true,none,151
2025-12-10 08:09:01.464,smart_meter,send_encrypted_data,334324,0.854,3131.841,true,none,149
2025-12-10 08:09:01.465,smart_meter,send_encrypted_data,334441,0.367,7290.267,true,none,394
2025-12-10 08:09:01.466,smart_meter,send_encrypted_data,334492,1.390,1925.134,true,none,150
2025-12-10 08:09:01.466,smart_meter,send_encrypted_data,334031,0.350,7634.994,true,none,160
2025-12-10 08:09:01.467,smart_meter,send_encrypted_data,334044,1.553,1720.768,true,none,196
2025-12-10 08:09:01.467,smart_meter,send_encrypted_data,333602,0.370,7213.016,true,none,147
2025-12-10 08:09:01.467,smart_meter,send_encrypted_data,334193,5.051,529.310,true,none,142
2025-12-10 08:09:01.467,smart_meter,send_encrypted_data,334427,1.283,2085.281,true,none,79
2025-12-10 08:09:01.468,smart_meter,send_encrypted_data,334315,0.376,7113.085,true,none,236
2025-12-10 08:09:01.468,smart_meter,send_encrypted_data,334465,2.985,896.389,true,none,129
2025-12-10 08:09:01.470,smart_meter,send_encrypted_data,334035,0.644,4149.503,true,none,169
2025-12-10 08:09:01.471,smart_meter,send_encrypted_data,334330,0.640,4179.125,true,none,157
2025-12-10 08:09:01.473,smart_meter,send_encrypted_data,334423,0.358,7473.140,true,none,197
2025-12-10 08:09:01.475,smart_meter,send_encrypted_data,334303,0.351,7619.442,true,none,417
2025-12-10 08:09:01.477,smart_meter,send_encrypted_data,334355,0.346,7730.751,true,none,406
2025-12-10 08:09:01.478,smart_meter,send_encrypted_data,334311,2.070,1292.023,true,none,410
2025-12-10 08:09:01.478,smart_meter,send_encrypted_data,334433,0.545,4909.108,true,none,419
2025-12-10 08:09:01.479,smart_meter,send_encrypted_data,334362,0.352,7599.136,true,none,437
2025-12-10 08:09:01.479,smart_meter,send_encrypted_data,334453,0.356,7515.798,true,none,190
2025-12-10 08:09:01.480,smart_meter,send_encrypted_data,334157,0.602,4440.625,true,none,81
2025-12-10 08:09:01.481,smart_meter,send_encrypted_data,334371,0.384,6966.062,true,none,458
2025-12-10 08:09:01.482,smart_meter,send_encrypted_data,333983,0.352,7590.523,true,none,470
2025-12-10 08:09:01.483,smart_meter,send_encrypted_data,334416,4.612,580.080,true,none,185
2025-12-10 08:09:01.483,smart_meter,send_encrypted_data,334339,0.395,6771.423,true,none,465
2025-12-10 08:09:01.484,smart_meter,send_encrypted_data,334480,0.359,7453.593,true,none,467
2025-12-10 08:09:01.484,smart_meter,send_encrypted_data,334518,3.242,825.461,true,none,200
2025-12-10 08:09:01.483,smart_meter,send_encrypted_data,334327,0.429,6234.536,true,none,462
2025-12-10 08:09:01.486,smart_meter,send_encrypted_data,334196,2.345,1140.114,true,none,466
2025-12-10 08:09:01.487,smart_meter,send_encrypted_data,334409,0.674,3969.246,true,none,482
2025-12-10 08:09:01.488,smart_meter,send_encrypted_data,334201,0.782,3418.936,true,none,404
2025-12-10 08:09:01.489,smart_meter,send_encrypted_data,334421,0.351,7622.131,true,none,475
2025-12-10 08:09:01.490,smart_meter,send_encrypted_data,334516,0.340,7870.965,true,none,443
2025-12-10 08:09:01.490,smart_meter,send_encrypted_data,334247,0.345,7750.655,true,none,430
2025-12-10 08:09:01.490,smart_meter,send_encrypted_data,334411,0.374,7153.176,true,none,480
2025-12-10 08:09:01.493,smart_meter,send_encrypted_data,334466,1.284,2083.900,true,none,433
2025-12-10 08:09:01.493,smart_meter,send_encrypted_data,334307,1.216,2199.388,true,none,447
2025-12-10 08:09:01.494,smart_meter,send_encrypted_data,334129,0.348,7681.126,true,none,460
2025-12-10 08:09:01.494,smart_meter,send_encrypted_data,334460,0.315,8494.222,true,none,442
2025-12-10 08:09:01.495,smart_meter,send_encrypted_data,334361,7.113,376.056,true,none,427
2025-12-10 08:09:01.495,smart_meter,send_encrypted_data,334500,0.356,7516.854,true,none,500
2025-12-10 08:09:01.496,smart_meter,send_encrypted_data,334292,0.363,7367.317,true,none,95
2025-12-10 08:09:01.496,smart_meter,send_encrypted_data,333968,3.362,794.689,true,none,304
2025-12-10 08:09:01.496,smart_meter,send_encrypted_data,334268,0.350,7640.411,true,none,494
2025-12-10 08:09:01.499,smart_meter,send_encrypted_data,334200,0.374,7148.663,true,none,243
2025-12-10 08:09:01.499,smart_meter,send_encrypted_data,334374,0.377,7095.469,true,none,343
2025-12-10 08:09:01.501,smart_meter,send_encrypted_data,334304,0.364,7347.341,true,none,251
2025-12-10 08:09:01.501,smart_meter,send_encrypted_data,334138,0.419,6379.723,true,none,314
2025-12-10 08:09:01.501,smart_meter,send_encrypted_data,334382,1.703,1570.790,true,none,348
2025-12-10 08:09:01.504,smart_meter,send_encrypted_data,334351,0.377,7094.981,true,none,265
2025-12-10 08:09:01.505,smart_meter,send_encrypted_data,334064,0.365,7321.951,true,none,238
2025-12-10 08:09:01.507,smart_meter,send_encrypted_data,334323,0.760,3519.189,true,none,340
2025-12-10 08:09:01.508,smart_meter,send_encrypted_data,334439,0.523,5115.702,true,none,268
2025-12-10 08:09:01.508,smart_meter,send_encrypted_data,334383,1.695,1578.209,true,none,483
2025-12-10 08:09:01.509,smart_meter,send_encrypted_data,333680,0.339,7874.454,true,none,373
2025-12-10 08:09:01.512,smart_meter,send_encrypted_data,334276,0.376,7112.255,true,none,211
2025-12-10 08:09:01.514,smart_meter,send_encrypted_data,334300,1.566,1707.791,true,none,123
2025-12-10 08:09:01.515,smart_meter,send_encrypted_data,334388,0.479,5584.768,true,none,100
2025-12-10 08:09:01.516,smart_meter,send_encrypted_data,334448,0.420,6370.438,true,none,161
2025-12-10 08:09:01.516,smart_meter,send_encrypted_data,333668,1.082,2467.046,true,none,153
2025-12-10 08:09:01.530,smart_meter,send_encrypted_data,334340,1.012,2643.004,true,none,415
2025-12-10 08:09:01.532,smart_meter,send_encrypted_data,334213,1.077,2482.548,true,none,416
2025-12-10 08:09:01.534,smart_meter,send_encrypted_data,334352,0.462,5789.645,true,none,464
2025-12-10 08:09:01.536,smart_meter,send_encrypted_data,334487,0.358,7474.570,true,none,336
2025-12-10 08:09:01.536,smart_meter,send_encrypted_data,334364,0.344,7775.907,true,none,468
2025-12-10 08:09:01.538,smart_meter,send_encrypted_data,334034,2.333,1145.423,true,none,472
2025-12-10 08:09:01.543,smart_meter,send_encrypted_data,334256,0.349,7662.029,true,none,230
2025-12-10 08:09:01.543,smart_meter,send_encrypted_data,334486,0.379,7060.391,true,none,162
2025-12-10 08:09:01.544,smart_meter,send_encrypted_data,334380,0.402,6654.328,true,none,164
2025-12-10 08:09:01.544,smart_meter,send_encrypted_data,334397,0.403,6638.154,true,none,282
2025-12-10 08:09:01.546,smart_meter,send_encrypted_data,334350,1.453,1840.881,true,none,188
2025-12-10 08:09:01.547,smart_meter,send_encrypted_data,334101,0.368,7263.065,true,none,428
2025-12-10 08:09:01.548,smart_meter,send_encrypted_data,334294,0.312,8571.641,true,none,350
2025-12-10 08:09:01.549,smart_meter,send_encrypted_data,334450,0.509,5256.582,true,none,352
2025-12-10 08:09:01.550,smart_meter,send_encrypted_data,334283,0.403,6635.891,true,none,128
2025-12-10 08:09:01.552,smart_meter,send_encrypted_data,334064,0.367,7282.049,true,none,408
2025-12-10 08:09:01.553,smart_meter,send_encrypted_data,334226,1.172,2281.406,true,none,273
2025-12-10 08:09:01.554,smart_meter,send_encrypted_data,334132,0.481,5557.289,true,none,210
2025-12-10 08:09:01.555,smart_meter,send_encrypted_data,334046,0.413,6470.625,true,none,84
2025-12-10 08:10:06.630,smart_meter,send_encrypted_data,334346,0.573,4668.007,true,none,21
2025-12-10 08:10:06.632,smart_meter,send_encrypted_data,334129,0.901,2966.739,true,none,30
2025-12-10 08:10:06.634,smart_meter,send_encrypted_data,334500,0.373,7174.263,true,none,22
2025-12-10 08:10:06.637,smart_meter,send_encrypted_data,334298,0.460,5813.878,true,none,42
2025-12-10 08:10:06.638,smart_meter,send_encrypted_data,334221,0.458,5837.921,true,none,43
2025-12-10 08:10:06.639,smart_meter,send_encrypted_data,334093,0.650,4111.914,true,none,32
2025-12-10 08:10:06.640,smart_meter,send_encrypted_data,334356,0.636,4205.736,true,none,132
2025-12-10 08:10:06.640,smart_meter,send_encrypted_data,334462,1.108,2414.888,true,none,115
2025-12-10 08:10:06.645,smart_meter,send_encrypted_data,334403,0.393,6807.186,true,none,130
2025-12-10 08:10:06.646,smart_meter,send_encrypted_data,334490,0.391,6843.785,true,none,134
2025-12-10 08:10:06.651,smart_meter,send_encrypted_data,334074,0.393,6800.489,true,none,125
2025-12-10 08:10:06.652,smart_meter,send_encrypted_data,334150,0.425,6289.882,true,none,161
2025-12-10 08:10:06.652,smart_meter,send_encrypted_data,334342,0.411,6507.873,true,none,28
2025-12-10 08:10:06.653,smart_meter,send_encrypted_data,334443,0.407,6573.818,true,none,120
2025-12-10 08:10:06.653,smart_meter,send_encrypted_data,334389,0.388,6894.619,true,none,201
2025-12-10 08:10:06.655,smart_meter,send_encrypted_data,334344,0.879,3042.949,true,none,3
2025-12-10 08:10:06.655,smart_meter,send_encrypted_data,334450,0.818,3270.905,true,none,4
2025-12-10 08:10:06.656,smart_meter,send_encrypted_data,334150,0.415,6441.446,true,none,124
2025-12-10 08:10:06.656,smart_meter,send_encrypted_data,334480,0.422,6340.853,true,none,15
2025-12-10 08:10:06.657,smart_meter,send_encrypted_data,334105,0.364,7342.967,true,none,88
2025-12-10 08:10:06.658,smart_meter,send_encrypted_data,333887,0.386,6919.938,true,none,98
2025-12-10 08:10:06.660,smart_meter,send_encrypted_data,334425,0.397,6739.043,true,none,246
2025-12-10 08:10:06.661,smart_meter,send_encrypted_data,334287,0.363,7367.207,true,none,288
2025-12-10 08:10:06.661,smart_meter,send_encrypted_data,334420,0.391,6842.353,true,none,250
2025-12-10 08:10:06.662,smart_meter,send_encrypted_data,334097,1.051,2543.079,true,none,144
2025-12-10 08:10:06.662,smart_meter,send_encrypted_data,334220,3.385,789.885,true,none,138
2025-12-10 08:10:06.664,smart_meter,send_encrypted_data,334397,4.852,551.355,true,none,27
2025-12-10 08:10:06.664,smart_meter,send_encrypted_data,333486,0.380,7020.758,true,none,95
2025-12-10 08:10:06.663,smart_meter,send_encrypted_data,334070,0.358,7465.251,true,none,336
2025-12-10 08:10:06.665,smart_meter,send_encrypted_data,334450,0.364,7350.549,true,none,260
2025-12-10 08:10:06.666,smart_meter,send_encrypted_data,334409,0.354,7557.266,true,none,57
2025-12-10 08:10:06.666,smart_meter,send_encrypted_data,333889,0.363,7358.435,true,none,281
2025-12-10 08:10:06.666,smart_meter,send_encrypted_data,334102,3.545,753.968,true,none,360
2025-12-10 08:10:06.667,smart_meter,send_encrypted_data,334179,0.402,6650.328,true,none,203
2025-12-10 08:10:06.668,smart_meter,send_encrypted_data,334348,1.631,1639.966,true,none,493
2025-12-10 08:10:06.668,smart_meter,send_encrypted_data,334144,1.824,1465.544,true,none,16
2025-12-10 08:10:06.668,smart_meter,send_encrypted_data,334354,3.440,777.567,true,none,69
2025-12-10 08:10:06.669,smart_meter,send_encrypted_data,333842,2.358,1132.628,true,none,135
2025-12-10 08:10:06.670,smart_meter,send_encrypted_data,334445,0.362,7391.050,true,none,287
2025-12-10 08:10:06.671,smart_meter,send_encrypted_data,334081,0.755,3539.931,true,none,36
2025-12-10 08:10:06.671,smart_meter,send_encrypted_data,334484,2.991,894.641,true,none,75
2025-12-10 08:10:06.671,smart_meter,send_encrypted_data,334261,1.816,1472.515,true,none,290
2025-12-10 08:10:06.672,smart_meter,send_encrypted_data,334103,0.363,7363.152,true,none,357
2025-12-10 08:10:06.673,smart_meter,send_encrypted_data,333920,0.359,7441.114,true,none,65
2025-12-10 08:10:06.673,smart_meter,send_encrypted_data,334175,0.842,3175.059,true,none,312
2025-12-10 08:10:06.673,smart_meter,send_encrypted_data,334126,0.371,7204.873,true,none,117
2025-12-10 08:10:06.674,smart_meter,send_encrypted_data,334375,0.424,6308.962,true,none,93
2025-12-10 08:10:06.674,smart_meter,send_encrypted_data,334461,0.630,4247.124,true,none,190
2025-12-10 08:10:06.675,smart_meter,send_encrypted_data,334189,0.378,7072.783,true,none,282
2025-12-10 08:10:06.675,smart_meter,send_encrypted_data,334370,1.212,2207.063,true,none,390
2025-12-10 08:10:06.676,smart_meter,send_encrypted_data,334484,0.382,7004.901,true,none,347
2025-12-10 08:10:06.676,smart_meter,send_encrypted_data,334486,0.427,6266.717,true,none,498
2025-12-10 08:10:06.676,smart_meter,send_encrypted_data,334329,0.741,3609.490,true,none,395
2025-12-10 08:10:06.676,smart_meter,send_encrypted_data,334397,0.389,6877.059,true,none,122
2025-12-10 08:10:06.677,smart_meter,send_encrypted_data,334128,0.362,7384.044,true,none,41
2025-12-10 08:10:06.677,smart_meter,send_encrypted_data,334331,0.398,6720.221,true,none,85
2025-12-10 08:10:06.677,smart_meter,send_encrypted_data,334279,0.416,6428.442,true,none,402
2025-12-10 08:10:06.678,smart_meter,send_encrypted_data,334298,0.365,7327.079,true,none,230
2025-12-10 08:10:06.677,smart_meter,send_encrypted_data,334015,0.315,8482.921,true,none,404
2025-12-10 08:10:06.678,smart_meter,send_encrypted_data,334319,0.388,6893.175,true,none,183
2025-12-10 08:10:06.680,smart_meter,send_encrypted_data,334381,0.420,6369.162,true,none,54
2025-12-10 08:10:06.680,smart_meter,send_encrypted_data,334179,0.370,7225.492,true,none,403
2025-12-10 08:10:06.680,smart_meter,send_encrypted_data,334297,1.402,1907.544,true,none,18
2025-12-10 08:10:06.680,smart_meter,send_encrypted_data,334301,0.458,5839.319,true,none,148
2025-12-10 08:10:06.681,smart_meter,send_encrypted_data,334450,0.419,6385.680,true,none,9
2025-12-10 08:10:06.682,smart_meter,send_encrypted_data,334361,0.385,6947.761,true,none,417
2025-12-10 08:10:06.683,smart_meter,send_encrypted_data,334350,0.381,7020.472,true,none,142
2025-12-10 08:10:06.683,smart_meter,send_encrypted_data,334325,0.362,7388.398,true,none,488
2025-12-10 08:10:06.683,smart_meter,send_encrypted_data,334427,0.455,5880.035,true,none,34
2025-12-10 08:10:06.684,smart_meter,send_encrypted_data,334406,1.125,2377.998,true,none,464
2025-12-10 08:10:06.684,smart_meter,send_encrypted_data,334266,0.490,5457.404,true,none,131
2025-12-10 08:10:06.685,smart_meter,send_encrypted_data,334183,0.374,7148.299,true,none,91
2025-12-10 08:10:06.685,smart_meter,send_encrypted_data,334468,0.396,6756.929,true,none,72
2025-12-10 08:10:06.686,smart_meter,send_encrypted_data,334395,0.396,6755.455,true,none,106
2025-12-10 08:10:06.686,smart_meter,send_encrypted_data,334403,0.361,7410.593,true,none,418
2025-12-10 08:10:06.687,smart_meter,send_encrypted_data,334339,0.372,7190.086,true,none,31
2025-12-10 08:10:06.687,smart_meter,send_encrypted_data,334125,0.367,7283.379,true,none,101
2025-12-10 08:10:06.687,smart_meter,send_encrypted_data,334347,0.376,7113.766,true,none,234
2025-12-10 08:10:06.687,smart_meter,send_encrypted_data,334191,0.391,6837.668,true,none,141
2025-12-10 08:10:06.688,smart_meter,send_encrypted_data,334128,0.359,7445.749,true,none,2
2025-12-10 08:10:06.688,smart_meter,send_encrypted_data,334319,0.410,6523.298,true,none,351
2025-12-10 08:10:06.689,smart_meter,send_encrypted_data,334471,0.372,7192.925,true,none,70
2025-12-10 08:10:06.690,smart_meter,send_encrypted_data,334451,0.372,7192.495,true,none,242
2025-12-10 08:10:06.690,smart_meter,send_encrypted_data,334062,0.369,7242.537,true,none,204
2025-12-10 08:10:06.691,smart_meter,send_encrypted_data,334375,0.417,6414.868,true,none,192
2025-12-10 08:10:06.691,smart_meter,send_encrypted_data,334191,0.410,6520.800,true,none,438
2025-12-10 08:10:06.691,smart_meter,send_encrypted_data,334000,0.423,6316.785,true,none,256
2025-12-10 08:10:06.692,smart_meter,send_encrypted_data,334286,0.401,6669.047,true,none,268
2025-12-10 08:10:06.693,smart_meter,send_encrypted_data,334407,0.399,6704.902,true,none,358
2025-12-10 08:10:06.693,smart_meter,send_encrypted_data,334491,0.403,6640.020,true,none,67
2025-12-10 08:10:06.693,smart_meter,send_encrypted_data,333908,0.412,6483.650,true,none,262
2025-12-10 08:10:06.694,smart_meter,send_encrypted_data,334383,0.365,7328.942,true,none,321
2025-12-10 08:10:06.695,smart_meter,send_encrypted_data,334382,1.124,2379.943,true,none,103
2025-12-10 08:10:06.695,smart_meter,send_encrypted_data,334206,0.342,7817.684,true,none,318
2025-12-10 08:10:06.696,smart_meter,send_encrypted_data,334300,0.344,7774.419,true,none,380
2025-12-10 08:10:06.696,smart_meter,send_encrypted_data,334375,0.350,7642.857,true,none,160
2025-12-10 08:10:06.696,smart_meter,send_encrypted_data,334111,0.383,6978.820,true,none,89
2025-12-10 08:10:06.697,smart_meter,send_encrypted_data,334349,0.355,7534.625,true,none,270
2025-12-10 08:10:06.697,smart_meter,send_encrypted_data,334287,0.381,7019.150,true,none,71
2025-12-10 08:10:06.698,smart_meter,send_encrypted_data,334429,0.354,7557.718,true,none,26
2025-12-10 08:10:06.698,smart_meter,send_encrypted_data,334442,0.382,7004.021,true,none,29
2025-12-10 08:10:06.699,smart_meter,send_encrypted_data,334138,0.361,7404.720,true,none,165
2025-12-10 08:10:06.699,smart_meter,send_encrypted_data,334307,0.345,7752.046,true,none,335
2025-12-10 08:10:06.699,smart_meter,send_encrypted_data,334327,0.387,6911.152,true,none,37
2025-12-10 08:10:06.700,smart_meter,send_encrypted_data,334283,0.396,6753.192,true,none,378
2025-12-10 08:10:06.700,smart_meter,send_encrypted_data,334162,0.419,6380.181,true,none,460
2025-12-10 08:10:06.700,smart_meter,send_encrypted_data,334126,0.410,6519.532,true,none,248
2025-12-10 08:10:06.701,smart_meter,send_encrypted_data,334469,0.396,6756.949,true,none,217
2025-12-10 08:10:06.701,smart_meter,send_encrypted_data,334364,0.575,4652.021,true,none,299
2025-12-10 08:10:06.701,smart_meter,send_encrypted_data,334427,0.418,6400.517,true,none,298
2025-12-10 08:10:06.702,smart_meter,send_encrypted_data,334421,0.372,7191.849,true,none,219
2025-12-10 08:10:06.702,smart_meter,send_encrypted_data,334443,11.877,225.271,true,none,73
2025-12-10 08:10:06.702,smart_meter,send_encrypted_data,334404,0.395,6772.739,true,none,408
2025-12-10 08:10:06.703,smart_meter,send_encrypted_data,333812,0.401,6659.591,true,none,78
2025-12-10 08:10:06.703,smart_meter,send_encrypted_data,334358,0.370,7229.362,true,none,354
2025-12-10 08:10:06.703,smart_meter,send_encrypted_data,334049,0.428,6243.907,true,none,116
2025-12-10 08:10:06.703,smart_meter,send_encrypted_data,334108,0.432,6187.185,true,none,191
2025-12-10 08:10:06.704,smart_meter,send_encrypted_data,334242,0.398,6718.432,true,none,163
2025-12-10 08:10:06.704,smart_meter,send_encrypted_data,334387,0.398,6721.347,true,none,35
2025-12-10 08:10:06.705,smart_meter,send_encrypted_data,334199,0.423,6320.548,true,none,306
2025-12-10 08:10:06.705,smart_meter,send_encrypted_data,334300,0.399,6702.757,true,none,400
2025-12-10 08:10:06.705,smart_meter,send_encrypted_data,334193,0.404,6617.683,true,none,172
2025-12-10 08:10:06.705,smart_meter,send_encrypted_data,334425,0.424,6309.906,true,none,483
2025-12-10 08:10:06.705,smart_meter,send_encrypted_data,334491,0.422,6341.062,true,none,455
2025-12-10 08:10:06.706,smart_meter,send_encrypted_data,334468,0.396,6756.929,true,none,50
2025-12-10 08:10:06.706,smart_meter,send_encrypted_data,334055,0.461,5797.050,true,none,459
2025-12-10 08:10:06.707,smart_meter,send_encrypted_data,334468,0.391,6843.335,true,none,126
2025-12-10 08:10:06.707,smart_meter,send_encrypted_data,334431,0.380,7040.653,true,none,10
2025-12-10 08:10:06.707,smart_meter,send_encrypted_data,334383,13.523,197.816,true,none,14
2025-12-10 08:10:06.708,smart_meter,send_encrypted_data,334427,11.647,229.709,true,none,166
2025-12-10 08:10:06.708,smart_meter,send_encrypted_data,334332,0.378,7075.810,true,none,284
2025-12-10 08:10:06.708,smart_meter,send_encrypted_data,334396,0.377,7095.936,true,none,181
2025-12-10 08:10:06.708,smart_meter,send_encrypted_data,334138,14.192,188.353,true,none,53
2025-12-10 08:10:06.708,smart_meter,send_encrypted_data,334403,0.387,6912.724,true,none,81
2025-12-10 08:10:06.709,smart_meter,send_encrypted_data,334399,0.363,7369.675,true,none,68
2025-12-10 08:10:06.709,smart_meter,send_encrypted_data,334471,0.361,7412.100,true,none,359
2025-12-10 08:10:06.709,smart_meter,send_encrypted_data,334145,0.340,7862.235,true,none,114
2025-12-10 08:10:06.709,smart_meter,send_encrypted_data,334462,0.393,6808.387,true,none,74
2025-12-10 08:10:06.710,smart_meter,send_encrypted_data,334184,0.354,7552.181,true,none,254
2025-12-10 08:10:06.710,smart_meter,send_encrypted_data,333974,0.351,7611.943,true,none,196
2025-12-10 08:10:06.710,smart_meter,send_encrypted_data,334417,14.066,190.199,true,none,152
2025-12-10 08:10:06.711,smart_meter,send_encrypted_data,334423,0.372,7191.892,true,none,80
2025-12-10 08:10:06.711,smart_meter,send_encrypted_data,334255,14.201,188.299,true,none,255
2025-12-10 08:10:06.707,smart_meter,send_encrypted_data,334456,11.463,233.416,true,none,25
2025-12-10 08:10:06.712,smart_meter,send_encrypted_data,334498,0.360,7433.289,true,none,209
2025-12-10 08:10:06.712,smart_meter,send_encrypted_data,334323,0.356,7512.876,true,none,86
2025-12-10 08:10:06.713,smart_meter,send_encrypted_data,333226,0.354,7530.531,true,none,411
2025-12-10 08:10:06.713,smart_meter,send_encrypted_data,334437,16.417,162.971,true,none,45
2025-12-10 08:10:06.713,smart_meter,send_encrypted_data,334088,0.383,6978.339,true,none,241
2025-12-10 08:10:06.714,smart_meter,send_encrypted_data,333749,9.903,269.614,true,none,97
2025-12-10 08:10:06.714,smart_meter,send_encrypted_data,334154,0.353,7572.895,true,none,372
2025-12-10 08:10:06.714,smart_meter,send_encrypted_data,334280,0.388,6892.371,true,none,401
2025-12-10 08:10:06.707,smart_meter,send_encrypted_data,333551,9.968,267.697,true,none,330
2025-12-10 08:10:06.715,smart_meter,send_encrypted_data,334430,0.326,8206.871,true,none,186
2025-12-10 08:10:06.715,smart_meter,send_encrypted_data,334061,0.355,7528.135,true,none,474
2025-12-10 08:10:06.706,smart_meter,send_encrypted_data,334410,7.608,351.640,true,none,257
2025-12-10 08:10:06.716,smart_meter,send_encrypted_data,334340,0.366,7307.978,true,none,66
2025-12-10 08:10:06.716,smart_meter,send_encrypted_data,334125,0.345,7747.826,true,none,224
2025-12-10 08:10:06.717,smart_meter,send_encrypted_data,334174,0.377,7091.225,true,none,107
2025-12-10 08:10:06.717,smart_meter,send_encrypted_data,334303,3.456,773.850,true,none,405
2025-12-10 08:10:06.717,smart_meter,send_encrypted_data,334258,0.356,7511.416,true,none,102
2025-12-10 08:10:06.714,smart_meter,send_encrypted_data,334114,18.419,145.117,true,none,348
2025-12-10 08:10:06.718,smart_meter,send_encrypted_data,334417,0.385,6948.925,true,none,82
2025-12-10 08:10:06.718,smart_meter,send_encrypted_data,334471,0.368,7271.109,true,none,316
2025-12-10 08:10:06.718,smart_meter,send_encrypted_data,333955,0.355,7525.746,true,none,233
2025-12-10 08:10:06.705,smart_meter,send_encrypted_data,333291,0.390,6836.738,true,none,169
2025-12-10 08:10:06.718,smart_meter,send_encrypted_data,334081,0.413,6471.303,true,none,333
2025-12-10 08:10:06.718,smart_meter,send_encrypted_data,334128,0.431,6201.912,true,none,79
2025-12-10 08:10:06.718,smart_meter,send_encrypted_data,334241,3.872,690.581,true,none,326
2025-12-10 08:10:06.719,smart_meter,send_encrypted_data,334504,0.369,7252.119,true,none,17
2025-12-10 08:10:06.719,smart_meter,send_encrypted_data,334434,6.785,394.322,true,none,280
2025-12-10 08:10:06.719,smart_meter,send_encrypted_data,334272,0.378,7074.540,true,none,466
2025-12-10 08:10:06.720,smart_meter,send_encrypted_data,334445,0.379,7059.525,true,none,189
2025-12-10 08:10:06.720,smart_meter,send_encrypted_data,334026,0.338,7905.941,true,none,83
2025-12-10 08:10:06.720,smart_meter,send_encrypted_data,334049,10.889,245.421,true,none,276
2025-12-10 08:10:06.720,smart_meter,send_encrypted_data,334306,9.909,269.901,true,none,104
2025-12-10 08:10:06.721,smart_meter,send_encrypted_data,333983,0.394,6781.381,true,none,202
2025-12-10 08:10:06.721,smart_meter,send_encrypted_data,334322,0.366,7307.585,true,none,162
2025-12-10 08:10:06.721,smart_meter,send_encrypted_data,334254,0.406,6586.286,true,none,227
2025-12-10 08:10:06.722,smart_meter,send_encrypted_data,334071,6.140,435.272,true,none,211
2025-12-10 08:10:06.722,smart_meter,send_encrypted_data,334357,0.365,7328.373,true,none,145
2025-12-10 08:10:06.722,smart_meter,send_encrypted_data,334174,0.388,6890.186,true,none,6
2025-12-10 08:10:06.723,smart_meter,send_encrypted_data,334503,0.366,7311.541,true,none,40
2025-12-10 08:10:06.723,smart_meter,send_encrypted_data,334083,0.380,7033.326,true,none,422
2025-12-10 08:10:06.723,smart_meter,send_encrypted_data,334372,0.392,6823.918,true,none,344
2025-12-10 08:10:06.724,smart_meter,send_encrypted_data,334275,0.424,6307.075,true,none,463
2025-12-10 08:10:06.725,smart_meter,send_encrypted_data,334353,0.383,6983.875,true,none,247
2025-12-10 08:10:06.726,smart_meter,send_encrypted_data,334165,0.372,7186.344,true,none,146
2025-12-10 08:10:06.726,smart_meter,send_encrypted_data,334307,0.397,6736.665,true,none,49
2025-12-10 08:10:06.727,smart_meter,send_encrypted_data,334454,0.416,6431.808,true,none,251
2025-12-10 08:10:06.728,smart_meter,send_encrypted_data,334372,0.413,6476.939,true,none,271
2025-12-10 08:10:06.728,smart_meter,send_encrypted_data,334377,0.400,6687.540,true,none,373
2025-12-10 08:10:06.729,smart_meter,send_encrypted_data,334402,0.356,7514.652,true,none,193
2025-12-10 08:10:06.729,smart_meter,send_encrypted_data,334106,0.381,7015.349,true,none,309
2025-12-10 08:10:06.730,smart_meter,send_encrypted_data,334248,0.357,7490.151,true,none,20
2025-12-10 08:10:06.730,smart_meter,send_encrypted_data,334417,0.379,7058.934,true,none,353
2025-12-10 08:10:06.731,smart_meter,send_encrypted_data,334320,0.340,7866.353,true,none,174
2025-12-10 08:10:06.731,smart_meter,send_encrypted_data,334158,0.369,7244.618,true,none,178
2025-12-10 08:10:06.731,smart_meter,send_encrypted_data,334136,0.361,7404.676,true,none,153
2025-12-10 08:10:06.732,smart_meter,send_encrypted_data,334384,0.364,7349.099,true,none,213
2025-12-10 08:10:06.732,smart_meter,send_encrypted_data,334400,0.374,7152.941,true,none,243
2025-12-10 08:10:06.732,smart_meter,send_encrypted_data,334101,0.347,7702.617,true,none,334
2025-12-10 08:10:06.732,smart_meter,send_encrypted_data,334185,0.395,6768.304,true,none,87
2025-12-10 08:10:06.733,smart_meter,send_encrypted_data,334468,0.387,6914.067,true,none,155
2025-12-10 08:10:06.734,smart_meter,send_encrypted_data,334543,0.414,6464.599,true,none,7
2025-12-10 08:10:06.734,smart_meter,send_encrypted_data,334453,0.423,6325.352,true,none,292
2025-12-10 08:10:06.735,smart_meter,send_encrypted_data,334404,0.389,6877.203,true,none,108
2025-12-10 08:10:06.695,smart_meter,send_encrypted_data,334308,0.353,7576.385,true,none,33
2025-12-10 08:10:06.736,smart_meter,send_encrypted_data,334412,0.378,7077.503,true,none,84
2025-12-10 08:10:06.736,smart_meter,send_encrypted_data,334419,0.391,6842.332,true,none,175
2025-12-10 08:10:06.737,smart_meter,send_encrypted_data,334384,0.387,6912.331,true,none,465
2025-12-10 08:10:06.737,smart_meter,send_encrypted_data,334255,0.395,6769.722,true,none,302
2025-12-10 08:10:06.737,smart_meter,send_encrypted_data,334240,0.388,6891.546,true,none,264
2025-12-10 08:10:06.738,smart_meter,send_encrypted_data,333976,0.353,7568.861,true,none,136
2025-12-10 08:10:06.738,smart_meter,send_encrypted_data,333889,0.380,7029.242,true,none,444
2025-12-10 08:10:06.734,smart_meter,send_encrypted_data,334276,11.587,230.794,true,none,313
2025-12-10 08:10:06.739,smart_meter,send_encrypted_data,334385,0.372,7191.075,true,none,128
2025-12-10 08:10:06.739,smart_meter,send_encrypted_data,334311,0.365,7327.364,true,none,266
2025-12-10 08:10:06.739,smart_meter,send_encrypted_data,334438,0.395,6773.428,true,none,305
2025-12-10 08:10:06.740,smart_meter,send_encrypted_data,334235,0.376,7111.383,true,none,13
2025-12-10 08:10:06.741,smart_meter,send_encrypted_data,334401,0.339,7891.469,true,none,376
2025-12-10 08:10:06.741,smart_meter,send_encrypted_data,334162,0.388,6889.938,true,none,286
2025-12-10 08:10:06.741,smart_meter,send_encrypted_data,334354,0.363,7368.683,true,none,269
2025-12-10 08:10:06.741,smart_meter,send_encrypted_data,334348,0.374,7151.829,true,none,147
2025-12-10 08:10:06.741,smart_meter,send_encrypted_data,334501,0.414,6463.787,true,none,337
2025-12-10 08:10:06.741,smart_meter,send_encrypted_data,334184,0.411,6504.798,true,none,158
2025-12-10 08:10:06.742,smart_meter,send_encrypted_data,334430,0.392,6825.102,true,none,110
2025-12-10 08:10:06.742,smart_meter,send_encrypted_data,334435,0.392,6825.204,true,none,118
2025-12-10 08:10:06.743,smart_meter,send_encrypted_data,334356,0.401,6670.444,true,none,229
2025-12-10 08:10:06.743,smart_meter,send_encrypted_data,334499,0.368,7271.717,true,none,61
2025-12-10 08:10:06.743,smart_meter,send_encrypted_data,334379,19.076,140.230,true,none,368
2025-12-10 08:10:06.743,smart_meter,send_encrypted_data,334367,0.391,6841.269,true,none,208
2025-12-10 08:10:06.744,smart_meter,send_encrypted_data,334135,0.359,7445.905,true,none,500
2025-12-10 08:10:06.744,smart_meter,send_encrypted_data,334326,0.416,6429.346,true,none,96
2025-12-10 08:10:06.745,smart_meter,send_encrypted_data,334092,0.393,6800.855,true,none,244
2025-12-10 08:10:06.745,smart_meter,send_encrypted_data,334341,0.393,6805.924,true,none,24
2025-12-10 08:10:06.745,smart_meter,send_encrypted_data,334335,0.381,7020.157,true,none,92
2025-12-10 08:10:06.745,smart_meter,send_encrypted_data,334147,0.398,6716.523,true,none,239
2025-12-10 08:10:06.745,smart_meter,send_encrypted_data,334212,0.398,6717.829,true,none,199
2025-12-10 08:10:06.726,smart_meter,send_encrypted_data,334373,0.368,7268.978,true,none,52
2025-12-10 08:10:06.746,smart_meter,send_encrypted_data,334393,0.363,7369.543,true,none,171
2025-12-10 08:10:06.746,smart_meter,send_encrypted_data,334169,0.366,7304.240,true,none,362
2025-12-10 08:10:06.747,smart_meter,send_encrypted_data,334424,0.368,7270.087,true,none,137
2025-12-10 08:10:06.747,smart_meter,send_encrypted_data,334449,0.344,7777.884,true,none,473
2025-12-10 08:10:06.748,smart_meter,send_encrypted_data,334450,0.387,6913.695,true,none,384
2025-12-10 08:10:06.748,smart_meter,send_encrypted_data,334364,0.380,7039.242,true,none,377
2025-12-10 08:10:06.748,smart_meter,send_encrypted_data,334488,16.540,161.784,true,none,187
2025-12-10 08:10:06.749,smart_meter,send_encrypted_data,333828,0.427,6254.389,true,none,215
2025-12-10 08:10:06.749,smart_meter,send_encrypted_data,334359,0.359,7450.897,true,none,195
2025-12-10 08:10:06.750,smart_meter,send_encrypted_data,334430,34.486,77.580,true,none,5
2025-12-10 08:10:06.750,smart_meter,send_encrypted_data,334410,0.388,6895.052,true,none,206
2025-12-10 08:10:06.750,smart_meter,send_encrypted_data,334327,0.401,6669.865,true,none,470
2025-12-10 08:10:06.751,smart_meter,send_encrypted_data,334042,0.381,7014.005,true,none,119
2025-12-10 08:10:06.751,smart_meter,send_encrypted_data,334424,0.383,6985.358,true,none,220
2025-12-10 08:10:06.752,smart_meter,send_encrypted_data,333820,0.380,7027.789,true,none,355
2025-12-10 08:10:06.752,smart_meter,send_encrypted_data,334414,0.380,7040.295,true,none,109
2025-12-10 08:10:06.752,smart_meter,send_encrypted_data,334225,35.437,75.452,true,none,481
2025-12-10 08:10:06.753,smart_meter,send_encrypted_data,334312,0.388,6893.031,true,none,99
2025-12-10 08:10:06.753,smart_meter,send_encrypted_data,334386,18.998,140.809,true,none,425
2025-12-10 08:10:06.754,smart_meter,send_encrypted_data,334387,0.355,7535.482,true,none,39
2025-12-10 08:10:06.754,smart_meter,send_encrypted_data,334225,0.356,7510.674,true,none,123
2025-12-10 08:10:06.754,smart_meter,send_encrypted_data,334254,17.688,151.178,true,none,265
2025-12-10 08:10:06.754,smart_meter,send_encrypted_data,334272,0.419,6382.282,true,none,113
2025-12-10 08:10:06.735,smart_meter,send_encrypted_data,334206,6.641,402.597,true,none,180
2025-12-10 08:10:06.755,smart_meter,send_encrypted_data,334480,0.359,7453.593,true,none,303
2025-12-10 08:10:06.755,smart_meter,send_encrypted_data,334229,0.369,7246.157,true,none,490
2025-12-10 08:10:06.756,smart_meter,send_encrypted_data,334358,20.635,129.628,true,none,77
2025-12-10 08:10:06.756,smart_meter,send_encrypted_data,334186,0.419,6380.640,true,none,406
2025-12-10 08:10:06.756,smart_meter,send_encrypted_data,334313,0.378,7075.407,true,none,176
2025-12-10 08:10:06.757,smart_meter,send_encrypted_data,334130,0.369,7244.011,true,none,62
2025-12-10 08:10:06.758,smart_meter,send_encrypted_data,334302,0.384,6964.625,true,none,332
2025-12-10 08:10:06.758,smart_meter,send_encrypted_data,334314,0.392,6822.735,true,none,11
2025-12-10 08:10:06.758,smart_meter,send_encrypted_data,334437,0.387,6913.426,true,none,94
2025-12-10 08:10:06.758,smart_meter,send_encrypted_data,334367,0.371,7210.070,true,none,382
2025-12-10 08:10:06.759,smart_meter,send_encrypted_data,334348,22.402,119.399,true,none,149
2025-12-10 08:10:06.759,smart_meter,send_encrypted_data,334046,0.372,7183.785,true,none,480
2025-12-10 08:10:06.759,smart_meter,send_encrypted_data,334112,0.389,6871.198,true,none,307
2025-12-10 08:10:06.759,smart_meter,send_encrypted_data,334371,52.446,51.004,true,none,214
2025-12-10 08:10:06.760,smart_meter,send_encrypted_data,334352,0.355,7534.693,true,none,157
2025-12-10 08:10:06.760,smart_meter,send_encrypted_data,334310,22.359,119.615,true,none,494
2025-12-10 08:10:06.760,smart_meter,send_encrypted_data,334336,47.903,55.836,true,none,240
2025-12-10 08:10:06.707,smart_meter,send_encrypted_data,334183,11.251,237.620,true,none,323
2025-12-10 08:10:06.760,smart_meter,send_encrypted_data,334441,0.408,6557.667,true,none,38
2025-12-10 08:10:06.761,smart_meter,send_encrypted_data,334290,30.724,87.043,true,none,111
2025-12-10 08:10:06.761,smart_meter,send_encrypted_data,334230,9.650,277.082,true,none,414
2025-12-10 08:10:06.761,smart_meter,send_encrypted_data,334023,0.422,6332.190,true,none,167
2025-12-10 08:10:06.761,smart_meter,send_encrypted_data,334473,23.212,115.276,true,none,48
2025-12-10 08:10:06.761,smart_meter,send_encrypted_data,334186,16.045,166.624,true,none,263
2025-12-10 08:10:06.762,smart_meter,send_encrypted_data,334288,0.437,6119.689,true,none,170
2025-12-10 08:10:06.762,smart_meter,send_encrypted_data,334339,0.372,7190.086,true,none,8
2025-12-10 08:10:06.763,smart_meter,send_encrypted_data,334119,29.230,91.446,true,none,60
2025-12-10 08:10:06.763,smart_meter,send_encrypted_data,334123,23.665,112.951,true,none,275
2025-12-10 08:10:06.764,smart_meter,send_encrypted_data,334452,30.976,86.377,true,none,450
2025-12-10 08:10:06.764,smart_meter,send_encrypted_data,334382,31.806,84.105,true,none,278
2025-12-10 08:10:06.735,smart_meter,send_encrypted_data,334447,2.320,1153.266,true,none,352
2025-12-10 08:10:06.765,smart_meter,send_encrypted_data,334407,17.480,153.047,true,none,139
2025-12-10 08:10:06.765,smart_meter,send_encrypted_data,334033,26.055,102.562,true,none,272
2025-12-10 08:10:06.765,smart_meter,send_encrypted_data,334404,36.531,73.232,true,none,274
2025-12-10 08:10:06.766,smart_meter,send_encrypted_data,334407,0.360,7431.267,true,none,308
2025-12-10 08:10:06.766,smart_meter,send_encrypted_data,334406,1.133,2361.207,true,none,449
2025-12-10 08:10:06.766,smart_meter,send_encrypted_data,334078,28.814,92.754,true,none,349
2025-12-10 08:10:06.766,smart_meter,send_encrypted_data,334195,30.413,87.908,true,none,485
2025-12-10 08:10:06.767,smart_meter,send_encrypted_data,334331,17.952,148.989,true,none,44
2025-12-10 08:10:06.767,smart_meter,send_encrypted_data,334385,0.378,7076.931,true,none,56
2025-12-10 08:10:06.767,smart_meter,send_encrypted_data,334476,20.827,128.478,true,none,366
2025-12-10 08:10:06.767,smart_meter,send_encrypted_data,334483,17.097,156.511,true,none,133
2025-12-10 08:10:06.768,smart_meter,send_encrypted_data,334436,6.901,387.696,true,none,458
2025-12-10 08:10:06.768,smart_meter,send_encrypted_data,334418,0.370,7230.659,true,none,159
2025-12-10 08:10:06.768,smart_meter,send_encrypted_data,334352,10.975,243.719,true,none,127
2025-12-10 08:10:06.769,smart_meter,send_encrypted_data,334104,0.362,7383.514,true,none,413
2025-12-10 08:10:06.769,smart_meter,send_encrypted_data,334215,0.351,7617.436,true,none,389
2025-12-10 08:10:06.769,smart_meter,send_encrypted_data,334080,30.071,88.878,true,none,47
2025-12-10 08:10:06.767,smart_meter,send_encrypted_data,334026,20.185,132.386,true,none,179
2025-12-10 08:10:06.769,smart_meter,send_encrypted_data,334260,37.312,71.668,true,none,223
2025-12-10 08:10:06.769,smart_meter,send_encrypted_data,334176,4.350,614.577,true,none,451
2025-12-10 08:10:06.770,smart_meter,send_encrypted_data,334376,0.361,7409.994,true,none,150
2025-12-10 08:10:06.770,smart_meter,send_encrypted_data,334342,0.363,7368.419,true,none,253
2025-12-10 08:10:06.771,smart_meter,send_encrypted_data,334323,0.365,7327.627,true,none,379
2025-12-10 08:10:06.771,smart_meter,send_encrypted_data,334303,10.170,262.972,true,none,1
2025-12-10 08:10:06.771,smart_meter,send_encrypted_data,334402,41.292,64.788,true,none,478
2025-12-10 08:10:06.771,smart_meter,send_encrypted_data,334368,0.414,6461.217,true,none,12
2025-12-10 08:10:06.772,smart_meter,send_encrypted_data,334109,10.843,246.507,true,none,322
2025-12-10 08:10:06.772,smart_meter,send_encrypted_data,334167,0.366,7304.197,true,none,129
2025-12-10 08:10:06.772,smart_meter,send_encrypted_data,334109,12.606,212.032,true,none,121
2025-12-10 08:10:06.773,smart_meter,send_encrypted_data,334319,0.356,7512.787,true,none,237
2025-12-10 08:10:06.773,smart_meter,send_encrypted_data,334169,8.241,324.397,true,none,436
2025-12-10 08:10:06.774,smart_meter,send_encrypted_data,334311,31.723,84.308,true,none,151
2025-12-10 08:10:06.775,smart_meter,send_encrypted_data,334301,9.812,272.565,true,none,23
2025-12-10 08:10:06.775,smart_meter,send_encrypted_data,334091,34.834,76.728,true,none,225
2025-12-10 08:10:06.776,smart_meter,send_encrypted_data,334269,0.348,7684.345,true,none,407
2025-12-10 08:10:06.776,smart_meter,send_encrypted_data,334068,14.270,187.284,true,none,90
2025-12-10 08:10:06.777,smart_meter,send_encrypted_data,334263,0.454,5890.097,true,none,487
2025-12-10 08:10:06.777,smart_meter,send_encrypted_data,334429,0.424,6309.981,true,none,367
2025-12-10 08:10:06.777,smart_meter,send_encrypted_data,334192,30.979,86.302,true,none,477
2025-12-10 08:10:06.742,smart_meter,send_encrypted_data,334112,0.369,7243.621,true,none,421
2025-12-10 08:10:06.777,smart_meter,send_encrypted_data,334357,18.063,148.085,true,none,105
2025-12-10 08:10:06.778,smart_meter,send_encrypted_data,334218,11.876,225.138,true,none,385
2025-12-10 08:10:06.778,smart_meter,send_encrypted_data,334118,0.387,6906.832,true,none,63
2025-12-10 08:10:06.778,smart_meter,send_encrypted_data,334059,0.435,6143.614,true,none,320
2025-12-10 08:10:06.779,smart_meter,send_encrypted_data,334109,16.198,165.012,true,none,58
2025-12-10 08:10:06.779,smart_meter,send_encrypted_data,334466,12.427,215.316,true,none,397
2025-12-10 08:10:06.779,smart_meter,send_encrypted_data,334277,0.379,7055.979,true,none,154
2025-12-10 08:10:06.780,smart_meter,send_encrypted_data,334460,10.583,252.828,true,none,143
2025-12-10 08:10:06.780,smart_meter,send_encrypted_data,334430,15.455,173.112,true,none,381
2025-12-10 08:10:06.780,smart_meter,send_encrypted_data,334381,0.357,7493.132,true,none,435
2025-12-10 08:10:06.781,smart_meter,send_encrypted_data,334147,0.356,7508.921,true,none,112
2025-12-10 08:10:06.781,smart_meter,send_encrypted_data,334564,0.359,7455.465,true,none,210
2025-12-10 08:10:06.782,smart_meter,send_encrypted_data,334338,0.380,7038.695,true,none,341
2025-12-10 08:10:06.782,smart_meter,send_encrypted_data,334180,0.542,4932.546,true,none,59
2025-12-10 08:10:06.783,smart_meter,send_encrypted_data,334190,0.350,7638.629,true,none,64
2025-12-10 08:10:06.783,smart_meter,send_encrypted_data,334150,0.462,5786.147,true,none,350
2025-12-10 08:10:06.784,smart_meter,send_encrypted_data,334408,0.373,7172.290,true,none,197
2025-12-10 08:10:06.784,smart_meter,send_encrypted_data,334328,0.429,6234.555,true,none,495
2025-12-10 08:10:06.785,smart_meter,send_encrypted_data,334277,1.194,2239.712,true,none,177
2025-12-10 08:10:06.785,smart_meter,send_encrypted_data,334454,0.425,6295.605,true,none,294
2025-12-10 08:10:06.785,smart_meter,send_encrypted_data,334286,0.406,6586.916,true,none,434
2025-12-10 08:10:06.786,smart_meter,send_encrypted_data,334422,0.359,7452.301,true,none,329
2025-12-10 08:10:06.787,smart_meter,send_encrypted_data,334138,0.375,7128.277,true,none,76
2025-12-10 08:10:06.787,smart_meter,send_encrypted_data,334440,0.394,6790.660,true,none,19
2025-12-10 08:10:06.788,smart_meter,send_encrypted_data,334367,0.369,7249.149,true,none,296
2025-12-10 08:10:06.789,smart_meter,send_encrypted_data,334395,0.363,7369.587,true,none,386
2025-12-10 08:10:06.789,smart_meter,send_encrypted_data,334291,45.066,59.342,true,none,51
2025-12-10 08:10:06.790,smart_meter,send_encrypted_data,334369,0.346,7731.075,true,none,343
2025-12-10 08:10:06.790,smart_meter,send_encrypted_data,334388,0.374,7152.684,true,none,331
2025-12-10 08:10:06.790,smart_meter,send_encrypted_data,334000,0.379,7050.132,true,none,188
2025-12-10 08:10:06.791,smart_meter,send_encrypted_data,334319,0.391,6840.286,true,none,479
2025-12-10 08:10:06.791,smart_meter,send_encrypted_data,334435,71.399,37.472,true,none,482
2025-12-10 08:10:06.791,smart_meter,send_encrypted_data,334370,0.377,7095.385,true,none,285
2025-12-10 08:10:06.792,smart_meter,send_encrypted_data,334356,35.848,74.616,true,none,462
2025-12-10 08:10:06.792,smart_meter,send_encrypted_data,333656,2.910,917.267,true,none,315
2025-12-10 08:10:06.792,smart_meter,send_encrypted_data,334312,0.360,7429.156,true,none,391
2025-12-10 08:10:06.793,smart_meter,send_encrypted_data,334360,0.342,7821.287,true,none,346
2025-12-10 08:10:06.793,smart_meter,send_encrypted_data,334365,0.355,7534.986,true,none,499
2025-12-10 08:10:06.793,smart_meter,send_encrypted_data,334345,0.414,6460.773,true,none,231
2025-12-10 08:10:06.795,smart_meter,send_encrypted_data,334486,0.363,7371.592,true,none,392
2025-12-10 08:10:06.795,smart_meter,send_encrypted_data,334148,0.365,7323.792,true,none,388
2025-12-10 08:10:06.796,smart_meter,send_encrypted_data,334359,1.615,1656.267,true,none,317
2025-12-10 08:10:06.797,smart_meter,send_encrypted_data,334164,0.421,6349.910,true,none,430
2025-12-10 08:10:06.797,smart_meter,send_encrypted_data,334319,3.365,794.815,true,none,338
2025-12-10 08:10:06.798,smart_meter,send_encrypted_data,334196,54.492,49.063,true,none,207
2025-12-10 08:10:06.798,smart_meter,send_encrypted_data,334396,0.405,6605.353,true,none,441
2025-12-10 08:10:06.799,smart_meter,send_encrypted_data,334498,0.375,7135.957,true,none,194
2025-12-10 08:10:06.800,smart_meter,send_encrypted_data,334340,0.359,7450.474,true,none,461
2025-12-10 08:10:06.801,smart_meter,send_encrypted_data,334256,23.478,113.896,true,none,205
2025-12-10 08:10:06.801,smart_meter,send_encrypted_data,334476,0.381,7023.118,true,none,325
2025-12-10 08:10:06.801,smart_meter,send_encrypted_data,333838,67.083,39.812,true,none,173
2025-12-10 08:10:06.801,smart_meter,send_encrypted_data,334124,25.970,102.926,true,none,55
2025-12-10 08:10:06.801,smart_meter,send_encrypted_data,334185,67.882,39.384,true,none,319
2025-12-10 08:10:06.801,smart_meter,send_encrypted_data,334229,5.087,525.621,true,none,445
2025-12-10 08:10:06.711,smart_meter,send_encrypted_data,334393,0.352,7599.841,true,none,156
2025-12-10 08:10:06.803,smart_meter,send_encrypted_data,334472,118.179,22.642,true,none,258
2025-12-10 08:10:06.804,smart_meter,send_encrypted_data,334215,19.784,135.146,true,none,291
2025-12-10 08:10:06.804,smart_meter,send_encrypted_data,334034,10.551,253.272,true,none,484
2025-12-10 08:10:06.740,smart_meter,send_encrypted_data,334440,0.345,7755.130,true,none,398
2025-12-10 08:10:06.805,smart_meter,send_encrypted_data,334335,0.362,7388.619,true,none,439
2025-12-10 08:10:06.804,smart_meter,send_encrypted_data,334058,7.399,361.193,true,none,433
2025-12-10 08:10:06.806,smart_meter,send_encrypted_data,334136,38.297,69.799,true,none,300
2025-12-10 08:10:06.807,smart_meter,send_encrypted_data,334438,11.553,231.585,true,none,245
2025-12-10 08:10:06.805,smart_meter,send_encrypted_data,334124,6.754,395.764,true,none,409
2025-12-10 08:10:06.809,smart_meter,send_encrypted_data,334193,0.349,7660.585,true,none,200
2025-12-10 08:10:06.809,smart_meter,send_encrypted_data,334292,0.364,7347.077,true,none,356
2025-12-10 08:10:06.809,smart_meter,send_encrypted_data,334565,4.270,626.820,true,none,396
2025-12-10 08:10:06.809,smart_meter,send_encrypted_data,334119,7.283,367.012,true,none,283
2025-12-10 08:10:06.809,smart_meter,send_encrypted_data,334550,40.356,66.320,true,none,236
2025-12-10 08:10:06.810,smart_meter,send_encrypted_data,333898,0.356,7503.326,true,none,164
2025-12-10 08:10:06.810,smart_meter,send_encrypted_data,334297,1.748,1529.963,true,none,212
2025-12-10 08:10:06.810,smart_meter,send_encrypted_data,334539,31.915,83.857,true,none,289
2025-12-10 08:10:06.806,smart_meter,send_encrypted_data,334234,4.833,553.253,true,none,457
2025-12-10 08:10:06.811,smart_meter,send_encrypted_data,334466,5.570,480.382,true,none,468
2025-12-10 08:10:06.811,smart_meter,send_encrypted_data,334331,33.144,80.698,true,none,46
2025-12-10 08:10:06.811,smart_meter,send_encrypted_data,334178,5.930,450.830,true,none,467
2025-12-10 08:10:06.812,smart_meter,send_encrypted_data,334442,0.360,7432.044,true,none,492
2025-12-10 08:10:06.813,smart_meter,send_encrypted_data,334084,9.983,267.722,true,none,419
2025-12-10 08:10:06.813,smart_meter,send_encrypted_data,334348,0.356,7513.438,true,none,324
2025-12-10 08:10:06.814,smart_meter,send_encrypted_data,334416,38.274,69.899,true,none,423
2025-12-10 08:10:06.814,smart_meter,send_encrypted_data,334500,57.382,46.635,true,none,226
2025-12-10 08:10:06.815,smart_meter,send_encrypted_data,334154,45.441,58.829,true,none,310
2025-12-10 08:10:06.816,smart_meter,send_encrypted_data,334359,49.913,53.591,true,none,218
2025-12-10 08:10:06.817,smart_meter,send_encrypted_data,334062,0.343,7791.534,true,none,420
2025-12-10 08:10:06.817,smart_meter,send_encrypted_data,334171,0.373,7167.206,true,none,471
2025-12-10 08:10:06.818,smart_meter,send_encrypted_data,334487,66.296,40.363,true,none,100
2025-12-10 08:10:06.818,smart_meter,send_encrypted_data,334121,69.253,38.597,true,none,432
2025-12-10 08:10:06.819,smart_meter,send_encrypted_data,334405,66.688,40.116,true,none,140
2025-12-10 08:10:06.819,smart_meter,send_encrypted_data,334272,0.387,6910.016,true,none,486
2025-12-10 08:10:06.820,smart_meter,send_encrypted_data,334484,33.766,79.248,true,none,295
2025-12-10 08:10:06.820,smart_meter,send_encrypted_data,334432,52.951,50.527,true,none,475
2025-12-10 08:10:06.821,smart_meter,send_encrypted_data,334453,93.591,28.588,true,none,182
2025-12-10 08:10:06.821,smart_meter,send_encrypted_data,334068,31.001,86.208,true,none,279
2025-12-10 08:10:06.821,smart_meter,send_encrypted_data,334426,21.423,124.885,true,none,416
2025-12-10 08:10:06.822,smart_meter,send_encrypted_data,334168,69.101,38.687,true,none,249
2025-12-10 08:10:06.823,smart_meter,send_encrypted_data,334290,0.394,6787.614,true,none,342
2025-12-10 08:10:06.824,smart_meter,send_encrypted_data,334390,3.588,745.574,true,none,261
2025-12-10 08:10:06.824,smart_meter,send_encrypted_data,334108,30.299,88.216,true,none,301
2025-12-10 08:10:06.825,smart_meter,send_encrypted_data,334112,12.739,209.820,true,none,273
2025-12-10 08:10:06.825,smart_meter,send_encrypted_data,334374,4.844,552.228,true,none,259
2025-12-10 08:10:06.825,smart_meter,send_encrypted_data,334415,0.408,6557.157,true,none,491
2025-12-10 08:10:06.791,smart_meter,send_encrypted_data,334502,12.373,216.279,true,none,345
2025-12-10 08:10:06.827,smart_meter,send_encrypted_data,334269,18.748,142.637,true,none,393
2025-12-10 08:10:06.798,smart_meter,send_encrypted_data,334215,3.713,720.097,true,none,496
2025-12-10 08:10:06.828,smart_meter,send_encrypted_data,334215,13.586,196.800,true,none,472
2025-12-10 08:10:06.830,smart_meter,send_encrypted_data,334139,0.383,6979.405,true,none,371
2025-12-10 08:10:06.830,smart_meter,send_encrypted_data,334456,0.394,6790.985,true,none,442
2025-12-10 08:10:06.832,smart_meter,send_encrypted_data,334395,5.876,455.269,true,none,443
2025-12-10 08:10:06.833,smart_meter,send_encrypted_data,334300,0.387,6910.594,true,none,184
2025-12-10 08:10:06.837,smart_meter,send_encrypted_data,334174,0.572,4673.762,true,none,469
2025-12-10 08:10:06.841,smart_meter,send_encrypted_data,334231,0.374,7149.326,true,none,185
2025-12-10 08:10:06.853,smart_meter,send_encrypted_data,334405,1.854,1442.956,true,none,427
2025-12-10 08:10:06.855,smart_meter,send_encrypted_data,334316,0.391,6840.225,true,none,267
2025-12-10 08:10:06.855,smart_meter,send_encrypted_data,333307,0.888,3002.766,true,none,297
2025-12-10 08:10:06.857,smart_meter,send_encrypted_data,334118,0.379,7052.623,true,none,222
2025-12-10 08:10:06.857,smart_meter,send_encrypted_data,334497,0.411,6510.891,true,none,370
2025-12-10 08:10:06.862,smart_meter,send_encrypted_data,334333,0.371,7209.337,true,none,448
2025-12-10 08:10:06.865,smart_meter,send_encrypted_data,334100,0.971,2752.626,true,none,375
2025-12-10 08:10:06.866,smart_meter,send_encrypted_data,334138,0.419,6379.723,true,none,198
2025-12-10 08:10:06.867,smart_meter,send_encrypted_data,334526,1.161,2305.089,true,none,235
2025-12-10 08:10:06.867,smart_meter,send_encrypted_data,334479,3.482,768.476,true,none,339
2025-12-10 08:10:06.868,smart_meter,send_encrypted_data,334404,0.560,4777.200,true,none,340
2025-12-10 08:10:06.871,smart_meter,send_encrypted_data,334356,0.304,8798.842,true,none,363
2025-12-10 08:10:06.874,smart_meter,send_encrypted_data,334371,0.345,7753.530,true,none,415
2025-12-10 08:10:06.874,smart_meter,send_encrypted_data,334185,0.368,7264.891,true,none,374
2025-12-10 08:10:06.876,smart_meter,send_encrypted_data,334316,0.368,7267.739,true,none,456
2025-12-10 08:10:06.880,smart_meter,send_encrypted_data,334263,0.358,7469.564,true,none,454
2025-12-10 08:10:06.883,smart_meter,send_encrypted_data,334384,0.361,7410.172,true,none,304
2025-12-10 08:10:06.889,smart_meter,send_encrypted_data,334520,0.569,4703.269,true,none,453
2025-12-10 08:10:06.893,smart_meter,send_encrypted_data,334419,0.360,7431.533,true,none,221
2025-12-10 08:10:06.895,smart_meter,send_encrypted_data,334103,0.464,5760.397,true,none,383
2025-12-10 08:10:06.895,smart_meter,send_encrypted_data,334297,0.398,6719.538,true,none,410
2025-12-10 08:10:06.899,smart_meter,send_encrypted_data,334129,0.400,6682.580,true,none,327
2025-12-10 08:10:06.899,smart_meter,send_encrypted_data,334113,0.510,5240.988,true,none,412
2025-12-10 08:10:06.902,smart_meter,send_encrypted_data,334100,0.366,7302.732,true,none,252
2025-12-10 08:10:06.903,smart_meter,send_encrypted_data,334415,0.362,7390.387,true,none,440
2025-12-10 08:10:06.906,smart_meter,send_encrypted_data,334258,0.466,5738.335,true,none,228
2025-12-10 08:10:06.908,smart_meter,send_encrypted_data,334090,0.367,7282.616,true,none,277
2025-12-10 08:10:06.909,smart_meter,send_encrypted_data,334414,0.359,7452.123,true,none,447
2025-12-10 08:10:06.910,smart_meter,send_encrypted_data,334339,1.177,2272.483,true,none,424
2025-12-10 08:10:06.911,smart_meter,send_encrypted_data,334321,1.050,2547.208,true,none,238
2025-12-10 08:10:06.913,smart_meter,send_encrypted_data,334346,0.362,7388.862,true,none,429
2025-12-10 08:10:06.914,smart_meter,send_encrypted_data,334115,0.353,7572.011,true,none,293
2025-12-10 08:10:06.915,smart_meter,send_encrypted_data,334116,0.611,4374.678,true,none,168
2025-12-10 08:10:06.916,smart_meter,send_encrypted_data,334158,0.335,7979.893,true,none,364
2025-12-10 08:10:06.918,smart_meter,send_encrypted_data,334332,0.602,4442.950,true,none,497
2025-12-10 08:10:06.920,smart_meter,send_encrypted_data,334211,0.558,4791.556,true,none,426
2025-12-10 08:10:06.924,smart_meter,send_encrypted_data,334338,2.438,1097.089,true,none,452
2025-12-10 08:10:06.924,smart_meter,send_encrypted_data,334358,0.906,2952.389,true,none,394
2025-12-10 08:10:06.928,smart_meter,send_encrypted_data,334315,1.539,1737.830,true,none,232
2025-12-10 08:10:06.929,smart_meter,send_encrypted_data,333759,0.344,7761.837,true,none,476
2025-12-10 08:10:06.929,smart_meter,send_encrypted_data,334419,0.368,7269.978,true,none,361
2025-12-10 08:10:06.934,smart_meter,send_encrypted_data,334378,1.205,2219.937,true,none,216
2025-12-10 08:10:06.935,smart_meter,send_encrypted_data,334120,0.363,7363.526,true,none,369
2025-12-10 08:10:06.935,smart_meter,send_encrypted_data,334517,0.696,3845.023,true,none,365
2025-12-10 08:10:06.944,smart_meter,send_encrypted_data,334319,0.390,6857.826,true,none,328
2025-12-10 08:10:06.944,smart_meter,send_encrypted_data,334423,0.366,7309.792,true,none,314
2025-12-10 08:10:06.945,smart_meter,send_encrypted_data,334444,0.408,6557.725,true,none,387
2025-12-10 08:10:06.947,smart_meter,send_encrypted_data,334479,0.407,6574.526,true,none,428
2025-12-10 08:10:06.947,smart_meter,send_encrypted_data,334495,0.566,4727.845,true,none,446
2025-12-10 08:10:06.948,smart_meter,send_encrypted_data,334064,4.711,567.292,true,none,311
2025-12-10 08:10:06.948,smart_meter,send_encrypted_data,334416,0.379,7058.913,true,none,437
2025-12-10 08:10:06.950,smart_meter,send_encrypted_data,333978,0.615,4344.429,true,none,431
2025-12-10 08:10:06.957,smart_meter,send_encrypted_data,334258,0.560,4775.114,true,none,399
2025-12-10 08:10:06.958,smart_meter,send_encrypted_data,334202,0.400,6684.040,true,none,489
2025-12-10 08:11:12.043,smart_meter,send_encrypted_data,334306,0.367,7287.324,true,none,39
2025-12-10 08:11:12.049,smart_meter,send_encrypted_data,334134,0.361,7404.632,true,none,8
2025-12-10 08:11:12.052,smart_meter,send_encrypted_data,334383,0.408,6556.529,true,none,43
2025-12-10 08:11:12.052,smart_meter,send_encrypted_data,334470,0.406,6590.542,true,none,21
2025-12-10 08:11:12.053,smart_meter,send_encrypted_data,334050,0.396,6748.485,true,none,69
2025-12-10 08:11:12.053,smart_meter,send_encrypted_data,334205,0.364,7345.165,true,none,28
2025-12-10 08:11:12.055,smart_meter,send_encrypted_data,334358,0.365,7328.395,true,none,76
2025-12-10 08:11:12.055,smart_meter,send_encrypted_data,334319,0.384,6964.979,true,none,59
2025-12-10 08:11:12.056,smart_meter,send_encrypted_data,334386,0.363,7369.388,true,none,63
2025-12-10 08:11:12.057,smart_meter,send_encrypted_data,334333,0.400,6686.660,true,none,51
2025-12-10 08:11:12.058,smart_meter,send_encrypted_data,334305,3.231,827.744,true,none,7
2025-12-10 08:11:12.059,smart_meter,send_encrypted_data,334051,0.359,7444.033,true,none,23
2025-12-10 08:11:12.059,smart_meter,send_encrypted_data,334322,0.383,6983.227,true,none,19
2025-12-10 08:11:12.059,smart_meter,send_encrypted_data,334334,1.414,1891.564,true,none,20
2025-12-10 08:11:12.060,smart_meter,send_encrypted_data,334404,1.068,2504.899,true,none,36
2025-12-10 08:11:12.063,smart_meter,send_encrypted_data,334093,4.267,626.375,true,none,22
2025-12-10 08:11:12.064,smart_meter,send_encrypted_data,334185,0.399,6700.451,true,none,55
2025-12-10 08:11:12.064,smart_meter,send_encrypted_data,334113,0.817,3271.608,true,none,16
2025-12-10 08:11:12.064,smart_meter,send_encrypted_data,334267,0.477,5606.155,true,none,442
2025-12-10 08:11:12.065,smart_meter,send_encrypted_data,334489,0.398,6723.397,true,none,94
2025-12-10 08:11:12.066,smart_meter,send_encrypted_data,334417,2.359,1134.097,true,none,38
2025-12-10 08:11:12.067,smart_meter,send_encrypted_data,334342,0.363,7368.419,true,none,469
2025-12-10 08:11:12.067,smart_meter,send_encrypted_data,334344,0.397,6737.411,true,none,100
2025-12-10 08:11:12.067,smart_meter,send_encrypted_data,334396,18.608,143.764,true,none,56
2025-12-10 08:11:12.068,smart_meter,send_encrypted_data,334518,4.284,624.683,true,none,42
2025-12-10 08:11:12.069,smart_meter,send_encrypted_data,334285,0.370,7227.784,true,none,112
2025-12-10 08:11:12.069,smart_meter,send_encrypted_data,334349,9.881,270.701,true,none,30
2025-12-10 08:11:12.069,smart_meter,send_encrypted_data,334133,11.322,236.095,true,none,49
2025-12-10 08:11:12.070,smart_meter,send_encrypted_data,334146,0.366,7303.738,true,none,113
2025-12-10 08:11:12.070,smart_meter,send_encrypted_data,334164,0.372,7186.323,true,none,115
2025-12-10 08:11:12.070,smart_meter,send_encrypted_data,334123,0.400,6682.460,true,none,138
2025-12-10 08:11:12.071,smart_meter,send_encrypted_data,334561,0.363,7373.245,true,none,3
2025-12-10 08:11:12.071,smart_meter,send_encrypted_data,334309,0.339,7889.298,true,none,425
2025-12-10 08:11:12.072,smart_meter,send_encrypted_data,334222,0.454,5889.374,true,none,90
2025-12-10 08:11:12.072,smart_meter,send_encrypted_data,334347,0.528,5065.864,true,none,4
2025-12-10 08:11:12.072,smart_meter,send_encrypted_data,334487,1.400,1911.354,true,none,32
2025-12-10 08:11:12.072,smart_meter,send_encrypted_data,334331,0.445,6010.445,true,none,122
2025-12-10 08:11:12.073,smart_meter,send_encrypted_data,334300,0.353,7576.204,true,none,127
2025-12-10 08:11:12.073,smart_meter,send_encrypted_data,334464,0.402,6656.000,true,none,85
2025-12-10 08:11:12.073,smart_meter,send_encrypted_data,334220,0.437,6118.444,true,none,15
2025-12-10 08:11:12.073,smart_meter,send_encrypted_data,334201,0.423,6320.586,true,none,132
2025-12-10 08:11:12.074,smart_meter,send_encrypted_data,334304,0.396,6753.616,true,none,64
2025-12-10 08:11:12.074,smart_meter,send_encrypted_data,334172,0.407,6568.491,true,none,186
2025-12-10 08:11:12.075,smart_meter,send_encrypted_data,334124,0.375,7127.979,true,none,98
2025-12-10 08:11:12.075,smart_meter,send_encrypted_data,334410,8.197,326.373,true,none,41
2025-12-10 08:11:12.076,smart_meter,send_encrypted_data,334431,0.388,6895.485,true,none,57
2025-12-10 08:11:12.076,smart_meter,send_encrypted_data,334208,0.388,6890.887,true,none,134
2025-12-10 08:11:12.076,smart_meter,send_encrypted_data,334260,0.430,6218.791,true,none,103
2025-12-10 08:11:12.076,smart_meter,send_encrypted_data,334402,0.430,6221.433,true,none,417
2025-12-10 08:11:12.077,smart_meter,send_encrypted_data,334415,0.433,6178.568,true,none,190
2025-12-10 08:11:12.077,smart_meter,send_encrypted_data,334246,0.372,7188.086,true,none,407
2025-12-10 08:11:12.077,smart_meter,send_encrypted_data,334317,0.379,7056.823,true,none,54
2025-12-10 08:11:12.079,smart_meter,send_encrypted_data,334397,0.378,7077.185,true,none,431
2025-12-10 08:11:12.079,smart_meter,send_encrypted_data,334347,0.386,6929.472,true,none,117
2025-12-10 08:11:12.080,smart_meter,send_encrypted_data,333326,0.387,6890.460,true,none,18
2025-12-10 08:11:12.080,smart_meter,send_encrypted_data,334336,0.384,6965.333,true,none,183
2025-12-10 08:11:12.079,smart_meter,send_encrypted_data,334106,1.174,2276.702,true,none,143
2025-12-10 08:11:12.081,smart_meter,send_encrypted_data,334199,0.368,7265.196,true,none,9
2025-12-10 08:11:12.081,smart_meter,send_encrypted_data,334191,0.403,6634.065,true,none,242
2025-12-10 08:11:12.082,smart_meter,send_encrypted_data,334324,0.341,7843.378,true,none,216
2025-12-10 08:11:12.082,smart_meter,send_encrypted_data,334327,0.376,7113.340,true,none,256
2025-12-10 08:11:12.083,smart_meter,send_encrypted_data,333875,0.375,7122.667,true,none,260
2025-12-10 08:11:12.083,smart_meter,send_encrypted_data,334522,4.854,551.334,true,none,65
2025-12-10 08:11:12.083,smart_meter,send_encrypted_data,334414,1.410,1897.384,true,none,201
2025-12-10 08:11:12.084,smart_meter,send_encrypted_data,334427,1.434,1865.702,true,none,262
2025-12-10 08:11:12.085,smart_meter,send_encrypted_data,334415,0.374,7153.262,true,none,310
2025-12-10 08:11:12.085,smart_meter,send_encrypted_data,334265,0.802,3334.314,true,none,402
2025-12-10 08:11:12.086,smart_meter,send_encrypted_data,334465,0.372,7192.796,true,none,296
2025-12-10 08:11:12.086,smart_meter,send_encrypted_data,334338,5.509,485.515,true,none,488
2025-12-10 08:11:12.081,smart_meter,send_encrypted_data,334060,0.402,6647.960,true,none,185
2025-12-10 08:11:12.087,smart_meter,send_encrypted_data,334371,0.395,6772.071,true,none,82
2025-12-10 08:11:12.088,smart_meter,send_encrypted_data,334330,0.352,7598.409,true,none,25
2025-12-10 08:11:12.089,smart_meter,send_encrypted_data,334470,0.391,6843.376,true,none,299
2025-12-10 08:11:12.089,smart_meter,send_encrypted_data,334191,0.345,7749.357,true,none,95
2025-12-10 08:11:12.090,smart_meter,send_encrypted_data,334282,0.379,7056.084,true,none,493
2025-12-10 08:11:12.090,smart_meter,send_encrypted_data,334413,0.415,6446.516,true,none,445
2025-12-10 08:11:12.090,smart_meter,send_encrypted_data,334231,0.391,6838.486,true,none,26
2025-12-10 08:11:12.090,smart_meter,send_encrypted_data,334298,5.154,518.895,true,none,234
2025-12-10 08:11:12.091,smart_meter,send_encrypted_data,334150,0.374,7147.594,true,none,101
2025-12-10 08:11:12.091,smart_meter,send_encrypted_data,334343,0.403,6637.082,true,none,347
2025-12-10 08:11:12.091,smart_meter,send_encrypted_data,334070,0.401,6664.738,true,none,152
2025-12-10 08:11:12.091,smart_meter,send_encrypted_data,334344,0.380,7038.821,true,none,223
2025-12-10 08:11:12.092,smart_meter,send_encrypted_data,334186,0.362,7385.326,true,none,107
2025-12-10 08:11:12.092,smart_meter,send_encrypted_data,334464,0.369,7251.252,true,none,258
2025-12-10 08:11:12.092,smart_meter,send_encrypted_data,334420,0.378,7077.672,true,none,399
2025-12-10 08:11:12.093,smart_meter,send_encrypted_data,334177,0.370,7225.449,true,none,165
2025-12-10 08:11:12.093,smart_meter,send_encrypted_data,334191,1.458,1833.695,true,none,116
2025-12-10 08:11:12.093,smart_meter,send_encrypted_data,334388,1.209,2212.658,true,none,318
2025-12-10 08:11:12.093,smart_meter,send_encrypted_data,334336,0.413,6476.242,true,none,404
2025-12-10 08:11:12.094,smart_meter,send_encrypted_data,334328,0.402,6653.294,true,none,14
2025-12-10 08:11:12.094,smart_meter,send_encrypted_data,334062,4.448,600.831,true,none,321
2025-12-10 08:11:12.094,smart_meter,send_encrypted_data,334176,0.401,6666.853,true,none,283
2025-12-10 08:11:12.095,smart_meter,send_encrypted_data,334411,2.660,1005.747,true,none,204
2025-12-10 08:11:12.095,smart_meter,send_encrypted_data,334070,0.373,7165.040,true,none,230
2025-12-10 08:11:12.095,smart_meter,send_encrypted_data,333869,0.419,6374.587,true,none,403
2025-12-10 08:11:12.096,smart_meter,send_encrypted_data,334346,0.373,7170.960,true,none,380
2025-12-10 08:11:12.096,smart_meter,send_encrypted_data,334039,0.368,7261.717,true,none,330
2025-12-10 08:11:12.096,smart_meter,send_encrypted_data,334155,0.380,7034.842,true,none,70
2025-12-10 08:11:12.096,smart_meter,send_encrypted_data,334222,2.094,1276.875,true,none,161
2025-12-10 08:11:12.097,smart_meter,send_encrypted_data,334340,0.381,7020.262,true,none,142
2025-12-10 08:11:12.097,smart_meter,send_encrypted_data,334360,12.230,218.715,true,none,75
2025-12-10 08:11:12.097,smart_meter,send_encrypted_data,334433,0.385,6949.257,true,none,237
2025-12-10 08:11:12.098,smart_meter,send_encrypted_data,334294,0.378,7075.005,true,none,418
2025-12-10 08:11:12.099,smart_meter,send_encrypted_data,334393,1.334,2005.355,true,none,148
2025-12-10 08:11:12.099,smart_meter,send_encrypted_data,334073,5.420,493.097,true,none,27
2025-12-10 08:11:12.100,smart_meter,send_encrypted_data,334344,0.353,7577.201,true,none,160
2025-12-10 08:11:12.100,smart_meter,send_encrypted_data,333988,0.360,7421.956,true,none,135
2025-12-10 08:11:12.101,smart_meter,send_encrypted_data,334332,0.371,7209.315,true,none,197
2025-12-10 08:11:12.101,smart_meter,send_encrypted_data,334233,0.356,7510.854,true,none,270
2025-12-10 08:11:12.101,smart_meter,send_encrypted_data,334406,0.369,7249.995,true,none,268
2025-12-10 08:11:12.102,smart_meter,send_encrypted_data,334284,0.352,7597.364,true,none,474
2025-12-10 08:11:12.091,smart_meter,send_encrypted_data,334436,8.181,327.037,true,none,177
2025-12-10 08:11:12.102,smart_meter,send_encrypted_data,334358,0.395,6771.808,true,none,424
2025-12-10 08:11:12.103,smart_meter,send_encrypted_data,334271,5.265,507.914,true,none,33
2025-12-10 08:11:12.103,smart_meter,send_encrypted_data,334100,0.384,6960.417,true,none,482
2025-12-10 08:11:12.103,smart_meter,send_encrypted_data,334336,5.247,509.756,true,none,322
2025-12-10 08:11:12.103,smart_meter,send_encrypted_data,334471,0.397,6739.970,true,none,360
2025-12-10 08:11:12.104,smart_meter,send_encrypted_data,334254,0.372,7188.258,true,none,2
2025-12-10 08:11:12.105,smart_meter,send_encrypted_data,334360,0.414,6461.063,true,none,343
2025-12-10 08:11:12.105,smart_meter,send_encrypted_data,334332,0.425,6293.308,true,none,97
2025-12-10 08:11:12.106,smart_meter,send_encrypted_data,334153,6.490,411.899,true,none,282
2025-12-10 08:11:12.106,smart_meter,send_encrypted_data,334109,0.405,6599.684,true,none,184
2025-12-10 08:11:12.106,smart_meter,send_encrypted_data,334445,7.911,338.208,true,none,5
2025-12-10 08:11:12.107,smart_meter,send_encrypted_data,334376,0.374,7152.428,true,none,181
2025-12-10 08:11:12.107,smart_meter,send_encrypted_data,334412,0.351,7621.926,true,none,125
2025-12-10 08:11:12.107,smart_meter,send_encrypted_data,334305,0.359,7449.694,true,none,359
2025-12-10 08:11:12.108,smart_meter,send_encrypted_data,334219,0.375,7130.005,true,none,335
2025-12-10 08:11:12.108,smart_meter,send_encrypted_data,333934,0.428,6241.757,true,none,222
2025-12-10 08:11:12.108,smart_meter,send_encrypted_data,334313,0.417,6413.679,true,none,180
2025-12-10 08:11:12.109,smart_meter,send_encrypted_data,334318,0.393,6805.455,true,none,93
2025-12-10 08:11:12.110,smart_meter,send_encrypted_data,333905,0.366,7298.470,true,none,336
2025-12-10 08:11:12.110,smart_meter,send_encrypted_data,333896,0.397,6728.383,true,none,408
2025-12-10 08:11:12.110,smart_meter,send_encrypted_data,334428,0.382,7003.728,true,none,378
2025-12-10 08:11:12.110,smart_meter,send_encrypted_data,334192,0.374,7148.492,true,none,468
2025-12-10 08:11:12.111,smart_meter,send_encrypted_data,334480,0.387,6914.315,true,none,298
2025-12-10 08:11:12.111,smart_meter,send_encrypted_data,334399,0.392,6824.469,true,none,400
2025-12-10 08:11:12.111,smart_meter,send_encrypted_data,334431,18.134,147.538,true,none,168
2025-12-10 08:11:12.111,smart_meter,send_encrypted_data,334435,9.927,269.515,true,none,73
2025-12-10 08:11:12.111,smart_meter,send_encrypted_data,334230,14.556,183.693,true,none,126
2025-12-10 08:11:12.112,smart_meter,send_encrypted_data,334180,9.760,273.918,true,none,67
2025-12-10 08:11:12.112,smart_meter,send_encrypted_data,334391,0.395,6772.476,true,none,191
2025-12-10 08:11:12.113,smart_meter,send_encrypted_data,334029,0.360,7422.867,true,none,224
2025-12-10 08:11:12.113,smart_meter,send_encrypted_data,333320,1.726,1544.936,true,none,327
2025-12-10 08:11:12.113,smart_meter,send_encrypted_data,334181,0.361,7405.673,true,none,88
2025-12-10 08:11:12.107,smart_meter,send_encrypted_data,334428,10.422,256.709,true,none,235
2025-12-10 08:11:12.113,smart_meter,send_encrypted_data,334347,0.416,6429.750,true,none,460
2025-12-10 08:11:12.114,smart_meter,send_encrypted_data,334419,0.356,7515.034,true,none,10
2025-12-10 08:11:12.114,smart_meter,send_encrypted_data,334357,0.414,6461.005,true,none,37
2025-12-10 08:11:12.115,smart_meter,send_encrypted_data,334386,22.776,117.452,true,none,487
2025-12-10 08:11:12.115,smart_meter,send_encrypted_data,334329,0.361,7408.953,true,none,78
2025-12-10 08:11:12.112,smart_meter,send_encrypted_data,334265,10.933,244.592,true,none,277
2025-12-10 08:11:12.115,smart_meter,send_encrypted_data,333994,0.355,7526.625,true,none,13
2025-12-10 08:11:12.115,smart_meter,send_encrypted_data,334315,13.113,203.959,true,none,372
2025-12-10 08:11:12.115,smart_meter,send_encrypted_data,334374,0.429,6235.413,true,none,325
2025-12-10 08:11:12.116,smart_meter,send_encrypted_data,334268,5.663,472.213,true,none,472
2025-12-10 08:11:12.116,smart_meter,send_encrypted_data,334402,0.437,6121.776,true,none,40
2025-12-10 08:11:12.116,smart_meter,send_encrypted_data,334404,3.935,679.856,true,none,489
2025-12-10 08:11:12.116,smart_meter,send_encrypted_data,334463,0.383,6986.172,true,none,284
2025-12-10 08:11:12.116,smart_meter,send_encrypted_data,334422,11.187,239.150,true,none,34
2025-12-10 08:11:12.117,smart_meter,send_encrypted_data,334370,0.346,7731.098,true,none,155
2025-12-10 08:11:12.117,smart_meter,send_encrypted_data,334434,4.617,579.483,true,none,83
2025-12-10 08:11:12.115,smart_meter,send_encrypted_data,334414,12.189,219.486,true,none,203
2025-12-10 08:11:12.117,smart_meter,send_encrypted_data,334421,0.406,6589.576,true,none,497
2025-12-10 08:11:12.117,smart_meter,send_encrypted_data,334382,0.403,6637.856,true,none,6
2025-12-10 08:11:12.118,smart_meter,send_encrypted_data,334094,9.822,272.119,true,none,31
2025-12-10 08:11:12.118,smart_meter,send_encrypted_data,334449,0.382,7004.168,true,none,306
2025-12-10 08:11:12.118,smart_meter,send_encrypted_data,334212,0.373,7168.086,true,none,481
2025-12-10 08:11:12.118,smart_meter,send_encrypted_data,333861,0.392,6813.490,true,none,144
2025-12-10 08:11:12.119,smart_meter,send_encrypted_data,334340,6.617,404.219,true,none,241
2025-12-10 08:11:12.119,smart_meter,send_encrypted_data,334441,11.072,241.648,true,none,405
2025-12-10 08:11:12.120,smart_meter,send_encrypted_data,334419,3.352,798.136,true,none,492
2025-12-10 08:11:12.111,smart_meter,send_encrypted_data,334264,0.401,6668.608,true,none,280
2025-12-10 08:11:12.120,smart_meter,send_encrypted_data,334396,0.380,7039.916,true,none,288
2025-12-10 08:11:12.120,smart_meter,send_encrypted_data,334197,0.378,7072.952,true,none,217
2025-12-10 08:11:12.121,smart_meter,send_encrypted_data,334257,0.360,7427.933,true,none,209
2025-12-10 08:11:12.121,smart_meter,send_encrypted_data,334452,0.405,6606.459,true,none,86
2025-12-10 08:11:12.121,smart_meter,send_encrypted_data,334174,0.405,6600.968,true,none,411
2025-12-10 08:11:12.121,smart_meter,send_encrypted_data,334427,0.375,7134.443,true,none,81
2025-12-10 08:11:12.122,smart_meter,send_encrypted_data,334000,0.362,7381.215,true,none,271
2025-12-10 08:11:12.123,smart_meter,send_encrypted_data,334455,0.359,7453.036,true,none,171
2025-12-10 08:11:12.124,smart_meter,send_encrypted_data,334218,0.344,7772.512,true,none,246
2025-12-10 08:11:12.124,smart_meter,send_encrypted_data,334154,0.375,7128.619,true,none,348
2025-12-10 08:11:12.124,smart_meter,send_encrypted_data,334158,0.373,7166.928,true,none,193
2025-12-10 08:11:12.125,smart_meter,send_encrypted_data,334008,0.370,7221.795,true,none,297
2025-12-10 08:11:12.125,smart_meter,send_encrypted_data,334456,3.607,741.793,true,none,47
2025-12-10 08:11:12.125,smart_meter,send_encrypted_data,334384,0.383,6984.522,true,none,300
2025-12-10 08:11:12.126,smart_meter,send_encrypted_data,334299,0.352,7597.705,true,none,341
2025-12-10 08:11:12.127,smart_meter,send_encrypted_data,334439,0.343,7800.327,true,none,35
2025-12-10 08:11:12.129,smart_meter,send_encrypted_data,334008,9.593,278.543,true,none,326
2025-12-10 08:11:12.129,smart_meter,send_encrypted_data,334326,0.382,7001.592,true,none,77
2025-12-10 08:11:12.125,smart_meter,send_encrypted_data,334262,1.638,1632.537,true,none,79
2025-12-10 08:11:12.129,smart_meter,send_encrypted_data,334200,0.376,7110.638,true,none,52
2025-12-10 08:11:12.131,smart_meter,send_encrypted_data,334147,0.367,7283.858,true,none,251
2025-12-10 08:11:12.131,smart_meter,send_encrypted_data,333288,5.181,514.631,true,none,351
2025-12-10 08:11:12.131,smart_meter,send_encrypted_data,334181,0.364,7344.637,true,none,394
2025-12-10 08:11:12.131,smart_meter,send_encrypted_data,334300,0.381,7019.423,true,none,202
2025-12-10 08:11:12.131,smart_meter,send_encrypted_data,334233,0.379,7055.050,true,none,189
2025-12-10 08:11:12.132,smart_meter,send_encrypted_data,334439,0.346,7732.694,true,none,353
2025-12-10 08:11:12.132,smart_meter,send_encrypted_data,334434,0.615,4350.361,true,none,172
2025-12-10 08:11:12.132,smart_meter,send_encrypted_data,334214,0.355,7531.583,true,none,118
2025-12-10 08:11:12.133,smart_meter,send_encrypted_data,334052,0.367,7281.787,true,none,449
2025-12-10 08:11:12.133,smart_meter,send_encrypted_data,334352,7.115,375.940,true,none,333
2025-12-10 08:11:12.133,smart_meter,send_encrypted_data,334435,0.387,6913.385,true,none,395
2025-12-10 08:11:12.134,smart_meter,send_encrypted_data,334236,0.379,7055.113,true,none,62
2025-12-10 08:11:12.135,smart_meter,send_encrypted_data,334299,0.358,7470.369,true,none,319
2025-12-10 08:11:12.136,smart_meter,send_encrypted_data,334327,0.363,7368.088,true,none,401
2025-12-10 08:11:12.136,smart_meter,send_encrypted_data,334384,2.209,1210.988,true,none,84
2025-12-10 08:11:12.137,smart_meter,send_encrypted_data,334337,11.227,238.238,true,none,131
2025-12-10 08:11:12.138,smart_meter,send_encrypted_data,334132,0.360,7425.156,true,none,89
2025-12-10 08:11:12.139,smart_meter,send_encrypted_data,334330,0.367,7287.847,true,none,406
2025-12-10 08:11:12.140,smart_meter,send_encrypted_data,334248,0.362,7386.696,true,none,328
2025-12-10 08:11:12.140,smart_meter,send_encrypted_data,334413,0.364,7349.736,true,none,494
2025-12-10 08:11:12.141,smart_meter,send_encrypted_data,334227,0.372,7187.677,true,none,60
2025-12-10 08:11:12.141,smart_meter,send_encrypted_data,333869,12.514,213.437,true,none,444
2025-12-10 08:11:12.141,smart_meter,send_encrypted_data,334191,0.375,7129.408,true,none,99
2025-12-10 08:11:12.142,smart_meter,send_encrypted_data,334397,0.368,7269.500,true,none,192
2025-12-10 08:11:12.142,smart_meter,send_encrypted_data,334383,7.236,369.688,true,none,87
2025-12-10 08:11:12.142,smart_meter,send_encrypted_data,334301,7.303,366.207,true,none,317
2025-12-10 08:11:12.142,smart_meter,send_encrypted_data,334350,0.380,7038.947,true,none,207
2025-12-10 08:11:12.142,smart_meter,send_encrypted_data,334304,0.399,6702.837,true,none,68
2025-12-10 08:11:12.141,smart_meter,send_encrypted_data,334221,3.987,670.622,true,none,92
2025-12-10 08:11:12.144,smart_meter,send_encrypted_data,334318,0.361,7408.709,true,none,96
2025-12-10 08:11:12.144,smart_meter,send_encrypted_data,334476,0.398,6723.136,true,none,106
2025-12-10 08:11:12.144,smart_meter,send_encrypted_data,334064,1.260,2121.041,true,none,447
2025-12-10 08:11:12.144,smart_meter,send_encrypted_data,334532,0.377,7098.822,true,none,264
2025-12-10 08:11:12.145,smart_meter,send_encrypted_data,334395,0.363,7369.587,true,none,123
2025-12-10 08:11:12.146,smart_meter,send_encrypted_data,334359,0.374,7152.064,true,none,206
2025-12-10 08:11:12.146,smart_meter,send_encrypted_data,334410,0.358,7472.849,true,none,451
2025-12-10 08:11:12.147,smart_meter,send_encrypted_data,334536,0.346,7734.936,true,none,311
2025-12-10 08:11:12.147,smart_meter,send_encrypted_data,334161,0.358,7467.285,true,none,48
2025-12-10 08:11:12.148,smart_meter,send_encrypted_data,334034,0.416,6423.731,true,none,373
2025-12-10 08:11:12.148,smart_meter,send_encrypted_data,334100,0.402,6648.756,true,none,252
2025-12-10 08:11:12.149,smart_meter,send_encrypted_data,334360,0.354,7556.158,true,none,1
2025-12-10 08:11:12.149,smart_meter,send_encrypted_data,334510,0.355,7538.254,true,none,146
2025-12-10 08:11:12.150,smart_meter,send_encrypted_data,334466,9.015,296.808,true,none,426
2025-12-10 08:11:12.150,smart_meter,send_encrypted_data,334427,0.391,6842.496,true,none,11
2025-12-10 08:11:12.150,smart_meter,send_encrypted_data,334183,16.948,157.745,true,none,396
2025-12-10 08:11:12.151,smart_meter,send_encrypted_data,334486,0.361,7412.432,true,none,448
2025-12-10 08:11:12.152,smart_meter,send_encrypted_data,334079,0.373,7165.233,true,none,66
2025-12-10 08:11:12.152,smart_meter,send_encrypted_data,334095,0.358,7465.810,true,none,382
2025-12-10 08:11:12.152,smart_meter,send_encrypted_data,334351,0.387,6911.649,true,none,495
2025-12-10 08:11:12.153,smart_meter,send_encrypted_data,334016,0.351,7612.900,true,none,170
2025-12-10 08:11:12.153,smart_meter,send_encrypted_data,334241,0.365,7325.830,true,none,323
2025-12-10 08:11:12.154,smart_meter,send_encrypted_data,334303,0.344,7774.488,true,none,324
2025-12-10 08:11:12.154,smart_meter,send_encrypted_data,334407,0.363,7369.851,true,none,46
2025-12-10 08:11:12.154,smart_meter,send_encrypted_data,334401,0.368,7269.587,true,none,307
2025-12-10 08:11:12.155,smart_meter,send_encrypted_data,334369,0.370,7229.600,true,none,53
2025-12-10 08:11:12.155,smart_meter,send_encrypted_data,333352,0.429,6216.354,true,none,45
2025-12-10 08:11:12.156,smart_meter,send_encrypted_data,334549,0.426,6282.610,true,none,473
2025-12-10 08:11:12.156,smart_meter,send_encrypted_data,334284,0.432,6190.444,true,none,273
2025-12-10 08:11:12.156,smart_meter,send_encrypted_data,334421,0.402,6655.144,true,none,208
2025-12-10 08:11:12.156,smart_meter,send_encrypted_data,334203,4.204,635.971,true,none,346
2025-12-10 08:11:12.156,smart_meter,send_encrypted_data,334444,0.375,7134.805,true,none,305
2025-12-10 08:11:12.157,smart_meter,send_encrypted_data,334098,0.372,7184.903,true,none,137
2025-12-10 08:11:12.157,smart_meter,send_encrypted_data,334272,2.320,1152.662,true,none,61
2025-12-10 08:11:12.157,smart_meter,send_encrypted_data,334309,0.342,7820.094,true,none,423
2025-12-10 08:11:12.157,smart_meter,send_encrypted_data,334389,1.971,1357.236,true,none,174
2025-12-10 08:11:12.157,smart_meter,send_encrypted_data,333299,0.410,6503.395,true,none,110
2025-12-10 08:11:12.158,smart_meter,send_encrypted_data,334423,0.769,3479.043,true,none,114
2025-12-10 08:11:12.158,smart_meter,send_encrypted_data,334089,0.392,6818.143,true,none,480
2025-12-10 08:11:12.158,smart_meter,send_encrypted_data,334170,0.374,7148.021,true,none,457
2025-12-10 08:11:12.158,smart_meter,send_encrypted_data,333934,0.377,7086.133,true,none,304
2025-12-10 08:11:12.159,smart_meter,send_encrypted_data,334171,0.379,7053.741,true,none,355
2025-12-10 08:11:12.159,smart_meter,send_encrypted_data,334265,0.401,6668.628,true,none,109
2025-12-10 08:11:12.160,smart_meter,send_encrypted_data,334222,0.339,7887.245,true,none,17
2025-12-10 08:11:12.160,smart_meter,send_encrypted_data,334492,0.357,7495.619,true,none,320
2025-12-10 08:11:12.161,smart_meter,send_encrypted_data,334095,0.354,7550.169,true,none,58
2025-12-10 08:11:12.161,smart_meter,send_encrypted_data,334267,0.363,7366.766,true,none,379
2025-12-10 08:11:12.161,smart_meter,send_encrypted_data,333332,2.446,1090.211,true,none,416
2025-12-10 08:11:12.161,smart_meter,send_encrypted_data,334140,1.541,1734.666,true,none,450
2025-12-10 08:11:12.161,smart_meter,send_encrypted_data,334152,1.016,2631.118,true,none,205
2025-12-10 08:11:12.162,smart_meter,send_encrypted_data,334385,0.352,7599.659,true,none,108
2025-12-10 08:11:12.162,smart_meter,send_encrypted_data,334104,0.370,7223.870,true,none,198
2025-12-10 08:11:12.162,smart_meter,send_encrypted_data,334311,0.372,7189.484,true,none,167
2025-12-10 08:11:12.162,smart_meter,send_encrypted_data,334334,0.514,5203.642,true,none,413
2025-12-10 08:11:12.163,smart_meter,send_encrypted_data,334149,0.384,6961.438,true,none,443
2025-12-10 08:11:12.163,smart_meter,send_encrypted_data,334304,0.345,7751.977,true,none,477
2025-12-10 08:11:12.163,smart_meter,send_encrypted_data,334153,30.413,87.897,true,none,370
2025-12-10 08:11:12.164,smart_meter,send_encrypted_data,334282,0.354,7554.395,true,none,367
2025-12-10 08:11:12.164,smart_meter,send_encrypted_data,334443,0.372,7192.323,true,none,154
2025-12-10 08:11:12.164,smart_meter,send_encrypted_data,334180,0.386,6926.010,true,none,162
2025-12-10 08:11:12.165,smart_meter,send_encrypted_data,333918,0.381,7011.402,true,none,441
2025-12-10 08:11:12.166,smart_meter,send_encrypted_data,334362,0.392,6823.714,true,none,164
2025-12-10 08:11:12.166,smart_meter,send_encrypted_data,333814,0.399,6693.013,true,none,244
2025-12-10 08:11:12.166,smart_meter,send_encrypted_data,334399,0.425,6294.569,true,none,363
2025-12-10 08:11:12.166,smart_meter,send_encrypted_data,333942,0.420,6360.800,true,none,140
2025-12-10 08:11:12.167,smart_meter,send_encrypted_data,334131,0.393,6801.649,true,none,239
2025-12-10 08:11:12.167,smart_meter,send_encrypted_data,334091,0.385,6942.151,true,none,456
2025-12-10 08:11:12.168,smart_meter,send_encrypted_data,334230,0.341,7841.173,true,none,210
2025-12-10 08:11:12.168,smart_meter,send_encrypted_data,333972,0.356,7504.989,true,none,188
2025-12-10 08:11:12.170,smart_meter,send_encrypted_data,334341,0.369,7248.585,true,none,479
2025-12-10 08:11:12.171,smart_meter,send_encrypted_data,334282,0.345,7751.467,true,none,44
2025-12-10 08:11:12.171,smart_meter,send_encrypted_data,334220,15.841,168.787,true,none,337
2025-12-10 08:11:12.172,smart_meter,send_encrypted_data,333910,0.353,7567.365,true,none,422
2025-12-10 08:11:12.172,smart_meter,send_encrypted_data,334411,0.352,7600.250,true,none,338
2025-12-10 08:11:12.172,smart_meter,send_encrypted_data,334326,0.407,6571.518,true,none,374
2025-12-10 08:11:12.172,smart_meter,send_encrypted_data,334292,19.439,137.576,true,none,229
2025-12-10 08:11:12.173,smart_meter,send_encrypted_data,334403,0.391,6842.005,true,none,12
2025-12-10 08:11:12.174,smart_meter,send_encrypted_data,334113,0.436,6130.514,true,none,194
2025-12-10 08:11:12.174,smart_meter,send_encrypted_data,334308,0.377,7094.069,true,none,29
2025-12-10 08:11:12.174,smart_meter,send_encrypted_data,334112,0.366,7302.995,true,none,175
2025-12-10 08:11:12.175,smart_meter,send_encrypted_data,334461,0.350,7644.823,true,none,361
2025-12-10 08:11:12.176,smart_meter,send_encrypted_data,334463,0.358,7474.034,true,none,24
2025-12-10 08:11:12.176,smart_meter,send_encrypted_data,334359,24.719,108.211,true,none,332
2025-12-10 08:11:12.177,smart_meter,send_encrypted_data,334420,0.386,6930.984,true,none,102
2025-12-10 08:11:12.177,smart_meter,send_encrypted_data,334080,0.374,7146.096,true,none,499
2025-12-10 08:11:12.178,smart_meter,send_encrypted_data,334348,16.467,162.433,true,none,104
2025-12-10 08:11:12.178,smart_meter,send_encrypted_data,334410,29.972,89.259,true,none,272
2025-12-10 08:11:12.178,smart_meter,send_encrypted_data,334067,2.500,1069.014,true,none,430
2025-12-10 08:11:12.150,smart_meter,send_encrypted_data,334282,0.608,4398.447,true,none,436
2025-12-10 08:11:12.179,smart_meter,send_encrypted_data,334035,0.350,7635.086,true,none,435
2025-12-10 08:11:12.179,smart_meter,send_encrypted_data,334091,0.377,7089.464,true,none,250
2025-12-10 08:11:12.180,smart_meter,send_encrypted_data,334424,0.347,7710.063,true,none,301
2025-12-10 08:11:12.180,smart_meter,send_encrypted_data,334408,0.416,6430.923,true,none,147
2025-12-10 08:11:12.181,smart_meter,send_encrypted_data,334254,0.836,3198.603,true,none,340
2025-12-10 08:11:12.181,smart_meter,send_encrypted_data,334296,0.391,6839.816,true,none,285
2025-12-10 08:11:12.181,smart_meter,send_encrypted_data,334213,0.391,6838.118,true,none,182
2025-12-10 08:11:12.181,smart_meter,send_encrypted_data,334468,18.433,145.161,true,none,375
2025-12-10 08:11:12.182,smart_meter,send_encrypted_data,334423,0.353,7578.992,true,none,354
2025-12-10 08:11:12.182,smart_meter,send_encrypted_data,334034,0.348,7678.943,true,none,366
2025-12-10 08:11:12.178,smart_meter,send_encrypted_data,334348,26.179,102.173,true,none,412
2025-12-10 08:11:12.182,smart_meter,send_encrypted_data,334345,0.386,6929.430,true,none,421
2025-12-10 08:11:12.159,smart_meter,send_encrypted_data,334208,0.398,6717.749,true,none,195
2025-12-10 08:11:12.183,smart_meter,send_encrypted_data,334391,3.753,712.797,true,none,496
2025-12-10 08:11:12.169,smart_meter,send_encrypted_data,334504,0.358,7474.950,true,none,414
2025-12-10 08:11:12.183,smart_meter,send_encrypted_data,334279,0.358,7469.922,true,none,377
2025-12-10 08:11:12.184,smart_meter,send_encrypted_data,334053,0.385,6941.361,true,none,398
2025-12-10 08:11:12.185,smart_meter,send_encrypted_data,334210,0.353,7574.164,true,none,263
2025-12-10 08:11:12.185,smart_meter,send_encrypted_data,334352,0.384,6965.667,true,none,344
2025-12-10 08:11:12.186,smart_meter,send_encrypted_data,334333,0.347,7707.965,true,none,349
2025-12-10 08:11:12.187,smart_meter,send_encrypted_data,334325,0.347,7707.781,true,none,467
2025-12-10 08:11:12.187,smart_meter,send_encrypted_data,334362,0.388,6894.062,true,none,133
2025-12-10 08:11:12.188,smart_meter,send_encrypted_data,334265,1.718,1556.531,true,none,440
2025-12-10 08:11:12.188,smart_meter,send_encrypted_data,334424,0.382,7003.644,true,none,91
2025-12-10 08:11:12.189,smart_meter,send_encrypted_data,334270,0.519,5152.524,true,none,465
2025-12-10 08:11:12.190,smart_meter,send_encrypted_data,334324,0.371,7209.143,true,none,427
2025-12-10 08:11:12.190,smart_meter,send_encrypted_data,333956,0.384,6957.417,true,none,329
2025-12-10 08:11:12.191,smart_meter,send_encrypted_data,334014,0.755,3539.221,true,none,461
2025-12-10 08:11:12.192,smart_meter,send_encrypted_data,334094,0.400,6681.880,true,none,139
2025-12-10 08:11:12.193,smart_meter,send_encrypted_data,334365,3.626,737.705,true,none,463
2025-12-10 08:11:12.194,smart_meter,send_encrypted_data,334326,0.358,7470.972,true,none,214
2025-12-10 08:11:12.194,smart_meter,send_encrypted_data,333304,0.345,7728.788,true,none,111
2025-12-10 08:11:12.194,smart_meter,send_encrypted_data,334413,2.586,1034.534,true,none,498
2025-12-10 08:11:12.194,smart_meter,send_encrypted_data,333813,4.799,556.471,true,none,390
2025-12-10 08:11:12.195,smart_meter,send_encrypted_data,334491,0.370,7232.238,true,none,294
2025-12-10 08:11:12.195,smart_meter,send_encrypted_data,334245,2.939,909.820,true,none,439
2025-12-10 08:11:12.196,smart_meter,send_encrypted_data,334448,0.419,6385.642,true,none,446
2025-12-10 08:11:12.196,smart_meter,send_encrypted_data,334385,0.419,6384.439,true,none,397
2025-12-10 08:11:12.194,smart_meter,send_encrypted_data,334085,4.337,616.251,true,none,471
2025-12-10 08:11:12.196,smart_meter,send_encrypted_data,334258,7.285,367.064,true,none,470
2025-12-10 08:11:12.196,smart_meter,send_encrypted_data,334379,0.399,6704.341,true,none,72
2025-12-10 08:11:12.196,smart_meter,send_encrypted_data,334236,0.399,6701.474,true,none,437
2025-12-10 08:11:12.197,smart_meter,send_encrypted_data,334111,0.404,6616.059,true,none,462
2025-12-10 08:11:12.197,smart_meter,send_encrypted_data,334365,0.407,6572.285,true,none,420
2025-12-10 08:11:12.197,smart_meter,send_encrypted_data,334412,4.427,604.314,true,none,391
2025-12-10 08:11:12.198,smart_meter,send_encrypted_data,334059,0.400,6681.180,true,none,105
2025-12-10 08:11:12.198,smart_meter,send_encrypted_data,334353,0.400,6687.060,true,none,130
2025-12-10 08:11:12.199,smart_meter,send_encrypted_data,334414,0.371,7211.084,true,none,247
2025-12-10 08:11:12.199,smart_meter,send_encrypted_data,334109,2.103,1270.981,true,none,128
2025-12-10 08:11:12.200,smart_meter,send_encrypted_data,333904,0.352,7588.727,true,none,120
2025-12-10 08:11:12.200,smart_meter,send_encrypted_data,334424,1.645,1626.378,true,none,163
2025-12-10 08:11:12.200,smart_meter,send_encrypted_data,334358,0.362,7389.127,true,none,415
2025-12-10 08:11:12.201,smart_meter,send_encrypted_data,334202,0.388,6890.763,true,none,381
2025-12-10 08:11:12.202,smart_meter,send_encrypted_data,334272,0.345,7751.235,true,none,245
2025-12-10 08:11:12.202,smart_meter,send_encrypted_data,334366,0.336,7961.095,true,none,388
2025-12-10 08:11:12.204,smart_meter,send_encrypted_data,334135,0.366,7303.497,true,none,219
2025-12-10 08:11:12.204,smart_meter,send_encrypted_data,334514,0.364,7351.956,true,none,226
2025-12-10 08:11:12.205,smart_meter,send_encrypted_data,334095,0.359,7445.014,true,none,227
2025-12-10 08:11:12.205,smart_meter,send_encrypted_data,334375,0.400,6687.500,true,none,478
2025-12-10 08:11:12.201,smart_meter,send_encrypted_data,334352,0.351,7620.558,true,none,265
2025-12-10 08:11:12.206,smart_meter,send_encrypted_data,334453,0.358,7473.810,true,none,295
2025-12-10 08:11:12.206,smart_meter,send_encrypted_data,334239,0.386,6927.233,true,none,267
2025-12-10 08:11:12.206,smart_meter,send_encrypted_data,334328,37.412,71.491,true,none,50
2025-12-10 08:11:12.207,smart_meter,send_encrypted_data,334122,0.366,7303.213,true,none,153
2025-12-10 08:11:12.208,smart_meter,send_encrypted_data,334131,38.793,68.905,true,none,233
2025-12-10 08:11:12.208,smart_meter,send_encrypted_data,334490,0.341,7847.273,true,none,278
2025-12-10 08:11:12.209,smart_meter,send_encrypted_data,334202,0.345,7749.612,true,none,231
2025-12-10 08:11:12.209,smart_meter,send_encrypted_data,334254,0.378,7074.159,true,none,286
2025-12-10 08:11:12.210,smart_meter,send_encrypted_data,334400,0.395,6772.658,true,none,292
2025-12-10 08:11:12.210,smart_meter,send_encrypted_data,334392,0.389,6876.956,true,none,276
2025-12-10 08:11:12.210,smart_meter,send_encrypted_data,334364,67.733,39.492,true,none,392
2025-12-10 08:11:12.211,smart_meter,send_encrypted_data,333999,0.382,6994.743,true,none,255
2025-12-10 08:11:12.211,smart_meter,send_encrypted_data,334169,0.351,7616.387,true,none,215
2025-12-10 08:11:12.212,smart_meter,send_encrypted_data,334131,0.367,7283.510,true,none,220
2025-12-10 08:11:12.168,smart_meter,send_encrypted_data,334114,34.534,77.399,true,none,243
2025-12-10 08:11:12.213,smart_meter,send_encrypted_data,334302,0.372,7189.290,true,none,228
2025-12-10 08:11:12.213,smart_meter,send_encrypted_data,334427,20.284,131.898,true,none,145
2025-12-10 08:11:12.213,smart_meter,send_encrypted_data,334357,0.379,7057.668,true,none,345
2025-12-10 08:11:12.215,smart_meter,send_encrypted_data,333888,0.340,7856.188,true,none,365
2025-12-10 08:11:12.216,smart_meter,send_encrypted_data,333993,0.384,6958.188,true,none,289
2025-12-10 08:11:12.216,smart_meter,send_encrypted_data,334080,0.387,6906.047,true,none,409
2025-12-10 08:11:12.216,smart_meter,send_encrypted_data,334135,0.389,6871.671,true,none,291
2025-12-10 08:11:12.217,smart_meter,send_encrypted_data,334496,0.363,7371.813,true,none,331
2025-12-10 08:11:12.217,smart_meter,send_encrypted_data,334161,19.502,137.078,true,none,129
2025-12-10 08:11:12.218,smart_meter,send_encrypted_data,334386,0.376,7114.596,true,none,484
2025-12-10 08:11:12.219,smart_meter,send_encrypted_data,334307,0.340,7866.047,true,none,490
2025-12-10 08:11:12.219,smart_meter,send_encrypted_data,334364,0.364,7348.659,true,none,358
2025-12-10 08:11:12.219,smart_meter,send_encrypted_data,334461,0.388,6896.103,true,none,232
2025-12-10 08:11:12.220,smart_meter,send_encrypted_data,334336,0.362,7388.641,true,none,290
2025-12-10 08:11:12.220,smart_meter,send_encrypted_data,334381,28.864,92.678,true,none,136
2025-12-10 08:11:12.220,smart_meter,send_encrypted_data,333837,26.476,100.872,true,none,149
2025-12-10 08:11:12.221,smart_meter,send_encrypted_data,334065,17.394,153.646,true,none,269
2025-12-10 08:11:12.221,smart_meter,send_encrypted_data,334024,0.351,7613.083,true,none,157
2025-12-10 08:11:12.222,smart_meter,send_encrypted_data,334011,6.308,423.603,true,none,200
2025-12-10 08:11:12.222,smart_meter,send_encrypted_data,334196,28.464,93.928,true,none,199
2025-12-10 08:11:12.222,smart_meter,send_encrypted_data,334186,0.368,7264.913,true,none,369
2025-12-10 08:11:12.223,smart_meter,send_encrypted_data,334146,0.342,7816.281,true,none,159
2025-12-10 08:11:12.224,smart_meter,send_encrypted_data,334395,7.450,359.082,true,none,238
2025-12-10 08:11:12.224,smart_meter,send_encrypted_data,334275,3.585,745.941,true,none,491
2025-12-10 08:11:12.224,smart_meter,send_encrypted_data,334208,22.477,118.951,true,none,266
2025-12-10 08:11:12.224,smart_meter,send_encrypted_data,334142,0.384,6961.292,true,none,236
2025-12-10 08:11:12.225,smart_meter,send_encrypted_data,334362,89.251,29.970,true,none,476
2025-12-10 08:11:12.226,smart_meter,send_encrypted_data,334176,15.618,171.175,true,none,166
2025-12-10 08:11:12.226,smart_meter,send_encrypted_data,334418,0.410,6525.229,true,none,312
2025-12-10 08:11:12.226,smart_meter,send_encrypted_data,334352,11.186,239.122,true,none,287
2025-12-10 08:11:12.226,smart_meter,send_encrypted_data,334318,0.356,7512.764,true,none,253
2025-12-10 08:11:12.226,smart_meter,send_encrypted_data,334156,21.758,122.863,true,none,218
2025-12-10 08:11:12.226,smart_meter,send_encrypted_data,334413,15.402,173.698,true,none,261
2025-12-10 08:11:12.226,smart_meter,send_encrypted_data,334110,20.565,129.972,true,none,248
2025-12-10 08:11:12.227,smart_meter,send_encrypted_data,334098,66.116,40.426,true,none,485
2025-12-10 08:11:12.227,smart_meter,send_encrypted_data,334343,19.432,137.646,true,none,254
2025-12-10 08:11:12.227,smart_meter,send_encrypted_data,333347,62.924,42.381,true,none,342
2025-12-10 08:11:12.227,smart_meter,send_encrypted_data,334447,15.904,168.233,true,none,316
2025-12-10 08:11:12.228,smart_meter,send_encrypted_data,334224,0.346,7727.723,true,none,314
2025-12-10 08:11:12.229,smart_meter,send_encrypted_data,334471,12.469,214.594,true,none,362
2025-12-10 08:11:12.229,smart_meter,send_encrypted_data,334051,13.225,202.072,true,none,169
2025-12-10 08:11:12.230,smart_meter,send_encrypted_data,334437,0.353,7579.309,true,none,386
2025-12-10 08:11:12.231,smart_meter,send_encrypted_data,334202,79.974,33.431,true,none,334
2025-12-10 08:11:12.232,smart_meter,send_encrypted_data,334281,28.435,94.048,true,none,500
2025-12-10 08:11:12.233,smart_meter,send_encrypted_data,334402,3.876,690.200,true,none,339
2025-12-10 08:11:12.233,smart_meter,send_encrypted_data,334321,0.376,7113.213,true,none,158
2025-12-10 08:11:12.233,smart_meter,send_encrypted_data,334452,4.022,665.245,true,none,303
2025-12-10 08:11:12.233,smart_meter,send_encrypted_data,334346,56.235,47.564,true,none,434
2025-12-10 08:11:12.234,smart_meter,send_encrypted_data,334116,91.247,29.293,true,none,121
2025-12-10 08:11:12.217,smart_meter,send_encrypted_data,334399,0.364,7349.429,true,none,259
2025-12-10 08:11:12.235,smart_meter,send_encrypted_data,334219,94.467,28.304,true,none,187
2025-12-10 08:11:12.235,smart_meter,send_encrypted_data,334397,62.128,43.059,true,none,257
2025-12-10 08:11:12.236,smart_meter,send_encrypted_data,334044,85.721,31.175,true,none,486
2025-12-10 08:11:12.232,smart_meter,send_encrypted_data,333971,0.892,2995.256,true,none,213
2025-12-10 08:11:12.237,smart_meter,send_encrypted_data,334336,25.041,106.812,true,none,475
2025-12-10 08:11:12.237,smart_meter,send_encrypted_data,333348,90.315,29.528,true,none,308
2025-12-10 08:11:12.238,smart_meter,send_encrypted_data,334308,0.392,6822.612,true,none,309
2025-12-10 08:11:12.238,smart_meter,send_encrypted_data,334363,22.819,117.223,true,none,274
2025-12-10 08:11:12.242,smart_meter,send_encrypted_data,334481,0.385,6950.255,true,none,385
2025-12-10 08:11:12.242,smart_meter,send_encrypted_data,334445,2.955,905.435,true,none,212
2025-12-10 08:11:12.243,smart_meter,send_encrypted_data,334082,0.367,7282.441,true,none,368
2025-12-10 08:11:12.244,smart_meter,send_encrypted_data,334246,69.551,38.446,true,none,389
2025-12-10 08:11:12.245,smart_meter,send_encrypted_data,334396,0.342,7822.129,true,none,350
2025-12-10 08:11:12.246,smart_meter,send_encrypted_data,334417,0.337,7938.682,true,none,240
2025-12-10 08:11:12.248,smart_meter,send_encrypted_data,334137,7.289,366.730,true,none,352
2025-12-10 08:11:12.264,smart_meter,send_encrypted_data,333902,0.342,7810.573,true,none,302
2025-12-10 08:11:12.269,smart_meter,send_encrypted_data,334091,0.349,7658.246,true,none,393
2025-12-10 08:11:12.273,smart_meter,send_encrypted_data,334392,1.963,1362.779,true,none,410
2025-12-10 08:11:12.274,smart_meter,send_encrypted_data,334108,0.365,7322.915,true,none,452
2025-12-10 08:11:12.275,smart_meter,send_encrypted_data,334149,0.349,7659.576,true,none,453
2025-12-10 08:11:12.276,smart_meter,send_encrypted_data,334085,0.354,7549.944,true,none,376
2025-12-10 08:11:12.276,smart_meter,send_encrypted_data,334262,1.044,2561.395,true,none,438
2025-12-10 08:11:12.281,smart_meter,send_encrypted_data,334322,0.355,7534.017,true,none,428
2025-12-10 08:11:12.286,smart_meter,send_encrypted_data,334291,0.350,7640.937,true,none,458
2025-12-10 08:11:12.297,smart_meter,send_encrypted_data,334241,0.444,6022.360,true,none,464
2025-12-10 08:11:12.297,smart_meter,send_encrypted_data,334432,0.401,6671.960,true,none,466
2025-12-10 08:11:12.301,smart_meter,send_encrypted_data,333874,0.355,7523.921,true,none,71
2025-12-10 08:11:12.301,smart_meter,send_encrypted_data,334286,0.403,6635.950,true,none,432
2025-12-10 08:11:12.303,smart_meter,send_encrypted_data,334505,0.354,7559.435,true,none,80
2025-12-10 08:11:12.303,smart_meter,send_encrypted_data,334134,3.094,863.953,true,none,429
2025-12-10 08:11:12.305,smart_meter,send_encrypted_data,334065,0.379,7051.504,true,none,150
2025-12-10 08:11:12.308,smart_meter,send_encrypted_data,334453,0.534,5010.532,true,none,196
2025-12-10 08:11:12.309,smart_meter,send_encrypted_data,334248,0.393,6804.031,true,none,124
2025-12-10 08:11:12.310,smart_meter,send_encrypted_data,334356,0.387,6911.752,true,none,173
2025-12-10 08:11:12.310,smart_meter,send_encrypted_data,334395,0.369,7249.756,true,none,151
2025-12-10 08:11:12.311,smart_meter,send_encrypted_data,334470,0.378,7078.730,true,none,176
2025-12-10 08:11:12.312,smart_meter,send_encrypted_data,334498,0.348,7689.609,true,none,221
2025-12-10 08:11:12.313,smart_meter,send_encrypted_data,333351,5.873,454.079,true,none,141
2025-12-10 08:11:12.314,smart_meter,send_encrypted_data,334313,0.343,7797.388,true,none,281
2025-12-10 08:11:12.315,smart_meter,send_encrypted_data,334380,0.401,6670.923,true,none,275
2025-12-10 08:11:12.317,smart_meter,send_encrypted_data,334410,2.533,1056.171,true,none,74
2025-12-10 08:11:12.317,smart_meter,send_encrypted_data,334147,0.352,7594.250,true,none,313
2025-12-10 08:11:12.320,smart_meter,send_encrypted_data,334375,0.347,7708.934,true,none,364
2025-12-10 08:11:12.324,smart_meter,send_encrypted_data,334325,0.362,7388.398,true,none,211
2025-12-10 08:11:12.335,smart_meter,send_encrypted_data,334113,0.363,7363.372,true,none,357
2025-12-10 08:11:12.338,smart_meter,send_encrypted_data,334490,0.365,7331.288,true,none,384
2025-12-10 08:11:12.340,smart_meter,send_encrypted_data,334330,0.365,7327.781,true,none,315
2025-12-10 08:11:12.351,smart_meter,send_encrypted_data,334419,0.366,7309.705,true,none,454
2025-12-10 08:11:12.353,smart_meter,send_encrypted_data,334312,0.361,7408.576,true,none,459
2025-12-10 08:11:12.353,smart_meter,send_encrypted_data,334419,0.393,6807.511,true,none,433
2025-12-10 08:11:12.355,smart_meter,send_encrypted_data,334436,0.360,7431.911,true,none,419
2025-12-10 08:11:12.368,smart_meter,send_encrypted_data,334460,0.363,7371.019,true,none,119
2025-12-10 08:11:12.371,smart_meter,send_encrypted_data,334320,0.351,7619.829,true,none,225
2025-12-10 08:11:12.372,smart_meter,send_encrypted_data,334294,0.372,7189.118,true,none,156
2025-12-10 08:11:12.373,smart_meter,send_encrypted_data,334467,0.392,6825.857,true,none,178
2025-12-10 08:11:12.375,smart_meter,send_encrypted_data,334275,0.441,6063.946,true,none,279
2025-12-10 08:11:12.376,smart_meter,send_encrypted_data,334408,0.822,3254.579,true,none,179
2025-12-10 08:11:12.381,smart_meter,send_encrypted_data,334210,0.393,6803.257,true,none,371
2025-12-10 08:11:12.384,smart_meter,send_encrypted_data,334438,0.366,7310.120,true,none,387
2025-12-10 08:11:12.389,smart_meter,send_encrypted_data,334159,0.380,7034.926,true,none,383
2025-12-10 08:11:12.389,smart_meter,send_encrypted_data,334075,0.389,6870.437,true,none,483
2025-12-10 08:11:12.391,smart_meter,send_encrypted_data,333970,0.378,7068.148,true,none,249
2025-12-10 08:11:12.395,smart_meter,send_encrypted_data,333721,0.369,7235.144,true,none,455
2025-12-10 08:11:12.395,smart_meter,send_encrypted_data,334391,1.793,1491.984,true,none,356
2025-12-10 08:11:12.402,smart_meter,send_encrypted_data,334331,0.494,5414.267,true,none,293
2025-12-10 08:12:17.454,smart_meter,send_encrypted_data,334124,0.395,6767.068,true,none,46
2025-12-10 08:12:17.457,smart_meter,send_encrypted_data,334159,0.418,6395.388,true,none,21
2025-12-10 08:12:17.458,smart_meter,send_encrypted_data,334379,0.373,7171.668,true,none,104
2025-12-10 08:12:17.459,smart_meter,send_encrypted_data,334009,0.370,7221.816,true,none,24
2025-12-10 08:12:17.459,smart_meter,send_encrypted_data,334312,0.383,6983.018,true,none,114
2025-12-10 08:12:17.460,smart_meter,send_encrypted_data,334418,0.363,7370.094,true,none,56
2025-12-10 08:12:17.460,smart_meter,send_encrypted_data,334289,0.400,6685.780,true,none,29
2025-12-10 08:12:17.462,smart_meter,send_encrypted_data,334097,0.368,7262.978,true,none,87
2025-12-10 08:12:17.462,smart_meter,send_encrypted_data,334485,0.378,7079.048,true,none,110
2025-12-10 08:12:17.463,smart_meter,send_encrypted_data,334170,0.368,7264.565,true,none,51
2025-12-10 08:12:17.463,smart_meter,send_encrypted_data,334358,0.375,7132.971,true,none,66
2025-12-10 08:12:17.464,smart_meter,send_encrypted_data,334142,0.378,7071.788,true,none,28
2025-12-10 08:12:17.465,smart_meter,send_encrypted_data,334436,2.843,941.079,true,none,145
2025-12-10 08:12:17.465,smart_meter,send_encrypted_data,334293,0.387,6910.450,true,none,50
2025-12-10 08:12:17.466,smart_meter,send_encrypted_data,334443,3.224,829.883,true,none,123
2025-12-10 08:12:17.467,smart_meter,send_encrypted_data,334404,0.408,6556.941,true,none,138
2025-12-10 08:12:17.468,smart_meter,send_encrypted_data,334325,3.553,752.772,true,none,108
2025-12-10 08:12:17.468,smart_meter,send_encrypted_data,334011,0.407,6565.327,true,none,61
2025-12-10 08:12:17.469,smart_meter,send_encrypted_data,334322,0.360,7429.378,true,none,12
2025-12-10 08:12:17.470,smart_meter,send_encrypted_data,334301,0.383,6982.789,true,none,23
2025-12-10 08:12:17.472,smart_meter,send_encrypted_data,334159,0.360,7425.756,true,none,90
2025-12-10 08:12:17.473,smart_meter,send_encrypted_data,334407,0.403,6638.352,true,none,64
2025-12-10 08:12:17.474,smart_meter,send_encrypted_data,334322,0.362,7388.331,true,none,19
2025-12-10 08:12:17.475,smart_meter,send_encrypted_data,334248,0.363,7366.347,true,none,147
2025-12-10 08:12:17.476,smart_meter,send_encrypted_data,333772,0.379,7045.319,true,none,69
2025-12-10 08:12:17.477,smart_meter,send_encrypted_data,334110,0.373,7165.898,true,none,43
2025-12-10 08:12:17.477,smart_meter,send_encrypted_data,334446,0.398,6722.533,true,none,91
2025-12-10 08:12:17.478,smart_meter,send_encrypted_data,334405,0.370,7230.378,true,none,76
2025-12-10 08:12:17.478,smart_meter,send_encrypted_data,334352,7.955,336.243,true,none,48
2025-12-10 08:12:17.479,smart_meter,send_encrypted_data,334432,0.370,7230.962,true,none,39
2025-12-10 08:12:17.479,smart_meter,send_encrypted_data,333285,10.156,262.532,true,none,133
2025-12-10 08:12:17.480,smart_meter,send_encrypted_data,334478,18.628,143.645,true,none,44
2025-12-10 08:12:17.480,smart_meter,send_encrypted_data,334413,0.379,7058.850,true,none,122
2025-12-10 08:12:17.481,smart_meter,send_encrypted_data,334111,9.718,275.045,true,none,94
2025-12-10 08:12:17.481,smart_meter,send_encrypted_data,334469,0.359,7453.348,true,none,9
2025-12-10 08:12:17.481,smart_meter,send_encrypted_data,334061,0.439,6087.672,true,none,22
2025-12-10 08:12:17.484,smart_meter,send_encrypted_data,334518,0.380,7042.484,true,none,41
2025-12-10 08:12:17.483,smart_meter,send_encrypted_data,334472,0.417,6416.729,true,none,36
2025-12-10 08:12:17.486,smart_meter,send_encrypted_data,334346,0.399,6703.679,true,none,58
2025-12-10 08:12:17.487,smart_meter,send_encrypted_data,334483,0.376,7116.660,true,none,8
2025-12-10 08:12:17.488,smart_meter,send_encrypted_data,334422,0.399,6705.203,true,none,100
2025-12-10 08:12:17.489,smart_meter,send_encrypted_data,334309,0.353,7576.408,true,none,162
2025-12-10 08:12:17.490,smart_meter,send_encrypted_data,334321,0.390,6857.867,true,none,32
2025-12-10 08:12:17.490,smart_meter,send_encrypted_data,334510,0.384,6968.958,true,none,75
2025-12-10 08:12:17.491,smart_meter,send_encrypted_data,334353,0.384,6965.688,true,none,15
2025-12-10 08:12:17.491,smart_meter,send_encrypted_data,334230,7.674,348.428,true,none,59
2025-12-10 08:12:17.492,smart_meter,send_encrypted_data,334086,0.353,7571.354,true,none,111
2025-12-10 08:12:17.493,smart_meter,send_encrypted_data,334180,0.365,7324.493,true,none,54
2025-12-10 08:12:17.494,smart_meter,send_encrypted_data,334282,0.381,7019.045,true,none,415
2025-12-10 08:12:17.494,smart_meter,send_encrypted_data,333352,8.253,323.133,true,none,4
2025-12-10 08:12:17.494,smart_meter,send_encrypted_data,334308,6.361,420.447,true,none,134
2025-12-10 08:12:17.495,smart_meter,send_encrypted_data,333928,0.374,7142.845,true,none,72
2025-12-10 08:12:17.495,smart_meter,send_encrypted_data,334361,0.395,6771.868,true,none,3
2025-12-10 08:12:17.495,smart_meter,send_encrypted_data,334108,0.696,3840.322,true,none,186
2025-12-10 08:12:17.498,smart_meter,send_encrypted_data,334265,12.154,220.020,true,none,57
2025-12-10 08:12:17.499,smart_meter,send_encrypted_data,334217,1.209,2211.527,true,none,18
2025-12-10 08:12:17.499,smart_meter,send_encrypted_data,334451,0.380,7041.074,true,none,98
2025-12-10 08:12:17.499,smart_meter,send_encrypted_data,334425,0.382,7003.665,true,none,25
2025-12-10 08:12:17.499,smart_meter,send_encrypted_data,334347,14.270,187.441,true,none,55
2025-12-10 08:12:17.500,smart_meter,send_encrypted_data,334394,0.375,7133.739,true,none,27
2025-12-10 08:12:17.501,smart_meter,send_encrypted_data,334327,12.071,221.574,true,none,488
2025-12-10 08:12:17.501,smart_meter,send_encrypted_data,334349,0.393,6806.087,true,none,80
2025-12-10 08:12:17.502,smart_meter,send_encrypted_data,334382,0.363,7369.300,true,none,188
2025-12-10 08:12:17.502,smart_meter,send_encrypted_data,334082,0.416,6424.654,true,none,117
2025-12-10 08:12:17.503,smart_meter,send_encrypted_data,334122,0.391,6836.256,true,none,42
2025-12-10 08:12:17.504,smart_meter,send_encrypted_data,334115,0.359,7445.460,true,none,63
2025-12-10 08:12:17.505,smart_meter,send_encrypted_data,334150,0.383,6979.634,true,none,71
2025-12-10 08:12:17.505,smart_meter,send_encrypted_data,333586,0.404,6605.663,true,none,65
2025-12-10 08:12:17.505,smart_meter,send_encrypted_data,334200,0.446,5994.619,true,none,82
2025-12-10 08:12:17.505,smart_meter,send_encrypted_data,334375,0.518,5164.093,true,none,130
2025-12-10 08:12:17.506,smart_meter,send_encrypted_data,334513,12.568,212.930,true,none,7
2025-12-10 08:12:17.506,smart_meter,send_encrypted_data,334386,0.370,7229.968,true,none,73
2025-12-10 08:12:17.507,smart_meter,send_encrypted_data,334154,0.473,5651.653,true,none,70
2025-12-10 08:12:17.507,smart_meter,send_encrypted_data,334385,0.422,6339.052,true,none,185
2025-12-10 08:12:17.508,smart_meter,send_encrypted_data,334243,2.195,1218.198,true,none,487
2025-12-10 08:12:17.508,smart_meter,send_encrypted_data,334523,0.395,6775.149,true,none,26
2025-12-10 08:12:17.509,smart_meter,send_encrypted_data,334419,0.374,7153.348,true,none,30
2025-12-10 08:12:17.509,smart_meter,send_encrypted_data,334111,0.355,7529.262,true,none,290
2025-12-10 08:12:17.509,smart_meter,send_encrypted_data,334205,0.419,6381.002,true,none,93
2025-12-10 08:12:17.510,smart_meter,send_encrypted_data,334056,0.381,7014.299,true,none,156
2025-12-10 08:12:17.510,smart_meter,send_encrypted_data,334330,0.376,7113.404,true,none,168
2025-12-10 08:12:17.511,smart_meter,send_encrypted_data,334121,0.407,6567.489,true,none,6
2025-12-10 08:12:17.492,smart_meter,send_encrypted_data,334313,0.383,6983.039,true,none,85
2025-12-10 08:12:17.512,smart_meter,send_encrypted_data,334330,8.007,334.038,true,none,190
2025-12-10 08:12:17.512,smart_meter,send_encrypted_data,334282,0.389,6874.694,true,none,481
2025-12-10 08:12:17.513,smart_meter,send_encrypted_data,334343,0.367,7288.131,true,none,74
2025-12-10 08:12:17.513,smart_meter,send_encrypted_data,334310,10.449,255.956,true,none,95
2025-12-10 08:12:17.514,smart_meter,send_encrypted_data,334215,0.362,7385.967,true,none,31
2025-12-10 08:12:17.514,smart_meter,send_encrypted_data,334274,2.979,897.681,true,none,386
2025-12-10 08:12:17.494,smart_meter,send_encrypted_data,333926,0.392,6814.816,true,none,49
2025-12-10 08:12:17.514,smart_meter,send_encrypted_data,334182,0.422,6335.204,true,none,20
2025-12-10 08:12:17.515,smart_meter,send_encrypted_data,334416,20.675,129.399,true,none,16
2025-12-10 08:12:17.519,smart_meter,send_encrypted_data,334447,0.384,6967.646,true,none,105
2025-12-10 08:12:17.520,smart_meter,send_encrypted_data,334372,0.457,5853.339,true,none,159
2025-12-10 08:12:17.520,smart_meter,send_encrypted_data,334515,0.365,7331.836,true,none,79
2025-12-10 08:12:17.521,smart_meter,send_encrypted_data,333722,0.373,7157.576,true,none,33
2025-12-10 08:12:17.522,smart_meter,send_encrypted_data,334425,0.382,7003.665,true,none,489
2025-12-10 08:12:17.522,smart_meter,send_encrypted_data,334343,0.383,6983.666,true,none,67
2025-12-10 08:12:17.523,smart_meter,send_encrypted_data,334270,0.396,6752.929,true,none,200
2025-12-10 08:12:17.523,smart_meter,send_encrypted_data,334353,0.421,6353.501,true,none,198
2025-12-10 08:12:17.524,smart_meter,send_encrypted_data,334440,0.461,5803.731,true,none,107
2025-12-10 08:12:17.525,smart_meter,send_encrypted_data,334431,0.355,7536.473,true,none,199
2025-12-10 08:12:17.526,smart_meter,send_encrypted_data,334204,0.384,6962.583,true,none,120
2025-12-10 08:12:17.527,smart_meter,send_encrypted_data,334409,0.396,6755.737,true,none,13
2025-12-10 08:12:17.527,smart_meter,send_encrypted_data,334111,0.360,7424.689,true,none,40
2025-12-10 08:12:17.528,smart_meter,send_encrypted_data,333950,0.389,6867.866,true,none,121
2025-12-10 08:12:17.530,smart_meter,send_encrypted_data,334473,0.380,7041.537,true,none,262
2025-12-10 08:12:17.531,smart_meter,send_encrypted_data,334337,0.380,7038.674,true,none,116
2025-12-10 08:12:17.531,smart_meter,send_encrypted_data,334474,0.437,6123.094,true,none,204
2025-12-10 08:12:17.532,smart_meter,send_encrypted_data,334335,0.414,6460.580,true,none,124
2025-12-10 08:12:17.532,smart_meter,send_encrypted_data,334311,0.456,5865.105,true,none,53
2025-12-10 08:12:17.533,smart_meter,send_encrypted_data,334173,0.412,6488.796,true,none,131
2025-12-10 08:12:17.534,smart_meter,send_encrypted_data,334264,0.399,6702.035,true,none,128
2025-12-10 08:12:17.534,smart_meter,send_encrypted_data,334401,0.362,7390.077,true,none,191
2025-12-10 08:12:17.534,smart_meter,send_encrypted_data,334188,0.394,6785.543,true,none,88
2025-12-10 08:12:17.535,smart_meter,send_encrypted_data,334481,0.383,6986.548,true,none,457
2025-12-10 08:12:17.536,smart_meter,send_encrypted_data,334358,0.422,6338.540,true,none,125
2025-12-10 08:12:17.536,smart_meter,send_encrypted_data,334462,0.384,6967.958,true,none,213
2025-12-10 08:12:17.537,smart_meter,send_encrypted_data,334225,0.364,7345.604,true,none,81
2025-12-10 08:12:17.537,smart_meter,send_encrypted_data,334219,0.372,7187.505,true,none,214
2025-12-10 08:12:17.537,smart_meter,send_encrypted_data,334340,0.418,6398.852,true,none,205
2025-12-10 08:12:17.537,smart_meter,send_encrypted_data,334398,0.416,6430.731,true,none,78
2025-12-10 08:12:17.538,smart_meter,send_encrypted_data,334141,0.390,6854.174,true,none,223
2025-12-10 08:12:17.538,smart_meter,send_encrypted_data,334028,0.391,6834.332,true,none,62
2025-12-10 08:12:17.539,smart_meter,send_encrypted_data,334327,3.990,670.330,true,none,189
2025-12-10 08:12:17.539,smart_meter,send_encrypted_data,334522,0.423,6326.657,true,none,494
2025-12-10 08:12:17.539,smart_meter,send_encrypted_data,334530,2.017,1326.842,true,none,136
2025-12-10 08:12:17.540,smart_meter,send_encrypted_data,334455,0.418,6401.053,true,none,230
2025-12-10 08:12:17.540,smart_meter,send_encrypted_data,334071,0.425,6288.395,true,none,209
2025-12-10 08:12:17.541,smart_meter,send_encrypted_data,334210,0.403,6634.442,true,none,126
2025-12-10 08:12:17.541,smart_meter,send_encrypted_data,334441,9.035,296.129,true,none,113
2025-12-10 08:12:17.541,smart_meter,send_encrypted_data,334338,0.397,6737.290,true,none,106
2025-12-10 08:12:17.541,smart_meter,send_encrypted_data,334337,0.367,7288.000,true,none,84
2025-12-10 08:12:17.542,smart_meter,send_encrypted_data,334344,0.405,6604.326,true,none,447
2025-12-10 08:12:17.542,smart_meter,send_encrypted_data,334397,0.401,6671.262,true,none,210
2025-12-10 08:12:17.542,smart_meter,send_encrypted_data,334334,5.861,456.351,true,none,454
2025-12-10 08:12:17.543,smart_meter,send_encrypted_data,334223,0.384,6962.979,true,none,17
2025-12-10 08:12:17.543,smart_meter,send_encrypted_data,334236,0.387,6909.271,true,none,155
2025-12-10 08:12:17.543,smart_meter,send_encrypted_data,334194,0.355,7531.132,true,none,38
2025-12-10 08:12:17.544,smart_meter,send_encrypted_data,334255,0.378,7074.180,true,none,118
2025-12-10 08:12:17.544,smart_meter,send_encrypted_data,334374,0.379,7058.026,true,none,438
2025-12-10 08:12:17.544,smart_meter,send_encrypted_data,334468,0.377,7097.464,true,none,150
2025-12-10 08:12:17.544,smart_meter,send_encrypted_data,334102,0.394,6783.797,true,none,86
2025-12-10 08:12:17.545,smart_meter,send_encrypted_data,334244,2.350,1137.852,true,none,2
2025-12-10 08:12:17.545,smart_meter,send_encrypted_data,334409,0.431,6207.128,true,none,135
2025-12-10 08:12:17.545,smart_meter,send_encrypted_data,334362,0.381,7020.724,true,none,37
2025-12-10 08:12:17.546,smart_meter,send_encrypted_data,334302,0.347,7707.251,true,none,97
2025-12-10 08:12:17.546,smart_meter,send_encrypted_data,334361,0.384,6965.854,true,none,232
2025-12-10 08:12:17.547,smart_meter,send_encrypted_data,334288,3.654,731.884,true,none,92
2025-12-10 08:12:17.546,smart_meter,send_encrypted_data,334146,4.377,610.731,true,none,1
2025-12-10 08:12:17.547,smart_meter,send_encrypted_data,334351,3.688,725.273,true,none,137
2025-12-10 08:12:17.547,smart_meter,send_encrypted_data,334278,0.357,7490.824,true,none,83
2025-12-10 08:12:17.547,smart_meter,send_encrypted_data,334454,2.853,937.831,true,none,60
2025-12-10 08:12:17.547,smart_meter,send_encrypted_data,334126,0.368,7263.609,true,none,164
2025-12-10 08:12:17.548,smart_meter,send_encrypted_data,334238,12.185,219.442,true,none,5
2025-12-10 08:12:17.549,smart_meter,send_encrypted_data,334363,18.059,148.120,true,none,112
2025-12-10 08:12:17.549,smart_meter,send_encrypted_data,334164,0.379,7053.594,true,none,11
2025-12-10 08:12:17.551,smart_meter,send_encrypted_data,334413,0.379,7058.850,true,none,14
2025-12-10 08:12:17.552,smart_meter,send_encrypted_data,334346,0.345,7752.951,true,none,257
2025-12-10 08:12:17.552,smart_meter,send_encrypted_data,334419,0.358,7473.050,true,none,35
2025-12-10 08:12:17.552,smart_meter,send_encrypted_data,334474,1.424,1879.067,true,none,476
2025-12-10 08:12:17.552,smart_meter,send_encrypted_data,334398,2.407,1111.418,true,none,68
2025-12-10 08:12:17.553,smart_meter,send_encrypted_data,334365,0.360,7430.333,true,none,483
2025-12-10 08:12:17.553,smart_meter,send_encrypted_data,334151,13.273,201.402,true,none,160
2025-12-10 08:12:17.553,smart_meter,send_encrypted_data,334388,8.786,304.473,true,none,47
2025-12-10 08:12:17.553,smart_meter,send_encrypted_data,334496,0.385,6950.566,true,none,373
2025-12-10 08:12:17.554,smart_meter,send_encrypted_data,334199,2.607,1025.544,true,none,34
2025-12-10 08:12:17.539,smart_meter,send_encrypted_data,334172,0.429,6231.646,true,none,482
2025-12-10 08:12:17.554,smart_meter,send_encrypted_data,334209,0.419,6381.079,true,none,146
2025-12-10 08:12:17.554,smart_meter,send_encrypted_data,334314,0.485,5514.458,true,none,52
2025-12-10 08:12:17.555,smart_meter,send_encrypted_data,334379,5.554,481.641,true,none,158
2025-12-10 08:12:17.555,smart_meter,send_encrypted_data,334310,0.411,6507.251,true,none,99
2025-12-10 08:12:17.556,smart_meter,send_encrypted_data,334327,1.860,1437.966,true,none,127
2025-12-10 08:12:17.556,smart_meter,send_encrypted_data,334438,0.399,6705.524,true,none,448
2025-12-10 08:12:17.556,smart_meter,send_encrypted_data,334360,0.378,7076.402,true,none,129
2025-12-10 08:12:17.557,smart_meter,send_encrypted_data,334305,0.373,7170.080,true,none,10
2025-12-10 08:12:17.557,smart_meter,send_encrypted_data,334386,5.346,500.391,true,none,77
2025-12-10 08:12:17.558,smart_meter,send_encrypted_data,334160,1.094,2443.583,true,none,259
2025-12-10 08:12:17.556,smart_meter,send_encrypted_data,334465,4.774,560.478,true,none,45
2025-12-10 08:12:17.559,smart_meter,send_encrypted_data,334284,3.952,676.688,true,none,229
2025-12-10 08:12:17.559,smart_meter,send_encrypted_data,334404,0.374,7153.027,true,none,96
2025-12-10 08:12:17.559,smart_meter,send_encrypted_data,334405,0.372,7191.505,true,none,109
2025-12-10 08:12:17.560,smart_meter,send_encrypted_data,334363,0.393,6806.372,true,none,245
2025-12-10 08:12:17.561,smart_meter,send_encrypted_data,334432,0.385,6949.236,true,none,250
2025-12-10 08:12:17.561,smart_meter,send_encrypted_data,334355,0.400,6687.100,true,none,140
2025-12-10 08:12:17.561,smart_meter,send_encrypted_data,334205,0.357,7489.188,true,none,477
2025-12-10 08:12:17.561,smart_meter,send_encrypted_data,334366,0.369,7249.127,true,none,271
2025-12-10 08:12:17.562,smart_meter,send_encrypted_data,334296,1.048,2551.878,true,none,153
2025-12-10 08:12:17.563,smart_meter,send_encrypted_data,334455,0.358,7473.855,true,none,163
2025-12-10 08:12:17.563,smart_meter,send_encrypted_data,334164,3.442,776.674,true,none,139
2025-12-10 08:12:17.563,smart_meter,send_encrypted_data,333271,8.538,312.271,true,none,258
2025-12-10 08:12:17.564,smart_meter,send_encrypted_data,334346,0.357,7492.347,true,none,218
2025-12-10 08:12:17.565,smart_meter,send_encrypted_data,334268,3.983,671.389,true,none,115
2025-12-10 08:12:17.565,smart_meter,send_encrypted_data,334305,0.364,7347.363,true,none,301
2025-12-10 08:12:17.566,smart_meter,send_encrypted_data,334438,8.162,327.800,true,none,101
2025-12-10 08:12:17.567,smart_meter,send_encrypted_data,334341,0.371,7209.509,true,none,220
2025-12-10 08:12:17.568,smart_meter,send_encrypted_data,334143,0.359,7446.084,true,none,221
2025-12-10 08:12:17.568,smart_meter,send_encrypted_data,334313,1.652,1618.949,true,none,307
2025-12-10 08:12:17.569,smart_meter,send_encrypted_data,334242,0.355,7532.214,true,none,219
2025-12-10 08:12:17.569,smart_meter,send_encrypted_data,334378,0.315,8492.140,true,none,266
2025-12-10 08:12:17.570,smart_meter,send_encrypted_data,334491,0.360,7433.133,true,none,238
2025-12-10 08:12:17.570,smart_meter,send_encrypted_data,334451,4.152,644.414,true,none,144
2025-12-10 08:12:17.571,smart_meter,send_encrypted_data,333758,0.361,7396.299,true,none,268
2025-12-10 08:12:17.571,smart_meter,send_encrypted_data,334409,0.365,7329.512,true,none,265
2025-12-10 08:12:17.572,smart_meter,send_encrypted_data,334303,0.562,4758.762,true,none,478
2025-12-10 08:12:17.573,smart_meter,send_encrypted_data,334382,1.956,1367.616,true,none,439
2025-12-10 08:12:17.573,smart_meter,send_encrypted_data,334012,0.367,7280.916,true,none,260
2025-12-10 08:12:17.574,smart_meter,send_encrypted_data,334104,0.384,6960.500,true,none,234
2025-12-10 08:12:17.574,smart_meter,send_encrypted_data,334255,0.382,7000.105,true,none,142
2025-12-10 08:12:17.574,smart_meter,send_encrypted_data,334463,0.811,3299.265,true,none,235
2025-12-10 08:12:17.575,smart_meter,send_encrypted_data,333309,0.370,7206.681,true,none,240
2025-12-10 08:12:17.575,smart_meter,send_encrypted_data,333336,2.340,1139.610,true,none,239
2025-12-10 08:12:17.576,smart_meter,send_encrypted_data,334053,0.368,7262.022,true,none,242
2025-12-10 08:12:17.577,smart_meter,send_encrypted_data,334352,0.352,7598.909,true,none,241
2025-12-10 08:12:17.578,smart_meter,send_encrypted_data,334286,2.744,974.595,true,none,273
2025-12-10 08:12:17.578,smart_meter,send_encrypted_data,334058,1.792,1491.330,true,none,278
2025-12-10 08:12:17.579,smart_meter,send_encrypted_data,334359,0.362,7389.149,true,none,248
2025-12-10 08:12:17.579,smart_meter,send_encrypted_data,334279,0.357,7490.846,true,none,247
2025-12-10 08:12:17.579,smart_meter,send_encrypted_data,334440,6.524,410.104,true,none,318
2025-12-10 08:12:17.579,smart_meter,send_encrypted_data,334229,2.407,1110.857,true,none,148
2025-12-10 08:12:17.580,smart_meter,send_encrypted_data,334292,0.368,7267.217,true,none,279
2025-12-10 08:12:17.581,smart_meter,send_encrypted_data,334118,0.809,3304.010,true,none,280
2025-12-10 08:12:17.581,smart_meter,send_encrypted_data,334347,0.367,7288.218,true,none,281
2025-12-10 08:12:17.582,smart_meter,send_encrypted_data,334263,0.351,7618.530,true,none,166
2025-12-10 08:12:17.584,smart_meter,send_encrypted_data,334256,1.206,2217.287,true,none,289
2025-12-10 08:12:17.584,smart_meter,send_encrypted_data,333951,0.369,7240.130,true,none,292
2025-12-10 08:12:17.585,smart_meter,send_encrypted_data,334465,0.363,7371.129,true,none,253
2025-12-10 08:12:17.585,smart_meter,send_encrypted_data,334094,0.319,8378.533,true,none,291
2025-12-10 08:12:17.585,smart_meter,send_encrypted_data,334346,0.401,6670.244,true,none,284
2025-12-10 08:12:17.586,smart_meter,send_encrypted_data,334410,0.445,6011.865,true,none,288
2025-12-10 08:12:17.587,smart_meter,send_encrypted_data,334057,0.840,3181.495,true,none,294
2025-12-10 08:12:17.588,smart_meter,send_encrypted_data,334447,0.353,7579.535,true,none,275
2025-12-10 08:12:17.588,smart_meter,send_encrypted_data,334361,1.347,1985.811,true,none,297
2025-12-10 08:12:17.589,smart_meter,send_encrypted_data,334417,0.377,7096.382,true,none,293
2025-12-10 08:12:17.589,smart_meter,send_encrypted_data,334129,0.943,2834.604,true,none,298
2025-12-10 08:12:17.589,smart_meter,send_encrypted_data,334417,0.406,6589.498,true,none,151
2025-12-10 08:12:17.590,smart_meter,send_encrypted_data,334227,0.365,7325.523,true,none,286
2025-12-10 08:12:17.590,smart_meter,send_encrypted_data,334098,0.364,7342.813,true,none,302
2025-12-10 08:12:17.591,smart_meter,send_encrypted_data,334355,0.357,7492.549,true,none,287
2025-12-10 08:12:17.591,smart_meter,send_encrypted_data,334387,0.360,7430.822,true,none,303
2025-12-10 08:12:17.592,smart_meter,send_encrypted_data,334032,0.356,7506.337,true,none,299
2025-12-10 08:12:17.592,smart_meter,send_encrypted_data,334094,0.365,7322.608,true,none,169
2025-12-10 08:12:17.593,smart_meter,send_encrypted_data,334460,0.370,7231.568,true,none,300
2025-12-10 08:12:17.593,smart_meter,send_encrypted_data,334259,0.406,6586.384,true,none,295
2025-12-10 08:12:17.593,smart_meter,send_encrypted_data,334196,2.594,1030.674,true,none,325
2025-12-10 08:12:17.594,smart_meter,send_encrypted_data,334459,0.382,7004.377,true,none,217
2025-12-10 08:12:17.594,smart_meter,send_encrypted_data,334349,1.796,1489.305,true,none,304
2025-12-10 08:12:17.595,smart_meter,send_encrypted_data,334383,1.331,2009.815,true,none,308
2025-12-10 08:12:17.595,smart_meter,send_encrypted_data,334248,0.379,7055.367,true,none,170
2025-12-10 08:12:17.595,smart_meter,send_encrypted_data,334480,0.367,7291.117,true,none,183
2025-12-10 08:12:17.592,smart_meter,send_encrypted_data,334336,1.149,2327.840,true,none,305
2025-12-10 08:12:17.587,smart_meter,send_encrypted_data,334407,0.356,7514.764,true,none,264
2025-12-10 08:12:17.596,smart_meter,send_encrypted_data,334463,0.397,6739.809,true,none,306
2025-12-10 08:12:17.597,smart_meter,send_encrypted_data,334188,3.782,706.902,true,none,215
2025-12-10 08:12:17.597,smart_meter,send_encrypted_data,334364,0.358,7471.821,true,none,309
2025-12-10 08:12:17.598,smart_meter,send_encrypted_data,334317,0.974,2745.930,true,none,312
2025-12-10 08:12:17.599,smart_meter,send_encrypted_data,334411,0.318,8412.855,true,none,172
2025-12-10 08:12:17.600,smart_meter,send_encrypted_data,334315,1.855,1441.790,true,none,311
2025-12-10 08:12:17.600,smart_meter,send_encrypted_data,334347,0.403,6637.161,true,none,313
2025-12-10 08:12:17.600,smart_meter,send_encrypted_data,333360,0.336,7937.143,true,none,349
2025-12-10 08:12:17.601,smart_meter,send_encrypted_data,334228,0.365,7325.545,true,none,256
2025-12-10 08:12:17.601,smart_meter,send_encrypted_data,334240,1.909,1400.691,true,none,314
2025-12-10 08:12:17.602,smart_meter,send_encrypted_data,334327,0.379,7057.034,true,none,320
2025-12-10 08:12:17.603,smart_meter,send_encrypted_data,334108,0.351,7614.997,true,none,228
2025-12-10 08:12:17.603,smart_meter,send_encrypted_data,334349,0.351,7620.490,true,none,323
2025-12-10 08:12:17.603,smart_meter,send_encrypted_data,334246,12.180,219.538,true,none,328
2025-12-10 08:12:17.604,smart_meter,send_encrypted_data,334432,0.360,7431.822,true,none,236
2025-12-10 08:12:17.604,smart_meter,send_encrypted_data,334408,0.833,3211.601,true,none,321
2025-12-10 08:12:17.603,smart_meter,send_encrypted_data,334274,5.263,508.112,true,none,331
2025-12-10 08:12:17.605,smart_meter,send_encrypted_data,334345,4.518,592.023,true,none,319
2025-12-10 08:12:17.606,smart_meter,send_encrypted_data,334203,0.350,7638.926,true,none,341
2025-12-10 08:12:17.606,smart_meter,send_encrypted_data,334184,0.362,7385.282,true,none,366
2025-12-10 08:12:17.606,smart_meter,send_encrypted_data,334380,1.061,2521.244,true,none,356
2025-12-10 08:12:17.607,smart_meter,send_encrypted_data,333691,0.352,7583.886,true,none,348
2025-12-10 08:12:17.608,smart_meter,send_encrypted_data,334302,5.667,471.928,true,none,171
2025-12-10 08:12:17.609,smart_meter,send_encrypted_data,334486,0.370,7232.130,true,none,365
2025-12-10 08:12:17.609,smart_meter,send_encrypted_data,334325,0.354,7555.367,true,none,385
2025-12-10 08:12:17.609,smart_meter,send_encrypted_data,334284,0.373,7169.630,true,none,203
2025-12-10 08:12:17.609,smart_meter,send_encrypted_data,333931,8.486,314.807,true,none,143
2025-12-10 08:12:17.608,smart_meter,send_encrypted_data,334323,0.348,7685.586,true,none,363
2025-12-10 08:12:17.608,smart_meter,send_encrypted_data,334495,5.053,529.578,true,none,173
2025-12-10 08:12:17.608,smart_meter,send_encrypted_data,334362,0.383,6984.063,true,none,362
2025-12-10 08:12:17.610,smart_meter,send_encrypted_data,334438,0.375,7134.677,true,none,327
2025-12-10 08:12:17.610,smart_meter,send_encrypted_data,333657,0.367,7273.177,true,none,360
2025-12-10 08:12:17.611,smart_meter,send_encrypted_data,334435,5.483,487.959,true,none,353
2025-12-10 08:12:17.611,smart_meter,send_encrypted_data,334413,0.346,7732.092,true,none,237
2025-12-10 08:12:17.612,smart_meter,send_encrypted_data,334229,0.364,7345.692,true,none,180
2025-12-10 08:12:17.612,smart_meter,send_encrypted_data,334444,3.843,696.214,true,none,383
2025-12-10 08:12:17.612,smart_meter,send_encrypted_data,334431,0.323,8283.121,true,none,359
2025-12-10 08:12:17.607,smart_meter,send_encrypted_data,334477,0.343,7801.213,true,none,322
2025-12-10 08:12:17.613,smart_meter,send_encrypted_data,334195,0.363,7365.179,true,none,211
2025-12-10 08:12:17.613,smart_meter,send_encrypted_data,334486,2.415,1108.028,true,none,176
2025-12-10 08:12:17.613,smart_meter,send_encrypted_data,334285,0.407,6570.713,true,none,361
2025-12-10 08:12:17.614,smart_meter,send_encrypted_data,334298,0.343,7797.038,true,none,388
2025-12-10 08:12:17.615,smart_meter,send_encrypted_data,334428,0.668,4005.126,true,none,335
2025-12-10 08:12:17.615,smart_meter,send_encrypted_data,334176,0.368,7264.696,true,none,337
2025-12-10 08:12:17.614,smart_meter,send_encrypted_data,334146,0.361,7404.898,true,none,391
2025-12-10 08:12:17.617,smart_meter,send_encrypted_data,334368,0.586,4564.751,true,none,392
2025-12-10 08:12:17.617,smart_meter,send_encrypted_data,334446,0.350,7644.480,true,none,395
2025-12-10 08:12:17.618,smart_meter,send_encrypted_data,334475,0.383,6986.423,true,none,338
2025-12-10 08:12:17.618,smart_meter,send_encrypted_data,334080,0.389,6870.540,true,none,396
2025-12-10 08:12:17.619,smart_meter,send_encrypted_data,334381,0.355,7535.346,true,none,342
2025-12-10 08:12:17.620,smart_meter,send_encrypted_data,334409,0.341,7845.372,true,none,347
2025-12-10 08:12:17.620,smart_meter,send_encrypted_data,334063,1.041,2567.247,true,none,389
2025-12-10 08:12:17.621,smart_meter,send_encrypted_data,334392,0.406,6589.005,true,none,399
2025-12-10 08:12:17.622,smart_meter,send_encrypted_data,334322,1.897,1409.898,true,none,339
2025-12-10 08:12:17.622,smart_meter,send_encrypted_data,334301,3.363,795.245,true,none,397
2025-12-10 08:12:17.623,smart_meter,send_encrypted_data,334425,1.391,1923.364,true,none,394
2025-12-10 08:12:17.624,smart_meter,send_encrypted_data,334279,0.945,2829.875,true,none,345
2025-12-10 08:12:17.624,smart_meter,send_encrypted_data,334277,0.346,7728.948,true,none,350
2025-12-10 08:12:17.625,smart_meter,send_encrypted_data,334030,0.368,7261.522,true,none,351
2025-12-10 08:12:17.625,smart_meter,send_encrypted_data,334460,0.346,7733.179,true,none,206
2025-12-10 08:12:17.625,smart_meter,send_encrypted_data,334221,2.194,1218.673,true,none,192
2025-12-10 08:12:17.626,smart_meter,send_encrypted_data,334433,0.762,3511.108,true,none,352
2025-12-10 08:12:17.627,smart_meter,send_encrypted_data,334381,0.460,5815.322,true,none,255
2025-12-10 08:12:17.628,smart_meter,send_encrypted_data,334462,0.338,7916.260,true,none,326
2025-12-10 08:12:17.630,smart_meter,send_encrypted_data,334022,0.298,8967.034,true,none,357
2025-12-10 08:12:17.630,smart_meter,send_encrypted_data,333918,0.828,3226.261,true,none,364
2025-12-10 08:12:17.631,smart_meter,send_encrypted_data,334122,0.360,7424.933,true,none,358
2025-12-10 08:12:17.631,smart_meter,send_encrypted_data,333295,1.850,1441.276,true,none,417
2025-12-10 08:12:17.633,smart_meter,send_encrypted_data,334234,0.313,8542.722,true,none,369
2025-12-10 08:12:17.633,smart_meter,send_encrypted_data,334453,0.676,3958.024,true,none,418
2025-12-10 08:12:17.633,smart_meter,send_encrypted_data,334119,0.412,6487.748,true,none,370
2025-12-10 08:12:17.634,smart_meter,send_encrypted_data,334344,0.349,7664.046,true,none,419
2025-12-10 08:12:17.636,smart_meter,send_encrypted_data,334324,0.363,7368.022,true,none,409
2025-12-10 08:12:17.637,smart_meter,send_encrypted_data,334225,0.476,5617.227,true,none,421
2025-12-10 08:12:17.637,smart_meter,send_encrypted_data,334362,0.346,7730.913,true,none,372
2025-12-10 08:12:17.638,smart_meter,send_encrypted_data,334040,0.430,6214.698,true,none,422
2025-12-10 08:12:17.638,smart_meter,send_encrypted_data,334412,1.361,1965.684,true,none,401
2025-12-10 08:12:17.638,smart_meter,send_encrypted_data,333988,2.204,1212.298,true,none,420
2025-12-10 08:12:17.640,smart_meter,send_encrypted_data,334347,0.335,7984.406,true,none,411
2025-12-10 08:12:17.640,smart_meter,send_encrypted_data,333906,0.354,7545.898,true,none,427
2025-12-10 08:12:17.641,smart_meter,send_encrypted_data,334297,0.387,6910.532,true,none,428
2025-12-10 08:12:17.641,smart_meter,send_encrypted_data,334477,0.384,6968.271,true,none,431
2025-12-10 08:12:17.641,smart_meter,send_encrypted_data,334441,0.312,8575.410,true,none,464
2025-12-10 08:12:17.641,smart_meter,send_encrypted_data,334474,1.188,2252.350,true,none,426
2025-12-10 08:12:17.642,smart_meter,send_encrypted_data,334165,0.504,5304.206,true,none,440
2025-12-10 08:12:17.642,smart_meter,send_encrypted_data,334154,0.358,7467.128,true,none,443
2025-12-10 08:12:17.642,smart_meter,send_encrypted_data,333892,0.350,7631.817,true,none,465
2025-12-10 08:12:17.642,smart_meter,send_encrypted_data,334406,1.820,1469.916,true,none,430
2025-12-10 08:12:17.643,smart_meter,send_encrypted_data,334332,2.636,1014.665,true,none,412
2025-12-10 08:12:17.644,smart_meter,send_encrypted_data,334106,0.334,8002.539,true,none,469
2025-12-10 08:12:17.644,smart_meter,send_encrypted_data,334330,0.352,7598.409,true,none,467
2025-12-10 08:12:17.644,smart_meter,send_encrypted_data,334496,0.442,6054.226,true,none,434
2025-12-10 08:12:17.645,smart_meter,send_encrypted_data,334278,0.374,7150.332,true,none,433
2025-12-10 08:12:17.645,smart_meter,send_encrypted_data,334226,0.372,7187.656,true,none,413
2025-12-10 08:12:17.646,smart_meter,send_encrypted_data,334463,0.343,7800.886,true,none,471
2025-12-10 08:12:17.646,smart_meter,send_encrypted_data,334206,0.363,7365.421,true,none,473
2025-12-10 08:12:17.646,smart_meter,send_encrypted_data,334442,0.698,3833.146,true,none,472
2025-12-10 08:12:17.646,smart_meter,send_encrypted_data,334494,0.381,7023.496,true,none,436
2025-12-10 08:12:17.645,smart_meter,send_encrypted_data,334136,2.103,1271.083,true,none,432
2025-12-10 08:12:17.649,smart_meter,send_encrypted_data,334362,0.356,7513.753,true,none,379
2025-12-10 08:12:17.650,smart_meter,send_encrypted_data,334425,0.336,7962.500,true,none,446
2025-12-10 08:12:17.651,smart_meter,send_encrypted_data,334253,8.074,331.189,true,none,442
2025-12-10 08:12:17.651,smart_meter,send_encrypted_data,334164,4.426,604.002,true,none,450
2025-12-10 08:12:17.651,smart_meter,send_encrypted_data,334366,4.240,630.879,true,none,374
2025-12-10 08:12:17.652,smart_meter,send_encrypted_data,334348,4.721,566.571,true,none,375
2025-12-10 08:12:17.652,smart_meter,send_encrypted_data,334502,0.360,7433.378,true,none,496
2025-12-10 08:12:17.645,smart_meter,send_encrypted_data,334141,0.364,7343.758,true,none,474
2025-12-10 08:12:17.652,smart_meter,send_encrypted_data,334513,0.351,7624.228,true,none,456
2025-12-10 08:12:17.653,smart_meter,send_encrypted_data,333946,3.280,814.502,true,none,380
2025-12-10 08:12:17.653,smart_meter,send_encrypted_data,334364,0.393,6806.392,true,none,460
2025-12-10 08:12:17.653,smart_meter,send_encrypted_data,334117,3.326,803.649,true,none,475
2025-12-10 08:12:17.654,smart_meter,send_encrypted_data,334363,8.351,320.309,true,none,441
2025-12-10 08:12:17.654,smart_meter,send_encrypted_data,334381,6.181,432.786,true,none,378
2025-12-10 08:12:17.652,smart_meter,send_encrypted_data,334141,1.033,2587.733,true,none,495
2025-12-10 08:12:17.654,smart_meter,send_encrypted_data,333876,0.928,2878.241,true,none,182
2025-12-10 08:12:17.655,smart_meter,send_encrypted_data,334383,0.353,7578.085,true,none,381
2025-12-10 08:12:17.656,smart_meter,send_encrypted_data,334051,0.469,5698.098,true,none,486
2025-12-10 08:12:17.657,smart_meter,send_encrypted_data,334399,0.363,7369.675,true,none,435
2025-12-10 08:12:17.658,smart_meter,send_encrypted_data,334013,1.655,1614.564,true,none,410
2025-12-10 08:12:17.658,smart_meter,send_encrypted_data,334372,0.893,2995.494,true,none,458
2025-12-10 08:12:17.658,smart_meter,send_encrypted_data,334147,0.347,7703.677,true,none,485
2025-12-10 08:12:17.659,smart_meter,send_encrypted_data,334401,0.351,7621.675,true,none,463
2025-12-10 08:12:17.659,smart_meter,send_encrypted_data,334173,1.962,1362.581,true,none,408
2025-12-10 08:12:17.659,smart_meter,send_encrypted_data,334336,0.375,7132.501,true,none,102
2025-12-10 08:12:17.659,smart_meter,send_encrypted_data,334348,3.817,700.756,true,none,484
2025-12-10 08:12:17.661,smart_meter,send_encrypted_data,334231,4.956,539.517,true,none,423
2025-12-10 08:12:17.661,smart_meter,send_encrypted_data,334323,4.196,637.413,true,none,461
2025-12-10 08:12:17.663,smart_meter,send_encrypted_data,334396,0.664,4028.867,true,none,480
2025-12-10 08:12:17.665,smart_meter,send_encrypted_data,334251,1.828,1462.805,true,none,187
2025-12-10 08:12:17.666,smart_meter,send_encrypted_data,334035,0.412,6486.117,true,none,277
2025-12-10 08:12:17.666,smart_meter,send_encrypted_data,333633,0.438,6093.753,true,none,154
2025-12-10 08:12:17.666,smart_meter,send_encrypted_data,334502,0.381,7023.664,true,none,157
2025-12-10 08:12:17.667,smart_meter,send_encrypted_data,334096,2.166,1233.965,true,none,490
2025-12-10 08:12:17.669,smart_meter,send_encrypted_data,334329,1.006,2658.680,true,none,174
2025-12-10 08:12:17.671,smart_meter,send_encrypted_data,334069,1.309,2041.675,true,none,492
2025-12-10 08:12:17.671,smart_meter,send_encrypted_data,334132,0.370,7224.476,true,none,195
2025-12-10 08:12:17.671,smart_meter,send_encrypted_data,334279,2.618,1021.479,true,none,194
2025-12-10 08:12:17.672,smart_meter,send_encrypted_data,334395,0.334,8009.461,true,none,497
2025-12-10 08:12:17.674,smart_meter,send_encrypted_data,334313,4.034,662.991,true,none,493
2025-12-10 08:12:17.674,smart_meter,send_encrypted_data,334166,0.365,7324.186,true,none,152
2025-12-10 08:12:17.676,smart_meter,send_encrypted_data,334280,0.354,7554.350,true,none,119
2025-12-10 08:12:17.677,smart_meter,send_encrypted_data,334111,0.587,4553.472,true,none,254
2025-12-10 08:12:17.677,smart_meter,send_encrypted_data,333393,0.596,4475.074,true,none,193
2025-12-10 08:12:17.678,smart_meter,send_encrypted_data,334252,1.712,1561.925,true,none,161
2025-12-10 08:12:17.679,smart_meter,send_encrypted_data,334305,0.362,7387.956,true,none,207
2025-12-10 08:12:17.679,smart_meter,send_encrypted_data,334290,0.380,7037.684,true,none,208
2025-12-10 08:12:17.680,smart_meter,send_encrypted_data,334219,0.354,7552.972,true,none,201
2025-12-10 08:12:17.680,smart_meter,send_encrypted_data,334320,0.678,3944.779,true,none,216
2025-12-10 08:12:17.679,smart_meter,send_encrypted_data,334491,4.585,583.627,true,none,500
2025-12-10 08:12:17.681,smart_meter,send_encrypted_data,334423,2.643,1012.253,true,none,132
2025-12-10 08:12:17.684,smart_meter,send_encrypted_data,334373,0.359,7451.209,true,none,222
2025-12-10 08:12:17.684,smart_meter,send_encrypted_data,334176,0.359,7446.819,true,none,231
2025-12-10 08:12:17.686,smart_meter,send_encrypted_data,334404,0.606,4414.574,true,none,243
2025-12-10 08:12:17.686,smart_meter,send_encrypted_data,334193,2.292,1166.468,true,none,202
2025-12-10 08:12:17.686,smart_meter,send_encrypted_data,334091,0.554,4824.419,true,none,224
2025-12-10 08:12:17.687,smart_meter,send_encrypted_data,334439,0.420,6370.267,true,none,244
2025-12-10 08:12:17.689,smart_meter,send_encrypted_data,334489,0.573,4670.003,true,none,261
2025-12-10 08:12:17.689,smart_meter,send_encrypted_data,334278,1.102,2426.701,true,none,233
2025-12-10 08:12:17.690,smart_meter,send_encrypted_data,334322,0.622,4299.961,true,none,251
2025-12-10 08:12:17.691,smart_meter,send_encrypted_data,334177,0.362,7385.127,true,none,249
2025-12-10 08:12:17.692,smart_meter,send_encrypted_data,334341,0.556,4810.662,true,none,267
2025-12-10 08:12:17.692,smart_meter,send_encrypted_data,334202,0.350,7638.903,true,none,269
2025-12-10 08:12:17.693,smart_meter,send_encrypted_data,334426,0.371,7211.342,true,none,274
2025-12-10 08:12:17.694,smart_meter,send_encrypted_data,334350,0.304,8798.684,true,none,270
2025-12-10 08:12:17.694,smart_meter,send_encrypted_data,334559,0.430,6224.353,true,none,285
2025-12-10 08:12:17.695,smart_meter,send_encrypted_data,334458,1.896,1411.215,true,none,276
2025-12-10 08:12:17.696,smart_meter,send_encrypted_data,334383,0.370,7229.903,true,none,212
2025-12-10 08:12:17.696,smart_meter,send_encrypted_data,334424,0.421,6354.850,true,none,196
2025-12-10 08:12:17.697,smart_meter,send_encrypted_data,334267,0.410,6522.283,true,none,167
2025-12-10 08:12:17.698,smart_meter,send_encrypted_data,334006,0.402,6646.886,true,none,310
2025-12-10 08:12:17.698,smart_meter,send_encrypted_data,333392,0.371,7189.046,true,none,315
2025-12-10 08:12:17.698,smart_meter,send_encrypted_data,334413,0.366,7309.574,true,none,316
2025-12-10 08:12:17.699,smart_meter,send_encrypted_data,334395,1.012,2643.439,true,none,283
2025-12-10 08:12:17.699,smart_meter,send_encrypted_data,334023,0.405,6597.985,true,none,317
2025-12-10 08:12:17.699,smart_meter,send_encrypted_data,334416,1.854,1443.003,true,none,197
2025-12-10 08:12:17.700,smart_meter,send_encrypted_data,334492,0.468,5717.812,true,none,355
2025-12-10 08:12:17.700,smart_meter,send_encrypted_data,334406,0.833,3211.582,true,none,175
2025-12-10 08:12:17.702,smart_meter,send_encrypted_data,334121,0.363,7363.548,true,none,354
2025-12-10 08:12:17.702,smart_meter,send_encrypted_data,334459,0.380,7041.242,true,none,382
2025-12-10 08:12:17.702,smart_meter,send_encrypted_data,334292,0.366,7306.929,true,none,179
2025-12-10 08:12:17.703,smart_meter,send_encrypted_data,334392,0.400,6687.840,true,none,330
2025-12-10 08:12:17.703,smart_meter,send_encrypted_data,334448,0.410,6525.815,true,none,387
2025-12-10 08:12:17.704,smart_meter,send_encrypted_data,334458,1.077,2484.368,true,none,178
2025-12-10 08:12:17.704,smart_meter,send_encrypted_data,334412,0.387,6912.910,true,none,329
2025-12-10 08:12:17.705,smart_meter,send_encrypted_data,334282,0.342,7819.462,true,none,332
2025-12-10 08:12:17.705,smart_meter,send_encrypted_data,334463,0.358,7474.034,true,none,333
2025-12-10 08:12:17.705,smart_meter,send_encrypted_data,334410,3.724,718.389,true,none,376
2025-12-10 08:12:17.707,smart_meter,send_encrypted_data,334405,2.467,1084.410,true,none,334
2025-12-10 08:12:17.707,smart_meter,send_encrypted_data,334379,2.007,1332.851,true,none,336
2025-12-10 08:12:17.708,smart_meter,send_encrypted_data,334370,0.383,6984.230,true,none,346
2025-12-10 08:12:17.708,smart_meter,send_encrypted_data,334377,5.340,500.939,true,none,226
2025-12-10 08:12:17.709,smart_meter,send_encrypted_data,334029,0.429,6228.979,true,none,225
2025-12-10 08:12:17.711,smart_meter,send_encrypted_data,334434,0.355,7536.541,true,none,403
2025-12-10 08:12:17.711,smart_meter,send_encrypted_data,334360,0.389,6876.298,true,none,398
2025-12-10 08:12:17.712,smart_meter,send_encrypted_data,334122,2.831,944.181,true,none,402
2025-12-10 08:12:17.713,smart_meter,send_encrypted_data,334543,0.353,7581.711,true,none,416
2025-12-10 08:12:17.714,smart_meter,send_encrypted_data,334069,0.376,7107.851,true,none,425
2025-12-10 08:12:17.714,smart_meter,send_encrypted_data,333987,0.377,7087.257,true,none,400
2025-12-10 08:12:17.713,smart_meter,send_encrypted_data,334109,0.357,7487.036,true,none,343
2025-12-10 08:12:17.716,smart_meter,send_encrypted_data,334119,1.795,1489.110,true,none,451
2025-12-10 08:12:17.716,smart_meter,send_encrypted_data,334333,0.834,3207.031,true,none,437
2025-12-10 08:12:17.718,smart_meter,send_encrypted_data,333309,0.455,5860.378,true,none,445
2025-12-10 08:12:17.719,smart_meter,send_encrypted_data,334476,0.391,6843.499,true,none,453
2025-12-10 08:12:17.720,smart_meter,send_encrypted_data,334453,0.346,7733.017,true,none,452
2025-12-10 08:12:17.720,smart_meter,send_encrypted_data,334204,0.372,7187.183,true,none,462
2025-12-10 08:12:17.720,smart_meter,send_encrypted_data,334050,0.327,8172.477,true,none,459
2025-12-10 08:12:17.721,smart_meter,send_encrypted_data,334418,0.349,7665.742,true,none,89
2025-12-10 08:12:17.721,smart_meter,send_encrypted_data,334354,2.534,1055.577,true,none,455
2025-12-10 08:12:17.722,smart_meter,send_encrypted_data,334308,0.340,7866.071,true,none,184
2025-12-10 08:12:17.723,smart_meter,send_encrypted_data,334332,0.382,7001.717,true,none,479
2025-12-10 08:12:17.724,smart_meter,send_encrypted_data,334342,0.376,7113.660,true,none,252
2025-12-10 08:12:17.725,smart_meter,send_encrypted_data,333468,0.361,7389.873,true,none,491
2025-12-10 08:12:17.725,smart_meter,send_encrypted_data,334119,0.357,7487.261,true,none,498
2025-12-10 08:12:17.725,smart_meter,send_encrypted_data,334430,4.166,642.208,true,none,429
2025-12-10 08:12:17.726,smart_meter,send_encrypted_data,334306,0.352,7597.864,true,none,499
2025-12-10 08:12:17.727,smart_meter,send_encrypted_data,334256,1.881,1421.610,true,none,103
2025-12-10 08:12:17.731,smart_meter,send_encrypted_data,334147,0.386,6925.326,true,none,246
2025-12-10 08:12:17.731,smart_meter,send_encrypted_data,334268,0.369,7247.003,true,none,263
2025-12-10 08:12:17.731,smart_meter,send_encrypted_data,334353,0.842,3176.751,true,none,141
2025-12-10 08:12:17.732,smart_meter,send_encrypted_data,334177,0.356,7509.596,true,none,149
2025-12-10 08:12:17.734,smart_meter,send_encrypted_data,334274,0.457,5851.624,true,none,324
2025-12-10 08:12:17.736,smart_meter,send_encrypted_data,334382,0.376,7114.511,true,none,377
2025-12-10 08:12:17.737,smart_meter,send_encrypted_data,334433,0.624,4287.603,true,none,177
2025-12-10 08:12:17.738,smart_meter,send_encrypted_data,334562,0.350,7647.131,true,none,390
2025-12-10 08:12:17.739,smart_meter,send_encrypted_data,334244,0.733,3647.956,true,none,344
2025-12-10 08:12:17.740,smart_meter,send_encrypted_data,334320,2.020,1324.040,true,none,340
2025-12-10 08:12:17.740,smart_meter,send_encrypted_data,334095,0.361,7403.767,true,none,404
2025-12-10 08:12:17.740,smart_meter,send_encrypted_data,334389,0.412,6492.990,true,none,367
2025-12-10 08:12:17.741,smart_meter,send_encrypted_data,334271,1.984,1347.867,true,none,407
2025-12-10 08:12:17.742,smart_meter,send_encrypted_data,334306,0.349,7663.175,true,none,424
2025-12-10 08:12:17.743,smart_meter,send_encrypted_data,334320,0.397,6736.927,true,none,371
2025-12-10 08:12:17.743,smart_meter,send_encrypted_data,334189,0.372,7186.860,true,none,449
2025-12-10 08:12:17.744,smart_meter,send_encrypted_data,334178,0.347,7704.392,true,none,444
2025-12-10 08:12:17.744,smart_meter,send_encrypted_data,334387,0.355,7535.482,true,none,470
2025-12-10 08:12:17.746,smart_meter,send_encrypted_data,334471,0.348,7688.989,true,none,466
2025-12-10 08:12:17.747,smart_meter,send_encrypted_data,334345,0.513,5213.957,true,none,296
2025-12-10 08:12:17.747,smart_meter,send_encrypted_data,334304,8.379,319.183,true,none,406
2025-12-10 08:12:17.749,smart_meter,send_encrypted_data,334179,0.343,7794.262,true,none,272
2025-12-10 08:12:17.750,smart_meter,send_encrypted_data,334335,0.374,7151.551,true,none,165
2025-12-10 08:12:17.752,smart_meter,send_encrypted_data,334447,0.358,7473.676,true,none,181
2025-12-10 08:12:17.753,smart_meter,send_encrypted_data,334298,0.377,7093.857,true,none,227
2025-12-10 08:12:17.755,smart_meter,send_encrypted_data,334273,1.337,2000.138,true,none,384
2025-12-10 08:12:17.755,smart_meter,send_encrypted_data,334509,1.478,1810.604,true,none,405
2025-12-10 08:12:17.755,smart_meter,send_encrypted_data,334247,0.416,6427.827,true,none,468
2025-12-10 08:12:17.755,smart_meter,send_encrypted_data,334027,0.423,6317.296,true,none,414
2025-12-10 08:12:17.757,smart_meter,send_encrypted_data,334468,0.337,7939.893,true,none,368
2025-12-10 08:12:17.760,smart_meter,send_encrypted_data,334284,0.365,7326.773,true,none,393
2025-12-10 08:12:17.762,smart_meter,send_encrypted_data,334229,0.352,7596.114,true,none,282
