timestamp,algorithm,poly_modulus_degree,scale_bits,plaintext_size_bytes,ciphertext_size_bytes,encryption_time_ms,communication_overhead,security_level_bits,meter_id
2025-12-12 15:15:04.923,CKKS,16384,40,8,658066,13.044,82258.250,192,357
2025-12-12 15:15:05.002,CKKS,16384,40,8,658246,13.408,82280.750,192,373
2025-12-12 15:15:05.017,CKKS,16384,40,8,657341,16.576,82167.625,192,341
2025-12-12 15:15:05.023,CKKS,16384,40,8,658256,9.109,82282.000,192,48
2025-12-12 15:15:05.023,CKKS,16384,40,8,658307,14.705,82288.375,192,228
2025-12-12 15:15:05.063,CKKS,16384,40,8,657316,9.022,82164.500,192,325
2025-12-12 15:15:05.077,CKKS,16384,40,8,658004,9.253,82250.500,192,15
2025-12-12 15:15:05.119,CKKS,16384,40,8,657315,14.771,82164.375,192,389
2025-12-12 15:15:05.120,CKKS,16384,40,8,658136,14.578,82267.000,192,81
2025-12-12 15:15:05.136,CKKS,16384,40,8,657449,9.091,82181.125,192,309
2025-12-12 15:15:05.157,CKKS,16384,40,8,658242,8.625,82280.250,192,163
2025-12-12 15:15:05.160,CKKS,16384,40,8,657529,9.182,82191.125,192,405
2025-12-12 15:15:05.212,CKKS,16384,40,8,658311,8.968,82288.875,192,421
2025-12-12 15:15:05.271,CKKS,16384,40,8,657307,9.277,82163.375,192,114
2025-12-12 15:15:05.317,CKKS,16384,40,8,658100,9.384,82262.500,192,293
2025-12-12 15:15:05.328,CKKS,16384,40,8,658120,12.415,82265.000,192,212
2025-12-12 15:15:05.329,CKKS,16384,40,8,656065,14.585,82008.125,192,437
2025-12-12 15:15:05.494,CKKS,16384,40,8,656922,9.272,82115.250,192,453
2025-12-12 15:15:05.494,CKKS,16384,40,8,657334,9.404,82166.750,192,277
2025-12-12 15:15:05.525,CKKS,16384,40,8,657790,9.017,82223.750,192,147
2025-12-12 15:15:05.564,CKKS,16384,40,8,658144,9.306,82268.000,192,196
2025-12-12 15:15:05.585,CKKS,16384,40,8,657800,9.278,82225.000,192,32
2025-12-12 15:15:05.596,CKKS,16384,40,8,658177,11.498,82272.125,192,65
2025-12-12 15:15:05.634,CKKS,16384,40,8,657804,8.918,82225.500,192,469
2025-12-12 15:15:05.680,CKKS,16384,40,8,657382,9.078,82172.750,192,261
2025-12-12 15:15:05.725,CKKS,16384,40,8,657791,9.120,82223.875,192,98
2025-12-12 15:15:05.794,CKKS,16384,40,8,657693,9.861,82211.625,192,485
2025-12-12 15:15:05.905,CKKS,16384,40,8,657665,10.956,82208.125,192,245
2025-12-12 15:15:05.927,CKKS,16384,40,8,657311,10.533,82163.875,192,180
2025-12-12 15:15:05.995,CKKS,16384,40,8,657381,14.427,82172.625,192,131
2025-12-12 15:15:06.133,CKKS,16384,40,8,657409,13.785,82176.125,192,358
2025-12-12 15:15:06.204,CKKS,16384,40,8,657336,18.615,82167.000,192,342
2025-12-12 15:15:06.205,CKKS,16384,40,8,657394,19.495,82174.250,192,374
2025-12-12 15:15:06.267,CKKS,16384,40,8,657801,9.295,82225.125,192,49
2025-12-12 15:15:06.278,CKKS,16384,40,8,658175,10.694,82271.875,192,229
2025-12-12 15:15:06.290,CKKS,16384,40,8,657405,10.583,82175.625,192,16
2025-12-12 15:15:06.312,CKKS,16384,40,8,658155,9.653,82269.375,192,82
2025-12-12 15:15:06.395,CKKS,16384,40,8,657961,11.926,82245.125,192,326
2025-12-12 15:15:06.396,CKKS,16384,40,8,658258,12.762,82282.250,192,390
2025-12-12 15:15:06.425,CKKS,16384,40,8,658267,9.507,82283.375,192,164
2025-12-12 15:15:06.461,CKKS,16384,40,8,657338,12.530,82167.250,192,310
2025-12-12 15:15:06.467,CKKS,16384,40,8,657472,14.811,82184.000,192,406
2025-12-12 15:15:06.511,CKKS,16384,40,8,658181,9.912,82272.625,192,422
2025-12-12 15:15:06.514,CKKS,16384,40,8,657885,12.780,82235.625,192,115
2025-12-12 15:15:06.590,CKKS,16384,40,8,656022,10.288,82002.750,192,213
2025-12-12 15:15:06.630,CKKS,16384,40,8,657303,9.565,82162.875,192,294
2025-12-12 15:15:06.635,CKKS,16384,40,8,658249,11.472,82281.125,192,438
2025-12-12 15:15:06.757,CKKS,16384,40,8,657991,9.514,82248.875,192,278
2025-12-12 15:15:06.811,CKKS,16384,40,8,657783,9.767,82222.875,192,454
2025-12-12 15:15:06.836,CKKS,16384,40,8,657591,9.188,82198.875,192,148
2025-12-12 15:15:06.883,CKKS,16384,40,8,657508,9.184,82188.500,192,197
2025-12-12 15:15:06.897,CKKS,16384,40,8,658136,9.722,82267.000,192,66
2025-12-12 15:15:06.908,CKKS,16384,40,8,657272,9.085,82159.000,192,33
2025-12-12 15:15:06.927,CKKS,16384,40,8,657626,8.841,82203.250,192,470
2025-12-12 15:15:06.945,CKKS,16384,40,8,658028,8.884,82253.500,192,262
2025-12-12 15:15:06.966,CKKS,16384,40,8,658124,8.893,82265.500,192,99
2025-12-12 15:15:07.087,CKKS,16384,40,8,658120,14.327,82265.000,192,486
2025-12-12 15:15:07.149,CKKS,16384,40,8,657345,9.446,82168.125,192,246
2025-12-12 15:15:07.211,CKKS,16384,40,8,658254,9.478,82281.750,192,181
2025-12-12 15:15:07.316,CKKS,16384,40,8,657474,9.204,82184.250,192,132
2025-12-12 15:15:07.366,CKKS,16384,40,8,658015,9.527,82251.875,192,359
2025-12-12 15:15:07.410,CKKS,16384,40,8,658302,9.412,82287.750,192,375
2025-12-12 15:15:07.423,CKKS,16384,40,8,657915,11.046,82239.375,192,50
2025-12-12 15:15:07.456,CKKS,16384,40,8,656192,10.210,82024.000,192,343
2025-12-12 15:15:07.462,CKKS,16384,40,8,658028,14.428,82253.500,192,17
2025-12-12 15:15:07.463,CKKS,16384,40,8,658166,14.962,82270.750,192,230
2025-12-12 15:15:07.489,CKKS,16384,40,8,658146,9.277,82268.250,192,83
2025-12-12 15:15:07.513,CKKS,16384,40,8,658007,9.263,82250.875,192,327
2025-12-12 15:15:07.542,CKKS,16384,40,8,657492,9.400,82186.500,192,391
2025-12-12 15:15:07.567,CKKS,16384,40,8,657159,9.136,82144.875,192,165
2025-12-12 15:15:07.602,CKKS,16384,40,8,657339,9.256,82167.375,192,311
2025-12-12 15:15:07.631,CKKS,16384,40,8,658273,9.009,82284.125,192,407
2025-12-12 15:15:07.719,CKKS,16384,40,8,657605,9.504,82200.625,192,423
2025-12-12 15:15:07.794,CKKS,16384,40,8,657797,9.450,82224.625,192,214
2025-12-12 15:15:07.837,CKKS,16384,40,8,657285,9.563,82160.625,192,295
2025-12-12 15:15:07.837,CKKS,16384,40,8,658112,9.365,82264.000,192,116
2025-12-12 15:15:07.846,CKKS,16384,40,8,658205,12.712,82275.625,192,439
2025-12-12 15:15:07.966,CKKS,16384,40,8,658126,10.831,82265.750,192,279
2025-12-12 15:15:07.993,CKKS,16384,40,8,657391,9.367,82173.875,192,149
2025-12-12 15:15:08.014,CKKS,16384,40,8,658046,9.990,82255.750,192,455
2025-12-12 15:15:08.075,CKKS,16384,40,8,657404,10.664,82175.500,192,34
2025-12-12 15:15:08.095,CKKS,16384,40,8,658024,10.204,82253.000,192,198
2025-12-12 15:15:08.114,CKKS,16384,40,8,657599,10.385,82199.875,192,67
2025-12-12 15:15:08.162,CKKS,16384,40,8,657828,9.425,82228.500,192,263
2025-12-12 15:15:08.179,CKKS,16384,40,8,657429,9.269,82178.625,192,471
2025-12-12 15:15:08.242,CKKS,16384,40,8,657679,10.861,82209.875,192,100
2025-12-12 15:15:08.275,CKKS,16384,40,8,657992,9.174,82249.000,192,1
2025-12-12 15:15:08.364,CKKS,16384,40,8,658175,10.593,82271.875,192,487
2025-12-12 15:15:08.383,CKKS,16384,40,8,657963,8.928,82245.375,192,247
2025-12-12 15:15:08.425,CKKS,16384,40,8,658408,10.034,82301.000,192,182
2025-12-12 15:15:08.466,CKKS,16384,40,8,657690,9.920,82211.250,192,133
2025-12-12 15:15:08.647,CKKS,16384,40,8,658098,10.537,82262.250,192,360
2025-12-12 15:15:08.666,CKKS,16384,40,8,658215,9.852,82276.875,192,51
2025-12-12 15:15:08.683,CKKS,16384,40,8,657059,10.430,82132.375,192,376
2025-12-12 15:15:08.689,CKKS,16384,40,8,657396,11.296,82174.500,192,231
2025-12-12 15:15:08.706,CKKS,16384,40,8,657505,9.337,82188.125,192,18
2025-12-12 15:15:08.733,CKKS,16384,40,8,658052,10.062,82256.500,192,344
2025-12-12 15:15:08.742,CKKS,16384,40,8,657355,12.052,82169.375,192,84
2025-12-12 15:15:08.780,CKKS,16384,40,8,657823,10.156,82227.875,192,328
2025-12-12 15:15:08.832,CKKS,16384,40,8,658208,9.813,82276.000,192,392
2025-12-12 15:15:08.838,CKKS,16384,40,8,658295,10.640,82286.875,192,166
2025-12-12 15:15:08.883,CKKS,16384,40,8,658233,9.866,82279.125,192,312
2025-12-12 15:15:08.898,CKKS,16384,40,8,658274,9.862,82284.250,192,408
2025-12-12 15:15:08.949,CKKS,16384,40,8,658111,9.317,82263.875,192,117
2025-12-12 15:15:08.986,CKKS,16384,40,8,657435,9.625,82179.375,192,424
2025-12-12 15:15:09.005,CKKS,16384,40,8,657948,9.918,82243.500,192,215
2025-12-12 15:15:09.048,CKKS,16384,40,8,658044,9.339,82255.500,192,296
2025-12-12 15:15:09.135,CKKS,16384,40,8,658153,9.235,82269.125,192,440
2025-12-12 15:15:09.184,CKKS,16384,40,8,658190,9.742,82273.750,192,280
2025-12-12 15:15:09.199,CKKS,16384,40,8,657999,9.449,82249.875,192,150
2025-12-12 15:15:09.255,CKKS,16384,40,8,658213,13.570,82276.625,192,456
2025-12-12 15:15:09.279,CKKS,16384,40,8,658035,13.192,82254.375,192,35
2025-12-12 15:15:09.300,CKKS,16384,40,8,658196,13.465,82274.500,192,68
2025-12-12 15:15:09.330,CKKS,16384,40,8,658136,12.858,82267.000,192,199
2025-12-12 15:15:09.330,CKKS,16384,40,8,657375,9.364,82171.875,192,2
2025-12-12 15:15:09.465,CKKS,16384,40,8,658278,10.708,82284.750,192,264
2025-12-12 15:15:09.465,CKKS,16384,40,8,657256,15.897,82157.000,192,472
2025-12-12 15:15:09.467,CKKS,16384,40,8,657777,16.079,82222.125,192,101
2025-12-12 15:15:09.609,CKKS,16384,40,8,657606,11.483,82200.750,192,248
2025-12-12 15:15:09.622,CKKS,16384,40,8,657786,8.864,82223.250,192,183
2025-12-12 15:15:09.644,CKKS,16384,40,8,658131,9.906,82266.375,192,488
2025-12-12 15:15:09.663,CKKS,16384,40,8,658131,8.737,82266.375,192,134
2025-12-12 15:15:09.843,CKKS,16384,40,8,657850,9.264,82231.250,192,52
2025-12-12 15:15:09.905,CKKS,16384,40,8,657715,9.330,82214.375,192,232
2025-12-12 15:15:09.946,CKKS,16384,40,8,658195,10.014,82274.375,192,361
2025-12-12 15:15:09.969,CKKS,16384,40,8,655951,10.284,81993.875,192,377
2025-12-12 15:15:09.976,CKKS,16384,40,8,657995,12.179,82249.375,192,19
2025-12-12 15:15:09.981,CKKS,16384,40,8,657950,15.207,82243.750,192,85
2025-12-12 15:15:09.982,CKKS,16384,40,8,657986,12.552,82248.250,192,345
2025-12-12 15:15:09.997,CKKS,16384,40,8,657285,8.711,82160.625,192,329
2025-12-12 15:15:10.019,CKKS,16384,40,8,657710,11.019,82213.750,192,167
2025-12-12 15:15:10.056,CKKS,16384,40,8,658182,13.050,82272.750,192,393
2025-12-12 15:15:10.117,CKKS,16384,40,8,657310,11.564,82163.750,192,313
2025-12-12 15:15:10.139,CKKS,16384,40,8,658376,10.883,82297.000,192,409
2025-12-12 15:15:10.155,CKKS,16384,40,8,657183,8.892,82147.875,192,118
2025-12-12 15:15:10.188,CKKS,16384,40,8,657420,9.293,82177.500,192,216
2025-12-12 15:15:10.217,CKKS,16384,40,8,657514,8.961,82189.250,192,425
2025-12-12 15:15:10.251,CKKS,16384,40,8,657500,9.332,82187.500,192,297
2025-12-12 15:15:10.382,CKKS,16384,40,8,657154,9.228,82144.250,192,441
2025-12-12 15:15:10.406,CKKS,16384,40,8,658145,9.178,82268.125,192,281
2025-12-12 15:15:10.440,CKKS,16384,40,8,658122,10.694,82265.250,192,151
2025-12-12 15:15:10.447,CKKS,16384,40,8,658176,13.832,82272.000,192,36
2025-12-12 15:15:10.534,CKKS,16384,40,8,658173,9.418,82271.625,192,69
2025-12-12 15:15:10.534,CKKS,16384,40,8,658053,9.445,82256.625,192,457
2025-12-12 15:15:10.621,CKKS,16384,40,8,658134,9.171,82266.750,192,3
2025-12-12 15:15:10.662,CKKS,16384,40,8,657930,9.105,82241.250,192,265
2025-12-12 15:15:10.673,CKKS,16384,40,8,658317,10.117,82289.625,192,102
2025-12-12 15:15:10.681,CKKS,16384,40,8,658219,9.022,82277.375,192,200
2025-12-12 15:15:10.722,CKKS,16384,40,8,657865,9.244,82233.125,192,473
2025-12-12 15:15:10.865,CKKS,16384,40,8,658004,9.152,82250.500,192,184
2025-12-12 15:15:10.879,CKKS,16384,40,8,657312,9.319,82164.000,192,249
2025-12-12 15:15:10.900,CKKS,16384,40,8,658295,9.250,82286.875,192,135
2025-12-12 15:15:10.907,CKKS,16384,40,8,658255,10.528,82281.875,192,489
2025-12-12 15:15:11.028,CKKS,16384,40,8,657439,9.070,82179.875,192,53
2025-12-12 15:15:11.069,CKKS,16384,40,8,657405,9.332,82175.625,192,20
2025-12-12 15:15:11.129,CKKS,16384,40,8,657607,9.648,82200.875,192,362
2025-12-12 15:15:11.142,CKKS,16384,40,8,658165,10.421,82270.625,192,233
2025-12-12 15:15:11.153,CKKS,16384,40,8,658328,9.568,82291.000,192,86
2025-12-12 15:15:11.209,CKKS,16384,40,8,657387,10.477,82173.375,192,346
2025-12-12 15:15:11.273,CKKS,16384,40,8,657567,9.749,82195.875,192,378
2025-12-12 15:15:11.299,CKKS,16384,40,8,657392,9.927,82174.000,192,330
2025-12-12 15:15:11.309,CKKS,16384,40,8,657280,12.673,82160.000,192,168
2025-12-12 15:15:11.353,CKKS,16384,40,8,657260,9.137,82157.500,192,394
2025-12-12 15:15:11.369,CKKS,16384,40,8,657350,9.277,82168.750,192,314
2025-12-12 15:15:11.386,CKKS,16384,40,8,657806,9.370,82225.750,192,119
2025-12-12 15:15:11.417,CKKS,16384,40,8,657562,9.336,82195.250,192,410
2025-12-12 15:15:11.447,CKKS,16384,40,8,657233,9.118,82154.125,192,217
2025-12-12 15:15:11.490,CKKS,16384,40,8,657362,9.787,82170.250,192,426
2025-12-12 15:15:11.530,CKKS,16384,40,8,658122,12.671,82265.250,192,298
2025-12-12 15:15:11.640,CKKS,16384,40,8,658087,9.734,82260.875,192,442
2025-12-12 15:15:11.671,CKKS,16384,40,8,658099,9.800,82262.375,192,282
2025-12-12 15:15:11.693,CKKS,16384,40,8,657362,9.727,82170.250,192,152
2025-12-12 15:15:11.785,CKKS,16384,40,8,657726,14.377,82215.750,192,37
2025-12-12 15:15:11.801,CKKS,16384,40,8,658088,20.557,82261.000,192,458
2025-12-12 15:15:11.802,CKKS,16384,40,8,658168,20.233,82271.000,192,70
2025-12-12 15:15:11.829,CKKS,16384,40,8,658132,13.550,82266.500,192,201
2025-12-12 15:15:11.854,CKKS,16384,40,8,657610,10.777,82201.250,192,4
2025-12-12 15:15:11.913,CKKS,16384,40,8,658007,9.413,82250.875,192,266
2025-12-12 15:15:11.913,CKKS,16384,40,8,657957,13.367,82244.625,192,103
2025-12-12 15:15:11.968,CKKS,16384,40,8,658190,10.641,82273.750,192,474
2025-12-12 15:15:12.102,CKKS,16384,40,8,658265,9.530,82283.125,192,250
2025-12-12 15:15:12.114,CKKS,16384,40,8,658247,9.031,82280.875,192,185
2025-12-12 15:15:12.145,CKKS,16384,40,8,657264,9.242,82158.000,192,136
2025-12-12 15:15:12.165,CKKS,16384,40,8,657756,9.909,82219.500,192,490
2025-12-12 15:15:12.278,CKKS,16384,40,8,656116,9.215,82014.500,192,54
2025-12-12 15:15:12.306,CKKS,16384,40,8,658179,9.417,82272.375,192,21
2025-12-12 15:15:12.327,CKKS,16384,40,8,657948,9.264,82243.500,192,363
2025-12-12 15:15:12.369,CKKS,16384,40,8,657244,9.295,82155.500,192,234
2025-12-12 15:15:12.401,CKKS,16384,40,8,657806,14.279,82225.750,192,347
2025-12-12 15:15:12.404,CKKS,16384,40,8,658072,14.991,82259.000,192,87
2025-12-12 15:15:12.431,CKKS,16384,40,8,658244,8.997,82280.500,192,379
2025-12-12 15:15:12.480,CKKS,16384,40,8,657205,9.239,82150.625,192,169
2025-12-12 15:15:12.497,CKKS,16384,40,8,658117,9.099,82264.625,192,331
2025-12-12 15:15:12.585,CKKS,16384,40,8,657333,9.265,82166.625,192,395
2025-12-12 15:15:12.603,CKKS,16384,40,8,657407,9.303,82175.875,192,315
2025-12-12 15:15:12.626,CKKS,16384,40,8,655897,8.884,81987.125,192,120
2025-12-12 15:15:12.645,CKKS,16384,40,8,657944,9.100,82243.000,192,218
2025-12-12 15:15:12.672,CKKS,16384,40,8,657368,8.954,82171.000,192,411
2025-12-12 15:15:12.732,CKKS,16384,40,8,657317,9.155,82164.625,192,427
2025-12-12 15:15:12.746,CKKS,16384,40,8,658211,9.113,82276.375,192,299
2025-12-12 15:15:12.936,CKKS,16384,40,8,658129,9.569,82266.125,192,443
2025-12-12 15:15:12.949,CKKS,16384,40,8,658179,10.821,82272.375,192,283
2025-12-12 15:15:12.968,CKKS,16384,40,8,656131,10.053,82016.375,192,153
2025-12-12 15:15:12.982,CKKS,16384,40,8,657294,9.789,82161.750,192,38
2025-12-12 15:15:12.998,CKKS,16384,40,8,658194,9.091,82274.250,192,71
2025-12-12 15:15:13.025,CKKS,16384,40,8,657865,12.822,82233.125,192,202
2025-12-12 15:15:13.029,CKKS,16384,40,8,657291,14.698,82161.375,192,5
2025-12-12 15:15:13.043,CKKS,16384,40,8,658273,10.559,82284.125,192,459
2025-12-12 15:15:13.064,CKKS,16384,40,8,657393,9.967,82174.125,192,104
2025-12-12 15:15:13.098,CKKS,16384,40,8,657645,10.544,82205.625,192,267
2025-12-12 15:15:13.227,CKKS,16384,40,8,658051,10.240,82256.375,192,475
2025-12-12 15:15:13.430,CKKS,16384,40,8,658133,11.507,82266.625,192,186
2025-12-12 15:15:13.440,CKKS,16384,40,8,657104,15.224,82138.000,192,251
2025-12-12 15:15:13.445,CKKS,16384,40,8,657443,20.279,82180.375,192,491
2025-12-12 15:15:13.448,CKKS,16384,40,8,657727,14.966,82215.875,192,137
2025-12-12 15:15:13.530,CKKS,16384,40,8,658259,10.223,82282.375,192,55
2025-12-12 15:15:13.541,CKKS,16384,40,8,658145,10.416,82268.125,192,22
2025-12-12 15:15:13.617,CKKS,16384,40,8,657832,9.526,82229.000,192,235
2025-12-12 15:15:13.636,CKKS,16384,40,8,657987,9.580,82248.375,192,364
2025-12-12 15:15:13.646,CKKS,16384,40,8,658063,11.585,82257.875,192,88
2025-12-12 15:15:13.665,CKKS,16384,40,8,658246,9.333,82280.750,192,348
2025-12-12 15:15:13.724,CKKS,16384,40,8,657742,10.253,82217.750,192,380
2025-12-12 15:15:13.734,CKKS,16384,40,8,657771,12.487,82221.375,192,170
2025-12-12 15:15:13.744,CKKS,16384,40,8,656752,11.040,82094.000,192,332
2025-12-12 15:15:13.811,CKKS,16384,40,8,658082,9.459,82260.250,192,121
2025-12-12 15:15:13.837,CKKS,16384,40,8,657599,9.615,82199.875,192,396
2025-12-12 15:15:13.854,CKKS,16384,40,8,657413,9.337,82176.625,192,316
2025-12-12 15:15:14.078,CKKS,16384,40,8,658138,135.526,82267.250,192,412
2025-12-12 15:15:14.063,CKKS,16384,40,8,658240,157.097,82280.000,192,219
2025-12-12 15:15:14.051,CKKS,16384,40,8,657801,62.547,82225.125,192,300
2025-12-12 15:15:14.030,CKKS,16384,40,8,658028,37.521,82253.500,192,428
2025-12-12 15:15:14.302,CKKS,16384,40,8,657356,41.311,82169.500,192,105
2025-12-12 15:15:14.303,CKKS,16384,40,8,658061,78.765,82257.625,192,72
2025-12-12 15:15:14.320,CKKS,16384,40,8,658202,41.729,82275.250,192,444
2025-12-12 15:15:14.379,CKKS,16384,40,8,657894,83.539,82236.750,192,284
2025-12-12 15:15:14.379,CKKS,16384,40,8,657593,36.517,82199.125,192,268
2025-12-12 15:15:14.383,CKKS,16384,40,8,658263,87.772,82282.875,192,39
2025-12-12 15:15:14.385,CKKS,16384,40,8,658159,62.550,82269.875,192,460
2025-12-12 15:15:14.388,CKKS,16384,40,8,657978,46.505,82247.250,192,154
2025-12-12 15:15:14.392,CKKS,16384,40,8,658040,141.418,82255.000,192,6
2025-12-12 15:15:14.393,CKKS,16384,40,8,657989,149.228,82248.625,192,203
2025-12-12 15:15:14.480,CKKS,16384,40,8,658071,9.715,82258.875,192,476
2025-12-12 15:15:14.535,CKKS,16384,40,8,657392,8.995,82174.000,192,187
2025-12-12 15:15:14.572,CKKS,16384,40,8,658174,9.014,82271.750,192,138
2025-12-12 15:15:14.586,CKKS,16384,40,8,657440,9.267,82180.000,192,252
2025-12-12 15:15:14.700,CKKS,16384,40,8,657822,10.656,82227.750,192,56
2025-12-12 15:15:14.711,CKKS,16384,40,8,658275,10.239,82284.375,192,492
2025-12-12 15:15:14.717,CKKS,16384,40,8,657284,8.966,82160.500,192,23
2025-12-12 15:15:14.767,CKKS,16384,40,8,658024,9.048,82253.000,192,89
2025-12-12 15:15:14.782,CKKS,16384,40,8,657365,9.013,82170.625,192,236
2025-12-12 15:15:14.893,CKKS,16384,40,8,657417,15.475,82177.125,192,365
2025-12-12 15:15:14.895,CKKS,16384,40,8,658143,15.176,82267.875,192,349
2025-12-12 15:15:14.963,CKKS,16384,40,8,657463,13.793,82182.875,192,171
2025-12-12 15:15:14.979,CKKS,16384,40,8,657298,16.196,82162.250,192,333
2025-12-12 15:15:14.983,CKKS,16384,40,8,657343,14.279,82167.875,192,381
2025-12-12 15:15:15.066,CKKS,16384,40,8,657462,9.176,82182.750,192,122
2025-12-12 15:15:15.108,CKKS,16384,40,8,657457,9.121,82182.125,192,317
2025-12-12 15:15:15.109,CKKS,16384,40,8,658134,9.216,82266.750,192,397
2025-12-12 15:15:15.127,CKKS,16384,40,8,658147,9.116,82268.375,192,220
2025-12-12 15:15:15.193,CKKS,16384,40,8,657171,13.602,82146.375,192,413
2025-12-12 15:15:15.223,CKKS,16384,40,8,656693,12.383,82086.625,192,301
2025-12-12 15:15:15.263,CKKS,16384,40,8,657416,13.392,82177.000,192,429
2025-12-12 15:15:15.324,CKKS,16384,40,8,657363,13.606,82170.375,192,40
2025-12-12 15:15:15.409,CKKS,16384,40,8,657401,8.926,82175.125,192,445
2025-12-12 15:15:15.456,CKKS,16384,40,8,658186,9.251,82273.250,192,7
2025-12-12 15:15:15.465,CKKS,16384,40,8,656819,11.332,82102.375,192,155
2025-12-12 15:15:15.494,CKKS,16384,40,8,657355,9.248,82169.375,192,285
2025-12-12 15:15:15.526,CKKS,16384,40,8,657995,12.013,82249.375,192,204
2025-12-12 15:15:15.533,CKKS,16384,40,8,657824,14.633,82228.000,192,73
2025-12-12 15:15:15.541,CKKS,16384,40,8,657842,9.412,82230.250,192,106
2025-12-12 15:15:15.550,CKKS,16384,40,8,657621,9.387,82202.625,192,461
2025-12-12 15:15:15.566,CKKS,16384,40,8,658009,8.831,82251.125,192,269
2025-12-12 15:15:15.744,CKKS,16384,40,8,657373,9.145,82171.625,192,477
2025-12-12 15:15:15.763,CKKS,16384,40,8,657829,8.991,82228.625,192,188
2025-12-12 15:15:15.831,CKKS,16384,40,8,657383,9.345,82172.875,192,139
2025-12-12 15:15:15.844,CKKS,16384,40,8,657861,9.180,82232.625,192,253
2025-12-12 15:15:15.994,CKKS,16384,40,8,658276,9.139,82284.500,192,24
2025-12-12 15:15:16.004,CKKS,16384,40,8,658061,9.393,82257.625,192,57
2025-12-12 15:15:16.022,CKKS,16384,40,8,658197,9.093,82274.625,192,90
2025-12-12 15:15:16.033,CKKS,16384,40,8,657864,13.515,82233.000,192,493
2025-12-12 15:15:16.049,CKKS,16384,40,8,657623,9.089,82202.875,192,237
2025-12-12 15:15:16.132,CKKS,16384,40,8,657479,13.276,82184.875,192,366
2025-12-12 15:15:16.134,CKKS,16384,40,8,657532,14.646,82191.500,192,350
2025-12-12 15:15:16.186,CKKS,16384,40,8,658043,9.267,82255.375,192,172
2025-12-12 15:15:16.223,CKKS,16384,40,8,658134,9.331,82266.750,192,382
2025-12-12 15:15:16.254,CKKS,16384,40,8,658272,9.790,82284.000,192,334
2025-12-12 15:15:16.303,CKKS,16384,40,8,657863,9.333,82232.875,192,123
2025-12-12 15:15:16.358,CKKS,16384,40,8,657973,14.487,82246.625,192,398
2025-12-12 15:15:16.359,CKKS,16384,40,8,657412,15.215,82176.500,192,318
2025-12-12 15:15:16.363,CKKS,16384,40,8,658025,13.497,82253.125,192,221
2025-12-12 15:15:16.444,CKKS,16384,40,8,657366,9.965,82170.750,192,414
2025-12-12 15:15:16.470,CKKS,16384,40,8,658033,10.890,82254.125,192,302
2025-12-12 15:15:16.504,CKKS,16384,40,8,658085,11.325,82260.625,192,41
2025-12-12 15:15:16.541,CKKS,16384,40,8,657887,10.507,82235.875,192,430
2025-12-12 15:15:16.587,CKKS,16384,40,8,657859,9.669,82232.375,192,74
2025-12-12 15:15:16.642,CKKS,16384,40,8,658294,13.762,82286.750,192,156
2025-12-12 15:15:16.661,CKKS,16384,40,8,657472,14.786,82184.000,192,8
2025-12-12 15:15:16.670,CKKS,16384,40,8,657913,12.677,82239.125,192,286
2025-12-12 15:15:16.692,CKKS,16384,40,8,657095,14.295,82136.875,192,446
2025-12-12 15:15:16.697,CKKS,16384,40,8,657434,15.471,82179.250,192,205
2025-12-12 15:15:16.742,CKKS,16384,40,8,658153,12.768,82269.125,192,107
2025-12-12 15:15:16.818,CKKS,16384,40,8,657857,9.367,82232.125,192,462
2025-12-12 15:15:16.842,CKKS,16384,40,8,657786,9.149,82223.250,192,270
2025-12-12 15:15:16.999,CKKS,16384,40,8,657700,9.133,82212.500,192,478
2025-12-12 15:15:17.095,CKKS,16384,40,8,657494,14.306,82186.750,192,140
2025-12-12 15:15:17.099,CKKS,16384,40,8,658341,14.758,82292.625,192,189
2025-12-12 15:15:17.104,CKKS,16384,40,8,657869,10.030,82233.625,192,254
2025-12-12 15:15:17.132,CKKS,16384,40,8,658175,9.110,82271.875,192,58
2025-12-12 15:15:17.137,CKKS,16384,40,8,658269,9.763,82283.625,192,25
2025-12-12 15:15:17.233,CKKS,16384,40,8,657694,9.165,82211.750,192,91
2025-12-12 15:15:17.270,CKKS,16384,40,8,658187,10.002,82273.375,192,494
2025-12-12 15:15:17.281,CKKS,16384,40,8,657559,8.989,82194.875,192,238
2025-12-12 15:15:17.373,CKKS,16384,40,8,655994,15.010,81999.250,192,351
2025-12-12 15:15:17.375,CKKS,16384,40,8,657766,15.378,82220.750,192,367
2025-12-12 15:15:17.391,CKKS,16384,40,8,658207,9.549,82275.875,192,173
2025-12-12 15:15:17.461,CKKS,16384,40,8,657632,9.029,82204.000,192,335
2025-12-12 15:15:17.479,CKKS,16384,40,8,657412,9.637,82176.500,192,124
2025-12-12 15:15:17.479,CKKS,16384,40,8,658307,9.441,82288.375,192,383
2025-12-12 15:15:17.542,CKKS,16384,40,8,657351,8.981,82168.875,192,319
2025-12-12 15:15:17.572,CKKS,16384,40,8,658246,9.359,82280.750,192,222
2025-12-12 15:15:17.595,CKKS,16384,40,8,658003,9.085,82250.375,192,399
2025-12-12 15:15:17.686,CKKS,16384,40,8,657820,9.065,82227.500,192,303
2025-12-12 15:15:17.696,CKKS,16384,40,8,656973,9.581,82121.625,192,415
2025-12-12 15:15:17.720,CKKS,16384,40,8,658014,9.183,82251.750,192,42
2025-12-12 15:15:17.764,CKKS,16384,40,8,658108,8.932,82263.500,192,431
2025-12-12 15:15:17.799,CKKS,16384,40,8,657506,9.290,82188.250,192,157
2025-12-12 15:15:17.881,CKKS,16384,40,8,657370,9.309,82171.250,192,9
2025-12-12 15:15:17.905,CKKS,16384,40,8,657437,9.034,82179.625,192,75
2025-12-12 15:15:17.990,CKKS,16384,40,8,657974,13.068,82246.750,192,447
2025-12-12 15:15:17.994,CKKS,16384,40,8,658152,14.708,82269.000,192,108
2025-12-12 15:15:18.004,CKKS,16384,40,8,658210,9.648,82276.250,192,287
2025-12-12 15:15:18.011,CKKS,16384,40,8,657412,9.078,82176.500,192,206
2025-12-12 15:15:18.086,CKKS,16384,40,8,657004,8.999,82125.500,192,271
2025-12-12 15:15:18.090,CKKS,16384,40,8,658086,9.231,82260.750,192,463
2025-12-12 15:15:18.276,CKKS,16384,40,8,658157,9.096,82269.625,192,479
2025-12-12 15:15:18.284,CKKS,16384,40,8,657472,9.116,82184.000,192,190
2025-12-12 15:15:18.333,CKKS,16384,40,8,657698,14.544,82212.250,192,255
2025-12-12 15:15:18.335,CKKS,16384,40,8,657926,15.150,82240.750,192,141
2025-12-12 15:15:18.430,CKKS,16384,40,8,656819,9.374,82102.375,192,59
2025-12-12 15:15:18.474,CKKS,16384,40,8,656885,9.480,82110.625,192,26
2025-12-12 15:15:18.518,CKKS,16384,40,8,657461,9.504,82182.625,192,92
2025-12-12 15:15:18.539,CKKS,16384,40,8,658004,9.019,82250.500,192,239
2025-12-12 15:15:18.561,CKKS,16384,40,8,657788,10.051,82223.500,192,495
2025-12-12 15:15:18.647,CKKS,16384,40,8,657964,9.144,82245.500,192,368
2025-12-12 15:15:18.650,CKKS,16384,40,8,658202,9.205,82275.250,192,174
2025-12-12 15:15:18.670,CKKS,16384,40,8,657145,8.870,82143.125,192,352
2025-12-12 15:15:18.756,CKKS,16384,40,8,658051,9.290,82256.375,192,336
2025-12-12 15:15:18.765,CKKS,16384,40,8,657452,9.159,82181.500,192,384
2025-12-12 15:15:18.772,CKKS,16384,40,8,657371,9.050,82171.375,192,125
2025-12-12 15:15:18.801,CKKS,16384,40,8,657735,9.139,82216.875,192,320
2025-12-12 15:15:18.840,CKKS,16384,40,8,657721,11.449,82215.125,192,223
2025-12-12 15:15:18.855,CKKS,16384,40,8,657347,8.906,82168.375,192,400
2025-12-12 15:15:18.973,CKKS,16384,40,8,658090,9.079,82261.250,192,416
2025-12-12 15:15:19.000,CKKS,16384,40,8,657900,11.702,82237.500,192,43
2025-12-12 15:15:19.006,CKKS,16384,40,8,657351,14.546,82168.875,192,304
2025-12-12 15:15:19.026,CKKS,16384,40,8,658086,9.228,82260.750,192,432
2025-12-12 15:15:19.069,CKKS,16384,40,8,657301,15.442,82162.625,192,158
2025-12-12 15:15:19.071,CKKS,16384,40,8,658015,15.890,82251.875,192,76
2025-12-12 15:15:19.084,CKKS,16384,40,8,657600,9.246,82200.000,192,10
2025-12-12 15:15:19.118,CKKS,16384,40,8,658057,9.172,82257.125,192,288
2025-12-12 15:15:19.152,CKKS,16384,40,8,657879,9.277,82234.875,192,207
2025-12-12 15:15:19.191,CKKS,16384,40,8,657877,9.348,82234.625,192,109
2025-12-12 15:15:19.201,CKKS,16384,40,8,657920,12.270,82240.000,192,448
2025-12-12 15:15:19.297,CKKS,16384,40,8,656747,9.190,82093.375,192,272
2025-12-12 15:15:19.323,CKKS,16384,40,8,657266,8.877,82158.250,192,464
2025-12-12 15:15:19.495,CKKS,16384,40,8,657239,9.385,82154.875,192,191
2025-12-12 15:15:19.523,CKKS,16384,40,8,658144,9.442,82268.000,192,256
2025-12-12 15:15:19.529,CKKS,16384,40,8,657390,15.948,82173.750,192,480
2025-12-12 15:15:19.531,CKKS,16384,40,8,658192,15.683,82274.000,192,142
2025-12-12 15:15:19.579,CKKS,16384,40,8,657342,9.063,82167.750,192,60
2025-12-12 15:15:19.586,CKKS,16384,40,8,657895,9.039,82236.875,192,27
2025-12-12 15:15:19.650,CKKS,16384,40,8,658130,9.251,82266.250,192,93
2025-12-12 15:15:19.776,CKKS,16384,40,8,657768,9.251,82221.000,192,240
2025-12-12 15:15:19.820,CKKS,16384,40,8,658059,10.422,82257.375,192,496
2025-12-12 15:15:19.892,CKKS,16384,40,8,658232,14.594,82279.000,192,369
2025-12-12 15:15:19.894,CKKS,16384,40,8,657608,14.954,82201.000,192,175
2025-12-12 15:15:19.984,CKKS,16384,40,8,657371,9.287,82171.375,192,385
2025-12-12 15:15:19.994,CKKS,16384,40,8,657778,13.171,82222.250,192,353
2025-12-12 15:15:19.998,CKKS,16384,40,8,657519,15.130,82189.875,192,126
2025-12-12 15:15:20.021,CKKS,16384,40,8,658159,9.169,82269.875,192,337
2025-12-12 15:15:20.036,CKKS,16384,40,8,658202,9.677,82275.250,192,321
2025-12-12 15:15:20.043,CKKS,16384,40,8,657808,8.906,82226.000,192,224
2025-12-12 15:15:20.086,CKKS,16384,40,8,657132,9.204,82141.500,192,401
2025-12-12 15:15:20.155,CKKS,16384,40,8,658169,9.144,82271.125,192,305
2025-12-12 15:15:20.193,CKKS,16384,40,8,657590,9.342,82198.750,192,417
2025-12-12 15:15:20.272,CKKS,16384,40,8,657897,9.145,82237.125,192,433
2025-12-12 15:15:20.308,CKKS,16384,40,8,657399,13.122,82174.875,192,44
2025-12-12 15:15:20.311,CKKS,16384,40,8,658011,12.992,82251.375,192,11
2025-12-12 15:15:20.324,CKKS,16384,40,8,657348,15.930,82168.500,192,159
2025-12-12 15:15:20.325,CKKS,16384,40,8,658107,21.255,82263.375,192,77
2025-12-12 15:15:20.359,CKKS,16384,40,8,657876,17.654,82234.500,192,289
2025-12-12 15:15:20.375,CKKS,16384,40,8,658209,14.743,82276.125,192,208
2025-12-12 15:15:20.389,CKKS,16384,40,8,658160,18.076,82270.000,192,110
2025-12-12 15:15:20.458,CKKS,16384,40,8,658262,13.752,82282.750,192,449
2025-12-12 15:15:20.533,CKKS,16384,40,8,658165,12.153,82270.625,192,273
2025-12-12 15:15:20.626,CKKS,16384,40,8,657640,9.326,82205.000,192,465
2025-12-12 15:15:20.708,CKKS,16384,40,8,657815,10.219,82226.875,192,143
2025-12-12 15:15:20.730,CKKS,16384,40,8,657803,12.179,82225.375,192,192
2025-12-12 15:15:20.763,CKKS,16384,40,8,658216,9.122,82277.000,192,257
2025-12-12 15:15:20.791,CKKS,16384,40,8,657376,9.023,82172.000,192,28
2025-12-12 15:15:20.792,CKKS,16384,40,8,658175,9.961,82271.875,192,61
2025-12-12 15:15:20.801,CKKS,16384,40,8,658038,13.437,82254.750,192,481
2025-12-12 15:15:20.863,CKKS,16384,40,8,658075,9.086,82259.375,192,94
2025-12-12 15:15:20.989,CKKS,16384,40,8,658281,11.550,82285.125,192,241
2025-12-12 15:15:21.077,CKKS,16384,40,8,657520,9.041,82190.000,192,176
2025-12-12 15:15:21.078,CKKS,16384,40,8,657909,10.323,82238.625,192,497
2025-12-12 15:15:21.155,CKKS,16384,40,8,656073,9.221,82009.125,192,127
2025-12-12 15:15:21.168,CKKS,16384,40,8,657904,9.125,82238.000,192,354
2025-12-12 15:15:21.169,CKKS,16384,40,8,657946,9.609,82243.250,192,370
2025-12-12 15:15:21.203,CKKS,16384,40,8,658198,9.184,82274.750,192,338
2025-12-12 15:15:21.227,CKKS,16384,40,8,657971,9.241,82246.375,192,386
2025-12-12 15:15:21.321,CKKS,16384,40,8,658254,9.119,82281.750,192,225
2025-12-12 15:15:21.332,CKKS,16384,40,8,657812,9.332,82226.500,192,322
2025-12-12 15:15:21.375,CKKS,16384,40,8,657957,8.963,82244.625,192,45
2025-12-12 15:15:21.380,CKKS,16384,40,8,658268,8.961,82283.500,192,402
2025-12-12 15:15:21.436,CKKS,16384,40,8,657627,9.050,82203.375,192,306
2025-12-12 15:15:21.453,CKKS,16384,40,8,657405,8.948,82175.625,192,418
2025-12-12 15:15:21.484,CKKS,16384,40,8,657296,9.377,82162.000,192,12
2025-12-12 15:15:21.555,CKKS,16384,40,8,657583,9.119,82197.875,192,160
2025-12-12 15:15:21.561,CKKS,16384,40,8,657953,9.313,82244.125,192,434
2025-12-12 15:15:21.566,CKKS,16384,40,8,658136,11.936,82267.000,192,78
2025-12-12 15:15:21.603,CKKS,16384,40,8,657720,9.171,82215.000,192,290
2025-12-12 15:15:21.627,CKKS,16384,40,8,657312,9.037,82164.000,192,111
2025-12-12 15:15:21.648,CKKS,16384,40,8,657372,9.122,82171.500,192,209
2025-12-12 15:15:21.709,CKKS,16384,40,8,657010,9.186,82126.250,192,450
2025-12-12 15:15:21.780,CKKS,16384,40,8,658214,9.151,82276.750,192,274
2025-12-12 15:15:21.853,CKKS,16384,40,8,657395,9.029,82174.375,192,466
2025-12-12 15:15:21.989,CKKS,16384,40,8,657393,10.944,82174.125,192,258
2025-12-12 15:15:21.994,CKKS,16384,40,8,658183,9.320,82272.875,192,193
2025-12-12 15:15:21.998,CKKS,16384,40,8,657717,13.925,82214.625,192,144
2025-12-12 15:15:22.042,CKKS,16384,40,8,658162,9.615,82270.250,192,482
2025-12-12 15:15:22.061,CKKS,16384,40,8,658141,13.119,82267.625,192,29
2025-12-12 15:15:22.062,CKKS,16384,40,8,657670,9.796,82208.750,192,62
2025-12-12 15:15:22.111,CKKS,16384,40,8,658116,9.788,82264.500,192,95
2025-12-12 15:15:22.293,CKKS,16384,40,8,657279,9.131,82159.875,192,242
2025-12-12 15:15:22.310,CKKS,16384,40,8,658244,9.136,82280.500,192,177
2025-12-12 15:15:22.338,CKKS,16384,40,8,658104,10.443,82263.000,192,498
2025-12-12 15:15:22.342,CKKS,16384,40,8,657235,9.126,82154.375,192,371
2025-12-12 15:15:22.392,CKKS,16384,40,8,658060,14.505,82257.500,192,128
2025-12-12 15:15:22.394,CKKS,16384,40,8,657512,14.962,82189.000,192,355
2025-12-12 15:15:22.441,CKKS,16384,40,8,657418,9.097,82177.250,192,339
2025-12-12 15:15:22.490,CKKS,16384,40,8,657926,9.124,82240.750,192,387
2025-12-12 15:15:22.523,CKKS,16384,40,8,657385,9.400,82173.125,192,226
2025-12-12 15:15:22.534,CKKS,16384,40,8,658130,9.558,82266.250,192,323
2025-12-12 15:15:22.580,CKKS,16384,40,8,657747,9.077,82218.375,192,46
2025-12-12 15:15:22.651,CKKS,16384,40,8,657376,9.214,82172.000,192,403
2025-12-12 15:15:22.734,CKKS,16384,40,8,658238,9.330,82279.750,192,79
2025-12-12 15:15:22.740,CKKS,16384,40,8,657363,9.479,82170.375,192,419
2025-12-12 15:15:22.750,CKKS,16384,40,8,658110,12.397,82263.750,192,13
2025-12-12 15:15:22.759,CKKS,16384,40,8,658168,13.486,82271.000,192,307
2025-12-12 15:15:22.772,CKKS,16384,40,8,657346,10.948,82168.250,192,161
2025-12-12 15:15:22.801,CKKS,16384,40,8,657323,9.321,82165.375,192,435
2025-12-12 15:15:22.830,CKKS,16384,40,8,657671,9.017,82208.875,192,291
2025-12-12 15:15:22.915,CKKS,16384,40,8,657550,14.906,82193.750,192,112
2025-12-12 15:15:22.916,CKKS,16384,40,8,657918,14.727,82239.750,192,210
2025-12-12 15:15:23.014,CKKS,16384,40,8,657530,9.402,82191.250,192,451
2025-12-12 15:15:23.076,CKKS,16384,40,8,657330,9.412,82166.250,192,275
2025-12-12 15:15:23.122,CKKS,16384,40,8,658118,9.232,82264.750,192,467
2025-12-12 15:15:23.131,CKKS,16384,40,8,658269,12.265,82283.625,192,145
2025-12-12 15:15:23.160,CKKS,16384,40,8,656834,9.358,82104.250,192,194
2025-12-12 15:15:23.223,CKKS,16384,40,8,657744,9.556,82218.000,192,259
2025-12-12 15:15:23.306,CKKS,16384,40,8,658224,9.024,82278.000,192,63
2025-12-12 15:15:23.321,CKKS,16384,40,8,657296,9.502,82162.000,192,483
2025-12-12 15:15:23.327,CKKS,16384,40,8,657717,9.372,82214.625,192,30
2025-12-12 15:15:23.348,CKKS,16384,40,8,658118,8.929,82264.750,192,96
2025-12-12 15:15:23.493,CKKS,16384,40,8,657718,8.921,82214.750,192,243
2025-12-12 15:15:23.526,CKKS,16384,40,8,658103,9.223,82262.875,192,178
2025-12-12 15:15:23.601,CKKS,16384,40,8,657871,9.531,82233.875,192,129
2025-12-12 15:15:23.623,CKKS,16384,40,8,657174,10.389,82146.750,192,499
2025-12-12 15:15:23.641,CKKS,16384,40,8,658011,9.171,82251.375,192,356
2025-12-12 15:15:23.670,CKKS,16384,40,8,658198,8.922,82274.750,192,372
2025-12-12 15:15:23.686,CKKS,16384,40,8,657853,9.011,82231.625,192,340
2025-12-12 15:15:23.740,CKKS,16384,40,8,658057,9.176,82257.125,192,227
2025-12-12 15:15:23.761,CKKS,16384,40,8,657404,9.378,82175.500,192,324
2025-12-12 15:15:23.785,CKKS,16384,40,8,657352,8.971,82169.000,192,388
2025-12-12 15:15:23.810,CKKS,16384,40,8,658204,9.288,82275.500,192,47
2025-12-12 15:15:23.948,CKKS,16384,40,8,657133,9.306,82141.625,192,404
2025-12-12 15:15:23.975,CKKS,16384,40,8,658116,8.889,82264.500,192,80
2025-12-12 15:15:23.987,CKKS,16384,40,8,658000,11.449,82250.000,192,308
2025-12-12 15:15:23.989,CKKS,16384,40,8,657680,15.685,82210.000,192,162
2025-12-12 15:15:23.991,CKKS,16384,40,8,658127,15.984,82265.875,192,420
2025-12-12 15:15:24.011,CKKS,16384,40,8,658266,9.088,82283.250,192,14
2025-12-12 15:15:24.040,CKKS,16384,40,8,657533,9.296,82191.625,192,113
2025-12-12 15:15:24.060,CKKS,16384,40,8,657390,8.925,82173.750,192,436
2025-12-12 15:15:24.080,CKKS,16384,40,8,657877,8.853,82234.625,192,292
2025-12-12 15:15:24.088,CKKS,16384,40,8,655968,9.640,81996.000,192,211
2025-12-12 15:15:24.285,CKKS,16384,40,8,657924,9.529,82240.500,192,452
2025-12-12 15:15:24.303,CKKS,16384,40,8,657432,9.081,82179.000,192,276
2025-12-12 15:15:24.354,CKKS,16384,40,8,658190,9.245,82273.750,192,146
2025-12-12 15:15:24.370,CKKS,16384,40,8,657734,8.765,82216.750,192,195
2025-12-12 15:15:24.397,CKKS,16384,40,8,658105,9.260,82263.125,192,468
2025-12-12 15:15:24.442,CKKS,16384,40,8,658095,9.366,82261.875,192,31
2025-12-12 15:15:24.476,CKKS,16384,40,8,658020,9.054,82252.500,192,260
2025-12-12 15:15:24.478,CKKS,16384,40,8,658272,9.204,82284.000,192,64
2025-12-12 15:15:24.538,CKKS,16384,40,8,658048,9.307,82256.000,192,97
2025-12-12 15:15:24.556,CKKS,16384,40,8,658156,8.916,82269.500,192,484
2025-12-12 15:15:24.770,CKKS,16384,40,8,658202,9.133,82275.250,192,244
2025-12-12 15:15:24.781,CKKS,16384,40,8,657216,10.384,82152.000,192,179
2025-12-12 15:15:24.828,CKKS,16384,40,8,658158,9.294,82269.750,192,130
2025-12-12 15:15:24.870,CKKS,16384,40,8,658138,10.214,82267.250,192,500
2025-12-12 15:15:24.940,CKKS,16384,40,8,657381,9.431,82172.625,192,357
2025-12-12 15:15:25.018,CKKS,16384,40,8,658000,9.249,82250.000,192,373
2025-12-12 15:15:25.039,CKKS,16384,40,8,658105,12.852,82263.125,192,341
2025-12-12 15:15:25.050,CKKS,16384,40,8,657746,19.042,82218.250,192,228
2025-12-12 15:15:25.052,CKKS,16384,40,8,658272,16.519,82284.000,192,48
2025-12-12 15:15:25.080,CKKS,16384,40,8,657248,9.013,82156.000,192,325
2025-12-12 15:15:25.095,CKKS,16384,40,8,658189,9.180,82273.625,192,15
2025-12-12 15:15:25.143,CKKS,16384,40,8,658142,14.520,82267.750,192,389
2025-12-12 15:15:25.144,CKKS,16384,40,8,657186,15.172,82148.250,192,81
2025-12-12 15:15:25.152,CKKS,16384,40,8,657945,9.348,82243.125,192,309
2025-12-12 15:15:25.173,CKKS,16384,40,8,657466,8.882,82183.250,192,163
2025-12-12 15:15:25.175,CKKS,16384,40,8,657304,8.917,82163.000,192,405
2025-12-12 15:15:25.229,CKKS,16384,40,8,657417,9.271,82177.125,192,421
2025-12-12 15:15:25.288,CKKS,16384,40,8,658190,9.201,82273.750,192,114
2025-12-12 15:15:25.335,CKKS,16384,40,8,658031,9.311,82253.875,192,293
2025-12-12 15:15:25.352,CKKS,16384,40,8,657230,14.966,82153.750,192,437
2025-12-12 15:15:25.353,CKKS,16384,40,8,658232,14.473,82279.000,192,212
2025-12-12 15:15:25.519,CKKS,16384,40,8,658000,15.192,82250.000,192,453
2025-12-12 15:15:25.528,CKKS,16384,40,8,657292,23.362,82161.500,192,277
2025-12-12 15:15:25.549,CKKS,16384,40,8,658227,12.738,82278.375,192,147
2025-12-12 15:15:25.590,CKKS,16384,40,8,657868,13.532,82233.500,192,196
2025-12-12 15:15:25.608,CKKS,16384,40,8,657451,14.729,82181.375,192,32
2025-12-12 15:15:25.616,CKKS,16384,40,8,658061,11.037,82257.625,192,65
2025-12-12 15:15:25.649,CKKS,16384,40,8,657368,9.035,82171.000,192,469
2025-12-12 15:15:25.698,CKKS,16384,40,8,657801,9.230,82225.125,192,261
2025-12-12 15:15:25.742,CKKS,16384,40,8,657845,9.176,82230.625,192,98
2025-12-12 15:15:25.812,CKKS,16384,40,8,658253,9.286,82281.625,192,485
2025-12-12 15:15:25.951,CKKS,16384,40,8,657388,8.981,82173.500,192,180
2025-12-12 15:15:25.992,CKKS,16384,40,8,657276,9.064,82159.500,192,245
2025-12-12 15:15:26.041,CKKS,16384,40,8,657276,14.426,82159.500,192,131
2025-12-12 15:15:26.152,CKKS,16384,40,8,658209,9.170,82276.125,192,358
2025-12-12 15:15:26.221,CKKS,16384,40,8,658259,9.471,82282.375,192,342
2025-12-12 15:15:26.222,CKKS,16384,40,8,657830,9.274,82228.750,192,374
2025-12-12 15:15:26.285,CKKS,16384,40,8,658221,9.247,82277.625,192,49
2025-12-12 15:15:26.299,CKKS,16384,40,8,657297,12.513,82162.125,192,229
2025-12-12 15:15:26.324,CKKS,16384,40,8,658187,9.760,82273.375,192,16
2025-12-12 15:15:26.353,CKKS,16384,40,8,658190,12.078,82273.750,192,82
2025-12-12 15:15:26.420,CKKS,16384,40,8,657343,15.357,82167.875,192,390
2025-12-12 15:15:26.422,CKKS,16384,40,8,658087,15.687,82260.875,192,326
2025-12-12 15:15:26.442,CKKS,16384,40,8,657813,9.090,82226.625,192,164
2025-12-12 15:15:26.478,CKKS,16384,40,8,656872,9.189,82109.000,192,310
2025-12-12 15:15:26.484,CKKS,16384,40,8,658160,9.101,82270.000,192,406
2025-12-12 15:15:26.529,CKKS,16384,40,8,657256,9.490,82157.000,192,422
2025-12-12 15:15:26.532,CKKS,16384,40,8,657905,9.537,82238.125,192,115
2025-12-12 15:15:26.613,CKKS,16384,40,8,658244,13.359,82280.500,192,213
2025-12-12 15:15:26.653,CKKS,16384,40,8,658116,14.206,82264.500,192,294
2025-12-12 15:15:26.659,CKKS,16384,40,8,657871,15.221,82233.875,192,438
2025-12-12 15:15:26.771,CKKS,16384,40,8,657102,9.086,82137.750,192,278
2025-12-12 15:15:26.833,CKKS,16384,40,8,657338,14.452,82167.250,192,454
2025-12-12 15:15:26.856,CKKS,16384,40,8,657265,10.266,82158.125,192,148
2025-12-12 15:15:26.898,CKKS,16384,40,8,657301,9.118,82162.625,192,197
2025-12-12 15:15:26.919,CKKS,16384,40,8,657420,14.445,82177.500,192,66
2025-12-12 15:15:26.928,CKKS,16384,40,8,658226,9.346,82278.250,192,33
2025-12-12 15:15:26.949,CKKS,16384,40,8,657202,13.214,82150.250,192,470
2025-12-12 15:15:26.966,CKKS,16384,40,8,657450,13.146,82181.250,192,262
2025-12-12 15:15:26.993,CKKS,16384,40,8,658110,13.565,82263.750,192,99
2025-12-12 15:15:27.105,CKKS,16384,40,8,658276,9.400,82284.500,192,486
2025-12-12 15:15:27.165,CKKS,16384,40,8,657201,9.414,82150.125,192,246
2025-12-12 15:15:27.227,CKKS,16384,40,8,658153,9.509,82269.125,192,181
2025-12-12 15:15:27.332,CKKS,16384,40,8,658101,9.190,82262.625,192,132
2025-12-12 15:15:27.383,CKKS,16384,40,8,657487,9.191,82185.875,192,359
2025-12-12 15:15:27.427,CKKS,16384,40,8,658188,9.353,82273.500,192,375
2025-12-12 15:15:27.442,CKKS,16384,40,8,658126,10.572,82265.750,192,50
2025-12-12 15:15:27.474,CKKS,16384,40,8,658227,9.417,82278.375,192,343
2025-12-12 15:15:27.485,CKKS,16384,40,8,657756,13.275,82219.500,192,17
2025-12-12 15:15:27.488,CKKS,16384,40,8,657375,14.720,82171.875,192,230
2025-12-12 15:15:27.505,CKKS,16384,40,8,657927,9.095,82240.875,192,83
2025-12-12 15:15:27.532,CKKS,16384,40,8,658203,9.075,82275.375,192,327
2025-12-12 15:15:27.558,CKKS,16384,40,8,657374,10.354,82171.750,192,391
2025-12-12 15:15:27.583,CKKS,16384,40,8,657472,9.107,82184.000,192,165
2025-12-12 15:15:27.618,CKKS,16384,40,8,658165,9.360,82270.625,192,311
2025-12-12 15:15:27.648,CKKS,16384,40,8,657448,10.782,82181.000,192,407
2025-12-12 15:15:27.736,CKKS,16384,40,8,657887,9.419,82235.875,192,423
2025-12-12 15:15:27.811,CKKS,16384,40,8,657137,9.408,82142.125,192,214
2025-12-12 15:15:27.854,CKKS,16384,40,8,657282,10.571,82160.250,192,116
2025-12-12 15:15:27.858,CKKS,16384,40,8,658124,11.691,82265.500,192,295
2025-12-12 15:15:27.866,CKKS,16384,40,8,657971,13.421,82246.375,192,439
2025-12-12 15:15:28.020,CKKS,16384,40,8,658141,9.440,82267.625,192,279
2025-12-12 15:15:28.030,CKKS,16384,40,8,657300,9.498,82162.500,192,455
2025-12-12 15:15:28.032,CKKS,16384,40,8,657402,10.282,82175.250,192,149
2025-12-12 15:15:28.089,CKKS,16384,40,8,656568,8.970,82071.000,192,34
2025-12-12 15:15:28.109,CKKS,16384,40,8,657332,8.949,82166.500,192,198
2025-12-12 15:15:28.131,CKKS,16384,40,8,657400,9.072,82175.000,192,67
2025-12-12 15:15:28.179,CKKS,16384,40,8,657343,8.853,82167.875,192,263
2025-12-12 15:15:28.195,CKKS,16384,40,8,657812,8.735,82226.500,192,471
2025-12-12 15:15:28.274,CKKS,16384,40,8,658174,9.277,82271.750,192,100
2025-12-12 15:15:28.292,CKKS,16384,40,8,658130,8.863,82266.250,192,1
2025-12-12 15:15:28.383,CKKS,16384,40,8,657988,9.113,82248.500,192,487
2025-12-12 15:15:28.398,CKKS,16384,40,8,657451,8.847,82181.375,192,247
2025-12-12 15:15:28.442,CKKS,16384,40,8,657356,9.538,82169.500,192,182
2025-12-12 15:15:28.484,CKKS,16384,40,8,657773,9.202,82221.625,192,133
2025-12-12 15:15:28.664,CKKS,16384,40,8,658314,9.302,82289.250,192,360
2025-12-12 15:15:28.682,CKKS,16384,40,8,657509,8.884,82188.625,192,51
2025-12-12 15:15:28.698,CKKS,16384,40,8,658130,8.831,82266.250,192,376
2025-12-12 15:15:28.706,CKKS,16384,40,8,657409,9.668,82176.125,192,231
2025-12-12 15:15:28.721,CKKS,16384,40,8,657397,9.017,82174.625,192,18
2025-12-12 15:15:28.750,CKKS,16384,40,8,657542,9.013,82192.750,192,344
2025-12-12 15:15:28.761,CKKS,16384,40,8,657345,11.925,82168.125,192,84
2025-12-12 15:15:28.797,CKKS,16384,40,8,657315,9.163,82164.375,192,328
2025-12-12 15:15:28.851,CKKS,16384,40,8,657444,10.983,82180.500,192,392
2025-12-12 15:15:28.858,CKKS,16384,40,8,657339,13.719,82167.375,192,166
2025-12-12 15:15:28.903,CKKS,16384,40,8,657339,11.705,82167.375,192,312
2025-12-12 15:15:28.914,CKKS,16384,40,8,657929,9.642,82241.125,192,408
2025-12-12 15:15:28.966,CKKS,16384,40,8,657878,9.490,82234.750,192,117
2025-12-12 15:15:29.003,CKKS,16384,40,8,657409,9.451,82176.125,192,424
2025-12-12 15:15:29.021,CKKS,16384,40,8,657371,9.312,82171.375,192,215
2025-12-12 15:15:29.065,CKKS,16384,40,8,657360,9.487,82170.000,192,296
2025-12-12 15:15:29.151,CKKS,16384,40,8,657884,9.728,82235.500,192,440
2025-12-12 15:15:29.199,CKKS,16384,40,8,657228,9.431,82153.500,192,280
2025-12-12 15:15:29.216,CKKS,16384,40,8,657335,9.254,82166.875,192,150
2025-12-12 15:15:29.270,CKKS,16384,40,8,657569,9.134,82196.125,192,456
2025-12-12 15:15:29.294,CKKS,16384,40,8,657738,9.027,82217.250,192,35
2025-12-12 15:15:29.318,CKKS,16384,40,8,658124,9.386,82265.500,192,68
2025-12-12 15:15:29.348,CKKS,16384,40,8,658186,9.083,82273.250,192,199
2025-12-12 15:15:29.349,CKKS,16384,40,8,658296,9.508,82287.000,192,2
2025-12-12 15:15:29.485,CKKS,16384,40,8,657906,9.477,82238.250,192,264
2025-12-12 15:15:29.489,CKKS,16384,40,8,657367,14.762,82170.875,192,472
2025-12-12 15:15:29.490,CKKS,16384,40,8,657768,14.933,82221.000,192,101
2025-12-12 15:15:29.625,CKKS,16384,40,8,658266,9.538,82283.250,192,248
2025-12-12 15:15:29.639,CKKS,16384,40,8,657982,9.075,82247.750,192,183
2025-12-12 15:15:29.661,CKKS,16384,40,8,658059,9.491,82257.375,192,488
2025-12-12 15:15:29.678,CKKS,16384,40,8,657628,8.794,82203.500,192,134
2025-12-12 15:15:29.859,CKKS,16384,40,8,657879,9.798,82234.875,192,52
2025-12-12 15:15:29.973,CKKS,16384,40,8,657275,9.116,82159.375,192,361
2025-12-12 15:15:29.999,CKKS,16384,40,8,658271,12.332,82283.875,192,232
2025-12-12 15:15:30.003,CKKS,16384,40,8,657399,10.218,82174.875,192,85
2025-12-12 15:15:30.003,CKKS,16384,40,8,657292,14.790,82161.500,192,19
2025-12-12 15:15:30.021,CKKS,16384,40,8,658320,9.123,82290.000,192,377
2025-12-12 15:15:30.024,CKKS,16384,40,8,657761,9.338,82220.125,192,329
2025-12-12 15:15:30.033,CKKS,16384,40,8,657383,12.975,82172.875,192,345
2025-12-12 15:15:30.039,CKKS,16384,40,8,658238,9.308,82279.750,192,167
2025-12-12 15:15:30.074,CKKS,16384,40,8,658281,9.076,82285.125,192,393
2025-12-12 15:15:30.134,CKKS,16384,40,8,657869,9.366,82233.625,192,313
2025-12-12 15:15:30.154,CKKS,16384,40,8,657194,8.907,82149.250,192,409
2025-12-12 15:15:30.171,CKKS,16384,40,8,657042,8.755,82130.250,192,118
2025-12-12 15:15:30.208,CKKS,16384,40,8,658103,9.503,82262.875,192,216
2025-12-12 15:15:30.246,CKKS,16384,40,8,658187,9.326,82273.375,192,425
2025-12-12 15:15:30.270,CKKS,16384,40,8,657523,8.848,82190.375,192,297
2025-12-12 15:15:30.400,CKKS,16384,40,8,657361,9.288,82170.125,192,441
2025-12-12 15:15:30.424,CKKS,16384,40,8,657882,9.234,82235.250,192,281
2025-12-12 15:15:30.458,CKKS,16384,40,8,658104,9.308,82263.000,192,151
2025-12-12 15:15:30.463,CKKS,16384,40,8,657351,9.500,82168.875,192,36
2025-12-12 15:15:30.550,CKKS,16384,40,8,657900,9.339,82237.500,192,457
2025-12-12 15:15:30.552,CKKS,16384,40,8,657768,9.261,82221.000,192,69
2025-12-12 15:15:30.642,CKKS,16384,40,8,657876,9.566,82234.500,192,3
2025-12-12 15:15:30.684,CKKS,16384,40,8,658195,11.969,82274.375,192,265
2025-12-12 15:15:30.698,CKKS,16384,40,8,658221,14.073,82277.625,192,102
2025-12-12 15:15:30.703,CKKS,16384,40,8,657558,13.133,82194.750,192,200
2025-12-12 15:15:30.741,CKKS,16384,40,8,657673,12.111,82209.125,192,473
2025-12-12 15:15:30.881,CKKS,16384,40,8,657385,9.545,82173.125,192,184
2025-12-12 15:15:30.896,CKKS,16384,40,8,657391,9.181,82173.875,192,249
2025-12-12 15:15:30.915,CKKS,16384,40,8,657371,9.343,82171.375,192,135
2025-12-12 15:15:30.923,CKKS,16384,40,8,657836,9.071,82229.500,192,489
2025-12-12 15:15:31.046,CKKS,16384,40,8,657842,9.371,82230.250,192,53
2025-12-12 15:15:31.086,CKKS,16384,40,8,658203,8.987,82275.375,192,20
2025-12-12 15:15:31.146,CKKS,16384,40,8,657417,9.296,82177.125,192,362
2025-12-12 15:15:31.157,CKKS,16384,40,8,655946,9.429,81993.250,192,233
2025-12-12 15:15:31.168,CKKS,16384,40,8,657361,9.079,82170.125,192,86
2025-12-12 15:15:31.228,CKKS,16384,40,8,657843,9.415,82230.375,192,346
2025-12-12 15:15:31.290,CKKS,16384,40,8,657652,9.375,82206.500,192,378
2025-12-12 15:15:31.317,CKKS,16384,40,8,657606,9.303,82200.750,192,330
2025-12-12 15:15:31.328,CKKS,16384,40,8,657819,11.465,82227.375,192,168
2025-12-12 15:15:31.370,CKKS,16384,40,8,657412,9.203,82176.500,192,394
2025-12-12 15:15:31.385,CKKS,16384,40,8,657352,9.187,82169.000,192,314
2025-12-12 15:15:31.401,CKKS,16384,40,8,658151,8.805,82268.875,192,119
2025-12-12 15:15:31.435,CKKS,16384,40,8,657495,9.187,82186.875,192,410
2025-12-12 15:15:31.465,CKKS,16384,40,8,658152,9.243,82269.000,192,217
2025-12-12 15:15:31.505,CKKS,16384,40,8,657260,9.330,82157.500,192,426
2025-12-12 15:15:31.546,CKKS,16384,40,8,657352,9.395,82169.000,192,298
2025-12-12 15:15:31.656,CKKS,16384,40,8,658011,9.307,82251.375,192,442
2025-12-12 15:15:31.691,CKKS,16384,40,8,657920,10.015,82240.000,192,282
2025-12-12 15:15:31.709,CKKS,16384,40,8,657436,10.159,82179.500,192,152
2025-12-12 15:15:31.802,CKKS,16384,40,8,658193,9.034,82274.125,192,37
2025-12-12 15:15:31.817,CKKS,16384,40,8,657835,9.282,82229.375,192,458
2025-12-12 15:15:31.818,CKKS,16384,40,8,657675,9.208,82209.375,192,70
2025-12-12 15:15:31.851,CKKS,16384,40,8,657422,13.451,82177.750,192,201
2025-12-12 15:15:31.871,CKKS,16384,40,8,657464,9.030,82183.000,192,4
2025-12-12 15:15:31.942,CKKS,16384,40,8,657109,9.535,82138.625,192,103
2025-12-12 15:15:32.007,CKKS,16384,40,8,657325,10.152,82165.625,192,266
2025-12-12 15:15:32.023,CKKS,16384,40,8,657303,9.468,82162.875,192,474
2025-12-12 15:15:32.120,CKKS,16384,40,8,658238,9.226,82279.750,192,250
2025-12-12 15:15:32.134,CKKS,16384,40,8,658428,10.695,82303.500,192,185
2025-12-12 15:15:32.164,CKKS,16384,40,8,658363,10.168,82295.375,192,136
2025-12-12 15:15:32.181,CKKS,16384,40,8,657325,8.950,82165.625,192,490
2025-12-12 15:15:32.332,CKKS,16384,40,8,657329,11.322,82166.125,192,54
2025-12-12 15:15:32.352,CKKS,16384,40,8,658207,15.970,82275.875,192,21
2025-12-12 15:15:32.356,CKKS,16384,40,8,657087,14.641,82135.875,192,363
2025-12-12 15:15:32.388,CKKS,16384,40,8,657953,9.114,82244.125,192,234
2025-12-12 15:15:32.420,CKKS,16384,40,8,657335,9.654,82166.875,192,87
2025-12-12 15:15:32.423,CKKS,16384,40,8,657492,13.216,82186.500,192,347
2025-12-12 15:15:32.456,CKKS,16384,40,8,658089,14.664,82261.125,192,379
2025-12-12 15:15:32.501,CKKS,16384,40,8,657456,12.487,82182.000,192,169
2025-12-12 15:15:32.514,CKKS,16384,40,8,658284,9.536,82285.500,192,331
2025-12-12 15:15:32.602,CKKS,16384,40,8,657974,9.040,82246.750,192,395
2025-12-12 15:15:32.623,CKKS,16384,40,8,658015,9.232,82251.875,192,315
2025-12-12 15:15:32.645,CKKS,16384,40,8,658169,9.169,82271.125,192,120
2025-12-12 15:15:32.662,CKKS,16384,40,8,657678,8.926,82209.750,192,218
2025-12-12 15:15:32.688,CKKS,16384,40,8,658023,8.797,82252.875,192,411
2025-12-12 15:15:32.750,CKKS,16384,40,8,658259,9.446,82282.375,192,427
2025-12-12 15:15:32.762,CKKS,16384,40,8,657915,9.325,82239.375,192,299
2025-12-12 15:15:32.952,CKKS,16384,40,8,658177,9.516,82272.125,192,443
2025-12-12 15:15:32.964,CKKS,16384,40,8,657471,9.421,82183.875,192,283
2025-12-12 15:15:32.987,CKKS,16384,40,8,658191,9.097,82273.875,192,153
2025-12-12 15:15:33.000,CKKS,16384,40,8,657247,10.241,82155.875,192,38
2025-12-12 15:15:33.016,CKKS,16384,40,8,658278,10.216,82284.750,192,71
2025-12-12 15:15:33.047,CKKS,16384,40,8,657320,12.758,82165.000,192,202
2025-12-12 15:15:33.051,CKKS,16384,40,8,658058,14.849,82257.250,192,5
2025-12-12 15:15:33.060,CKKS,16384,40,8,658250,9.514,82281.250,192,459
2025-12-12 15:15:33.080,CKKS,16384,40,8,658158,8.909,82269.750,192,104
2025-12-12 15:15:33.114,CKKS,16384,40,8,657260,9.148,82157.500,192,267
2025-12-12 15:15:33.244,CKKS,16384,40,8,658197,9.723,82274.625,192,475
2025-12-12 15:15:33.447,CKKS,16384,40,8,657363,9.364,82170.375,192,186
2025-12-12 15:15:33.464,CKKS,16384,40,8,657431,14.633,82178.875,192,251
2025-12-12 15:15:33.464,CKKS,16384,40,8,658214,10.234,82276.750,192,491
2025-12-12 15:15:33.469,CKKS,16384,40,8,657339,15.052,82167.375,192,137
2025-12-12 15:15:33.546,CKKS,16384,40,8,657649,9.360,82206.125,192,55
2025-12-12 15:15:33.558,CKKS,16384,40,8,658158,9.226,82269.750,192,22
2025-12-12 15:15:33.634,CKKS,16384,40,8,658050,9.222,82256.250,192,235
2025-12-12 15:15:33.650,CKKS,16384,40,8,657339,8.749,82167.375,192,364
2025-12-12 15:15:33.662,CKKS,16384,40,8,658196,9.219,82274.500,192,88
2025-12-12 15:15:33.680,CKKS,16384,40,8,658065,8.832,82258.125,192,348
2025-12-12 15:15:33.740,CKKS,16384,40,8,658214,9.397,82276.750,192,380
2025-12-12 15:15:33.751,CKKS,16384,40,8,657238,9.333,82154.750,192,170
2025-12-12 15:15:33.761,CKKS,16384,40,8,657294,11.458,82161.750,192,332
2025-12-12 15:15:33.829,CKKS,16384,40,8,658289,9.287,82286.125,192,121
2025-12-12 15:15:33.853,CKKS,16384,40,8,657872,9.137,82234.000,192,396
2025-12-12 15:15:33.870,CKKS,16384,40,8,657843,9.176,82230.375,192,316
2025-12-12 15:15:34.265,CKKS,16384,40,8,658282,9.233,82285.250,192,219
2025-12-12 15:15:34.290,CKKS,16384,40,8,658297,9.002,82287.125,192,412
2025-12-12 15:15:34.302,CKKS,16384,40,8,656768,9.227,82096.000,192,300
2025-12-12 15:15:34.319,CKKS,16384,40,8,657023,9.168,82127.875,192,105
2025-12-12 15:15:34.325,CKKS,16384,40,8,657727,9.239,82215.875,192,72
2025-12-12 15:15:34.338,CKKS,16384,40,8,657641,10.440,82205.125,192,444
2025-12-12 15:15:34.346,CKKS,16384,40,8,656887,9.277,82110.875,192,428
2025-12-12 15:15:34.410,CKKS,16384,40,8,657703,15.565,82212.875,192,460
2025-12-12 15:15:34.411,CKKS,16384,40,8,658250,12.152,82281.250,192,284
2025-12-12 15:15:34.416,CKKS,16384,40,8,657256,17.431,82157.000,192,268
2025-12-12 15:15:34.418,CKKS,16384,40,8,657254,23.303,82156.750,192,39
2025-12-12 15:15:34.426,CKKS,16384,40,8,657690,23.630,82211.250,192,203
2025-12-12 15:15:34.426,CKKS,16384,40,8,657249,24.947,82156.125,192,154
2025-12-12 15:15:34.428,CKKS,16384,40,8,658156,21.642,82269.500,192,6
2025-12-12 15:15:34.497,CKKS,16384,40,8,658117,9.045,82264.625,192,476
2025-12-12 15:15:34.552,CKKS,16384,40,8,658273,9.401,82284.125,192,187
2025-12-12 15:15:34.587,CKKS,16384,40,8,658144,9.018,82268.000,192,138
2025-12-12 15:15:34.604,CKKS,16384,40,8,658171,9.000,82271.375,192,252
2025-12-12 15:15:34.719,CKKS,16384,40,8,657896,9.269,82237.000,192,56
2025-12-12 15:15:34.730,CKKS,16384,40,8,657472,11.839,82184.000,192,492
2025-12-12 15:15:34.734,CKKS,16384,40,8,658191,9.327,82273.875,192,23
2025-12-12 15:15:34.786,CKKS,16384,40,8,658064,9.262,82258.000,192,89
2025-12-12 15:15:34.800,CKKS,16384,40,8,658045,9.905,82255.625,192,236
2025-12-12 15:15:34.909,CKKS,16384,40,8,658185,9.190,82273.125,192,365
2025-12-12 15:15:34.911,CKKS,16384,40,8,658174,9.310,82271.750,192,349
2025-12-12 15:15:34.979,CKKS,16384,40,8,657901,9.315,82237.625,192,171
2025-12-12 15:15:34.994,CKKS,16384,40,8,657783,9.150,82222.875,192,333
2025-12-12 15:15:35.000,CKKS,16384,40,8,657356,9.509,82169.500,192,381
2025-12-12 15:15:35.083,CKKS,16384,40,8,658284,9.493,82285.500,192,122
2025-12-12 15:15:35.134,CKKS,16384,40,8,657782,15.794,82222.750,192,397
2025-12-12 15:15:35.135,CKKS,16384,40,8,657371,15.758,82171.375,192,317
2025-12-12 15:15:35.145,CKKS,16384,40,8,657862,9.573,82232.750,192,220
2025-12-12 15:15:35.209,CKKS,16384,40,8,658121,9.138,82265.125,192,413
2025-12-12 15:15:35.239,CKKS,16384,40,8,658111,8.808,82263.875,192,301
2025-12-12 15:15:35.280,CKKS,16384,40,8,656914,9.088,82114.250,192,429
2025-12-12 15:15:35.341,CKKS,16384,40,8,658130,9.147,82266.250,192,40
2025-12-12 15:15:35.425,CKKS,16384,40,8,657965,9.415,82245.625,192,445
2025-12-12 15:15:35.471,CKKS,16384,40,8,657366,9.235,82170.750,192,7
2025-12-12 15:15:35.483,CKKS,16384,40,8,658043,9.072,82255.375,192,155
2025-12-12 15:15:35.510,CKKS,16384,40,8,657330,8.987,82166.250,192,285
2025-12-12 15:15:35.548,CKKS,16384,40,8,657342,11.400,82167.750,192,204
2025-12-12 15:15:35.554,CKKS,16384,40,8,657914,14.619,82239.250,192,73
2025-12-12 15:15:35.560,CKKS,16384,40,8,657363,10.054,82170.375,192,106
2025-12-12 15:15:35.570,CKKS,16384,40,8,657826,12.625,82228.250,192,461
2025-12-12 15:15:35.583,CKKS,16384,40,8,658304,9.851,82288.000,192,269
2025-12-12 15:15:35.762,CKKS,16384,40,8,657738,11.272,82217.250,192,477
2025-12-12 15:15:35.779,CKKS,16384,40,8,657451,8.831,82181.375,192,188
2025-12-12 15:15:35.849,CKKS,16384,40,8,657829,9.642,82228.625,192,139
2025-12-12 15:15:35.867,CKKS,16384,40,8,658137,13.399,82267.125,192,253
2025-12-12 15:15:36.012,CKKS,16384,40,8,658217,9.406,82277.125,192,24
2025-12-12 15:15:36.022,CKKS,16384,40,8,657398,11.649,82174.750,192,57
2025-12-12 15:15:36.039,CKKS,16384,40,8,658148,8.909,82268.500,192,90
2025-12-12 15:15:36.053,CKKS,16384,40,8,657913,9.313,82239.125,192,493
2025-12-12 15:15:36.069,CKKS,16384,40,8,657780,10.003,82222.500,192,237
2025-12-12 15:15:36.156,CKKS,16384,40,8,657919,14.167,82239.875,192,366
2025-12-12 15:15:36.157,CKKS,16384,40,8,657324,14.685,82165.500,192,350
2025-12-12 15:15:36.208,CKKS,16384,40,8,658102,13.105,82262.750,192,172
2025-12-12 15:15:36.240,CKKS,16384,40,8,658213,9.281,82276.625,192,382
2025-12-12 15:15:36.274,CKKS,16384,40,8,658205,12.872,82275.625,192,334
2025-12-12 15:15:36.321,CKKS,16384,40,8,657630,9.311,82203.750,192,123
2025-12-12 15:15:36.384,CKKS,16384,40,8,657964,15.328,82245.500,192,398
2025-12-12 15:15:36.384,CKKS,16384,40,8,657736,15.509,82217.000,192,318
2025-12-12 15:15:36.388,CKKS,16384,40,8,658101,13.388,82262.625,192,221
2025-12-12 15:15:36.463,CKKS,16384,40,8,657954,10.048,82244.250,192,414
2025-12-12 15:15:36.485,CKKS,16384,40,8,657947,8.963,82243.375,192,302
2025-12-12 15:15:36.528,CKKS,16384,40,8,657810,13.175,82226.250,192,41
2025-12-12 15:15:36.557,CKKS,16384,40,8,657410,10.449,82176.250,192,430
2025-12-12 15:15:36.605,CKKS,16384,40,8,657381,11.623,82172.625,192,74
2025-12-12 15:15:36.658,CKKS,16384,40,8,657270,9.194,82158.750,192,156
2025-12-12 15:15:36.681,CKKS,16384,40,8,658023,8.848,82252.875,192,8
2025-12-12 15:15:36.689,CKKS,16384,40,8,657350,12.426,82168.750,192,286
2025-12-12 15:15:36.710,CKKS,16384,40,8,658092,9.142,82261.500,192,446
2025-12-12 15:15:36.720,CKKS,16384,40,8,658202,12.767,82275.250,192,205
2025-12-12 15:15:36.765,CKKS,16384,40,8,658128,13.169,82266.000,192,107
2025-12-12 15:15:36.834,CKKS,16384,40,8,657349,9.434,82168.625,192,462
2025-12-12 15:15:36.859,CKKS,16384,40,8,658263,9.023,82282.875,192,270
2025-12-12 15:15:37.016,CKKS,16384,40,8,658184,9.522,82273.000,192,478
2025-12-12 15:15:37.122,CKKS,16384,40,8,657806,14.614,82225.750,192,189
2025-12-12 15:15:37.130,CKKS,16384,40,8,658267,16.978,82283.375,192,140
2025-12-12 15:15:37.139,CKKS,16384,40,8,658160,20.692,82270.000,192,254
2025-12-12 15:15:37.158,CKKS,16384,40,8,657741,15.692,82217.625,192,58
2025-12-12 15:15:37.162,CKKS,16384,40,8,657795,15.079,82224.375,192,25
2025-12-12 15:15:37.252,CKKS,16384,40,8,658154,10.218,82269.250,192,91
2025-12-12 15:15:37.298,CKKS,16384,40,8,657644,13.762,82205.500,192,494
2025-12-12 15:15:37.307,CKKS,16384,40,8,658114,17.111,82264.250,192,238
2025-12-12 15:15:37.419,CKKS,16384,40,8,658266,21.177,82283.250,192,367
2025-12-12 15:15:37.421,CKKS,16384,40,8,658267,28.950,82283.375,192,351
2025-12-12 15:15:37.434,CKKS,16384,40,8,657792,29.185,82224.000,192,173
2025-12-12 15:15:37.480,CKKS,16384,40,8,658025,10.204,82253.125,192,335
2025-12-12 15:15:37.504,CKKS,16384,40,8,657558,15.440,82194.750,192,124
2025-12-12 15:15:37.505,CKKS,16384,40,8,658398,15.576,82299.750,192,383
2025-12-12 15:15:37.562,CKKS,16384,40,8,656031,13.005,82003.875,192,319
2025-12-12 15:15:37.587,CKKS,16384,40,8,657606,9.040,82200.750,192,222
2025-12-12 15:15:37.612,CKKS,16384,40,8,658095,8.921,82261.875,192,399
2025-12-12 15:15:37.707,CKKS,16384,40,8,657022,13.246,82127.750,192,303
2025-12-12 15:15:37.733,CKKS,16384,40,8,658051,20.216,82256.375,192,415
2025-12-12 15:15:37.749,CKKS,16384,40,8,658044,18.483,82255.500,192,42
2025-12-12 15:15:37.781,CKKS,16384,40,8,657902,11.071,82237.750,192,431
2025-12-12 15:15:37.822,CKKS,16384,40,8,657327,13.261,82165.875,192,157
2025-12-12 15:15:37.900,CKKS,16384,40,8,658204,9.575,82275.500,192,9
2025-12-12 15:15:37.921,CKKS,16384,40,8,657286,9.081,82160.750,192,75
2025-12-12 15:15:38.019,CKKS,16384,40,8,657694,14.178,82211.750,192,447
2025-12-12 15:15:38.029,CKKS,16384,40,8,657359,13.761,82169.875,192,287
2025-12-12 15:15:38.037,CKKS,16384,40,8,658185,27.820,82273.125,192,108
2025-12-12 15:15:38.039,CKKS,16384,40,8,657425,17.735,82178.125,192,206
2025-12-12 15:15:38.108,CKKS,16384,40,8,657829,10.669,82228.625,192,271
2025-12-12 15:15:38.113,CKKS,16384,40,8,658366,13.944,82295.750,192,463
2025-12-12 15:15:38.298,CKKS,16384,40,8,658156,13.013,82269.500,192,479
2025-12-12 15:15:38.302,CKKS,16384,40,8,658072,9.676,82259.000,192,190
2025-12-12 15:15:38.354,CKKS,16384,40,8,658212,9.677,82276.500,192,141
2025-12-12 15:15:38.355,CKKS,16384,40,8,657545,13.048,82193.125,192,255
2025-12-12 15:15:38.447,CKKS,16384,40,8,657348,9.250,82168.500,192,59
2025-12-12 15:15:38.491,CKKS,16384,40,8,658207,9.467,82275.875,192,26
2025-12-12 15:15:38.534,CKKS,16384,40,8,657348,9.625,82168.500,192,92
2025-12-12 15:15:38.560,CKKS,16384,40,8,657577,12.942,82197.125,192,239
2025-12-12 15:15:38.578,CKKS,16384,40,8,657623,9.179,82202.875,192,495
2025-12-12 15:15:38.666,CKKS,16384,40,8,657441,9.400,82180.125,192,174
2025-12-12 15:15:38.669,CKKS,16384,40,8,658128,13.116,82266.000,192,368
2025-12-12 15:15:38.686,CKKS,16384,40,8,658212,8.829,82276.500,192,352
2025-12-12 15:15:38.776,CKKS,16384,40,8,657822,10.414,82227.750,192,336
2025-12-12 15:15:38.787,CKKS,16384,40,8,658070,13.040,82258.750,192,384
2025-12-12 15:15:38.796,CKKS,16384,40,8,658027,13.079,82253.375,192,125
2025-12-12 15:15:38.817,CKKS,16384,40,8,657453,9.130,82181.625,192,320
2025-12-12 15:15:38.861,CKKS,16384,40,8,657986,12.915,82248.250,192,223
2025-12-12 15:15:38.873,CKKS,16384,40,8,658159,9.855,82269.875,192,400
2025-12-12 15:15:38.988,CKKS,16384,40,8,657392,9.442,82174.000,192,416
2025-12-12 15:15:39.022,CKKS,16384,40,8,658054,12.048,82256.750,192,43
2025-12-12 15:15:39.027,CKKS,16384,40,8,657334,14.917,82166.750,192,304
2025-12-12 15:15:39.048,CKKS,16384,40,8,657926,13.241,82240.750,192,432
2025-12-12 15:15:39.093,CKKS,16384,40,8,657212,13.726,82151.500,192,158
2025-12-12 15:15:39.096,CKKS,16384,40,8,657975,14.855,82246.875,192,76
2025-12-12 15:15:39.105,CKKS,16384,40,8,657322,13.241,82165.250,192,10
2025-12-12 15:15:39.142,CKKS,16384,40,8,657630,13.426,82203.750,192,288
2025-12-12 15:15:39.168,CKKS,16384,40,8,657663,9.356,82207.875,192,207
2025-12-12 15:15:39.209,CKKS,16384,40,8,657924,9.595,82240.500,192,109
2025-12-12 15:15:39.220,CKKS,16384,40,8,658250,11.797,82281.250,192,448
2025-12-12 15:15:39.315,CKKS,16384,40,8,657850,9.413,82231.250,192,272
2025-12-12 15:15:39.339,CKKS,16384,40,8,658267,9.310,82283.375,192,464
2025-12-12 15:15:39.517,CKKS,16384,40,8,657914,13.207,82239.250,192,191
2025-12-12 15:15:39.546,CKKS,16384,40,8,658077,13.315,82259.625,192,256
2025-12-12 15:15:39.553,CKKS,16384,40,8,657423,14.768,82177.875,192,480
2025-12-12 15:15:39.556,CKKS,16384,40,8,658295,16.099,82286.875,192,142
2025-12-12 15:15:39.598,CKKS,16384,40,8,657351,10.492,82168.875,192,60
2025-12-12 15:15:39.607,CKKS,16384,40,8,657852,13.210,82231.500,192,27
2025-12-12 15:15:39.673,CKKS,16384,40,8,657974,13.359,82246.750,192,93
2025-12-12 15:15:39.799,CKKS,16384,40,8,657323,13.140,82165.375,192,240
2025-12-12 15:15:39.838,CKKS,16384,40,8,658195,9.689,82274.375,192,496
2025-12-12 15:15:39.908,CKKS,16384,40,8,658070,9.301,82258.750,192,369
2025-12-12 15:15:39.915,CKKS,16384,40,8,657387,13.142,82173.375,192,175
2025-12-12 15:15:40.008,CKKS,16384,40,8,657680,14.144,82210.000,192,385
2025-12-12 15:15:40.022,CKKS,16384,40,8,657329,15.105,82166.125,192,353
2025-12-12 15:15:40.024,CKKS,16384,40,8,658056,14.743,82257.000,192,126
2025-12-12 15:15:40.041,CKKS,16384,40,8,657402,13.014,82175.250,192,337
2025-12-12 15:15:40.058,CKKS,16384,40,8,657434,9.048,82179.250,192,224
2025-12-12 15:15:40.060,CKKS,16384,40,8,658233,13.143,82279.125,192,321
2025-12-12 15:15:40.103,CKKS,16384,40,8,658039,9.077,82254.875,192,401
2025-12-12 15:15:40.176,CKKS,16384,40,8,657682,13.368,82210.250,192,305
2025-12-12 15:15:40.216,CKKS,16384,40,8,658137,12.992,82267.125,192,417
2025-12-12 15:15:40.288,CKKS,16384,40,8,657371,9.202,82171.375,192,433
2025-12-12 15:15:40.334,CKKS,16384,40,8,658267,13.597,82283.375,192,44
2025-12-12 15:15:40.340,CKKS,16384,40,8,657344,14.781,82168.000,192,11
2025-12-12 15:15:40.349,CKKS,16384,40,8,658162,14.163,82270.250,192,77
2025-12-12 15:15:40.351,CKKS,16384,40,8,658039,13.891,82254.875,192,159
2025-12-12 15:15:40.375,CKKS,16384,40,8,658054,9.315,82256.750,192,289
2025-12-12 15:15:40.391,CKKS,16384,40,8,658101,8.894,82262.625,192,208
2025-12-12 15:15:40.406,CKKS,16384,40,8,657499,8.988,82187.375,192,110
2025-12-12 15:15:40.475,CKKS,16384,40,8,658145,9.675,82268.125,192,449
2025-12-12 15:15:40.549,CKKS,16384,40,8,657342,10.270,82167.750,192,273
2025-12-12 15:15:40.647,CKKS,16384,40,8,658127,13.292,82265.875,192,465
2025-12-12 15:15:40.726,CKKS,16384,40,8,658141,9.498,82267.625,192,143
2025-12-12 15:15:40.752,CKKS,16384,40,8,657921,13.225,82240.125,192,192
2025-12-12 15:15:40.787,CKKS,16384,40,8,657906,13.062,82238.250,192,257
2025-12-12 15:15:40.813,CKKS,16384,40,8,657412,9.633,82176.500,192,61
2025-12-12 15:15:40.814,CKKS,16384,40,8,657179,13.099,82147.375,192,28
2025-12-12 15:15:40.821,CKKS,16384,40,8,657267,13.072,82158.375,192,481
2025-12-12 15:15:40.880,CKKS,16384,40,8,657295,9.754,82161.875,192,94
2025-12-12 15:15:41.010,CKKS,16384,40,8,657430,12.652,82178.750,192,241
2025-12-12 15:15:41.102,CKKS,16384,40,8,658004,9.318,82250.500,192,497
2025-12-12 15:15:41.104,CKKS,16384,40,8,658088,13.813,82261.000,192,176
2025-12-12 15:15:41.177,CKKS,16384,40,8,658167,13.062,82270.875,192,127
2025-12-12 15:15:41.191,CKKS,16384,40,8,657599,14.399,82199.875,192,354
2025-12-12 15:15:41.195,CKKS,16384,40,8,657828,19.553,82228.500,192,370
2025-12-12 15:15:41.218,CKKS,16384,40,8,657373,9.127,82171.625,192,338
2025-12-12 15:15:41.243,CKKS,16384,40,8,655992,9.570,81999.000,192,386
2025-12-12 15:15:41.342,CKKS,16384,40,8,657567,13.116,82195.875,192,225
2025-12-12 15:15:41.349,CKKS,16384,40,8,657936,9.576,82242.000,192,322
2025-12-12 15:15:41.390,CKKS,16384,40,8,658126,8.980,82265.750,192,45
2025-12-12 15:15:41.405,CKKS,16384,40,8,657800,13.037,82225.000,192,402
2025-12-12 15:15:41.454,CKKS,16384,40,8,657461,9.288,82182.625,192,306
2025-12-12 15:15:41.469,CKKS,16384,40,8,658056,9.274,82257.000,192,418
2025-12-12 15:15:41.502,CKKS,16384,40,8,657825,9.079,82228.125,192,12
2025-12-12 15:15:41.578,CKKS,16384,40,8,657429,12.307,82178.625,192,160
2025-12-12 15:15:41.584,CKKS,16384,40,8,658099,14.484,82262.375,192,434
2025-12-12 15:15:41.588,CKKS,16384,40,8,658200,13.098,82275.000,192,78
2025-12-12 15:15:41.618,CKKS,16384,40,8,657292,9.157,82161.500,192,290
2025-12-12 15:15:41.651,CKKS,16384,40,8,657954,12.933,82244.250,192,111
2025-12-12 15:15:41.663,CKKS,16384,40,8,658049,9.187,82256.125,192,209
2025-12-12 15:15:41.726,CKKS,16384,40,8,657407,9.367,82175.875,192,450
2025-12-12 15:15:41.797,CKKS,16384,40,8,658010,9.358,82251.250,192,274
2025-12-12 15:15:41.869,CKKS,16384,40,8,657659,9.252,82207.375,192,466
2025-12-12 15:15:42.010,CKKS,16384,40,8,658097,9.497,82262.125,192,258
2025-12-12 15:15:42.017,CKKS,16384,40,8,658198,13.180,82274.750,192,193
2025-12-12 15:15:42.020,CKKS,16384,40,8,657755,13.023,82219.375,192,144
2025-12-12 15:15:42.058,CKKS,16384,40,8,657573,9.580,82196.625,192,482
2025-12-12 15:15:42.078,CKKS,16384,40,8,658277,9.475,82284.625,192,62
2025-12-12 15:15:42.085,CKKS,16384,40,8,658055,12.972,82256.875,192,29
2025-12-12 15:15:42.129,CKKS,16384,40,8,658129,9.047,82266.125,192,95
2025-12-12 15:15:42.316,CKKS,16384,40,8,657324,13.070,82165.500,192,242
2025-12-12 15:15:42.329,CKKS,16384,40,8,658136,9.666,82267.000,192,177
2025-12-12 15:15:42.361,CKKS,16384,40,8,657584,13.134,82198.000,192,498
2025-12-12 15:15:42.361,CKKS,16384,40,8,657834,9.402,82229.250,192,371
2025-12-12 15:15:42.411,CKKS,16384,40,8,658272,9.252,82284.000,192,355
2025-12-12 15:15:42.417,CKKS,16384,40,8,658318,12.990,82289.750,192,128
2025-12-12 15:15:42.460,CKKS,16384,40,8,658262,9.744,82282.750,192,339
2025-12-12 15:15:42.511,CKKS,16384,40,8,658029,12.317,82253.625,192,387
2025-12-12 15:15:42.540,CKKS,16384,40,8,657797,9.176,82224.625,192,226
2025-12-12 15:15:42.555,CKKS,16384,40,8,657281,13.095,82160.125,192,323
2025-12-12 15:15:42.602,CKKS,16384,40,8,657127,12.927,82140.875,192,46
2025-12-12 15:15:42.669,CKKS,16384,40,8,657372,9.419,82171.500,192,403
2025-12-12 15:15:42.756,CKKS,16384,40,8,657333,13.066,82166.625,192,79
2025-12-12 15:15:42.768,CKKS,16384,40,8,657376,17.801,82172.000,192,419
2025-12-12 15:15:42.783,CKKS,16384,40,8,658157,19.070,82269.625,192,13
2025-12-12 15:15:42.785,CKKS,16384,40,8,657760,15.742,82220.000,192,307
2025-12-12 15:15:42.794,CKKS,16384,40,8,657900,15.403,82237.500,192,161
2025-12-12 15:15:42.828,CKKS,16384,40,8,658266,12.830,82283.250,192,435
2025-12-12 15:15:42.850,CKKS,16384,40,8,656984,13.264,82123.000,192,291
2025-12-12 15:15:42.941,CKKS,16384,40,8,658173,15.283,82271.625,192,210
2025-12-12 15:15:42.942,CKKS,16384,40,8,657265,16.003,82158.125,192,112
2025-12-12 15:15:43.036,CKKS,16384,40,8,656349,13.258,82043.625,192,451
2025-12-12 15:15:43.098,CKKS,16384,40,8,657360,13.193,82170.000,192,275
2025-12-12 15:15:43.140,CKKS,16384,40,8,657277,9.863,82159.625,192,467
2025-12-12 15:15:43.152,CKKS,16384,40,8,657209,13.160,82151.125,192,145
2025-12-12 15:15:43.184,CKKS,16384,40,8,657960,13.236,82245.000,192,194
2025-12-12 15:15:43.239,CKKS,16384,40,8,657246,9.477,82155.750,192,259
2025-12-12 15:15:43.328,CKKS,16384,40,8,657422,13.311,82177.750,192,63
2025-12-12 15:15:43.342,CKKS,16384,40,8,657512,12.607,82189.000,192,483
2025-12-12 15:15:43.348,CKKS,16384,40,8,657414,14.636,82176.750,192,30
2025-12-12 15:15:43.371,CKKS,16384,40,8,657528,13.204,82191.000,192,96
2025-12-12 15:15:43.515,CKKS,16384,40,8,658333,13.200,82291.625,192,243
2025-12-12 15:15:43.544,CKKS,16384,40,8,657812,9.502,82226.500,192,178
2025-12-12 15:15:43.624,CKKS,16384,40,8,657989,13.009,82248.625,192,129
2025-12-12 15:15:43.648,CKKS,16384,40,8,658168,13.341,82271.000,192,499
2025-12-12 15:15:43.665,CKKS,16384,40,8,658173,14.923,82271.625,192,356
2025-12-12 15:15:43.692,CKKS,16384,40,8,657321,14.085,82165.125,192,372
2025-12-12 15:15:43.713,CKKS,16384,40,8,657454,14.362,82181.750,192,340
2025-12-12 15:15:43.765,CKKS,16384,40,8,657833,12.958,82229.125,192,227
2025-12-12 15:15:43.777,CKKS,16384,40,8,657421,9.623,82177.625,192,324
2025-12-12 15:15:43.801,CKKS,16384,40,8,656010,9.105,82001.250,192,388
2025-12-12 15:15:43.830,CKKS,16384,40,8,658133,12.995,82266.625,192,47
2025-12-12 15:15:43.966,CKKS,16384,40,8,657852,9.581,82231.500,192,404
2025-12-12 15:15:43.994,CKKS,16384,40,8,657316,10.530,82164.500,192,80
2025-12-12 15:15:44.010,CKKS,16384,40,8,657773,13.122,82221.625,192,308
2025-12-12 15:15:44.016,CKKS,16384,40,8,657909,14.457,82238.625,192,162
2025-12-12 15:15:44.017,CKKS,16384,40,8,657364,14.877,82170.500,192,420
2025-12-12 15:15:44.034,CKKS,16384,40,8,658105,13.605,82263.125,192,14
2025-12-12 15:15:44.056,CKKS,16384,40,8,658146,9.156,82268.250,192,113
2025-12-12 15:15:44.077,CKKS,16384,40,8,657236,9.334,82154.500,192,436
2025-12-12 15:15:44.099,CKKS,16384,40,8,658174,9.226,82271.750,192,292
2025-12-12 15:15:44.109,CKKS,16384,40,8,658154,12.680,82269.250,192,211
2025-12-12 15:15:44.306,CKKS,16384,40,8,657466,13.076,82183.250,192,452
2025-12-12 15:15:44.319,CKKS,16384,40,8,657243,9.138,82155.375,192,276
2025-12-12 15:15:44.376,CKKS,16384,40,8,657708,13.336,82213.500,192,146
2025-12-12 15:15:44.389,CKKS,16384,40,8,658199,9.063,82274.875,192,195
2025-12-12 15:15:44.419,CKKS,16384,40,8,657387,12.920,82173.375,192,468
2025-12-12 15:15:44.466,CKKS,16384,40,8,658258,12.981,82282.250,192,31
2025-12-12 15:15:44.494,CKKS,16384,40,8,658290,9.311,82286.250,192,64
2025-12-12 15:15:44.498,CKKS,16384,40,8,658119,12.963,82264.875,192,260
2025-12-12 15:15:44.554,CKKS,16384,40,8,657414,9.513,82176.750,192,97
2025-12-12 15:15:44.571,CKKS,16384,40,8,656782,9.284,82097.750,192,484
2025-12-12 15:15:44.790,CKKS,16384,40,8,657215,9.044,82151.875,192,244
2025-12-12 15:15:44.800,CKKS,16384,40,8,658192,11.536,82274.000,192,179
2025-12-12 15:15:44.845,CKKS,16384,40,8,657416,9.396,82177.000,192,130
2025-12-12 15:15:44.886,CKKS,16384,40,8,657414,9.080,82176.750,192,500
2025-12-12 15:15:44.956,CKKS,16384,40,8,658205,9.474,82275.625,192,357
2025-12-12 15:15:45.036,CKKS,16384,40,8,658240,9.402,82280.000,192,373
2025-12-12 15:15:45.061,CKKS,16384,40,8,657254,11.822,82156.750,192,341
2025-12-12 15:15:45.072,CKKS,16384,40,8,658214,13.309,82276.750,192,228
2025-12-12 15:15:45.073,CKKS,16384,40,8,657345,13.128,82168.125,192,48
2025-12-12 15:15:45.095,CKKS,16384,40,8,657461,8.873,82182.625,192,325
2025-12-12 15:15:45.113,CKKS,16384,40,8,658260,8.935,82282.500,192,15
2025-12-12 15:15:45.162,CKKS,16384,40,8,657005,10.445,82125.625,192,389
2025-12-12 15:15:45.170,CKKS,16384,40,8,658190,13.615,82273.750,192,81
2025-12-12 15:15:45.173,CKKS,16384,40,8,657432,12.701,82179.000,192,309
2025-12-12 15:15:45.193,CKKS,16384,40,8,657743,9.103,82217.875,192,163
2025-12-12 15:15:45.200,CKKS,16384,40,8,658343,12.707,82292.875,192,405
2025-12-12 15:15:45.249,CKKS,16384,40,8,657501,9.497,82187.625,192,421
2025-12-12 15:15:45.305,CKKS,16384,40,8,657806,9.298,82225.750,192,114
2025-12-12 15:15:45.357,CKKS,16384,40,8,658095,13.030,82261.875,192,293
2025-12-12 15:15:45.380,CKKS,16384,40,8,657637,16.071,82204.625,192,212
2025-12-12 15:15:45.381,CKKS,16384,40,8,658042,16.338,82255.250,192,437
2025-12-12 15:15:45.537,CKKS,16384,40,8,657703,9.761,82212.875,192,453
2025-12-12 15:15:45.547,CKKS,16384,40,8,658228,12.327,82278.500,192,277
2025-12-12 15:15:45.572,CKKS,16384,40,8,657990,13.164,82248.750,192,147
2025-12-12 15:15:45.614,CKKS,16384,40,8,657513,13.214,82189.125,192,196
2025-12-12 15:15:45.625,CKKS,16384,40,8,657284,9.718,82160.500,192,32
2025-12-12 15:15:45.638,CKKS,16384,40,8,658329,13.174,82291.125,192,65
2025-12-12 15:15:45.674,CKKS,16384,40,8,658261,13.235,82282.625,192,469
2025-12-12 15:15:45.715,CKKS,16384,40,8,658068,9.067,82258.500,192,261
2025-12-12 15:15:45.758,CKKS,16384,40,8,657422,9.602,82177.750,192,98
2025-12-12 15:15:45.829,CKKS,16384,40,8,658267,9.851,82283.375,192,485
2025-12-12 15:15:45.969,CKKS,16384,40,8,657715,9.587,82214.375,192,180
2025-12-12 15:15:46.010,CKKS,16384,40,8,656545,9.362,82068.125,192,245
2025-12-12 15:15:46.060,CKKS,16384,40,8,657693,11.825,82211.625,192,131
2025-12-12 15:15:46.176,CKKS,16384,40,8,657326,15.778,82165.750,192,358
2025-12-12 15:15:46.246,CKKS,16384,40,8,658166,14.818,82270.750,192,342
2025-12-12 15:15:46.247,CKKS,16384,40,8,657776,15.231,82222.000,192,374
2025-12-12 15:15:46.308,CKKS,16384,40,8,658136,13.310,82267.000,192,49
2025-12-12 15:15:46.324,CKKS,16384,40,8,658201,13.581,82275.125,192,229
2025-12-12 15:15:46.340,CKKS,16384,40,8,657362,9.029,82170.250,192,16
2025-12-12 15:15:46.374,CKKS,16384,40,8,657458,13.573,82182.250,192,82
2025-12-12 15:15:46.438,CKKS,16384,40,8,658058,9.698,82257.250,192,390
2025-12-12 15:15:46.445,CKKS,16384,40,8,658247,13.172,82280.875,192,326
2025-12-12 15:15:46.458,CKKS,16384,40,8,657208,9.199,82151.000,192,164
2025-12-12 15:15:46.497,CKKS,16384,40,8,658248,10.540,82281.000,192,310
2025-12-12 15:15:46.506,CKKS,16384,40,8,657493,13.542,82186.625,192,406
2025-12-12 15:15:46.549,CKKS,16384,40,8,656803,13.218,82100.375,192,422
2025-12-12 15:15:46.550,CKKS,16384,40,8,658216,9.603,82277.000,192,115
2025-12-12 15:15:46.630,CKKS,16384,40,8,658288,9.412,82286.000,192,213
2025-12-12 15:15:46.675,CKKS,16384,40,8,658035,11.578,82254.375,192,294
2025-12-12 15:15:46.681,CKKS,16384,40,8,657266,14.697,82158.250,192,438
2025-12-12 15:15:46.791,CKKS,16384,40,8,657386,9.250,82173.250,192,278
2025-12-12 15:15:46.856,CKKS,16384,40,8,657296,13.215,82162.000,192,454
2025-12-12 15:15:46.873,CKKS,16384,40,8,658079,9.412,82259.875,192,148
2025-12-12 15:15:46.916,CKKS,16384,40,8,658182,9.241,82272.750,192,197
2025-12-12 15:15:46.945,CKKS,16384,40,8,658239,13.044,82279.875,192,66
2025-12-12 15:15:46.953,CKKS,16384,40,8,657708,16.907,82213.500,192,33
2025-12-12 15:15:46.966,CKKS,16384,40,8,657751,10.372,82218.875,192,470
2025-12-12 15:15:46.984,CKKS,16384,40,8,657906,9.074,82238.250,192,262
2025-12-12 15:15:47.017,CKKS,16384,40,8,658257,13.050,82282.125,192,99
2025-12-12 15:15:47.127,CKKS,16384,40,8,658100,13.388,82262.500,192,486
2025-12-12 15:15:47.188,CKKS,16384,40,8,658154,13.366,82269.250,192,246
2025-12-12 15:15:47.255,CKKS,16384,40,8,657955,17.109,82244.375,192,181
2025-12-12 15:15:47.355,CKKS,16384,40,8,657459,13.395,82182.375,192,132
2025-12-12 15:15:47.405,CKKS,16384,40,8,658208,13.109,82276.000,192,359
2025-12-12 15:15:47.451,CKKS,16384,40,8,657638,12.933,82204.750,192,375
2025-12-12 15:15:47.461,CKKS,16384,40,8,658151,10.051,82268.875,192,50
2025-12-12 15:15:47.497,CKKS,16384,40,8,658234,12.919,82279.250,192,343
2025-12-12 15:15:47.515,CKKS,16384,40,8,658217,17.516,82277.125,192,17
2025-12-12 15:15:47.518,CKKS,16384,40,8,657776,18.795,82222.000,192,230
2025-12-12 15:15:47.533,CKKS,16384,40,8,658204,15.724,82275.500,192,83
2025-12-12 15:15:47.556,CKKS,16384,40,8,658162,14.663,82270.250,192,327
2025-12-12 15:15:47.584,CKKS,16384,40,8,657985,14.508,82248.125,192,391
2025-12-12 15:15:47.609,CKKS,16384,40,8,657990,14.469,82248.750,192,165
2025-12-12 15:15:47.644,CKKS,16384,40,8,657692,16.086,82211.500,192,311
2025-12-12 15:15:47.677,CKKS,16384,40,8,657743,14.350,82217.875,192,407
2025-12-12 15:15:47.757,CKKS,16384,40,8,657421,13.045,82177.625,192,423
2025-12-12 15:15:47.826,CKKS,16384,40,8,657407,8.904,82175.875,192,214
2025-12-12 15:15:47.877,CKKS,16384,40,8,657371,10.219,82171.375,192,295
2025-12-12 15:15:47.879,CKKS,16384,40,8,657994,12.911,82249.250,192,116
2025-12-12 15:15:47.888,CKKS,16384,40,8,658173,13.683,82271.625,192,439
2025-12-12 15:15:48.041,CKKS,16384,40,8,657998,9.338,82249.750,192,279
2025-12-12 15:15:48.053,CKKS,16384,40,8,657457,11.959,82182.125,192,149
2025-12-12 15:15:48.053,CKKS,16384,40,8,657363,13.533,82170.375,192,455
2025-12-12 15:15:48.107,CKKS,16384,40,8,658226,9.160,82278.250,192,34
2025-12-12 15:15:48.127,CKKS,16384,40,8,657419,9.149,82177.375,192,198
2025-12-12 15:15:48.153,CKKS,16384,40,8,658073,13.370,82259.125,192,67
2025-12-12 15:15:48.196,CKKS,16384,40,8,657859,9.996,82232.375,192,263
2025-12-12 15:15:48.210,CKKS,16384,40,8,657443,8.674,82180.375,192,471
2025-12-12 15:15:48.297,CKKS,16384,40,8,657910,13.635,82238.750,192,100
2025-12-12 15:15:48.307,CKKS,16384,40,8,657380,9.350,82172.500,192,1
2025-12-12 15:15:48.400,CKKS,16384,40,8,657835,9.372,82229.375,192,487
2025-12-12 15:15:48.415,CKKS,16384,40,8,656904,9.244,82113.000,192,247
2025-12-12 15:15:48.462,CKKS,16384,40,8,657227,13.014,82153.375,192,182
2025-12-12 15:15:48.500,CKKS,16384,40,8,657680,9.244,82210.000,192,133
2025-12-12 15:15:48.683,CKKS,16384,40,8,657400,11.184,82175.000,192,360
2025-12-12 15:15:48.704,CKKS,16384,40,8,658072,13.174,82259.000,192,51
2025-12-12 15:15:48.719,CKKS,16384,40,8,657331,10.114,82166.375,192,376
2025-12-12 15:15:48.729,CKKS,16384,40,8,658030,13.419,82253.750,192,231
2025-12-12 15:15:48.740,CKKS,16384,40,8,657262,11.873,82157.750,192,18
2025-12-12 15:15:48.777,CKKS,16384,40,8,658202,13.318,82275.250,192,344
2025-12-12 15:15:48.784,CKKS,16384,40,8,657792,13.560,82224.000,192,84
2025-12-12 15:15:48.818,CKKS,16384,40,8,657613,13.476,82201.625,192,328
2025-12-12 15:15:48.875,CKKS,16384,40,8,658173,12.349,82271.625,192,392
2025-12-12 15:15:48.881,CKKS,16384,40,8,657420,14.780,82177.500,192,166
2025-12-12 15:15:48.923,CKKS,16384,40,8,658274,9.197,82284.250,192,312
2025-12-12 15:15:48.937,CKKS,16384,40,8,656832,13.040,82104.000,192,408
2025-12-12 15:15:48.982,CKKS,16384,40,8,657958,9.089,82244.750,192,117
2025-12-12 15:15:49.024,CKKS,16384,40,8,658170,13.069,82271.250,192,424
2025-12-12 15:15:49.045,CKKS,16384,40,8,658371,13.281,82296.375,192,215
2025-12-12 15:15:49.086,CKKS,16384,40,8,657766,13.450,82220.750,192,296
2025-12-12 15:15:49.177,CKKS,16384,40,8,658226,13.219,82278.250,192,440
2025-12-12 15:15:49.217,CKKS,16384,40,8,657935,9.278,82241.875,192,280
2025-12-12 15:15:49.237,CKKS,16384,40,8,658151,12.722,82268.875,192,150
2025-12-12 15:15:49.293,CKKS,16384,40,8,657658,13.299,82207.250,192,456
2025-12-12 15:15:49.311,CKKS,16384,40,8,658110,9.096,82263.750,192,35
2025-12-12 15:15:49.334,CKKS,16384,40,8,658168,9.010,82271.000,192,68
2025-12-12 15:15:49.371,CKKS,16384,40,8,657609,13.329,82201.125,192,199
2025-12-12 15:15:49.375,CKKS,16384,40,8,657468,16.669,82183.500,192,2
2025-12-12 15:15:49.507,CKKS,16384,40,8,658289,10.556,82286.125,192,264
2025-12-12 15:15:49.511,CKKS,16384,40,8,657366,13.015,82170.750,192,472
2025-12-12 15:15:49.517,CKKS,16384,40,8,658205,14.774,82275.625,192,101
2025-12-12 15:15:49.643,CKKS,16384,40,8,657586,9.461,82198.250,192,248
2025-12-12 15:15:49.657,CKKS,16384,40,8,657380,10.171,82172.500,192,183
2025-12-12 15:15:49.678,CKKS,16384,40,8,657274,9.018,82159.250,192,488
2025-12-12 15:15:49.697,CKKS,16384,40,8,658250,8.914,82281.250,192,134
2025-12-12 15:15:49.880,CKKS,16384,40,8,657249,12.983,82156.125,192,52
2025-12-12 15:15:49.997,CKKS,16384,40,8,657880,13.072,82235.000,192,361
2025-12-12 15:15:50.024,CKKS,16384,40,8,657874,15.033,82234.250,192,232
2025-12-12 15:15:50.028,CKKS,16384,40,8,657456,15.194,82182.000,192,19
2025-12-12 15:15:50.031,CKKS,16384,40,8,657592,16.398,82199.000,192,85
2025-12-12 15:15:50.048,CKKS,16384,40,8,657993,14.455,82249.125,192,377
2025-12-12 15:15:50.051,CKKS,16384,40,8,658277,15.230,82284.625,192,329
2025-12-12 15:15:50.065,CKKS,16384,40,8,657476,20.614,82184.500,192,345
2025-12-12 15:15:50.066,CKKS,16384,40,8,657885,17.126,82235.625,192,167
2025-12-12 15:15:50.089,CKKS,16384,40,8,657327,9.046,82165.875,192,393
2025-12-12 15:15:50.151,CKKS,16384,40,8,657536,9.346,82192.000,192,313
2025-12-12 15:15:50.176,CKKS,16384,40,8,657318,13.270,82164.750,192,409
2025-12-12 15:15:50.190,CKKS,16384,40,8,658228,10.535,82278.500,192,118
2025-12-12 15:15:50.230,CKKS,16384,40,8,658113,13.070,82264.125,192,216
2025-12-12 15:15:50.262,CKKS,16384,40,8,657403,9.375,82175.375,192,425
2025-12-12 15:15:50.291,CKKS,16384,40,8,657229,12.944,82153.625,192,297
2025-12-12 15:15:50.419,CKKS,16384,40,8,658052,9.379,82256.500,192,441
2025-12-12 15:15:50.440,CKKS,16384,40,8,658168,9.427,82271.000,192,281
2025-12-12 15:15:50.474,CKKS,16384,40,8,657383,9.272,82172.875,192,151
2025-12-12 15:15:50.484,CKKS,16384,40,8,656144,13.209,82018.000,192,36
2025-12-12 15:15:50.574,CKKS,16384,40,8,657710,14.572,82213.750,192,457
2025-12-12 15:15:50.575,CKKS,16384,40,8,657412,15.028,82176.500,192,69
2025-12-12 15:15:50.663,CKKS,16384,40,8,657400,13.439,82175.000,192,3
2025-12-12 15:15:50.702,CKKS,16384,40,8,658290,9.291,82286.250,192,265
2025-12-12 15:15:50.723,CKKS,16384,40,8,658150,13.766,82268.750,192,102
2025-12-12 15:15:50.728,CKKS,16384,40,8,657632,14.704,82204.000,192,200
2025-12-12 15:15:50.758,CKKS,16384,40,8,658022,9.150,82252.750,192,473
2025-12-12 15:15:50.898,CKKS,16384,40,8,657393,9.763,82174.125,192,184
2025-12-12 15:15:50.916,CKKS,16384,40,8,658278,12.723,82284.750,192,249
2025-12-12 15:15:50.939,CKKS,16384,40,8,657183,13.290,82147.875,192,135
2025-12-12 15:15:50.939,CKKS,16384,40,8,657398,9.252,82174.750,192,489
2025-12-12 15:15:51.062,CKKS,16384,40,8,657293,9.394,82161.625,192,53
2025-12-12 15:15:51.101,CKKS,16384,40,8,656858,9.166,82107.250,192,20
2025-12-12 15:15:51.170,CKKS,16384,40,8,658275,13.434,82284.375,192,362
2025-12-12 15:15:51.186,CKKS,16384,40,8,657897,17.297,82237.125,192,233
2025-12-12 15:15:51.197,CKKS,16384,40,8,657950,18.155,82243.750,192,86
2025-12-12 15:15:51.253,CKKS,16384,40,8,657419,16.477,82177.375,192,346
2025-12-12 15:15:51.312,CKKS,16384,40,8,657891,13.132,82236.375,192,378
2025-12-12 15:15:51.336,CKKS,16384,40,8,657421,11.329,82177.625,192,330
2025-12-12 15:15:51.352,CKKS,16384,40,8,658303,13.159,82287.875,192,168
2025-12-12 15:15:51.386,CKKS,16384,40,8,657357,9.266,82169.625,192,394
2025-12-12 15:15:51.410,CKKS,16384,40,8,658226,8.977,82278.250,192,314
2025-12-12 15:15:51.422,CKKS,16384,40,8,658120,10.956,82265.000,192,119
2025-12-12 15:15:51.452,CKKS,16384,40,8,658190,9.684,82273.750,192,410
2025-12-12 15:15:51.480,CKKS,16384,40,8,657409,9.001,82176.125,192,217
2025-12-12 15:15:51.529,CKKS,16384,40,8,657357,13.544,82169.625,192,426
2025-12-12 15:15:51.565,CKKS,16384,40,8,657330,11.400,82166.250,192,298
2025-12-12 15:15:51.671,CKKS,16384,40,8,657168,9.775,82146.000,192,442
2025-12-12 15:15:51.707,CKKS,16384,40,8,657268,9.608,82158.500,192,282
2025-12-12 15:15:51.728,CKKS,16384,40,8,657502,8.985,82187.750,192,152
2025-12-12 15:15:51.819,CKKS,16384,40,8,658025,9.055,82253.125,192,37
2025-12-12 15:15:51.833,CKKS,16384,40,8,657268,10.501,82158.500,192,458
2025-12-12 15:15:51.842,CKKS,16384,40,8,658164,13.226,82270.500,192,70
2025-12-12 15:15:51.866,CKKS,16384,40,8,657299,9.881,82162.375,192,201
2025-12-12 15:15:51.891,CKKS,16384,40,8,658251,9.666,82281.375,192,4
2025-12-12 15:15:51.964,CKKS,16384,40,8,655941,13.296,81992.625,192,103
2025-12-12 15:15:52.028,CKKS,16384,40,8,657844,9.714,82230.500,192,266
2025-12-12 15:15:52.042,CKKS,16384,40,8,658100,10.086,82262.500,192,474
2025-12-12 15:15:52.148,CKKS,16384,40,8,658273,16.121,82284.125,192,250
2025-12-12 15:15:52.152,CKKS,16384,40,8,657671,10.651,82208.875,192,185
2025-12-12 15:15:52.181,CKKS,16384,40,8,658193,9.414,82274.125,192,136
2025-12-12 15:15:52.203,CKKS,16384,40,8,658176,13.090,82272.000,192,490
2025-12-12 15:15:52.355,CKKS,16384,40,8,658386,9.912,82298.250,192,54
2025-12-12 15:15:52.369,CKKS,16384,40,8,658135,10.294,82266.875,192,21
2025-12-12 15:15:52.375,CKKS,16384,40,8,657002,13.152,82125.250,192,363
2025-12-12 15:15:52.411,CKKS,16384,40,8,658034,13.032,82254.250,192,234
2025-12-12 15:15:52.442,CKKS,16384,40,8,657432,13.544,82179.000,192,87
2025-12-12 15:15:52.447,CKKS,16384,40,8,657511,14.785,82188.875,192,347
2025-12-12 15:15:52.477,CKKS,16384,40,8,657324,13.214,82165.500,192,379
2025-12-12 15:15:52.518,CKKS,16384,40,8,658136,10.469,82267.000,192,169
2025-12-12 15:15:52.536,CKKS,16384,40,8,657487,13.060,82185.875,192,331
2025-12-12 15:15:52.617,CKKS,16384,40,8,656881,9.250,82110.125,192,395
2025-12-12 15:15:52.646,CKKS,16384,40,8,658173,13.318,82271.625,192,315
2025-12-12 15:15:52.662,CKKS,16384,40,8,657890,9.526,82236.250,192,120
2025-12-12 15:15:52.677,CKKS,16384,40,8,655897,9.615,81987.125,192,218
2025-12-12 15:15:52.704,CKKS,16384,40,8,658119,9.022,82264.875,192,411
2025-12-12 15:15:52.766,CKKS,16384,40,8,657362,9.677,82170.250,192,427
2025-12-12 15:15:52.784,CKKS,16384,40,8,657633,10.090,82204.125,192,299
2025-12-12 15:15:52.979,CKKS,16384,40,8,658358,13.250,82294.750,192,443
2025-12-12 15:15:52.991,CKKS,16384,40,8,657795,14.326,82224.375,192,283
2025-12-12 15:15:53.010,CKKS,16384,40,8,658088,12.896,82261.000,192,153
2025-12-12 15:15:53.022,CKKS,16384,40,8,657336,13.234,82167.000,192,38
2025-12-12 15:15:53.039,CKKS,16384,40,8,657448,13.214,82181.000,192,71
2025-12-12 15:15:53.073,CKKS,16384,40,8,657630,14.344,82203.750,192,202
2025-12-12 15:15:53.077,CKKS,16384,40,8,658127,15.125,82265.875,192,5
2025-12-12 15:15:53.089,CKKS,16384,40,8,658290,18.514,82286.250,192,459
2025-12-12 15:15:53.101,CKKS,16384,40,8,658229,12.364,82278.625,192,104
2025-12-12 15:15:53.132,CKKS,16384,40,8,658143,9.206,82267.875,192,267
2025-12-12 15:15:53.267,CKKS,16384,40,8,658059,13.084,82257.375,192,475
2025-12-12 15:15:53.465,CKKS,16384,40,8,657393,9.546,82174.125,192,186
2025-12-12 15:15:53.488,CKKS,16384,40,8,657382,14.199,82172.750,192,251
2025-12-12 15:15:53.494,CKKS,16384,40,8,657414,14.883,82176.750,192,137
2025-12-12 15:15:53.496,CKKS,16384,40,8,657469,18.575,82183.625,192,491
2025-12-12 15:15:53.566,CKKS,16384,40,8,657473,9.781,82184.125,192,55
2025-12-12 15:15:53.576,CKKS,16384,40,8,657503,12.103,82187.875,192,22
2025-12-12 15:15:53.657,CKKS,16384,40,8,658005,13.267,82250.625,192,235
2025-12-12 15:15:53.670,CKKS,16384,40,8,658296,9.514,82287.000,192,364
2025-12-12 15:15:53.683,CKKS,16384,40,8,657388,13.105,82173.500,192,88
2025-12-12 15:15:53.699,CKKS,16384,40,8,658266,9.243,82283.250,192,348
2025-12-12 15:15:53.760,CKKS,16384,40,8,657988,9.709,82248.500,192,380
2025-12-12 15:15:53.773,CKKS,16384,40,8,658221,11.635,82277.625,192,170
2025-12-12 15:15:53.785,CKKS,16384,40,8,657337,13.006,82167.125,192,332
2025-12-12 15:15:53.846,CKKS,16384,40,8,658154,10.097,82269.250,192,121
2025-12-12 15:15:53.876,CKKS,16384,40,8,657727,13.335,82215.875,192,396
2025-12-12 15:15:53.886,CKKS,16384,40,8,657396,9.439,82174.500,192,316
2025-12-12 15:15:54.281,CKKS,16384,40,8,658128,9.370,82266.000,192,219
2025-12-12 15:15:54.305,CKKS,16384,40,8,658085,9.050,82260.625,192,412
2025-12-12 15:15:54.320,CKKS,16384,40,8,657251,12.002,82156.375,192,300
2025-12-12 15:15:54.342,CKKS,16384,40,8,657994,10.836,82249.250,192,105
2025-12-12 15:15:54.347,CKKS,16384,40,8,657420,14.263,82177.500,192,72
2025-12-12 15:15:54.362,CKKS,16384,40,8,657244,13.696,82155.500,192,444
2025-12-12 15:15:54.363,CKKS,16384,40,8,658205,9.943,82275.625,192,428
2025-12-12 15:15:54.434,CKKS,16384,40,8,658181,14.561,82272.625,192,460
2025-12-12 15:15:54.443,CKKS,16384,40,8,657384,16.223,82173.000,192,268
2025-12-12 15:15:54.451,CKKS,16384,40,8,657699,11.922,82212.375,192,284
2025-12-12 15:15:54.451,CKKS,16384,40,8,658208,20.068,82276.000,192,39
2025-12-12 15:15:54.465,CKKS,16384,40,8,657186,28.482,82148.250,192,154
2025-12-12 15:15:54.468,CKKS,16384,40,8,658315,23.275,82289.375,192,6
2025-12-12 15:15:54.470,CKKS,16384,40,8,658283,25.993,82285.375,192,203
2025-12-12 15:15:54.519,CKKS,16384,40,8,658181,13.028,82272.625,192,476
2025-12-12 15:15:54.574,CKKS,16384,40,8,658281,12.952,82285.125,192,187
2025-12-12 15:15:54.609,CKKS,16384,40,8,658311,12.964,82288.875,192,138
2025-12-12 15:15:54.620,CKKS,16384,40,8,658143,9.354,82267.875,192,252
2025-12-12 15:15:54.738,CKKS,16384,40,8,658259,9.360,82282.375,192,56
2025-12-12 15:15:54.753,CKKS,16384,40,8,658056,11.190,82257.000,192,23
2025-12-12 15:15:54.753,CKKS,16384,40,8,658205,13.005,82275.625,192,492
2025-12-12 15:15:54.808,CKKS,16384,40,8,657266,13.545,82158.250,192,89
2025-12-12 15:15:54.824,CKKS,16384,40,8,658074,13.682,82259.250,192,236
2025-12-12 15:15:54.928,CKKS,16384,40,8,657276,9.237,82159.500,192,349
2025-12-12 15:15:54.931,CKKS,16384,40,8,658060,13.090,82257.500,192,365
2025-12-12 15:15:54.998,CKKS,16384,40,8,658202,9.566,82275.250,192,171
2025-12-12 15:15:55.016,CKKS,16384,40,8,657523,8.911,82190.375,192,381
2025-12-12 15:15:55.016,CKKS,16384,40,8,657592,13.166,82199.000,192,333
2025-12-12 15:15:55.108,CKKS,16384,40,8,657292,13.840,82161.500,192,122
2025-12-12 15:15:55.163,CKKS,16384,40,8,658109,13.904,82263.625,192,397
2025-12-12 15:15:55.165,CKKS,16384,40,8,657471,16.360,82183.875,192,317
2025-12-12 15:15:55.179,CKKS,16384,40,8,658062,23.238,82257.750,192,220
2025-12-12 15:15:55.224,CKKS,16384,40,8,657956,9.051,82244.500,192,413
2025-12-12 15:15:55.256,CKKS,16384,40,8,658150,9.110,82268.750,192,301
2025-12-12 15:15:55.296,CKKS,16384,40,8,658196,9.705,82274.500,192,429
2025-12-12 15:15:55.358,CKKS,16384,40,8,658371,9.582,82296.375,192,40
2025-12-12 15:15:55.445,CKKS,16384,40,8,658094,9.348,82261.750,192,445
2025-12-12 15:15:55.488,CKKS,16384,40,8,657451,9.362,82181.375,192,7
2025-12-12 15:15:55.504,CKKS,16384,40,8,658089,10.595,82261.125,192,155
2025-12-12 15:15:55.528,CKKS,16384,40,8,657262,8.856,82157.750,192,285
2025-12-12 15:15:55.570,CKKS,16384,40,8,657532,13.328,82191.500,192,204
2025-12-12 15:15:55.576,CKKS,16384,40,8,657400,13.020,82175.000,192,73
2025-12-12 15:15:55.583,CKKS,16384,40,8,657897,14.669,82237.125,192,106
2025-12-12 15:15:55.593,CKKS,16384,40,8,658146,12.885,82268.250,192,461
2025-12-12 15:15:55.601,CKKS,16384,40,8,658107,9.203,82263.375,192,269
2025-12-12 15:15:55.780,CKKS,16384,40,8,657890,10.160,82236.250,192,477
2025-12-12 15:15:55.797,CKKS,16384,40,8,658203,9.088,82275.375,192,188
2025-12-12 15:15:55.867,CKKS,16384,40,8,658156,9.380,82269.500,192,139
2025-12-12 15:15:55.883,CKKS,16384,40,8,656746,9.040,82093.250,192,253
2025-12-12 15:15:56.033,CKKS,16384,40,8,658181,9.005,82272.625,192,24
2025-12-12 15:15:56.048,CKKS,16384,40,8,657917,13.265,82239.625,192,57
2025-12-12 15:15:56.059,CKKS,16384,40,8,658192,9.459,82274.000,192,90
2025-12-12 15:15:56.075,CKKS,16384,40,8,657522,13.098,82190.250,192,493
2025-12-12 15:15:56.086,CKKS,16384,40,8,657491,8.866,82186.375,192,237
2025-12-12 15:15:56.174,CKKS,16384,40,8,658117,9.593,82264.625,192,350
2025-12-12 15:15:56.180,CKKS,16384,40,8,658018,12.997,82252.250,192,366
2025-12-12 15:15:56.232,CKKS,16384,40,8,658154,13.289,82269.250,192,172
2025-12-12 15:15:56.263,CKKS,16384,40,8,658101,13.005,82262.625,192,382
2025-12-12 15:15:56.297,CKKS,16384,40,8,658151,12.922,82268.875,192,334
2025-12-12 15:15:56.341,CKKS,16384,40,8,656725,12.591,82090.625,192,123
2025-12-12 15:15:56.411,CKKS,16384,40,8,657301,16.301,82162.625,192,318
2025-12-12 15:15:56.415,CKKS,16384,40,8,657907,14.051,82238.375,192,398
2025-12-12 15:15:56.425,CKKS,16384,40,8,657441,27.252,82180.125,192,221
2025-12-12 15:15:56.482,CKKS,16384,40,8,657338,10.087,82167.250,192,414
2025-12-12 15:15:56.503,CKKS,16384,40,8,657981,9.151,82247.625,192,302
2025-12-12 15:15:56.549,CKKS,16384,40,8,657890,12.976,82236.250,192,41
2025-12-12 15:15:56.581,CKKS,16384,40,8,658140,12.966,82267.500,192,430
2025-12-12 15:15:56.627,CKKS,16384,40,8,657333,12.993,82166.625,192,74
2025-12-12 15:15:56.676,CKKS,16384,40,8,658266,9.221,82283.250,192,156
2025-12-12 15:15:56.697,CKKS,16384,40,8,657935,9.286,82241.875,192,8
2025-12-12 15:15:56.713,CKKS,16384,40,8,657661,12.938,82207.625,192,286
2025-12-12 15:15:56.731,CKKS,16384,40,8,658187,9.259,82273.375,192,446
2025-12-12 15:15:56.738,CKKS,16384,40,8,656393,13.367,82049.125,192,205
2025-12-12 15:15:56.789,CKKS,16384,40,8,658249,9.330,82281.125,192,107
2025-12-12 15:15:56.852,CKKS,16384,40,8,658214,9.409,82276.750,192,462
2025-12-12 15:15:56.875,CKKS,16384,40,8,657536,9.642,82192.000,192,270
2025-12-12 15:15:57.038,CKKS,16384,40,8,657947,13.094,82243.375,192,478
2025-12-12 15:15:57.141,CKKS,16384,40,8,658124,9.638,82265.500,192,189
2025-12-12 15:15:57.153,CKKS,16384,40,8,658034,13.133,82254.250,192,140
2025-12-12 15:15:57.159,CKKS,16384,40,8,658032,9.639,82254.000,192,254
2025-12-12 15:15:57.187,CKKS,16384,40,8,657995,13.658,82249.375,192,58
2025-12-12 15:15:57.190,CKKS,16384,40,8,657464,14.776,82183.000,192,25
2025-12-12 15:15:57.268,CKKS,16384,40,8,657329,9.389,82166.125,192,91
2025-12-12 15:15:57.316,CKKS,16384,40,8,657888,8.960,82236.000,192,494
2025-12-12 15:15:57.328,CKKS,16384,40,8,658211,12.261,82276.375,192,238
2025-12-12 15:15:57.441,CKKS,16384,40,8,658264,12.736,82283.000,192,367
2025-12-12 15:15:57.446,CKKS,16384,40,8,657965,14.904,82245.625,192,351
2025-12-12 15:15:57.455,CKKS,16384,40,8,657215,13.271,82151.875,192,173
2025-12-12 15:15:57.504,CKKS,16384,40,8,658174,13.173,82271.750,192,335
2025-12-12 15:15:57.522,CKKS,16384,40,8,657260,9.005,82157.500,192,124
2025-12-12 15:15:57.532,CKKS,16384,40,8,657332,13.048,82166.500,192,383
2025-12-12 15:15:57.579,CKKS,16384,40,8,657354,9.346,82169.250,192,319
2025-12-12 15:15:57.610,CKKS,16384,40,8,658251,12.642,82281.375,192,222
2025-12-12 15:15:57.634,CKKS,16384,40,8,658140,12.992,82267.500,192,399
2025-12-12 15:15:57.725,CKKS,16384,40,8,658043,9.360,82255.375,192,303
2025-12-12 15:15:57.751,CKKS,16384,40,8,657413,9.485,82176.625,192,415
2025-12-12 15:15:57.767,CKKS,16384,40,8,657906,9.689,82238.250,192,42
2025-12-12 15:15:57.797,CKKS,16384,40,8,657862,9.206,82232.750,192,431
2025-12-12 15:15:57.846,CKKS,16384,40,8,658032,14.632,82254.000,192,157
2025-12-12 15:15:57.921,CKKS,16384,40,8,657592,13.012,82199.000,192,9
2025-12-12 15:15:57.945,CKKS,16384,40,8,658004,13.519,82250.500,192,75
2025-12-12 15:15:58.043,CKKS,16384,40,8,657949,13.645,82243.625,192,447
2025-12-12 15:15:58.068,CKKS,16384,40,8,657917,20.225,82239.625,192,287
2025-12-12 15:15:58.085,CKKS,16384,40,8,657855,24.182,82231.875,192,206
2025-12-12 15:15:58.090,CKKS,16384,40,8,657431,28.901,82178.875,192,108
2025-12-12 15:15:58.122,CKKS,16384,40,8,655962,9.055,81995.250,192,271
2025-12-12 15:15:58.134,CKKS,16384,40,8,657420,13.035,82177.500,192,463
2025-12-12 15:15:58.315,CKKS,16384,40,8,657885,9.090,82235.625,192,479
2025-12-12 15:15:58.325,CKKS,16384,40,8,658185,13.026,82273.125,192,190
2025-12-12 15:15:58.372,CKKS,16384,40,8,657411,9.582,82176.375,192,255
2025-12-12 15:15:58.375,CKKS,16384,40,8,657357,13.128,82169.625,192,141
2025-12-12 15:15:58.472,CKKS,16384,40,8,657895,13.329,82236.875,192,59
2025-12-12 15:15:58.511,CKKS,16384,40,8,656805,13.288,82100.625,192,26
2025-12-12 15:15:58.550,CKKS,16384,40,8,657411,9.309,82176.375,192,92
2025-12-12 15:15:58.577,CKKS,16384,40,8,657420,8.852,82177.500,192,239
2025-12-12 15:15:58.594,CKKS,16384,40,8,658070,9.439,82258.750,192,495
2025-12-12 15:15:58.688,CKKS,16384,40,8,658002,9.446,82250.250,192,368
2025-12-12 15:15:58.691,CKKS,16384,40,8,658241,13.219,82280.125,192,174
2025-12-12 15:15:58.702,CKKS,16384,40,8,657298,9.998,82162.250,192,352
2025-12-12 15:15:58.795,CKKS,16384,40,8,657721,9.335,82215.125,192,336
2025-12-12 15:15:58.809,CKKS,16384,40,8,658208,12.794,82276.000,192,384
2025-12-12 15:15:58.812,CKKS,16384,40,8,658302,9.209,82287.750,192,125
2025-12-12 15:15:58.836,CKKS,16384,40,8,657843,8.998,82230.375,192,320
2025-12-12 15:15:58.879,CKKS,16384,40,8,657693,9.149,82211.625,192,223
2025-12-12 15:15:58.896,CKKS,16384,40,8,658356,13.324,82294.500,192,400
2025-12-12 15:15:59.013,CKKS,16384,40,8,657513,13.043,82189.125,192,416
2025-12-12 15:15:59.040,CKKS,16384,40,8,657812,10.095,82226.500,192,43
2025-12-12 15:15:59.051,CKKS,16384,40,8,657329,13.419,82166.125,192,304
2025-12-12 15:15:59.066,CKKS,16384,40,8,657562,9.282,82195.250,192,432
2025-12-12 15:15:59.110,CKKS,16384,40,8,658267,9.558,82283.375,192,158
2025-12-12 15:15:59.121,CKKS,16384,40,8,657922,13.261,82240.250,192,76
2025-12-12 15:15:59.127,CKKS,16384,40,8,658252,9.285,82281.500,192,10
2025-12-12 15:15:59.164,CKKS,16384,40,8,658338,13.395,82292.250,192,288
2025-12-12 15:15:59.184,CKKS,16384,40,8,657584,9.458,82198.000,192,207
2025-12-12 15:15:59.229,CKKS,16384,40,8,657759,9.433,82219.875,192,109
2025-12-12 15:15:59.240,CKKS,16384,40,8,657568,12.005,82196.000,192,448
2025-12-12 15:15:59.330,CKKS,16384,40,8,657646,9.229,82205.750,192,272
2025-12-12 15:15:59.356,CKKS,16384,40,8,658218,9.332,82277.250,192,464
2025-12-12 15:15:59.541,CKKS,16384,40,8,657857,12.972,82232.125,192,191
2025-12-12 15:15:59.570,CKKS,16384,40,8,658161,13.212,82270.125,192,256
2025-12-12 15:15:59.577,CKKS,16384,40,8,657592,14.239,82199.000,192,480
2025-12-12 15:15:59.579,CKKS,16384,40,8,657372,15.773,82171.500,192,142
2025-12-12 15:15:59.617,CKKS,16384,40,8,657408,8.923,82176.000,192,60
2025-12-12 15:15:59.628,CKKS,16384,40,8,658165,12.274,82270.625,192,27
2025-12-12 15:15:59.690,CKKS,16384,40,8,657405,9.122,82175.625,192,93
2025-12-12 15:15:59.815,CKKS,16384,40,8,657291,9.456,82161.375,192,240
2025-12-12 15:15:59.855,CKKS,16384,40,8,657946,9.673,82243.250,192,496
2025-12-12 15:15:59.931,CKKS,16384,40,8,657433,12.979,82179.125,192,369
2025-12-12 15:15:59.933,CKKS,16384,40,8,658200,9.485,82275.000,192,175
2025-12-12 15:16:00.027,CKKS,16384,40,8,657316,9.345,82164.500,192,385
2025-12-12 15:16:00.043,CKKS,16384,40,8,658095,9.802,82261.875,192,353
2025-12-12 15:16:00.046,CKKS,16384,40,8,657826,12.973,82228.250,192,126
2025-12-12 15:16:00.069,CKKS,16384,40,8,657239,13.448,82154.875,192,337
2025-12-12 15:16:00.088,CKKS,16384,40,8,658273,15.613,82284.125,192,224
2025-12-12 15:16:00.089,CKKS,16384,40,8,657870,14.720,82233.750,192,321
2025-12-12 15:16:00.119,CKKS,16384,40,8,658148,8.831,82268.500,192,401
2025-12-12 15:16:00.202,CKKS,16384,40,8,657332,14.601,82166.500,192,305
2025-12-12 15:16:00.240,CKKS,16384,40,8,657415,14.044,82176.875,192,417
2025-12-12 15:16:00.304,CKKS,16384,40,8,657515,9.196,82189.375,192,433
2025-12-12 15:16:00.357,CKKS,16384,40,8,657421,13.105,82177.625,192,44
2025-12-12 15:16:00.363,CKKS,16384,40,8,657932,10.151,82241.500,192,11
2025-12-12 15:16:00.374,CKKS,16384,40,8,656030,15.738,82003.750,192,77
2025-12-12 15:16:00.374,CKKS,16384,40,8,658063,14.906,82257.875,192,159
2025-12-12 15:16:00.390,CKKS,16384,40,8,657253,8.900,82156.625,192,289
2025-12-12 15:16:00.409,CKKS,16384,40,8,657372,8.933,82171.500,192,208
2025-12-12 15:16:00.429,CKKS,16384,40,8,657427,12.948,82178.375,192,110
2025-12-12 15:16:00.501,CKKS,16384,40,8,658226,14.161,82278.250,192,449
2025-12-12 15:16:00.568,CKKS,16384,40,8,658319,9.798,82289.875,192,273
2025-12-12 15:16:00.669,CKKS,16384,40,8,657546,13.290,82193.250,192,465
2025-12-12 15:16:00.749,CKKS,16384,40,8,658214,13.404,82276.750,192,143
2025-12-12 15:16:00.776,CKKS,16384,40,8,658157,12.857,82269.625,192,192
2025-12-12 15:16:00.810,CKKS,16384,40,8,658060,12.639,82257.500,192,257
2025-12-12 15:16:00.835,CKKS,16384,40,8,657604,13.900,82200.500,192,61
2025-12-12 15:16:00.854,CKKS,16384,40,8,658002,29.424,82250.250,192,28
2025-12-12 15:16:00.862,CKKS,16384,40,8,658287,27.465,82285.875,192,481
2025-12-12 15:16:00.896,CKKS,16384,40,8,657597,9.247,82199.625,192,94
2025-12-12 15:16:01.028,CKKS,16384,40,8,657716,9.057,82214.500,192,241
2025-12-12 15:16:01.119,CKKS,16384,40,8,658041,9.242,82255.125,192,497
2025-12-12 15:16:01.125,CKKS,16384,40,8,657403,13.024,82175.375,192,176
2025-12-12 15:16:01.201,CKKS,16384,40,8,657740,13.215,82217.500,192,127
2025-12-12 15:16:01.214,CKKS,16384,40,8,658108,12.919,82263.500,192,354
2025-12-12 15:16:01.219,CKKS,16384,40,8,657388,14.763,82173.500,192,370
2025-12-12 15:16:01.236,CKKS,16384,40,8,657757,8.796,82219.625,192,338
2025-12-12 15:16:01.265,CKKS,16384,40,8,657883,13.177,82235.375,192,386
2025-12-12 15:16:01.366,CKKS,16384,40,8,658086,11.543,82260.750,192,225
2025-12-12 15:16:01.370,CKKS,16384,40,8,657575,14.524,82196.875,192,322
2025-12-12 15:16:01.408,CKKS,16384,40,8,657507,9.661,82188.375,192,45
2025-12-12 15:16:01.429,CKKS,16384,40,8,657647,13.084,82205.875,192,402
2025-12-12 15:16:01.476,CKKS,16384,40,8,657515,11.853,82189.375,192,306
2025-12-12 15:16:01.495,CKKS,16384,40,8,657895,14.556,82236.875,192,418
2025-12-12 15:16:01.524,CKKS,16384,40,8,657411,14.582,82176.375,192,12
2025-12-12 15:16:01.604,CKKS,16384,40,8,658158,13.628,82269.750,192,160
2025-12-12 15:16:01.616,CKKS,16384,40,8,657642,20.621,82205.250,192,434
2025-12-12 15:16:01.619,CKKS,16384,40,8,658162,15.724,82270.250,192,78
2025-12-12 15:16:01.641,CKKS,16384,40,8,658018,12.909,82252.250,192,290
2025-12-12 15:16:01.674,CKKS,16384,40,8,658277,13.145,82284.625,192,111
2025-12-12 15:16:01.686,CKKS,16384,40,8,658193,13.332,82274.125,192,209
2025-12-12 15:16:01.751,CKKS,16384,40,8,658253,13.197,82281.625,192,450
2025-12-12 15:16:01.818,CKKS,16384,40,8,658203,12.735,82275.375,192,274
2025-12-12 15:16:01.891,CKKS,16384,40,8,657949,13.254,82243.625,192,466
2025-12-12 15:16:02.030,CKKS,16384,40,8,657174,9.650,82146.750,192,258
2025-12-12 15:16:02.041,CKKS,16384,40,8,657408,12.864,82176.000,192,144
2025-12-12 15:16:02.042,CKKS,16384,40,8,658170,13.028,82271.250,192,193
2025-12-12 15:16:02.082,CKKS,16384,40,8,657887,13.082,82235.875,192,482
2025-12-12 15:16:02.102,CKKS,16384,40,8,658218,11.438,82277.250,192,62
2025-12-12 15:16:02.109,CKKS,16384,40,8,658061,14.508,82257.625,192,29
2025-12-12 15:16:02.148,CKKS,16384,40,8,657989,11.937,82248.625,192,95
2025-12-12 15:16:02.331,CKKS,16384,40,8,657402,9.213,82175.250,192,242
2025-12-12 15:16:02.352,CKKS,16384,40,8,658225,13.049,82278.125,192,177
2025-12-12 15:16:02.378,CKKS,16384,40,8,658329,9.194,82291.125,192,371
2025-12-12 15:16:02.383,CKKS,16384,40,8,657369,13.228,82171.125,192,498
2025-12-12 15:16:02.433,CKKS,16384,40,8,658096,9.200,82262.000,192,128
2025-12-12 15:16:02.435,CKKS,16384,40,8,657898,13.094,82237.250,192,355
2025-12-12 15:16:02.482,CKKS,16384,40,8,657779,9.332,82222.375,192,339
2025-12-12 15:16:02.529,CKKS,16384,40,8,657287,11.895,82160.875,192,387
2025-12-12 15:16:02.563,CKKS,16384,40,8,657417,13.291,82177.125,192,226
2025-12-12 15:16:02.574,CKKS,16384,40,8,658176,9.429,82272.000,192,323
2025-12-12 15:16:02.624,CKKS,16384,40,8,657552,13.164,82194.000,192,46
2025-12-12 15:16:02.690,CKKS,16384,40,8,657435,13.195,82179.375,192,403
2025-12-12 15:16:02.773,CKKS,16384,40,8,657144,9.236,82143.000,192,79
2025-12-12 15:16:02.798,CKKS,16384,40,8,657573,13.182,82196.625,192,419
2025-12-12 15:16:02.808,CKKS,16384,40,8,657392,13.573,82174.000,192,13
2025-12-12 15:16:02.811,CKKS,16384,40,8,657621,16.157,82202.625,192,307
2025-12-12 15:16:02.818,CKKS,16384,40,8,657989,14.354,82248.625,192,161
2025-12-12 15:16:02.844,CKKS,16384,40,8,657349,8.954,82168.625,192,435
2025-12-12 15:16:02.868,CKKS,16384,40,8,657441,9.040,82180.125,192,291
2025-12-12 15:16:02.964,CKKS,16384,40,8,658104,13.750,82263.000,192,210
2025-12-12 15:16:02.967,CKKS,16384,40,8,657781,14.975,82222.625,192,112
2025-12-12 15:16:03.052,CKKS,16384,40,8,657365,9.427,82170.625,192,451
2025-12-12 15:16:03.117,CKKS,16384,40,8,658289,9.194,82286.125,192,275
2025-12-12 15:16:03.157,CKKS,16384,40,8,657281,9.160,82160.125,192,467
2025-12-12 15:16:03.171,CKKS,16384,40,8,657279,10.373,82159.875,192,145
2025-12-12 15:16:03.206,CKKS,16384,40,8,658218,12.483,82277.250,192,194
2025-12-12 15:16:03.259,CKKS,16384,40,8,658066,9.728,82258.250,192,259
2025-12-12 15:16:03.352,CKKS,16384,40,8,657931,13.401,82241.375,192,63
2025-12-12 15:16:03.367,CKKS,16384,40,8,657381,16.361,82172.625,192,483
2025-12-12 15:16:03.378,CKKS,16384,40,8,658146,16.218,82268.250,192,30
2025-12-12 15:16:03.395,CKKS,16384,40,8,658324,13.974,82290.500,192,96
2025-12-12 15:16:03.539,CKKS,16384,40,8,658064,13.100,82258.000,192,243
2025-12-12 15:16:03.560,CKKS,16384,40,8,658115,9.251,82264.375,192,178
2025-12-12 15:16:03.640,CKKS,16384,40,8,657351,9.108,82168.875,192,129
2025-12-12 15:16:03.671,CKKS,16384,40,8,658195,13.432,82274.375,192,499
2025-12-12 15:16:03.682,CKKS,16384,40,8,657349,9.196,82168.625,192,356
2025-12-12 15:16:03.712,CKKS,16384,40,8,655999,10.420,81999.875,192,372
2025-12-12 15:16:03.735,CKKS,16384,40,8,657992,13.200,82249.000,192,340
2025-12-12 15:16:03.783,CKKS,16384,40,8,657934,9.207,82241.750,192,227
2025-12-12 15:16:03.795,CKKS,16384,40,8,657432,10.779,82179.000,192,324
2025-12-12 15:16:03.815,CKKS,16384,40,8,657362,8.821,82170.250,192,388
2025-12-12 15:16:03.852,CKKS,16384,40,8,658264,13.172,82283.000,192,47
2025-12-12 15:16:03.983,CKKS,16384,40,8,657405,9.500,82175.625,192,404
2025-12-12 15:16:04.010,CKKS,16384,40,8,657601,9.161,82200.125,192,80
2025-12-12 15:16:04.040,CKKS,16384,40,8,658101,13.092,82262.625,192,308
2025-12-12 15:16:04.043,CKKS,16384,40,8,658011,14.618,82251.375,192,162
2025-12-12 15:16:04.046,CKKS,16384,40,8,658231,15.654,82278.875,192,420
2025-12-12 15:16:04.062,CKKS,16384,40,8,658115,13.859,82264.375,192,14
2025-12-12 15:16:04.072,CKKS,16384,40,8,658205,9.243,82275.625,192,113
2025-12-12 15:16:04.097,CKKS,16384,40,8,657221,13.135,82152.625,192,436
2025-12-12 15:16:04.121,CKKS,16384,40,8,656108,13.041,82013.500,192,292
2025-12-12 15:16:04.125,CKKS,16384,40,8,657438,8.965,82179.750,192,211
2025-12-12 15:16:04.323,CKKS,16384,40,8,657879,9.525,82234.875,192,452
2025-12-12 15:16:04.336,CKKS,16384,40,8,658230,10.089,82278.750,192,276
2025-12-12 15:16:04.399,CKKS,16384,40,8,657373,12.983,82171.625,192,146
2025-12-12 15:16:04.406,CKKS,16384,40,8,657518,9.715,82189.750,192,195
2025-12-12 15:16:04.435,CKKS,16384,40,8,657484,8.928,82185.500,192,468
2025-12-12 15:16:04.482,CKKS,16384,40,8,657331,9.352,82166.375,192,31
2025-12-12 15:16:04.516,CKKS,16384,40,8,658157,9.334,82269.625,192,260
2025-12-12 15:16:04.518,CKKS,16384,40,8,658162,13.237,82270.250,192,64
2025-12-12 15:16:04.571,CKKS,16384,40,8,657708,9.360,82213.500,192,97
2025-12-12 15:16:04.587,CKKS,16384,40,8,657413,9.185,82176.625,192,484
2025-12-12 15:16:04.809,CKKS,16384,40,8,658272,9.281,82284.000,192,244
2025-12-12 15:16:04.819,CKKS,16384,40,8,657321,11.105,82165.125,192,179
2025-12-12 15:16:04.864,CKKS,16384,40,8,658099,9.315,82262.375,192,130
2025-12-12 15:16:04.902,CKKS,16384,40,8,657919,8.943,82239.875,192,500
2025-12-12 15:16:04.973,CKKS,16384,40,8,658088,9.213,82261.000,192,357
2025-12-12 15:16:05.052,CKKS,16384,40,8,657556,9.269,82194.500,192,373
2025-12-12 15:16:05.078,CKKS,16384,40,8,657393,9.326,82174.125,192,341
2025-12-12 15:16:05.091,CKKS,16384,40,8,657424,10.559,82178.000,192,228
2025-12-12 15:16:05.092,CKKS,16384,40,8,657341,9.490,82167.625,192,48
2025-12-12 15:16:05.112,CKKS,16384,40,8,657894,8.990,82236.750,192,325
2025-12-12 15:16:05.130,CKKS,16384,40,8,657601,9.142,82200.125,192,15
2025-12-12 15:16:05.184,CKKS,16384,40,8,657526,9.269,82190.750,192,389
2025-12-12 15:16:05.198,CKKS,16384,40,8,657906,15.438,82238.250,192,309
2025-12-12 15:16:05.199,CKKS,16384,40,8,658195,15.613,82274.375,192,81
2025-12-12 15:16:05.214,CKKS,16384,40,8,657589,11.199,82198.625,192,163
2025-12-12 15:16:05.225,CKKS,16384,40,8,658217,14.242,82277.125,192,405
2025-12-12 15:16:05.267,CKKS,16384,40,8,657321,9.580,82165.125,192,421
2025-12-12 15:16:05.320,CKKS,16384,40,8,657425,9.071,82178.125,192,114
2025-12-12 15:16:05.375,CKKS,16384,40,8,658267,9.164,82283.375,192,293
2025-12-12 15:16:05.397,CKKS,16384,40,8,658157,9.071,82269.625,192,212
2025-12-12 15:16:05.398,CKKS,16384,40,8,658276,8.857,82284.500,192,437
2025-12-12 15:16:05.554,CKKS,16384,40,8,657359,9.237,82169.875,192,453
2025-12-12 15:16:05.563,CKKS,16384,40,8,658289,9.267,82286.125,192,277
2025-12-12 15:16:05.592,CKKS,16384,40,8,657367,10.811,82170.875,192,147
2025-12-12 15:16:05.631,CKKS,16384,40,8,657885,9.169,82235.625,192,196
2025-12-12 15:16:05.647,CKKS,16384,40,8,658029,9.739,82253.625,192,32
2025-12-12 15:16:05.656,CKKS,16384,40,8,656987,11.803,82123.375,192,65
2025-12-12 15:16:05.691,CKKS,16384,40,8,658135,9.552,82266.875,192,469
2025-12-12 15:16:05.733,CKKS,16384,40,8,658069,8.858,82258.625,192,261
2025-12-12 15:16:05.781,CKKS,16384,40,8,657257,12.878,82157.125,192,98
2025-12-12 15:16:05.846,CKKS,16384,40,8,658216,9.404,82277.000,192,485
2025-12-12 15:16:05.984,CKKS,16384,40,8,657315,9.222,82164.375,192,180
2025-12-12 15:16:06.030,CKKS,16384,40,8,658041,9.562,82255.125,192,245
2025-12-12 15:16:06.079,CKKS,16384,40,8,657406,9.591,82175.750,192,131
2025-12-12 15:16:06.202,CKKS,16384,40,8,657694,13.840,82211.750,192,358
2025-12-12 15:16:06.271,CKKS,16384,40,8,656912,13.893,82114.000,192,374
2025-12-12 15:16:06.274,CKKS,16384,40,8,657698,13.279,82212.250,192,342
2025-12-12 15:16:06.326,CKKS,16384,40,8,657369,9.648,82171.125,192,49
2025-12-12 15:16:06.342,CKKS,16384,40,8,657647,10.775,82205.875,192,229
2025-12-12 15:16:06.359,CKKS,16384,40,8,657966,9.212,82245.750,192,16
2025-12-12 15:16:06.392,CKKS,16384,40,8,657288,9.770,82161.000,192,82
2025-12-12 15:16:06.462,CKKS,16384,40,8,657306,13.881,82163.250,192,390
2025-12-12 15:16:06.469,CKKS,16384,40,8,657556,15.026,82194.500,192,326
2025-12-12 15:16:06.481,CKKS,16384,40,8,657674,13.231,82209.250,192,164
2025-12-12 15:16:06.523,CKKS,16384,40,8,657980,13.563,82247.500,192,310
2025-12-12 15:16:06.529,CKKS,16384,40,8,658315,13.356,82289.375,192,406
2025-12-12 15:16:06.566,CKKS,16384,40,8,658151,9.144,82268.875,192,115
2025-12-12 15:16:06.566,CKKS,16384,40,8,657413,9.264,82176.625,192,422
2025-12-12 15:16:06.655,CKKS,16384,40,8,658295,13.604,82286.875,192,213
2025-12-12 15:16:06.696,CKKS,16384,40,8,657294,12.170,82161.750,192,294
2025-12-12 15:16:06.702,CKKS,16384,40,8,657315,13.319,82164.375,192,438
2025-12-12 15:16:06.812,CKKS,16384,40,8,658206,12.842,82275.750,192,278
2025-12-12 15:16:06.873,CKKS,16384,40,8,658229,9.205,82278.625,192,454
2025-12-12 15:16:06.888,CKKS,16384,40,8,657735,9.163,82216.875,192,148
2025-12-12 15:16:06.932,CKKS,16384,40,8,658023,9.067,82252.875,192,197
2025-12-12 15:16:06.961,CKKS,16384,40,8,657908,8.746,82238.500,192,66
2025-12-12 15:16:06.971,CKKS,16384,40,8,657290,9.348,82161.250,192,33
2025-12-12 15:16:06.982,CKKS,16384,40,8,658181,9.023,82272.625,192,470
2025-12-12 15:16:07.000,CKKS,16384,40,8,658103,8.899,82262.875,192,262
2025-12-12 15:16:07.034,CKKS,16384,40,8,657734,9.264,82216.750,192,99
2025-12-12 15:16:07.143,CKKS,16384,40,8,657616,8.972,82202.000,192,486
2025-12-12 15:16:07.206,CKKS,16384,40,8,657696,9.088,82212.000,192,246
2025-12-12 15:16:07.272,CKKS,16384,40,8,657985,9.194,82248.125,192,181
2025-12-12 15:16:07.374,CKKS,16384,40,8,658074,9.109,82259.250,192,132
2025-12-12 15:16:07.424,CKKS,16384,40,8,658200,9.529,82275.000,192,359
2025-12-12 15:16:07.468,CKKS,16384,40,8,657433,9.573,82179.125,192,375
2025-12-12 15:16:07.479,CKKS,16384,40,8,657434,11.774,82179.250,192,50
2025-12-12 15:16:07.517,CKKS,16384,40,8,658180,9.670,82272.500,192,343
2025-12-12 15:16:07.540,CKKS,16384,40,8,658072,13.667,82259.000,192,17
2025-12-12 15:16:07.542,CKKS,16384,40,8,657813,14.948,82226.625,192,230
2025-12-12 15:16:07.552,CKKS,16384,40,8,657340,12.688,82167.500,192,83
2025-12-12 15:16:07.577,CKKS,16384,40,8,657397,9.339,82174.625,192,327
2025-12-12 15:16:07.601,CKKS,16384,40,8,657930,9.911,82241.250,192,391
2025-12-12 15:16:07.625,CKKS,16384,40,8,657820,8.973,82227.500,192,165
2025-12-12 15:16:07.662,CKKS,16384,40,8,658163,9.036,82270.375,192,311
2025-12-12 15:16:07.694,CKKS,16384,40,8,658148,10.001,82268.500,192,407
2025-12-12 15:16:07.775,CKKS,16384,40,8,657375,9.942,82171.875,192,423
2025-12-12 15:16:07.845,CKKS,16384,40,8,657837,10.118,82229.625,192,214
2025-12-12 15:16:07.903,CKKS,16384,40,8,657182,15.234,82147.750,192,116
2025-12-12 15:16:07.904,CKKS,16384,40,8,657393,14.838,82174.125,192,295
2025-12-12 15:16:07.911,CKKS,16384,40,8,658025,14.626,82253.125,192,439
2025-12-12 15:16:08.059,CKKS,16384,40,8,656003,9.260,82000.375,192,279
2025-12-12 15:16:08.078,CKKS,16384,40,8,657387,13.567,82173.375,192,455
2025-12-12 15:16:08.080,CKKS,16384,40,8,657898,14.498,82237.250,192,149
2025-12-12 15:16:08.127,CKKS,16384,40,8,657291,12.838,82161.375,192,34
2025-12-12 15:16:08.143,CKKS,16384,40,8,657342,10.469,82167.750,192,198
2025-12-12 15:16:08.175,CKKS,16384,40,8,657394,14.229,82174.250,192,67
2025-12-12 15:16:08.214,CKKS,16384,40,8,657715,10.617,82214.375,192,263
2025-12-12 15:16:08.227,CKKS,16384,40,8,656322,11.162,82040.250,192,471
2025-12-12 15:16:08.321,CKKS,16384,40,8,657369,14.583,82171.125,192,100
2025-12-12 15:16:08.329,CKKS,16384,40,8,657531,13.141,82191.375,192,1
2025-12-12 15:16:08.434,CKKS,16384,40,8,658142,14.121,82267.750,192,487
2025-12-12 15:16:08.441,CKKS,16384,40,8,657534,16.654,82191.750,192,247
2025-12-12 15:16:08.483,CKKS,16384,40,8,658180,9.522,82272.500,192,182
2025-12-12 15:16:08.517,CKKS,16384,40,8,657714,9.174,82214.250,192,133
2025-12-12 15:16:08.698,CKKS,16384,40,8,656014,9.057,82001.750,192,360
2025-12-12 15:16:08.723,CKKS,16384,40,8,658175,9.029,82271.875,192,51
2025-12-12 15:16:08.736,CKKS,16384,40,8,657544,11.129,82193.000,192,376
2025-12-12 15:16:08.750,CKKS,16384,40,8,658179,11.665,82272.375,192,231
2025-12-12 15:16:08.756,CKKS,16384,40,8,657916,9.409,82239.500,192,18
2025-12-12 15:16:08.794,CKKS,16384,40,8,658139,9.129,82267.375,192,344
2025-12-12 15:16:08.799,CKKS,16384,40,8,657589,9.199,82198.625,192,84
2025-12-12 15:16:08.842,CKKS,16384,40,8,657372,9.491,82171.500,192,328
2025-12-12 15:16:08.897,CKKS,16384,40,8,658232,11.471,82279.000,192,392
2025-12-12 15:16:08.903,CKKS,16384,40,8,657970,14.682,82246.250,192,166
2025-12-12 15:16:08.941,CKKS,16384,40,8,657343,10.458,82167.875,192,312
2025-12-12 15:16:08.954,CKKS,16384,40,8,657404,10.926,82175.500,192,408
2025-12-12 15:16:08.999,CKKS,16384,40,8,657684,9.012,82210.500,192,117
2025-12-12 15:16:09.039,CKKS,16384,40,8,657224,9.153,82153.000,192,424
2025-12-12 15:16:09.060,CKKS,16384,40,8,657280,8.814,82160.000,192,215
2025-12-12 15:16:09.103,CKKS,16384,40,8,658084,8.935,82260.500,192,296
2025-12-12 15:16:09.193,CKKS,16384,40,8,657430,9.198,82178.750,192,440
2025-12-12 15:16:09.237,CKKS,16384,40,8,657949,10.055,82243.625,192,280
2025-12-12 15:16:09.254,CKKS,16384,40,8,658213,9.375,82276.625,192,150
2025-12-12 15:16:09.310,CKKS,16384,40,8,657355,9.044,82169.375,192,456
2025-12-12 15:16:09.328,CKKS,16384,40,8,658140,9.078,82267.500,192,35
2025-12-12 15:16:09.353,CKKS,16384,40,8,657334,9.433,82166.750,192,68
2025-12-12 15:16:09.389,CKKS,16384,40,8,658288,9.319,82286.000,192,199
2025-12-12 15:16:09.394,CKKS,16384,40,8,657030,10.011,82128.750,192,2
2025-12-12 15:16:09.528,CKKS,16384,40,8,657259,9.236,82157.375,192,472
2025-12-12 15:16:09.528,CKKS,16384,40,8,658252,9.421,82281.500,192,264
2025-12-12 15:16:09.538,CKKS,16384,40,8,658330,12.360,82291.250,192,101
2025-12-12 15:16:09.661,CKKS,16384,40,8,658215,9.863,82276.875,192,248
2025-12-12 15:16:09.675,CKKS,16384,40,8,657124,10.496,82140.500,192,183
2025-12-12 15:16:09.694,CKKS,16384,40,8,657652,9.289,82206.500,192,488
2025-12-12 15:16:09.713,CKKS,16384,40,8,657443,9.309,82180.375,192,134
2025-12-12 15:16:09.897,CKKS,16384,40,8,657410,9.026,82176.250,192,52
2025-12-12 15:16:10.012,CKKS,16384,40,8,657384,9.027,82173.000,192,361
2025-12-12 15:16:10.053,CKKS,16384,40,8,658241,13.458,82280.125,192,232
2025-12-12 15:16:10.055,CKKS,16384,40,8,657496,14.823,82187.000,192,19
2025-12-12 15:16:10.055,CKKS,16384,40,8,658152,9.374,82269.000,192,85
2025-12-12 15:16:10.070,CKKS,16384,40,8,658228,10.664,82278.500,192,377
2025-12-12 15:16:10.071,CKKS,16384,40,8,657385,9.363,82173.125,192,329
2025-12-12 15:16:10.083,CKKS,16384,40,8,658211,10.474,82276.375,192,345
2025-12-12 15:16:10.086,CKKS,16384,40,8,658107,9.568,82263.375,192,167
2025-12-12 15:16:10.106,CKKS,16384,40,8,658193,8.758,82274.125,192,393
2025-12-12 15:16:10.166,CKKS,16384,40,8,657223,9.194,82152.875,192,313
2025-12-12 15:16:10.192,CKKS,16384,40,8,657128,9.200,82141.000,192,409
2025-12-12 15:16:10.205,CKKS,16384,40,8,657678,9.093,82209.750,192,118
2025-12-12 15:16:10.249,CKKS,16384,40,8,657971,9.777,82246.375,192,216
2025-12-12 15:16:10.277,CKKS,16384,40,8,658323,9.011,82290.375,192,425
2025-12-12 15:16:10.308,CKKS,16384,40,8,657280,8.928,82160.000,192,297
2025-12-12 15:16:10.437,CKKS,16384,40,8,658147,9.009,82268.375,192,441
2025-12-12 15:16:10.460,CKKS,16384,40,8,658283,9.047,82285.375,192,281
2025-12-12 15:16:10.491,CKKS,16384,40,8,657295,9.077,82161.875,192,151
2025-12-12 15:16:10.501,CKKS,16384,40,8,657732,9.154,82216.500,192,36
2025-12-12 15:16:10.601,CKKS,16384,40,8,657441,14.936,82180.125,192,69
2025-12-12 15:16:10.602,CKKS,16384,40,8,658142,15.219,82267.750,192,457
2025-12-12 15:16:10.682,CKKS,16384,40,8,657982,9.360,82247.750,192,3
2025-12-12 15:16:10.721,CKKS,16384,40,8,658080,10.065,82260.000,192,265
2025-12-12 15:16:10.741,CKKS,16384,40,8,658036,10.593,82254.500,192,102
2025-12-12 15:16:10.748,CKKS,16384,40,8,657421,13.678,82177.625,192,200
2025-12-12 15:16:10.774,CKKS,16384,40,8,656958,9.411,82119.750,192,473
2025-12-12 15:16:10.914,CKKS,16384,40,8,657267,9.743,82158.375,192,184
2025-12-12 15:16:10.934,CKKS,16384,40,8,657853,9.674,82231.625,192,249
2025-12-12 15:16:10.964,CKKS,16384,40,8,657927,15.256,82240.875,192,489
2025-12-12 15:16:10.964,CKKS,16384,40,8,658156,15.455,82269.500,192,135
2025-12-12 15:16:11.080,CKKS,16384,40,8,657320,10.140,82165.000,192,53
2025-12-12 15:16:11.118,CKKS,16384,40,8,657686,9.177,82210.750,192,20
2025-12-12 15:16:11.189,CKKS,16384,40,8,657638,10.186,82204.750,192,362
2025-12-12 15:16:11.205,CKKS,16384,40,8,658287,9.559,82285.875,192,233
2025-12-12 15:16:11.217,CKKS,16384,40,8,657658,10.691,82207.250,192,86
2025-12-12 15:16:11.272,CKKS,16384,40,8,658013,9.770,82251.625,192,346
2025-12-12 15:16:11.331,CKKS,16384,40,8,657334,12.363,82166.750,192,378
2025-12-12 15:16:11.353,CKKS,16384,40,8,657728,9.784,82216.000,192,330
2025-12-12 15:16:11.369,CKKS,16384,40,8,657855,9.394,82231.875,192,168
2025-12-12 15:16:11.403,CKKS,16384,40,8,657396,9.077,82174.500,192,394
2025-12-12 15:16:11.426,CKKS,16384,40,8,657403,9.350,82175.375,192,314
2025-12-12 15:16:11.439,CKKS,16384,40,8,658186,9.155,82273.250,192,119
2025-12-12 15:16:11.467,CKKS,16384,40,8,657346,9.212,82168.250,192,410
2025-12-12 15:16:11.498,CKKS,16384,40,8,657777,9.050,82222.125,192,217
2025-12-12 15:16:11.545,CKKS,16384,40,8,658186,9.309,82273.250,192,426
2025-12-12 15:16:11.584,CKKS,16384,40,8,657259,9.748,82157.375,192,298
2025-12-12 15:16:11.690,CKKS,16384,40,8,657614,9.170,82201.750,192,442
2025-12-12 15:16:11.725,CKKS,16384,40,8,657410,10.113,82176.250,192,282
2025-12-12 15:16:11.749,CKKS,16384,40,8,657359,12.715,82169.875,192,152
2025-12-12 15:16:11.847,CKKS,16384,40,8,656548,13.470,82068.500,192,37
2025-12-12 15:16:11.863,CKKS,16384,40,8,656939,18.952,82117.375,192,458
2025-12-12 15:16:11.865,CKKS,16384,40,8,657364,13.619,82170.500,192,70
2025-12-12 15:16:11.889,CKKS,16384,40,8,658224,13.549,82278.000,192,201
2025-12-12 15:16:11.909,CKKS,16384,40,8,657668,9.578,82208.500,192,4
2025-12-12 15:16:11.980,CKKS,16384,40,8,658134,9.067,82266.750,192,103
2025-12-12 15:16:12.047,CKKS,16384,40,8,658024,9.514,82253.000,192,266
2025-12-12 15:16:12.058,CKKS,16384,40,8,656963,10.345,82120.375,192,474
2025-12-12 15:16:12.173,CKKS,16384,40,8,658206,14.861,82275.750,192,250
2025-12-12 15:16:12.178,CKKS,16384,40,8,658230,15.155,82278.750,192,185
2025-12-12 15:16:12.205,CKKS,16384,40,8,657369,12.441,82171.125,192,136
2025-12-12 15:16:12.223,CKKS,16384,40,8,657360,13.303,82170.000,192,490
2025-12-12 15:16:12.372,CKKS,16384,40,8,657440,9.397,82180.000,192,54
2025-12-12 15:16:12.391,CKKS,16384,40,8,658222,10.364,82277.750,192,21
2025-12-12 15:16:12.396,CKKS,16384,40,8,657461,12.552,82182.625,192,363
2025-12-12 15:16:12.430,CKKS,16384,40,8,658248,9.037,82281.000,192,234
2025-12-12 15:16:12.464,CKKS,16384,40,8,657314,12.919,82164.250,192,87
2025-12-12 15:16:12.470,CKKS,16384,40,8,657819,14.697,82227.375,192,347
2025-12-12 15:16:12.493,CKKS,16384,40,8,657831,10.013,82228.875,192,379
2025-12-12 15:16:12.537,CKKS,16384,40,8,657308,10.142,82163.500,192,169
2025-12-12 15:16:12.553,CKKS,16384,40,8,657451,8.914,82181.375,192,331
2025-12-12 15:16:12.636,CKKS,16384,40,8,657994,10.116,82249.250,192,395
2025-12-12 15:16:12.663,CKKS,16384,40,8,657935,10.011,82241.875,192,315
2025-12-12 15:16:12.681,CKKS,16384,40,8,657297,10.251,82162.125,192,120
2025-12-12 15:16:12.696,CKKS,16384,40,8,657946,10.632,82243.250,192,218
2025-12-12 15:16:12.721,CKKS,16384,40,8,658181,10.261,82272.625,192,411
2025-12-12 15:16:12.788,CKKS,16384,40,8,658048,9.635,82256.000,192,427
2025-12-12 15:16:12.801,CKKS,16384,40,8,657116,10.665,82139.500,192,299
2025-12-12 15:16:12.996,CKKS,16384,40,8,657946,9.502,82243.250,192,443
2025-12-12 15:16:13.009,CKKS,16384,40,8,657991,10.754,82248.875,192,283
2025-12-12 15:16:13.030,CKKS,16384,40,8,657358,10.063,82169.750,192,153
2025-12-12 15:16:13.040,CKKS,16384,40,8,657725,12.061,82215.625,192,38
2025-12-12 15:16:13.055,CKKS,16384,40,8,658111,9.844,82263.875,192,71
2025-12-12 15:16:13.094,CKKS,16384,40,8,657441,12.638,82180.125,192,202
2025-12-12 15:16:13.103,CKKS,16384,40,8,658171,14.601,82271.375,192,5
2025-12-12 15:16:13.109,CKKS,16384,40,8,655891,10.887,81986.375,192,459
2025-12-12 15:16:13.119,CKKS,16384,40,8,657404,10.139,82175.500,192,104
2025-12-12 15:16:13.148,CKKS,16384,40,8,657661,9.044,82207.625,192,267
2025-12-12 15:16:13.284,CKKS,16384,40,8,657399,10.335,82174.875,192,475
2025-12-12 15:16:13.482,CKKS,16384,40,8,657782,9.690,82222.750,192,186
2025-12-12 15:16:13.510,CKKS,16384,40,8,658117,11.768,82264.625,192,251
2025-12-12 15:16:13.516,CKKS,16384,40,8,657250,13.664,82156.250,192,137
2025-12-12 15:16:13.517,CKKS,16384,40,8,657373,15.242,82171.625,192,491
2025-12-12 15:16:13.591,CKKS,16384,40,8,658136,12.644,82267.000,192,55
2025-12-12 15:16:13.594,CKKS,16384,40,8,658079,9.352,82259.875,192,22
2025-12-12 15:16:13.676,CKKS,16384,40,8,657465,10.451,82183.125,192,235
2025-12-12 15:16:13.694,CKKS,16384,40,8,657415,13.535,82176.875,192,364
2025-12-12 15:16:13.701,CKKS,16384,40,8,657131,9.420,82141.375,192,88
2025-12-12 15:16:13.720,CKKS,16384,40,8,657400,13.318,82175.000,192,348
2025-12-12 15:16:13.779,CKKS,16384,40,8,657978,9.209,82247.250,192,380
2025-12-12 15:16:13.793,CKKS,16384,40,8,658063,10.898,82257.875,192,170
2025-12-12 15:16:13.803,CKKS,16384,40,8,657361,11.408,82170.125,192,332
2025-12-12 15:16:13.865,CKKS,16384,40,8,657631,9.205,82203.875,192,121
2025-12-12 15:16:13.894,CKKS,16384,40,8,657477,9.044,82184.625,192,396
2025-12-12 15:16:13.905,CKKS,16384,40,8,658051,12.055,82256.375,192,316
2025-12-12 15:16:14.298,CKKS,16384,40,8,657039,9.314,82129.875,192,219
2025-12-12 15:16:14.322,CKKS,16384,40,8,657628,8.958,82203.500,192,412
2025-12-12 15:16:14.336,CKKS,16384,40,8,656164,9.051,82020.500,192,300
2025-12-12 15:16:14.361,CKKS,16384,40,8,657395,11.302,82174.375,192,105
2025-12-12 15:16:14.370,CKKS,16384,40,8,657871,13.987,82233.875,192,72
2025-12-12 15:16:14.388,CKKS,16384,40,8,658282,14.254,82285.250,192,428
2025-12-12 15:16:14.389,CKKS,16384,40,8,657435,15.008,82179.375,192,444
2025-12-12 15:16:14.452,CKKS,16384,40,8,657696,9.073,82212.000,192,460
2025-12-12 15:16:14.462,CKKS,16384,40,8,657427,10.377,82178.375,192,268
2025-12-12 15:16:14.467,CKKS,16384,40,8,657438,9.050,82179.750,192,39
2025-12-12 15:16:14.472,CKKS,16384,40,8,657372,13.005,82171.500,192,284
2025-12-12 15:16:14.485,CKKS,16384,40,8,657321,11.687,82165.125,192,154
2025-12-12 15:16:14.493,CKKS,16384,40,8,657281,14.865,82160.125,192,203
2025-12-12 15:16:14.494,CKKS,16384,40,8,657501,14.601,82187.625,192,6
2025-12-12 15:16:14.534,CKKS,16384,40,8,657314,8.921,82164.250,192,476
2025-12-12 15:16:14.591,CKKS,16384,40,8,658004,8.995,82250.500,192,187
2025-12-12 15:16:14.625,CKKS,16384,40,8,657893,9.136,82236.625,192,138
2025-12-12 15:16:14.637,CKKS,16384,40,8,658195,9.231,82274.375,192,252
2025-12-12 15:16:14.753,CKKS,16384,40,8,657425,8.998,82178.125,192,56
2025-12-12 15:16:14.778,CKKS,16384,40,8,657870,15.770,82233.750,192,492
2025-12-12 15:16:14.780,CKKS,16384,40,8,657951,15.676,82243.875,192,23
2025-12-12 15:16:14.828,CKKS,16384,40,8,658214,9.061,82276.750,192,89
2025-12-12 15:16:14.843,CKKS,16384,40,8,657390,9.095,82173.750,192,236
2025-12-12 15:16:14.944,CKKS,16384,40,8,658108,9.080,82263.500,192,349
2025-12-12 15:16:14.948,CKKS,16384,40,8,657378,9.101,82172.250,192,365
2025-12-12 15:16:15.015,CKKS,16384,40,8,657444,9.482,82180.500,192,171
2025-12-12 15:16:15.040,CKKS,16384,40,8,658126,14.513,82265.750,192,381
2025-12-12 15:16:15.042,CKKS,16384,40,8,658259,15.044,82282.375,192,333
2025-12-12 15:16:15.125,CKKS,16384,40,8,657393,9.153,82174.125,192,122
2025-12-12 15:16:15.180,CKKS,16384,40,8,658127,9.859,82265.875,192,397
2025-12-12 15:16:15.184,CKKS,16384,40,8,657354,9.537,82169.250,192,317
2025-12-12 15:16:15.196,CKKS,16384,40,8,658150,10.705,82268.750,192,220
2025-12-12 15:16:15.242,CKKS,16384,40,8,657788,9.146,82223.500,192,413
2025-12-12 15:16:15.273,CKKS,16384,40,8,658191,9.126,82273.875,192,301
2025-12-12 15:16:15.312,CKKS,16384,40,8,657839,8.994,82229.875,192,429
2025-12-12 15:16:15.377,CKKS,16384,40,8,658154,9.112,82269.250,192,40
2025-12-12 15:16:15.461,CKKS,16384,40,8,658220,9.316,82277.500,192,445
2025-12-12 15:16:15.503,CKKS,16384,40,8,657077,9.053,82134.625,192,7
2025-12-12 15:16:15.524,CKKS,16384,40,8,658203,9.276,82275.375,192,155
2025-12-12 15:16:15.543,CKKS,16384,40,8,657412,9.096,82176.500,192,285
2025-12-12 15:16:15.591,CKKS,16384,40,8,658231,9.403,82278.875,192,204
2025-12-12 15:16:15.596,CKKS,16384,40,8,658199,9.863,82274.875,192,73
2025-12-12 15:16:15.603,CKKS,16384,40,8,657331,11.411,82166.375,192,106
2025-12-12 15:16:15.614,CKKS,16384,40,8,657930,11.375,82241.250,192,461
2025-12-12 15:16:15.619,CKKS,16384,40,8,657879,9.165,82234.875,192,269
2025-12-12 15:16:15.797,CKKS,16384,40,8,657747,9.288,82218.375,192,477
2025-12-12 15:16:15.813,CKKS,16384,40,8,658296,8.812,82287.000,192,188
2025-12-12 15:16:15.883,CKKS,16384,40,8,658114,9.246,82264.250,192,139
2025-12-12 15:16:15.898,CKKS,16384,40,8,657197,8.833,82149.625,192,253
2025-12-12 15:16:16.051,CKKS,16384,40,8,658168,9.068,82271.000,192,24
2025-12-12 15:16:16.066,CKKS,16384,40,8,657980,9.345,82247.500,192,57
2025-12-12 15:16:16.077,CKKS,16384,40,8,658108,9.381,82263.500,192,90
2025-12-12 15:16:16.094,CKKS,16384,40,8,657809,9.037,82226.125,192,493
2025-12-12 15:16:16.102,CKKS,16384,40,8,657762,9.039,82220.250,192,237
2025-12-12 15:16:16.194,CKKS,16384,40,8,658155,10.918,82269.375,192,350
2025-12-12 15:16:16.201,CKKS,16384,40,8,658116,13.811,82264.500,192,366
2025-12-12 15:16:16.247,CKKS,16384,40,8,657342,8.805,82167.750,192,172
2025-12-12 15:16:16.281,CKKS,16384,40,8,657578,9.259,82197.250,192,382
2025-12-12 15:16:16.313,CKKS,16384,40,8,658186,9.090,82273.250,192,334
2025-12-12 15:16:16.359,CKKS,16384,40,8,657742,10.484,82217.750,192,123
2025-12-12 15:16:16.428,CKKS,16384,40,8,658113,9.421,82264.125,192,318
2025-12-12 15:16:16.431,CKKS,16384,40,8,657346,9.232,82168.250,192,398
2025-12-12 15:16:16.443,CKKS,16384,40,8,657553,9.599,82194.125,192,221
2025-12-12 15:16:16.502,CKKS,16384,40,8,658211,9.889,82276.375,192,414
2025-12-12 15:16:16.519,CKKS,16384,40,8,657713,9.002,82214.125,192,302
2025-12-12 15:16:16.566,CKKS,16384,40,8,657361,9.079,82170.125,192,41
2025-12-12 15:16:16.598,CKKS,16384,40,8,658297,8.827,82287.125,192,430
2025-12-12 15:16:16.643,CKKS,16384,40,8,658029,8.836,82253.625,192,74
2025-12-12 15:16:16.692,CKKS,16384,40,8,657323,9.139,82165.375,192,156
2025-12-12 15:16:16.714,CKKS,16384,40,8,657399,9.088,82174.875,192,8
2025-12-12 15:16:16.729,CKKS,16384,40,8,658242,8.969,82280.250,192,286
2025-12-12 15:16:16.751,CKKS,16384,40,8,658075,10.056,82259.375,192,446
2025-12-12 15:16:16.759,CKKS,16384,40,8,657874,13.490,82234.250,192,205
2025-12-12 15:16:16.809,CKKS,16384,40,8,657926,9.085,82240.750,192,107
2025-12-12 15:16:16.869,CKKS,16384,40,8,657348,9.104,82168.500,192,462
2025-12-12 15:16:16.896,CKKS,16384,40,8,658085,11.835,82260.625,192,270
2025-12-12 15:16:17.055,CKKS,16384,40,8,657167,9.040,82145.875,192,478
2025-12-12 15:16:17.157,CKKS,16384,40,8,658132,9.048,82266.500,192,189
2025-12-12 15:16:17.170,CKKS,16384,40,8,657796,8.852,82224.500,192,140
2025-12-12 15:16:17.176,CKKS,16384,40,8,657421,9.119,82177.625,192,254
2025-12-12 15:16:17.203,CKKS,16384,40,8,657716,9.218,82214.500,192,58
2025-12-12 15:16:17.206,CKKS,16384,40,8,658189,9.079,82273.625,192,25
2025-12-12 15:16:17.284,CKKS,16384,40,8,657352,9.031,82169.000,192,91
2025-12-12 15:16:17.331,CKKS,16384,40,8,657426,9.117,82178.250,192,494
2025-12-12 15:16:17.344,CKKS,16384,40,8,657464,9.376,82183.000,192,238
2025-12-12 15:16:17.457,CKKS,16384,40,8,657219,9.133,82152.375,192,367
2025-12-12 15:16:17.464,CKKS,16384,40,8,658183,9.619,82272.875,192,351
2025-12-12 15:16:17.474,CKKS,16384,40,8,657986,9.677,82248.250,192,173
2025-12-12 15:16:17.524,CKKS,16384,40,8,657202,10.780,82150.250,192,335
2025-12-12 15:16:17.546,CKKS,16384,40,8,657982,13.294,82247.750,192,124
2025-12-12 15:16:17.554,CKKS,16384,40,8,658223,13.126,82277.875,192,383
2025-12-12 15:16:17.597,CKKS,16384,40,8,658119,10.627,82264.875,192,319
2025-12-12 15:16:17.624,CKKS,16384,40,8,656327,9.371,82040.875,192,222
2025-12-12 15:16:17.652,CKKS,16384,40,8,657963,8.906,82245.375,192,399
2025-12-12 15:16:17.741,CKKS,16384,40,8,658066,9.043,82258.250,192,303
2025-12-12 15:16:17.777,CKKS,16384,40,8,658227,13.541,82278.375,192,415
2025-12-12 15:16:17.787,CKKS,16384,40,8,658166,13.435,82270.750,192,42
2025-12-12 15:16:17.820,CKKS,16384,40,8,658101,11.397,82262.625,192,431
2025-12-12 15:16:17.865,CKKS,16384,40,8,657701,10.399,82212.625,192,157
2025-12-12 15:16:17.937,CKKS,16384,40,8,658079,9.021,82259.875,192,9
2025-12-12 15:16:17.961,CKKS,16384,40,8,658180,9.166,82272.500,192,75
2025-12-12 15:16:18.059,CKKS,16384,40,8,657791,9.323,82223.875,192,447
2025-12-12 15:16:18.086,CKKS,16384,40,8,658014,9.314,82251.750,192,287
2025-12-12 15:16:18.106,CKKS,16384,40,8,657355,12.773,82169.375,192,206
2025-12-12 15:16:18.112,CKKS,16384,40,8,658204,14.716,82275.500,192,108
2025-12-12 15:16:18.140,CKKS,16384,40,8,657401,8.849,82175.125,192,271
2025-12-12 15:16:18.151,CKKS,16384,40,8,657372,10.842,82171.500,192,463
2025-12-12 15:16:18.331,CKKS,16384,40,8,657939,9.087,82242.375,192,479
2025-12-12 15:16:18.342,CKKS,16384,40,8,658150,9.011,82268.750,192,190
2025-12-12 15:16:18.388,CKKS,16384,40,8,657455,9.519,82181.875,192,255
2025-12-12 15:16:18.392,CKKS,16384,40,8,657274,9.456,82159.250,192,141
2025-12-12 15:16:18.489,CKKS,16384,40,8,657381,9.571,82172.625,192,59
2025-12-12 15:16:18.536,CKKS,16384,40,8,657374,14.396,82171.750,192,26
2025-12-12 15:16:18.566,CKKS,16384,40,8,658322,9.190,82290.250,192,92
2025-12-12 15:16:18.594,CKKS,16384,40,8,658068,9.709,82258.500,192,239
2025-12-12 15:16:18.613,CKKS,16384,40,8,657733,10.769,82216.625,192,495
2025-12-12 15:16:18.713,CKKS,16384,40,8,657775,14.480,82221.875,192,368
2025-12-12 15:16:18.715,CKKS,16384,40,8,658104,14.960,82263.000,192,174
2025-12-12 15:16:18.725,CKKS,16384,40,8,657865,13.725,82233.125,192,352
2025-12-12 15:16:18.813,CKKS,16384,40,8,657335,9.101,82166.875,192,336
2025-12-12 15:16:18.831,CKKS,16384,40,8,658003,13.038,82250.375,192,384
2025-12-12 15:16:18.836,CKKS,16384,40,8,657444,14.782,82180.500,192,125
2025-12-12 15:16:18.853,CKKS,16384,40,8,658201,9.055,82275.125,192,320
2025-12-12 15:16:18.894,CKKS,16384,40,8,657207,9.364,82150.875,192,223
2025-12-12 15:16:18.913,CKKS,16384,40,8,658136,8.810,82267.000,192,400
2025-12-12 15:16:19.029,CKKS,16384,40,8,658098,9.223,82262.250,192,416
2025-12-12 15:16:19.057,CKKS,16384,40,8,657581,8.955,82197.625,192,43
2025-12-12 15:16:19.069,CKKS,16384,40,8,657357,11.309,82169.625,192,304
2025-12-12 15:16:19.082,CKKS,16384,40,8,657430,9.526,82178.750,192,432
2025-12-12 15:16:19.127,CKKS,16384,40,8,658142,9.351,82267.750,192,158
2025-12-12 15:16:19.138,CKKS,16384,40,8,657954,10.166,82244.250,192,76
2025-12-12 15:16:19.143,CKKS,16384,40,8,658183,8.943,82272.875,192,10
2025-12-12 15:16:19.180,CKKS,16384,40,8,655869,9.057,81983.625,192,288
2025-12-12 15:16:19.198,CKKS,16384,40,8,657368,8.888,82171.000,192,207
2025-12-12 15:16:19.245,CKKS,16384,40,8,657444,9.232,82180.500,192,109
2025-12-12 15:16:19.255,CKKS,16384,40,8,657320,9.068,82165.000,192,448
2025-12-12 15:16:19.347,CKKS,16384,40,8,657727,9.049,82215.875,192,272
2025-12-12 15:16:19.373,CKKS,16384,40,8,658209,8.998,82276.125,192,464
2025-12-12 15:16:19.558,CKKS,16384,40,8,657608,9.112,82201.000,192,191
2025-12-12 15:16:19.586,CKKS,16384,40,8,657383,9.340,82172.875,192,256
2025-12-12 15:16:19.598,CKKS,16384,40,8,657259,13.616,82157.375,192,480
2025-12-12 15:16:19.604,CKKS,16384,40,8,658225,14.996,82278.125,192,142
2025-12-12 15:16:19.631,CKKS,16384,40,8,657273,9.029,82159.125,192,60
2025-12-12 15:16:19.644,CKKS,16384,40,8,658144,9.140,82268.000,192,27
2025-12-12 15:16:19.706,CKKS,16384,40,8,657704,9.363,82213.000,192,93
2025-12-12 15:16:19.832,CKKS,16384,40,8,657813,9.094,82226.625,192,240
2025-12-12 15:16:19.871,CKKS,16384,40,8,657369,9.133,82171.125,192,496
2025-12-12 15:16:19.947,CKKS,16384,40,8,658105,9.090,82263.125,192,369
2025-12-12 15:16:19.949,CKKS,16384,40,8,657307,9.092,82163.375,192,175
2025-12-12 15:16:20.047,CKKS,16384,40,8,657966,9.039,82245.750,192,385
2025-12-12 15:16:20.059,CKKS,16384,40,8,658070,9.215,82258.750,192,353
2025-12-12 15:16:20.062,CKKS,16384,40,8,657248,9.094,82156.000,192,126
2025-12-12 15:16:20.086,CKKS,16384,40,8,658209,9.221,82276.125,192,337
2025-12-12 15:16:20.106,CKKS,16384,40,8,658241,9.239,82280.125,192,321
2025-12-12 15:16:20.109,CKKS,16384,40,8,657899,12.672,82237.375,192,224
2025-12-12 15:16:20.135,CKKS,16384,40,8,658363,8.994,82295.375,192,401
2025-12-12 15:16:20.218,CKKS,16384,40,8,657333,8.985,82166.625,192,305
2025-12-12 15:16:20.255,CKKS,16384,40,8,657518,9.064,82189.750,192,417
2025-12-12 15:16:20.322,CKKS,16384,40,8,657774,9.015,82221.750,192,433
2025-12-12 15:16:20.373,CKKS,16384,40,8,657400,9.032,82175.000,192,44
2025-12-12 15:16:20.382,CKKS,16384,40,8,658213,9.525,82276.625,192,11
2025-12-12 15:16:20.391,CKKS,16384,40,8,657922,10.174,82240.250,192,159
2025-12-12 15:16:20.394,CKKS,16384,40,8,658360,12.488,82295.000,192,77
2025-12-12 15:16:20.408,CKKS,16384,40,8,658254,10.056,82281.750,192,289
2025-12-12 15:16:20.425,CKKS,16384,40,8,657651,9.248,82206.375,192,208
2025-12-12 15:16:20.445,CKKS,16384,40,8,658135,9.056,82266.875,192,110
2025-12-12 15:16:20.517,CKKS,16384,40,8,658051,8.850,82256.375,192,449
2025-12-12 15:16:20.583,CKKS,16384,40,8,657352,9.400,82169.000,192,273
2025-12-12 15:16:20.686,CKKS,16384,40,8,657992,9.226,82249.000,192,465
2025-12-12 15:16:20.764,CKKS,16384,40,8,657412,9.449,82176.500,192,143
2025-12-12 15:16:20.792,CKKS,16384,40,8,658308,9.087,82288.500,192,192
2025-12-12 15:16:20.829,CKKS,16384,40,8,658086,9.670,82260.750,192,257
2025-12-12 15:16:20.852,CKKS,16384,40,8,658186,8.794,82273.250,192,61
2025-12-12 15:16:20.870,CKKS,16384,40,8,657840,8.944,82230.000,192,28
2025-12-12 15:16:20.878,CKKS,16384,40,8,657629,9.404,82203.625,192,481
2025-12-12 15:16:20.913,CKKS,16384,40,8,658178,9.245,82272.250,192,94
2025-12-12 15:16:21.044,CKKS,16384,40,8,658049,9.157,82256.125,192,241
2025-12-12 15:16:21.139,CKKS,16384,40,8,657805,11.055,82225.625,192,497
2025-12-12 15:16:21.146,CKKS,16384,40,8,657693,14.149,82211.625,192,176
2025-12-12 15:16:21.217,CKKS,16384,40,8,657480,8.997,82185.000,192,127
2025-12-12 15:16:21.231,CKKS,16384,40,8,658115,10.092,82264.375,192,354
2025-12-12 15:16:21.234,CKKS,16384,40,8,657365,9.201,82170.625,192,370
2025-12-12 15:16:21.251,CKKS,16384,40,8,657419,8.805,82177.375,192,338
2025-12-12 15:16:21.284,CKKS,16384,40,8,658005,9.929,82250.625,192,386
2025-12-12 15:16:21.385,CKKS,16384,40,8,657427,11.744,82178.375,192,225
2025-12-12 15:16:21.388,CKKS,16384,40,8,657416,9.994,82177.000,192,322
2025-12-12 15:16:21.423,CKKS,16384,40,8,657563,9.279,82195.375,192,45
2025-12-12 15:16:21.444,CKKS,16384,40,8,657837,8.815,82229.625,192,402
2025-12-12 15:16:21.491,CKKS,16384,40,8,657417,9.307,82177.125,192,306
2025-12-12 15:16:21.511,CKKS,16384,40,8,657853,8.950,82231.625,192,418
2025-12-12 15:16:21.540,CKKS,16384,40,8,657406,8.975,82175.750,192,12
2025-12-12 15:16:21.621,CKKS,16384,40,8,657635,9.316,82204.375,192,160
2025-12-12 15:16:21.634,CKKS,16384,40,8,657406,10.883,82175.750,192,434
2025-12-12 15:16:21.635,CKKS,16384,40,8,657844,9.182,82230.500,192,78
2025-12-12 15:16:21.657,CKKS,16384,40,8,658262,8.948,82282.750,192,290
2025-12-12 15:16:21.693,CKKS,16384,40,8,657561,9.213,82195.125,192,111
2025-12-12 15:16:21.705,CKKS,16384,40,8,657263,11.127,82157.875,192,209
2025-12-12 15:16:21.768,CKKS,16384,40,8,657730,9.520,82216.250,192,450
2025-12-12 15:16:21.834,CKKS,16384,40,8,658104,9.132,82263.000,192,274
2025-12-12 15:16:21.909,CKKS,16384,40,8,657791,9.164,82223.875,192,466
2025-12-12 15:16:22.057,CKKS,16384,40,8,658083,13.322,82260.375,192,258
2025-12-12 15:16:22.067,CKKS,16384,40,8,657298,13.548,82162.250,192,144
2025-12-12 15:16:22.068,CKKS,16384,40,8,658182,16.087,82272.750,192,193
2025-12-12 15:16:22.101,CKKS,16384,40,8,657458,11.582,82182.250,192,482
2025-12-12 15:16:22.126,CKKS,16384,40,8,657783,12.613,82222.875,192,62
2025-12-12 15:16:22.134,CKKS,16384,40,8,657578,15.295,82197.250,192,29
2025-12-12 15:16:22.165,CKKS,16384,40,8,658022,9.089,82252.750,192,95
2025-12-12 15:16:22.348,CKKS,16384,40,8,657291,8.910,82161.375,192,242
2025-12-12 15:16:22.368,CKKS,16384,40,8,657710,8.834,82213.750,192,177
2025-12-12 15:16:22.394,CKKS,16384,40,8,657948,9.227,82243.500,192,371
2025-12-12 15:16:22.401,CKKS,16384,40,8,658109,8.994,82263.625,192,498
2025-12-12 15:16:22.451,CKKS,16384,40,8,658093,9.155,82261.625,192,128
2025-12-12 15:16:22.452,CKKS,16384,40,8,657521,9.126,82190.125,192,355
2025-12-12 15:16:22.499,CKKS,16384,40,8,657622,9.163,82202.750,192,339
2025-12-12 15:16:22.547,CKKS,16384,40,8,658307,9.131,82288.375,192,387
2025-12-12 15:16:22.582,CKKS,16384,40,8,658304,9.272,82288.000,192,226
2025-12-12 15:16:22.591,CKKS,16384,40,8,655919,12.082,81989.875,192,323
2025-12-12 15:16:22.640,CKKS,16384,40,8,657261,9.079,82157.625,192,46
2025-12-12 15:16:22.706,CKKS,16384,40,8,657995,9.051,82249.375,192,403
2025-12-12 15:16:22.789,CKKS,16384,40,8,658196,8.889,82274.500,192,79
2025-12-12 15:16:22.813,CKKS,16384,40,8,658214,8.776,82276.750,192,419
2025-12-12 15:16:22.830,CKKS,16384,40,8,657759,13.263,82219.875,192,13
2025-12-12 15:16:22.833,CKKS,16384,40,8,657982,14.548,82247.750,192,307
2025-12-12 15:16:22.834,CKKS,16384,40,8,657246,9.286,82155.750,192,161
2025-12-12 15:16:22.861,CKKS,16384,40,8,657697,8.816,82212.125,192,435
2025-12-12 15:16:22.886,CKKS,16384,40,8,658165,10.456,82270.625,192,291
2025-12-12 15:16:22.990,CKKS,16384,40,8,657680,14.085,82210.000,192,210
2025-12-12 15:16:22.991,CKKS,16384,40,8,657869,14.916,82233.625,192,112
2025-12-12 15:16:23.068,CKKS,16384,40,8,658102,9.370,82262.750,192,451
2025-12-12 15:16:23.134,CKKS,16384,40,8,657628,9.777,82203.500,192,275
2025-12-12 15:16:23.182,CKKS,16384,40,8,657867,13.645,82233.375,192,467
2025-12-12 15:16:23.194,CKKS,16384,40,8,658113,13.984,82264.125,192,145
2025-12-12 15:16:23.226,CKKS,16384,40,8,658112,12.042,82264.000,192,194
2025-12-12 15:16:23.275,CKKS,16384,40,8,657657,9.116,82207.125,192,259
2025-12-12 15:16:23.368,CKKS,16384,40,8,657286,9.280,82160.750,192,63
2025-12-12 15:16:23.384,CKKS,16384,40,8,657124,9.031,82140.500,192,483
2025-12-12 15:16:23.394,CKKS,16384,40,8,658075,9.500,82259.375,192,30
2025-12-12 15:16:23.412,CKKS,16384,40,8,656500,11.772,82062.500,192,96
2025-12-12 15:16:23.554,CKKS,16384,40,8,657310,9.130,82163.750,192,243
2025-12-12 15:16:23.577,CKKS,16384,40,8,657394,9.114,82174.250,192,178
2025-12-12 15:16:23.657,CKKS,16384,40,8,658177,9.037,82272.125,192,129
2025-12-12 15:16:23.687,CKKS,16384,40,8,657761,9.099,82220.125,192,499
2025-12-12 15:16:23.700,CKKS,16384,40,8,658140,9.461,82267.500,192,356
2025-12-12 15:16:23.728,CKKS,16384,40,8,658206,9.191,82275.750,192,372
2025-12-12 15:16:23.750,CKKS,16384,40,8,657372,8.808,82171.500,192,340
2025-12-12 15:16:23.806,CKKS,16384,40,8,658247,10.664,82280.875,192,227
2025-12-12 15:16:23.818,CKKS,16384,40,8,658066,13.260,82258.250,192,324
2025-12-12 15:16:23.835,CKKS,16384,40,8,658188,10.913,82273.500,192,388
2025-12-12 15:16:23.878,CKKS,16384,40,8,658251,13.106,82281.375,192,47
2025-12-12 15:16:24.001,CKKS,16384,40,8,658172,9.551,82271.500,192,404
2025-12-12 15:16:24.027,CKKS,16384,40,8,657405,9.156,82175.625,192,80
2025-12-12 15:16:24.060,CKKS,16384,40,8,655947,12.726,81993.375,192,308
2025-12-12 15:16:24.062,CKKS,16384,40,8,656001,9.335,82000.125,192,420
2025-12-12 15:16:24.067,CKKS,16384,40,8,658320,14.905,82290.000,192,162
2025-12-12 15:16:24.077,CKKS,16384,40,8,658270,8.985,82283.750,192,14
2025-12-12 15:16:24.089,CKKS,16384,40,8,657171,9.211,82146.375,192,113
2025-12-12 15:16:24.114,CKKS,16384,40,8,657376,9.136,82172.000,192,436
2025-12-12 15:16:24.136,CKKS,16384,40,8,657166,8.958,82145.750,192,292
2025-12-12 15:16:24.140,CKKS,16384,40,8,657218,9.121,82152.250,192,211
2025-12-12 15:16:24.340,CKKS,16384,40,8,658184,9.397,82273.000,192,452
2025-12-12 15:16:24.353,CKKS,16384,40,8,657600,9.976,82200.000,192,276
2025-12-12 15:16:24.414,CKKS,16384,40,8,657363,9.097,82170.375,192,146
2025-12-12 15:16:24.423,CKKS,16384,40,8,657360,9.205,82170.000,192,195
2025-12-12 15:16:24.449,CKKS,16384,40,8,657281,8.731,82160.125,192,468
2025-12-12 15:16:24.500,CKKS,16384,40,8,657899,9.297,82237.375,192,31
2025-12-12 15:16:24.532,CKKS,16384,40,8,657828,9.378,82228.500,192,260
2025-12-12 15:16:24.536,CKKS,16384,40,8,657692,9.399,82211.500,192,64
2025-12-12 15:16:24.587,CKKS,16384,40,8,657422,9.896,82177.750,192,97
2025-12-12 15:16:24.602,CKKS,16384,40,8,657908,8.922,82238.500,192,484
2025-12-12 15:16:24.825,CKKS,16384,40,8,658247,9.000,82280.875,192,244
2025-12-12 15:16:24.836,CKKS,16384,40,8,657406,9.213,82175.750,192,179
2025-12-12 15:16:24.881,CKKS,16384,40,8,657878,9.145,82234.750,192,130
2025-12-12 15:16:24.918,CKKS,16384,40,8,658035,9.039,82254.375,192,500
2025-12-12 15:16:24.991,CKKS,16384,40,8,658283,9.269,82285.375,192,357
2025-12-12 15:16:25.068,CKKS,16384,40,8,657399,9.192,82174.875,192,373
2025-12-12 15:16:25.096,CKKS,16384,40,8,657809,9.048,82226.125,192,341
2025-12-12 15:16:25.110,CKKS,16384,40,8,657374,9.440,82171.750,192,228
2025-12-12 15:16:25.110,CKKS,16384,40,8,658182,9.921,82272.750,192,48
2025-12-12 15:16:25.130,CKKS,16384,40,8,658114,9.119,82264.250,192,325
2025-12-12 15:16:25.148,CKKS,16384,40,8,658299,9.035,82287.375,192,15
2025-12-12 15:16:25.199,CKKS,16384,40,8,657195,9.175,82149.375,192,389
2025-12-12 15:16:25.225,CKKS,16384,40,8,657177,15.297,82147.125,192,81
2025-12-12 15:16:25.226,CKKS,16384,40,8,658100,14.875,82262.500,192,309
2025-12-12 15:16:25.236,CKKS,16384,40,8,657836,13.575,82229.500,192,163
2025-12-12 15:16:25.242,CKKS,16384,40,8,658162,8.927,82270.250,192,405
2025-12-12 15:16:25.283,CKKS,16384,40,8,657461,9.763,82182.625,192,421
2025-12-12 15:16:25.338,CKKS,16384,40,8,658233,9.206,82279.125,192,114
2025-12-12 15:16:25.392,CKKS,16384,40,8,658194,9.332,82274.250,192,293
2025-12-12 15:16:25.415,CKKS,16384,40,8,658259,9.118,82282.375,192,212
2025-12-12 15:16:25.416,CKKS,16384,40,8,657917,9.056,82239.625,192,437
2025-12-12 15:16:25.570,CKKS,16384,40,8,658081,9.342,82260.125,192,453
2025-12-12 15:16:25.581,CKKS,16384,40,8,657592,9.440,82199.000,192,277
2025-12-12 15:16:25.608,CKKS,16384,40,8,657313,9.425,82164.125,192,147
2025-12-12 15:16:25.646,CKKS,16384,40,8,657362,9.026,82170.250,192,196
2025-12-12 15:16:25.662,CKKS,16384,40,8,657432,9.050,82179.000,192,32
2025-12-12 15:16:25.672,CKKS,16384,40,8,657306,9.149,82163.250,192,65
2025-12-12 15:16:25.708,CKKS,16384,40,8,657594,9.101,82199.250,192,469
2025-12-12 15:16:25.748,CKKS,16384,40,8,657382,9.111,82172.750,192,261
2025-12-12 15:16:25.796,CKKS,16384,40,8,657663,9.315,82207.875,192,98
2025-12-12 15:16:25.865,CKKS,16384,40,8,658173,9.024,82271.625,192,485
2025-12-12 15:16:26.001,CKKS,16384,40,8,657519,9.227,82189.875,192,180
2025-12-12 15:16:26.045,CKKS,16384,40,8,657274,9.013,82159.250,192,245
2025-12-12 15:16:26.097,CKKS,16384,40,8,658172,9.187,82271.500,192,131
2025-12-12 15:16:26.217,CKKS,16384,40,8,657348,9.017,82168.500,192,358
2025-12-12 15:16:26.288,CKKS,16384,40,8,658121,9.076,82265.125,192,374
2025-12-12 15:16:26.290,CKKS,16384,40,8,658233,9.436,82279.125,192,342
2025-12-12 15:16:26.343,CKKS,16384,40,8,658238,9.111,82279.750,192,49
2025-12-12 15:16:26.359,CKKS,16384,40,8,658070,9.161,82258.750,192,229
2025-12-12 15:16:26.375,CKKS,16384,40,8,657997,9.081,82249.625,192,16
2025-12-12 15:16:26.411,CKKS,16384,40,8,658069,10.800,82258.625,192,82
2025-12-12 15:16:26.479,CKKS,16384,40,8,657118,9.378,82139.750,192,390
2025-12-12 15:16:26.489,CKKS,16384,40,8,658203,9.431,82275.375,192,326
2025-12-12 15:16:26.500,CKKS,16384,40,8,657353,11.598,82169.125,192,164
2025-12-12 15:16:26.540,CKKS,16384,40,8,657305,9.215,82163.125,192,310
2025-12-12 15:16:26.547,CKKS,16384,40,8,657747,9.685,82218.375,192,406
2025-12-12 15:16:26.583,CKKS,16384,40,8,658153,9.821,82269.125,192,422
2025-12-12 15:16:26.583,CKKS,16384,40,8,657631,9.312,82203.875,192,115
2025-12-12 15:16:26.670,CKKS,16384,40,8,657331,9.303,82166.375,192,213
2025-12-12 15:16:26.713,CKKS,16384,40,8,658238,9.154,82279.750,192,294
2025-12-12 15:16:26.719,CKKS,16384,40,8,657490,9.864,82186.250,192,438
2025-12-12 15:16:26.830,CKKS,16384,40,8,658170,9.170,82271.250,192,278
2025-12-12 15:16:26.891,CKKS,16384,40,8,658174,9.029,82271.750,192,454
2025-12-12 15:16:26.905,CKKS,16384,40,8,657151,9.194,82143.875,192,148
2025-12-12 15:16:26.949,CKKS,16384,40,8,657798,8.996,82224.750,192,197
2025-12-12 15:16:26.978,CKKS,16384,40,8,657677,8.874,82209.625,192,66
2025-12-12 15:16:26.989,CKKS,16384,40,8,658024,9.309,82253.000,192,33
2025-12-12 15:16:27.001,CKKS,16384,40,8,657561,10.987,82195.125,192,470
2025-12-12 15:16:27.015,CKKS,16384,40,8,657372,9.053,82171.500,192,262
2025-12-12 15:16:27.051,CKKS,16384,40,8,657944,9.138,82243.000,192,99
2025-12-12 15:16:27.162,CKKS,16384,40,8,657895,10.977,82236.875,192,486
2025-12-12 15:16:27.223,CKKS,16384,40,8,657353,9.386,82169.125,192,246
2025-12-12 15:16:27.292,CKKS,16384,40,8,658249,10.640,82281.125,192,181
2025-12-12 15:16:27.391,CKKS,16384,40,8,658182,9.067,82272.750,192,132
2025-12-12 15:16:27.440,CKKS,16384,40,8,657893,9.255,82236.625,192,359
2025-12-12 15:16:27.489,CKKS,16384,40,8,658163,9.287,82270.375,192,375
2025-12-12 15:16:27.499,CKKS,16384,40,8,657487,12.510,82185.875,192,50
2025-12-12 15:16:27.533,CKKS,16384,40,8,657865,9.184,82233.125,192,343
2025-12-12 15:16:27.564,CKKS,16384,40,8,657276,13.757,82159.500,192,17
2025-12-12 15:16:27.566,CKKS,16384,40,8,657449,14.787,82181.125,192,230
2025-12-12 15:16:27.569,CKKS,16384,40,8,657198,9.721,82149.750,192,83
2025-12-12 15:16:27.592,CKKS,16384,40,8,658228,8.859,82278.500,192,327
2025-12-12 15:16:27.616,CKKS,16384,40,8,657934,8.751,82241.750,192,391
2025-12-12 15:16:27.642,CKKS,16384,40,8,658252,8.861,82281.500,192,165
2025-12-12 15:16:27.677,CKKS,16384,40,8,657654,8.966,82206.750,192,311
2025-12-12 15:16:27.710,CKKS,16384,40,8,657635,9.084,82204.375,192,407
2025-12-12 15:16:27.791,CKKS,16384,40,8,657293,9.305,82161.625,192,423
2025-12-12 15:16:27.861,CKKS,16384,40,8,658028,8.976,82253.500,192,214
2025-12-12 15:16:27.927,CKKS,16384,40,8,657409,9.949,82176.125,192,439
2025-12-12 15:16:27.928,CKKS,16384,40,8,658153,13.745,82269.125,192,295
2025-12-12 15:16:27.932,CKKS,16384,40,8,658216,14.946,82277.000,192,116
2025-12-12 15:16:28.077,CKKS,16384,40,8,657515,9.028,82189.375,192,279
2025-12-12 15:16:28.101,CKKS,16384,40,8,657972,13.453,82246.500,192,455
2025-12-12 15:16:28.103,CKKS,16384,40,8,657314,14.820,82164.250,192,149
2025-12-12 15:16:28.145,CKKS,16384,40,8,658124,9.053,82265.500,192,34
2025-12-12 15:16:28.161,CKKS,16384,40,8,658105,8.841,82263.125,192,198
2025-12-12 15:16:28.192,CKKS,16384,40,8,657381,9.218,82172.625,192,67
2025-12-12 15:16:28.233,CKKS,16384,40,8,658244,9.224,82280.500,192,263
2025-12-12 15:16:28.246,CKKS,16384,40,8,658334,10.469,82291.750,192,471
2025-12-12 15:16:28.337,CKKS,16384,40,8,658077,9.373,82259.625,192,100
2025-12-12 15:16:28.347,CKKS,16384,40,8,657831,9.075,82228.875,192,1
2025-12-12 15:16:28.452,CKKS,16384,40,8,657404,9.096,82175.500,192,487
2025-12-12 15:16:28.456,CKKS,16384,40,8,657538,9.170,82192.250,192,247
2025-12-12 15:16:28.498,CKKS,16384,40,8,657727,9.318,82215.875,192,182
2025-12-12 15:16:28.536,CKKS,16384,40,8,657942,11.473,82242.750,192,133
2025-12-12 15:16:28.715,CKKS,16384,40,8,657324,8.985,82165.500,192,360
2025-12-12 15:16:28.741,CKKS,16384,40,8,657500,10.204,82187.500,192,51
2025-12-12 15:16:28.756,CKKS,16384,40,8,657345,10.474,82168.125,192,376
2025-12-12 15:16:28.772,CKKS,16384,40,8,657256,14.305,82157.000,192,231
2025-12-12 15:16:28.778,CKKS,16384,40,8,657526,14.890,82190.750,192,18
2025-12-12 15:16:28.818,CKKS,16384,40,8,657343,13.437,82167.875,192,344
2025-12-12 15:16:28.830,CKKS,16384,40,8,657429,23.095,82178.625,192,84
2025-12-12 15:16:28.863,CKKS,16384,40,8,657180,13.245,82147.500,192,328
2025-12-12 15:16:28.918,CKKS,16384,40,8,657398,13.335,82174.750,192,392
2025-12-12 15:16:28.928,CKKS,16384,40,8,658172,13.657,82271.500,192,166
2025-12-12 15:16:28.962,CKKS,16384,40,8,657347,13.150,82168.375,192,312
2025-12-12 15:16:28.979,CKKS,16384,40,8,658065,14.088,82258.125,192,408
2025-12-12 15:16:29.019,CKKS,16384,40,8,658237,11.493,82279.625,192,117
2025-12-12 15:16:29.064,CKKS,16384,40,8,658091,13.277,82261.375,192,424
2025-12-12 15:16:29.084,CKKS,16384,40,8,657405,13.879,82175.625,192,215
2025-12-12 15:16:29.124,CKKS,16384,40,8,657775,11.694,82221.875,192,296
2025-12-12 15:16:29.208,CKKS,16384,40,8,657471,9.299,82183.875,192,440
2025-12-12 15:16:29.256,CKKS,16384,40,8,658287,9.486,82285.875,192,280
2025-12-12 15:16:29.272,CKKS,16384,40,8,658142,9.406,82267.750,192,150
2025-12-12 15:16:29.326,CKKS,16384,40,8,658046,9.064,82255.750,192,456
2025-12-12 15:16:29.346,CKKS,16384,40,8,658201,9.008,82275.125,192,35
2025-12-12 15:16:29.369,CKKS,16384,40,8,658265,8.965,82283.125,192,68
2025-12-12 15:16:29.411,CKKS,16384,40,8,658357,12.187,82294.625,192,199
2025-12-12 15:16:29.415,CKKS,16384,40,8,657448,14.594,82181.000,192,2
2025-12-12 15:16:29.552,CKKS,16384,40,8,657367,14.961,82170.875,192,472
2025-12-12 15:16:29.554,CKKS,16384,40,8,658087,15.158,82260.875,192,264
2025-12-12 15:16:29.558,CKKS,16384,40,8,657898,9.940,82237.250,192,101
2025-12-12 15:16:29.680,CKKS,16384,40,8,658201,9.322,82275.125,192,248
2025-12-12 15:16:29.692,CKKS,16384,40,8,658246,9.304,82280.750,192,183
2025-12-12 15:16:29.709,CKKS,16384,40,8,657762,8.890,82220.250,192,488
2025-12-12 15:16:29.730,CKKS,16384,40,8,657923,9.186,82240.375,192,134
2025-12-12 15:16:29.913,CKKS,16384,40,8,658235,8.997,82279.375,192,52
2025-12-12 15:16:30.028,CKKS,16384,40,8,657361,9.094,82170.125,192,361
2025-12-12 15:16:30.071,CKKS,16384,40,8,657777,9.524,82222.125,192,19
2025-12-12 15:16:30.076,CKKS,16384,40,8,657813,13.348,82226.625,192,232
2025-12-12 15:16:30.079,CKKS,16384,40,8,657773,14.989,82221.625,192,85
2025-12-12 15:16:30.095,CKKS,16384,40,8,657703,15.112,82212.875,192,377
2025-12-12 15:16:30.095,CKKS,16384,40,8,657267,15.365,82158.375,192,329
2025-12-12 15:16:30.108,CKKS,16384,40,8,657821,13.438,82227.625,192,345
2025-12-12 15:16:30.110,CKKS,16384,40,8,657565,15.315,82195.625,192,167
2025-12-12 15:16:30.122,CKKS,16384,40,8,657542,8.981,82192.750,192,393
2025-12-12 15:16:30.183,CKKS,16384,40,8,657751,9.228,82218.875,192,313
2025-12-12 15:16:30.209,CKKS,16384,40,8,658076,8.826,82259.500,192,409
2025-12-12 15:16:30.222,CKKS,16384,40,8,657242,9.018,82155.250,192,118
2025-12-12 15:16:30.263,CKKS,16384,40,8,656879,9.058,82109.875,192,216
2025-12-12 15:16:30.293,CKKS,16384,40,8,657431,8.953,82178.875,192,425
2025-12-12 15:16:30.323,CKKS,16384,40,8,657815,9.302,82226.875,192,297
2025-12-12 15:16:30.455,CKKS,16384,40,8,658285,8.993,82285.625,192,441
2025-12-12 15:16:30.475,CKKS,16384,40,8,658114,9.116,82264.250,192,281
2025-12-12 15:16:30.510,CKKS,16384,40,8,658329,9.175,82291.125,192,151
2025-12-12 15:16:30.518,CKKS,16384,40,8,656995,11.953,82124.375,192,36
2025-12-12 15:16:30.621,CKKS,16384,40,8,657275,11.755,82159.375,192,69
2025-12-12 15:16:30.623,CKKS,16384,40,8,658012,11.636,82251.500,192,457
2025-12-12 15:16:30.698,CKKS,16384,40,8,657875,9.290,82234.375,192,3
2025-12-12 15:16:30.737,CKKS,16384,40,8,657969,9.611,82246.125,192,265
2025-12-12 15:16:30.760,CKKS,16384,40,8,658144,9.557,82268.000,192,102
2025-12-12 15:16:30.768,CKKS,16384,40,8,658016,13.205,82252.000,192,200
2025-12-12 15:16:30.792,CKKS,16384,40,8,657981,9.217,82247.625,192,473
2025-12-12 15:16:30.931,CKKS,16384,40,8,657352,9.238,82169.000,192,184
2025-12-12 15:16:30.950,CKKS,16384,40,8,658070,8.955,82258.750,192,249
2025-12-12 15:16:30.980,CKKS,16384,40,8,658156,9.098,82269.500,192,489
2025-12-12 15:16:30.980,CKKS,16384,40,8,657690,8.912,82211.250,192,135
2025-12-12 15:16:31.098,CKKS,16384,40,8,658082,9.278,82260.250,192,53
2025-12-12 15:16:31.134,CKKS,16384,40,8,657929,9.210,82241.125,192,20
2025-12-12 15:16:31.205,CKKS,16384,40,8,657678,9.287,82209.750,192,362
2025-12-12 15:16:31.219,CKKS,16384,40,8,656019,8.588,82002.375,192,233
2025-12-12 15:16:31.235,CKKS,16384,40,8,656399,9.332,82049.875,192,86
2025-12-12 15:16:31.288,CKKS,16384,40,8,657363,9.218,82170.375,192,346
2025-12-12 15:16:31.352,CKKS,16384,40,8,657397,11.400,82174.625,192,378
2025-12-12 15:16:31.369,CKKS,16384,40,8,657344,9.617,82168.000,192,330
2025-12-12 15:16:31.385,CKKS,16384,40,8,657823,8.760,82227.875,192,168
2025-12-12 15:16:31.421,CKKS,16384,40,8,657386,10.961,82173.250,192,394
2025-12-12 15:16:31.442,CKKS,16384,40,8,657593,9.444,82199.125,192,314
2025-12-12 15:16:31.456,CKKS,16384,40,8,658073,9.864,82259.125,192,119
2025-12-12 15:16:31.484,CKKS,16384,40,8,657731,9.112,82216.375,192,410
2025-12-12 15:16:31.514,CKKS,16384,40,8,657244,9.170,82155.500,192,217
2025-12-12 15:16:31.562,CKKS,16384,40,8,658218,9.118,82277.250,192,426
2025-12-12 15:16:31.599,CKKS,16384,40,8,658157,9.040,82269.625,192,298
2025-12-12 15:16:31.706,CKKS,16384,40,8,657814,9.337,82226.750,192,442
2025-12-12 15:16:31.741,CKKS,16384,40,8,657957,9.334,82244.625,192,282
2025-12-12 15:16:31.764,CKKS,16384,40,8,657424,9.049,82178.000,192,152
2025-12-12 15:16:31.864,CKKS,16384,40,8,658193,9.074,82274.125,192,37
2025-12-12 15:16:31.879,CKKS,16384,40,8,657689,9.292,82211.125,192,458
2025-12-12 15:16:31.882,CKKS,16384,40,8,657713,9.011,82214.125,192,70
2025-12-12 15:16:31.905,CKKS,16384,40,8,658082,9.126,82260.250,192,201
2025-12-12 15:16:31.925,CKKS,16384,40,8,657431,8.785,82178.875,192,4
2025-12-12 15:16:31.995,CKKS,16384,40,8,657663,9.083,82207.875,192,103
2025-12-12 15:16:32.067,CKKS,16384,40,8,657649,9.767,82206.125,192,266
2025-12-12 15:16:32.079,CKKS,16384,40,8,658250,11.523,82281.250,192,474
2025-12-12 15:16:32.196,CKKS,16384,40,8,657316,12.247,82164.500,192,250
2025-12-12 15:16:32.200,CKKS,16384,40,8,658246,14.636,82280.750,192,185
2025-12-12 15:16:32.220,CKKS,16384,40,8,658201,9.094,82275.125,192,136
2025-12-12 15:16:32.240,CKKS,16384,40,8,657515,9.373,82189.375,192,490
2025-12-12 15:16:32.396,CKKS,16384,40,8,657394,13.790,82174.250,192,54
2025-12-12 15:16:32.411,CKKS,16384,40,8,657362,12.834,82170.250,192,21
2025-12-12 15:16:32.417,CKKS,16384,40,8,657532,13.840,82191.500,192,363
2025-12-12 15:16:32.445,CKKS,16384,40,8,658141,8.781,82267.625,192,234
2025-12-12 15:16:32.481,CKKS,16384,40,8,658066,9.243,82258.250,192,87
2025-12-12 15:16:32.486,CKKS,16384,40,8,657847,9.205,82230.875,192,347
2025-12-12 15:16:32.510,CKKS,16384,40,8,657445,8.987,82180.625,192,379
2025-12-12 15:16:32.553,CKKS,16384,40,8,658084,8.915,82260.500,192,169
2025-12-12 15:16:32.569,CKKS,16384,40,8,657957,8.774,82244.625,192,331
2025-12-12 15:16:32.651,CKKS,16384,40,8,657314,9.104,82164.250,192,395
2025-12-12 15:16:32.681,CKKS,16384,40,8,658076,9.112,82259.500,192,315
2025-12-12 15:16:32.697,CKKS,16384,40,8,657943,8.893,82242.875,192,120
2025-12-12 15:16:32.713,CKKS,16384,40,8,658009,8.987,82251.125,192,218
2025-12-12 15:16:32.739,CKKS,16384,40,8,658159,9.218,82269.875,192,411
2025-12-12 15:16:32.805,CKKS,16384,40,8,657489,9.256,82186.125,192,427
2025-12-12 15:16:32.819,CKKS,16384,40,8,657283,9.115,82160.375,192,299
2025-12-12 15:16:33.014,CKKS,16384,40,8,658105,9.293,82263.125,192,443
2025-12-12 15:16:33.026,CKKS,16384,40,8,657467,9.170,82183.375,192,283
2025-12-12 15:16:33.046,CKKS,16384,40,8,657709,8.940,82213.625,192,153
2025-12-12 15:16:33.058,CKKS,16384,40,8,657894,9.043,82236.750,192,38
2025-12-12 15:16:33.074,CKKS,16384,40,8,658055,9.572,82256.875,192,71
2025-12-12 15:16:33.109,CKKS,16384,40,8,657259,9.291,82157.375,192,202
2025-12-12 15:16:33.119,CKKS,16384,40,8,658235,9.172,82279.375,192,5
2025-12-12 15:16:33.125,CKKS,16384,40,8,658074,8.957,82259.250,192,459
2025-12-12 15:16:33.135,CKKS,16384,40,8,658102,9.114,82262.750,192,104
2025-12-12 15:16:33.165,CKKS,16384,40,8,657379,9.080,82172.375,192,267
2025-12-12 15:16:33.299,CKKS,16384,40,8,656721,9.600,82090.125,192,475
2025-12-12 15:16:33.499,CKKS,16384,40,8,658073,9.169,82259.125,192,186
2025-12-12 15:16:33.530,CKKS,16384,40,8,658133,10.278,82266.625,192,251
2025-12-12 15:16:33.533,CKKS,16384,40,8,657408,9.179,82176.000,192,137
2025-12-12 15:16:33.537,CKKS,16384,40,8,657319,13.736,82164.875,192,491
2025-12-12 15:16:33.607,CKKS,16384,40,8,658043,9.338,82255.375,192,55
2025-12-12 15:16:33.610,CKKS,16384,40,8,657772,9.391,82221.500,192,22
2025-12-12 15:16:33.690,CKKS,16384,40,8,655871,9.249,81983.875,192,235
2025-12-12 15:16:33.716,CKKS,16384,40,8,658301,11.002,82287.625,192,364
2025-12-12 15:16:33.721,CKKS,16384,40,8,657397,13.791,82174.625,192,88
2025-12-12 15:16:33.738,CKKS,16384,40,8,658044,9.445,82255.500,192,348
2025-12-12 15:16:33.796,CKKS,16384,40,8,658071,9.225,82258.875,192,380
2025-12-12 15:16:33.809,CKKS,16384,40,8,658240,9.427,82280.000,192,170
2025-12-12 15:16:33.819,CKKS,16384,40,8,657277,9.031,82159.625,192,332
2025-12-12 15:16:33.881,CKKS,16384,40,8,657820,9.351,82227.500,192,121
2025-12-12 15:16:33.912,CKKS,16384,40,8,657897,9.368,82237.125,192,396
2025-12-12 15:16:33.920,CKKS,16384,40,8,658058,9.149,82257.250,192,316
2025-12-12 15:16:34.314,CKKS,16384,40,8,657957,9.300,82244.625,192,219
2025-12-12 15:16:34.343,CKKS,16384,40,8,657668,10.668,82208.500,192,412
2025-12-12 15:16:34.352,CKKS,16384,40,8,658072,9.248,82259.000,192,300
2025-12-12 15:16:34.381,CKKS,16384,40,8,657968,9.683,82246.000,192,105
2025-12-12 15:16:34.390,CKKS,16384,40,8,658060,12.789,82257.500,192,72
2025-12-12 15:16:34.406,CKKS,16384,40,8,657531,9.324,82191.375,192,444
2025-12-12 15:16:34.407,CKKS,16384,40,8,657720,9.113,82215.000,192,428
2025-12-12 15:16:34.483,CKKS,16384,40,8,658188,15.227,82273.500,192,460
2025-12-12 15:16:34.489,CKKS,16384,40,8,658100,13.229,82262.500,192,268
2025-12-12 15:16:34.509,CKKS,16384,40,8,657396,15.074,82174.500,192,154
2025-12-12 15:16:34.515,CKKS,16384,40,8,657899,19.234,82237.375,192,284
2025-12-12 15:16:34.519,CKKS,16384,40,8,656990,29.227,82123.750,192,39
2025-12-12 15:16:34.527,CKKS,16384,40,8,658204,22.705,82275.500,192,6
2025-12-12 15:16:34.530,CKKS,16384,40,8,657892,23.610,82236.500,192,203
2025-12-12 15:16:34.555,CKKS,16384,40,8,657341,13.766,82167.625,192,476
2025-12-12 15:16:34.608,CKKS,16384,40,8,657406,9.272,82175.750,192,187
2025-12-12 15:16:34.641,CKKS,16384,40,8,657977,9.510,82247.125,192,138
2025-12-12 15:16:34.658,CKKS,16384,40,8,657528,12.819,82191.000,192,252
2025-12-12 15:16:34.777,CKKS,16384,40,8,657431,13.296,82178.875,192,56
2025-12-12 15:16:34.805,CKKS,16384,40,8,658292,15.698,82286.500,192,492
2025-12-12 15:16:34.806,CKKS,16384,40,8,658190,15.955,82273.750,192,23
2025-12-12 15:16:34.850,CKKS,16384,40,8,657833,13.143,82229.125,192,89
2025-12-12 15:16:34.866,CKKS,16384,40,8,658162,13.127,82270.250,192,236
2025-12-12 15:16:34.962,CKKS,16384,40,8,658262,9.187,82282.750,192,349
2025-12-12 15:16:34.969,CKKS,16384,40,8,657411,12.910,82176.375,192,365
2025-12-12 15:16:35.033,CKKS,16384,40,8,658131,9.741,82266.375,192,171
2025-12-12 15:16:35.058,CKKS,16384,40,8,658209,9.119,82276.125,192,333
2025-12-12 15:16:35.060,CKKS,16384,40,8,657195,13.051,82149.375,192,381
2025-12-12 15:16:35.142,CKKS,16384,40,8,657829,10.115,82228.625,192,122
2025-12-12 15:16:35.198,CKKS,16384,40,8,658069,10.449,82258.625,192,397
2025-12-12 15:16:35.205,CKKS,16384,40,8,657450,13.349,82181.250,192,317
2025-12-12 15:16:35.215,CKKS,16384,40,8,657788,10.232,82223.500,192,220
2025-12-12 15:16:35.257,CKKS,16384,40,8,658095,9.080,82261.875,192,413
2025-12-12 15:16:35.290,CKKS,16384,40,8,657987,9.019,82248.375,192,301
2025-12-12 15:16:35.329,CKKS,16384,40,8,657410,9.236,82176.250,192,429
2025-12-12 15:16:35.406,CKKS,16384,40,8,658084,22.370,82260.500,192,40
2025-12-12 15:16:35.485,CKKS,16384,40,8,657998,13.095,82249.750,192,445
2025-12-12 15:16:35.520,CKKS,16384,40,8,657395,9.372,82174.375,192,7
2025-12-12 15:16:35.540,CKKS,16384,40,8,657411,9.608,82176.375,192,155
2025-12-12 15:16:35.563,CKKS,16384,40,8,657336,12.940,82167.000,192,285
2025-12-12 15:16:35.608,CKKS,16384,40,8,657405,9.320,82175.625,192,204
2025-12-12 15:16:35.617,CKKS,16384,40,8,657371,13.265,82171.375,192,73
2025-12-12 15:16:35.625,CKKS,16384,40,8,658332,10.516,82291.500,192,106
2025-12-12 15:16:35.635,CKKS,16384,40,8,658319,12.928,82289.875,192,461
2025-12-12 15:16:35.641,CKKS,16384,40,8,657460,12.979,82182.500,192,269
2025-12-12 15:16:35.813,CKKS,16384,40,8,657549,9.572,82193.625,192,477
2025-12-12 15:16:35.829,CKKS,16384,40,8,656743,8.948,82092.875,192,188
2025-12-12 15:16:35.903,CKKS,16384,40,8,658083,9.551,82260.375,192,139
2025-12-12 15:16:35.916,CKKS,16384,40,8,657413,10.287,82176.625,192,253
2025-12-12 15:16:36.071,CKKS,16384,40,8,658192,9.420,82274.000,192,24
2025-12-12 15:16:36.085,CKKS,16384,40,8,657872,10.151,82234.000,192,57
2025-12-12 15:16:36.099,CKKS,16384,40,8,658103,13.249,82262.875,192,90
2025-12-12 15:16:36.111,CKKS,16384,40,8,658040,9.903,82255.000,192,493
2025-12-12 15:16:36.122,CKKS,16384,40,8,657361,13.134,82170.125,192,237
2025-12-12 15:16:36.214,CKKS,16384,40,8,657424,11.765,82178.000,192,350
2025-12-12 15:16:36.222,CKKS,16384,40,8,658285,13.694,82285.625,192,366
2025-12-12 15:16:36.268,CKKS,16384,40,8,658024,13.036,82253.000,192,172
2025-12-12 15:16:36.297,CKKS,16384,40,8,658254,9.213,82281.750,192,382
2025-12-12 15:16:36.331,CKKS,16384,40,8,658388,9.199,82298.500,192,334
2025-12-12 15:16:36.375,CKKS,16384,40,8,656789,9.377,82098.625,192,123
2025-12-12 15:16:36.451,CKKS,16384,40,8,658124,13.310,82265.500,192,318
2025-12-12 15:16:36.457,CKKS,16384,40,8,658124,13.321,82265.500,192,398
2025-12-12 15:16:36.476,CKKS,16384,40,8,658167,20.353,82270.875,192,221
2025-12-12 15:16:36.523,CKKS,16384,40,8,657657,9.355,82207.125,192,414
2025-12-12 15:16:36.538,CKKS,16384,40,8,658224,10.328,82278.000,192,302
2025-12-12 15:16:36.583,CKKS,16384,40,8,658128,9.245,82266.000,192,41
2025-12-12 15:16:36.613,CKKS,16384,40,8,657437,9.321,82179.625,192,430
2025-12-12 15:16:36.659,CKKS,16384,40,8,658010,9.270,82251.250,192,74
2025-12-12 15:16:36.709,CKKS,16384,40,8,657774,9.731,82221.750,192,156
2025-12-12 15:16:36.730,CKKS,16384,40,8,657392,9.094,82174.000,192,8
2025-12-12 15:16:36.752,CKKS,16384,40,8,657948,13.374,82243.500,192,286
2025-12-12 15:16:36.775,CKKS,16384,40,8,658163,10.947,82270.375,192,446
2025-12-12 15:16:36.782,CKKS,16384,40,8,657296,14.119,82162.000,192,205
2025-12-12 15:16:36.835,CKKS,16384,40,8,657885,13.245,82235.625,192,107
2025-12-12 15:16:36.885,CKKS,16384,40,8,657623,9.319,82202.875,192,462
2025-12-12 15:16:36.913,CKKS,16384,40,8,658089,9.344,82261.125,192,270
2025-12-12 15:16:37.071,CKKS,16384,40,8,657315,9.191,82164.375,192,478
2025-12-12 15:16:37.180,CKKS,16384,40,8,656974,13.252,82121.750,192,189
2025-12-12 15:16:37.190,CKKS,16384,40,8,656977,11.926,82122.125,192,140
2025-12-12 15:16:37.198,CKKS,16384,40,8,658096,14.218,82262.000,192,254
2025-12-12 15:16:37.227,CKKS,16384,40,8,657593,12.974,82199.125,192,58
2025-12-12 15:16:37.230,CKKS,16384,40,8,658150,14.771,82268.750,192,25
2025-12-12 15:16:37.303,CKKS,16384,40,8,658316,10.858,82289.500,192,91
2025-12-12 15:16:37.352,CKKS,16384,40,8,657237,13.091,82154.625,192,494
2025-12-12 15:16:37.362,CKKS,16384,40,8,657913,9.409,82239.125,192,238
2025-12-12 15:16:37.489,CKKS,16384,40,8,658218,13.474,82277.250,192,367
2025-12-12 15:16:37.501,CKKS,16384,40,8,658070,19.404,82258.750,192,351
2025-12-12 15:16:37.510,CKKS,16384,40,8,657703,26.365,82212.875,192,173
2025-12-12 15:16:37.548,CKKS,16384,40,8,658185,13.933,82273.125,192,335
2025-12-12 15:16:37.571,CKKS,16384,40,8,656484,19.066,82060.500,192,124
2025-12-12 15:16:37.579,CKKS,16384,40,8,657621,14.906,82202.625,192,383
2025-12-12 15:16:37.615,CKKS,16384,40,8,658162,9.379,82270.250,192,319
2025-12-12 15:16:37.642,CKKS,16384,40,8,658243,9.149,82280.375,192,222
2025-12-12 15:16:37.666,CKKS,16384,40,8,657152,8.836,82144.000,192,399
2025-12-12 15:16:37.758,CKKS,16384,40,8,657988,8.997,82248.500,192,303
2025-12-12 15:16:37.794,CKKS,16384,40,8,657474,9.028,82184.250,192,415
2025-12-12 15:16:37.806,CKKS,16384,40,8,656050,11.524,82006.250,192,42
2025-12-12 15:16:37.841,CKKS,16384,40,8,657258,13.065,82157.250,192,431
2025-12-12 15:16:37.881,CKKS,16384,40,8,657281,9.624,82160.125,192,157
2025-12-12 15:16:37.957,CKKS,16384,40,8,657569,12.994,82196.125,192,9
2025-12-12 15:16:37.979,CKKS,16384,40,8,657628,9.127,82203.500,192,75
2025-12-12 15:16:38.077,CKKS,16384,40,8,658271,9.173,82283.875,192,447
2025-12-12 15:16:38.107,CKKS,16384,40,8,657462,12.969,82182.750,192,287
2025-12-12 15:16:38.128,CKKS,16384,40,8,658253,8.726,82281.625,192,108
2025-12-12 15:16:38.131,CKKS,16384,40,8,658111,13.084,82263.875,192,206
2025-12-12 15:16:38.155,CKKS,16384,40,8,657343,8.972,82167.875,192,271
2025-12-12 15:16:38.173,CKKS,16384,40,8,658213,13.002,82276.625,192,463
2025-12-12 15:16:38.348,CKKS,16384,40,8,657314,9.455,82164.250,192,479
2025-12-12 15:16:38.362,CKKS,16384,40,8,657365,13.020,82170.625,192,190
2025-12-12 15:16:38.411,CKKS,16384,40,8,657805,12.979,82225.625,192,255
2025-12-12 15:16:38.415,CKKS,16384,40,8,657991,14.727,82248.875,192,141
2025-12-12 15:16:38.511,CKKS,16384,40,8,658049,13.092,82256.125,192,59
2025-12-12 15:16:38.556,CKKS,16384,40,8,658339,12.464,82292.375,192,26
2025-12-12 15:16:38.583,CKKS,16384,40,8,658189,9.310,82273.625,192,92
2025-12-12 15:16:38.610,CKKS,16384,40,8,658241,9.386,82280.125,192,239
2025-12-12 15:16:38.631,CKKS,16384,40,8,658031,8.971,82253.875,192,495
2025-12-12 15:16:38.737,CKKS,16384,40,8,657529,13.505,82191.125,192,368
2025-12-12 15:16:38.741,CKKS,16384,40,8,658300,14.772,82287.500,192,174
2025-12-12 15:16:38.746,CKKS,16384,40,8,657345,12.889,82168.125,192,352
2025-12-12 15:16:38.830,CKKS,16384,40,8,658316,9.091,82289.500,192,336
2025-12-12 15:16:38.858,CKKS,16384,40,8,658142,13.627,82267.750,192,384
2025-12-12 15:16:38.859,CKKS,16384,40,8,657279,14.589,82159.875,192,125
2025-12-12 15:16:38.876,CKKS,16384,40,8,657501,13.033,82187.625,192,320
2025-12-12 15:16:38.912,CKKS,16384,40,8,657552,9.741,82194.000,192,223
2025-12-12 15:16:38.928,CKKS,16384,40,8,657191,8.832,82148.875,192,400
2025-12-12 15:16:39.051,CKKS,16384,40,8,658166,13.361,82270.750,192,416
2025-12-12 15:16:39.081,CKKS,16384,40,8,657332,12.361,82166.500,192,43
2025-12-12 15:16:39.089,CKKS,16384,40,8,657226,12.976,82153.250,192,304
2025-12-12 15:16:39.107,CKKS,16384,40,8,657312,14.469,82164.000,192,432
2025-12-12 15:16:39.152,CKKS,16384,40,8,657304,14.546,82163.000,192,158
2025-12-12 15:16:39.163,CKKS,16384,40,8,657893,13.263,82236.625,192,76
2025-12-12 15:16:39.173,CKKS,16384,40,8,657674,19.018,82209.250,192,10
2025-12-12 15:16:39.200,CKKS,16384,40,8,657306,12.825,82163.250,192,288
2025-12-12 15:16:39.223,CKKS,16384,40,8,657618,14.290,82202.250,192,207
2025-12-12 15:16:39.283,CKKS,16384,40,8,657958,15.880,82244.750,192,109
2025-12-12 15:16:39.296,CKKS,16384,40,8,658206,26.492,82275.750,192,448
2025-12-12 15:16:39.370,CKKS,16384,40,8,658214,13.430,82276.750,192,272
2025-12-12 15:16:39.395,CKKS,16384,40,8,658232,13.371,82279.000,192,464
2025-12-12 15:16:39.579,CKKS,16384,40,8,658008,12.761,82251.000,192,191
2025-12-12 15:16:39.608,CKKS,16384,40,8,658235,11.808,82279.375,192,256
2025-12-12 15:16:39.622,CKKS,16384,40,8,657257,13.402,82157.125,192,480
2025-12-12 15:16:39.622,CKKS,16384,40,8,658130,9.791,82266.250,192,142
2025-12-12 15:16:39.648,CKKS,16384,40,8,657384,8.988,82173.000,192,60
2025-12-12 15:16:39.666,CKKS,16384,40,8,658082,13.018,82260.250,192,27
2025-12-12 15:16:39.725,CKKS,16384,40,8,657311,11.290,82163.875,192,93
2025-12-12 15:16:39.847,CKKS,16384,40,8,657439,9.708,82179.875,192,240
2025-12-12 15:16:39.888,CKKS,16384,40,8,658099,9.602,82262.375,192,496
2025-12-12 15:16:39.971,CKKS,16384,40,8,657730,14.189,82216.250,192,369
2025-12-12 15:16:39.974,CKKS,16384,40,8,658037,14.831,82254.625,192,175
2025-12-12 15:16:40.062,CKKS,16384,40,8,657659,8.770,82207.375,192,385
2025-12-12 15:16:40.078,CKKS,16384,40,8,657864,9.054,82233.000,192,126
2025-12-12 15:16:40.083,CKKS,16384,40,8,657344,13.197,82168.000,192,353
2025-12-12 15:16:40.102,CKKS,16384,40,8,657298,9.437,82162.250,192,337
2025-12-12 15:16:40.126,CKKS,16384,40,8,657279,9.124,82159.875,192,224
2025-12-12 15:16:40.130,CKKS,16384,40,8,657935,13.074,82241.875,192,321
2025-12-12 15:16:40.155,CKKS,16384,40,8,658039,9.211,82254.875,192,401
2025-12-12 15:16:40.242,CKKS,16384,40,8,658243,12.843,82280.375,192,305
2025-12-12 15:16:40.272,CKKS,16384,40,8,657327,9.747,82165.875,192,417
2025-12-12 15:16:40.337,CKKS,16384,40,8,657284,9.002,82160.500,192,433
2025-12-12 15:16:40.390,CKKS,16384,40,8,657283,9.227,82160.375,192,44
2025-12-12 15:16:40.409,CKKS,16384,40,8,657581,13.522,82197.625,192,11
2025-12-12 15:16:40.417,CKKS,16384,40,8,657513,14.936,82189.125,192,159
2025-12-12 15:16:40.422,CKKS,16384,40,8,658154,17.296,82269.250,192,77
2025-12-12 15:16:40.427,CKKS,16384,40,8,656025,11.624,82003.125,192,289
2025-12-12 15:16:40.447,CKKS,16384,40,8,658153,11.278,82269.125,192,208
2025-12-12 15:16:40.467,CKKS,16384,40,8,658127,12.999,82265.875,192,110
2025-12-12 15:16:40.542,CKKS,16384,40,8,657351,13.987,82168.875,192,449
2025-12-12 15:16:40.603,CKKS,16384,40,8,657303,13.178,82162.875,192,273
2025-12-12 15:16:40.708,CKKS,16384,40,8,657309,13.395,82163.625,192,465
2025-12-12 15:16:40.782,CKKS,16384,40,8,657210,9.071,82151.250,192,143
2025-12-12 15:16:40.812,CKKS,16384,40,8,658164,8.966,82270.500,192,192
2025-12-12 15:16:40.845,CKKS,16384,40,8,657594,10.183,82199.250,192,257
2025-12-12 15:16:40.869,CKKS,16384,40,8,658137,8.908,82267.125,192,61
2025-12-12 15:16:40.888,CKKS,16384,40,8,657218,9.857,82152.250,192,28
2025-12-12 15:16:40.901,CKKS,16384,40,8,657338,13.189,82167.250,192,481
2025-12-12 15:16:40.932,CKKS,16384,40,8,658126,9.045,82265.750,192,94
2025-12-12 15:16:41.063,CKKS,16384,40,8,658092,8.948,82261.500,192,241
2025-12-12 15:16:41.161,CKKS,16384,40,8,658134,9.644,82266.750,192,497
2025-12-12 15:16:41.169,CKKS,16384,40,8,658234,13.169,82279.250,192,176
2025-12-12 15:16:41.241,CKKS,16384,40,8,656088,13.110,82011.000,192,127
2025-12-12 15:16:41.254,CKKS,16384,40,8,657361,12.988,82170.125,192,354
2025-12-12 15:16:41.259,CKKS,16384,40,8,658020,15.093,82252.500,192,370
2025-12-12 15:16:41.275,CKKS,16384,40,8,657981,12.938,82247.625,192,338
2025-12-12 15:16:41.304,CKKS,16384,40,8,657227,14.069,82153.375,192,386
2025-12-12 15:16:41.405,CKKS,16384,40,8,657285,9.386,82160.625,192,322
2025-12-12 15:16:41.415,CKKS,16384,40,8,657889,12.097,82236.125,192,225
2025-12-12 15:16:41.441,CKKS,16384,40,8,657752,9.369,82219.000,192,45
2025-12-12 15:16:41.459,CKKS,16384,40,8,658343,8.816,82292.875,192,402
2025-12-12 15:16:41.513,CKKS,16384,40,8,658144,11.558,82268.000,192,306
2025-12-12 15:16:41.536,CKKS,16384,40,8,658206,13.074,82275.750,192,418
2025-12-12 15:16:41.561,CKKS,16384,40,8,657294,13.069,82161.750,192,12
2025-12-12 15:16:41.643,CKKS,16384,40,8,658137,9.115,82267.125,192,160
2025-12-12 15:16:41.654,CKKS,16384,40,8,658148,12.825,82268.500,192,434
2025-12-12 15:16:41.659,CKKS,16384,40,8,658209,13.433,82276.125,192,78
2025-12-12 15:16:41.672,CKKS,16384,40,8,657418,8.979,82177.250,192,290
2025-12-12 15:16:41.710,CKKS,16384,40,8,657498,9.230,82187.250,192,111
2025-12-12 15:16:41.721,CKKS,16384,40,8,657432,10.798,82179.000,192,209
2025-12-12 15:16:41.785,CKKS,16384,40,8,658175,9.047,82271.875,192,450
2025-12-12 15:16:41.853,CKKS,16384,40,8,658100,9.483,82262.500,192,274
2025-12-12 15:16:41.927,CKKS,16384,40,8,658047,9.203,82255.875,192,466
2025-12-12 15:16:42.080,CKKS,16384,40,8,658179,13.082,82272.375,192,258
2025-12-12 15:16:42.093,CKKS,16384,40,8,657599,15.246,82199.875,192,144
2025-12-12 15:16:42.094,CKKS,16384,40,8,657292,15.649,82161.500,192,193
2025-12-12 15:16:42.118,CKKS,16384,40,8,656973,9.344,82121.625,192,482
2025-12-12 15:16:42.146,CKKS,16384,40,8,657629,12.500,82203.625,192,62
2025-12-12 15:16:42.156,CKKS,16384,40,8,658312,12.796,82289.000,192,29
2025-12-12 15:16:42.186,CKKS,16384,40,8,657304,13.019,82163.000,192,95
2025-12-12 15:16:42.364,CKKS,16384,40,8,658161,9.089,82270.125,192,242
2025-12-12 15:16:42.386,CKKS,16384,40,8,658160,8.891,82270.000,192,177
2025-12-12 15:16:42.416,CKKS,16384,40,8,657387,9.372,82173.375,192,371
2025-12-12 15:16:42.423,CKKS,16384,40,8,657558,12.802,82194.750,192,498
2025-12-12 15:16:42.479,CKKS,16384,40,8,657354,15.355,82169.250,192,128
2025-12-12 15:16:42.479,CKKS,16384,40,8,657666,15.177,82208.250,192,355
2025-12-12 15:16:42.519,CKKS,16384,40,8,657324,9.561,82165.500,192,339
2025-12-12 15:16:42.565,CKKS,16384,40,8,657958,9.069,82244.750,192,387
2025-12-12 15:16:42.605,CKKS,16384,40,8,658230,10.070,82278.750,192,226
2025-12-12 15:16:42.615,CKKS,16384,40,8,657432,13.958,82179.000,192,323
2025-12-12 15:16:42.673,CKKS,16384,40,8,657634,22.093,82204.250,192,46
2025-12-12 15:16:42.731,CKKS,16384,40,8,658072,13.466,82259.000,192,403
2025-12-12 15:16:42.812,CKKS,16384,40,8,658208,13.319,82276.000,192,79
2025-12-12 15:16:42.831,CKKS,16384,40,8,657252,9.393,82156.500,192,419
2025-12-12 15:16:42.855,CKKS,16384,40,8,657383,13.847,82172.875,192,307
2025-12-12 15:16:42.857,CKKS,16384,40,8,657302,14.184,82162.750,192,13
2025-12-12 15:16:42.860,CKKS,16384,40,8,658172,14.702,82271.500,192,161
2025-12-12 15:16:42.883,CKKS,16384,40,8,657840,13.016,82230.000,192,435
2025-12-12 15:16:42.901,CKKS,16384,40,8,657280,9.356,82160.000,192,291
2025-12-12 15:16:43.010,CKKS,16384,40,8,658194,9.674,82274.250,192,112
2025-12-12 15:16:43.011,CKKS,16384,40,8,657882,13.248,82235.250,192,210
2025-12-12 15:16:43.083,CKKS,16384,40,8,657397,9.170,82174.625,192,451
2025-12-12 15:16:43.152,CKKS,16384,40,8,657413,9.851,82176.625,192,275
2025-12-12 15:16:43.199,CKKS,16384,40,8,657453,9.261,82181.625,192,467
2025-12-12 15:16:43.214,CKKS,16384,40,8,658212,10.769,82276.500,192,145
2025-12-12 15:16:43.242,CKKS,16384,40,8,657390,9.038,82173.750,192,194
2025-12-12 15:16:43.290,CKKS,16384,40,8,657088,9.294,82136.000,192,259
2025-12-12 15:16:43.386,CKKS,16384,40,8,658134,9.291,82266.750,192,63
2025-12-12 15:16:43.400,CKKS,16384,40,8,657347,9.310,82168.375,192,483
2025-12-12 15:16:43.420,CKKS,16384,40,8,657384,13.156,82173.000,192,30
2025-12-12 15:16:43.430,CKKS,16384,40,8,657268,10.272,82158.500,192,96
2025-12-12 15:16:43.574,CKKS,16384,40,8,658244,9.003,82280.500,192,243
2025-12-12 15:16:43.593,CKKS,16384,40,8,658016,9.947,82252.000,192,178
2025-12-12 15:16:43.674,CKKS,16384,40,8,658241,9.893,82280.125,192,129
2025-12-12 15:16:43.704,CKKS,16384,40,8,657450,9.019,82181.250,192,499
2025-12-12 15:16:43.722,CKKS,16384,40,8,657199,13.163,82149.875,192,356
2025-12-12 15:16:43.744,CKKS,16384,40,8,657892,9.093,82236.500,192,372
2025-12-12 15:16:43.771,CKKS,16384,40,8,658032,12.375,82254.000,192,340
2025-12-12 15:16:43.829,CKKS,16384,40,8,658275,13.294,82284.375,192,227
2025-12-12 15:16:43.837,CKKS,16384,40,8,657394,12.958,82174.250,192,324
2025-12-12 15:16:43.851,CKKS,16384,40,8,657661,9.902,82207.625,192,388
2025-12-12 15:16:43.899,CKKS,16384,40,8,657475,12.988,82184.375,192,47
2025-12-12 15:16:44.018,CKKS,16384,40,8,658259,9.454,82282.375,192,404
2025-12-12 15:16:44.045,CKKS,16384,40,8,658157,10.752,82269.625,192,80
2025-12-12 15:16:44.087,CKKS,16384,40,8,657825,14.674,82228.125,192,308
2025-12-12 15:16:44.089,CKKS,16384,40,8,657662,15.149,82207.750,192,420
2025-12-12 15:16:44.095,CKKS,16384,40,8,657437,15.630,82179.625,192,162
2025-12-12 15:16:44.106,CKKS,16384,40,8,658096,17.463,82262.000,192,14
2025-12-12 15:16:44.111,CKKS,16384,40,8,657615,14.691,82201.875,192,113
2025-12-12 15:16:44.135,CKKS,16384,40,8,657361,13.000,82170.125,192,436
2025-12-12 15:16:44.154,CKKS,16384,40,8,657396,9.802,82174.500,192,292
2025-12-12 15:16:44.162,CKKS,16384,40,8,658268,13.049,82283.500,192,211
2025-12-12 15:16:44.364,CKKS,16384,40,8,658056,13.478,82257.000,192,452
2025-12-12 15:16:44.372,CKKS,16384,40,8,658256,12.045,82282.000,192,276
2025-12-12 15:16:44.442,CKKS,16384,40,8,658298,13.742,82287.250,192,146
2025-12-12 15:16:44.448,CKKS,16384,40,8,657618,16.003,82202.250,192,195
2025-12-12 15:16:44.467,CKKS,16384,40,8,657465,10.181,82183.125,192,468
2025-12-12 15:16:44.519,CKKS,16384,40,8,657607,10.916,82200.875,192,31
2025-12-12 15:16:44.557,CKKS,16384,40,8,658158,12.839,82269.750,192,260
2025-12-12 15:16:44.560,CKKS,16384,40,8,657843,14.666,82230.375,192,64
2025-12-12 15:16:44.610,CKKS,16384,40,8,657654,12.264,82206.750,192,97
2025-12-12 15:16:44.621,CKKS,16384,40,8,658150,11.758,82268.750,192,484
2025-12-12 15:16:44.844,CKKS,16384,40,8,657087,9.703,82135.875,192,244
2025-12-12 15:16:44.857,CKKS,16384,40,8,657848,10.426,82231.000,192,179
2025-12-12 15:16:44.897,CKKS,16384,40,8,657664,9.402,82208.000,192,130
2025-12-12 15:16:44.933,CKKS,16384,40,8,657442,9.187,82180.250,192,500
2025-12-12 15:16:45.008,CKKS,16384,40,8,658275,9.324,82284.375,192,357
2025-12-12 15:16:45.084,CKKS,16384,40,8,658013,9.014,82251.625,192,373
2025-12-12 15:16:45.113,CKKS,16384,40,8,657321,9.189,82165.125,192,341
2025-12-12 15:16:45.134,CKKS,16384,40,8,657399,15.586,82174.875,192,228
2025-12-12 15:16:45.136,CKKS,16384,40,8,657434,15.280,82179.250,192,48
2025-12-12 15:16:45.153,CKKS,16384,40,8,658162,13.278,82270.250,192,325
2025-12-12 15:16:45.164,CKKS,16384,40,8,658001,9.088,82250.125,192,15
2025-12-12 15:16:45.220,CKKS,16384,40,8,658246,9.478,82280.750,192,389
2025-12-12 15:16:45.252,CKKS,16384,40,8,658240,15.340,82280.000,192,309
2025-12-12 15:16:45.256,CKKS,16384,40,8,657368,15.106,82171.000,192,81
2025-12-12 15:16:45.259,CKKS,16384,40,8,658152,13.288,82269.000,192,163
2025-12-12 15:16:45.265,CKKS,16384,40,8,657363,16.112,82170.375,192,405
2025-12-12 15:16:45.304,CKKS,16384,40,8,657283,13.084,82160.375,192,421
2025-12-12 15:16:45.360,CKKS,16384,40,8,657169,13.662,82146.125,192,114
2025-12-12 15:16:45.409,CKKS,16384,40,8,657410,9.288,82176.250,192,293
2025-12-12 15:16:45.431,CKKS,16384,40,8,658232,9.282,82279.000,192,212
2025-12-12 15:16:45.438,CKKS,16384,40,8,658286,13.308,82285.750,192,437
2025-12-12 15:16:45.590,CKKS,16384,40,8,658181,9.333,82272.625,192,453
2025-12-12 15:16:45.605,CKKS,16384,40,8,657638,14.535,82204.750,192,277
2025-12-12 15:16:45.629,CKKS,16384,40,8,657296,12.810,82162.000,192,147
2025-12-12 15:16:45.665,CKKS,16384,40,8,658085,9.535,82260.625,192,196
2025-12-12 15:16:45.681,CKKS,16384,40,8,657292,9.560,82161.500,192,32
2025-12-12 15:16:45.693,CKKS,16384,40,8,658120,12.257,82265.000,192,65
2025-12-12 15:16:45.728,CKKS,16384,40,8,657440,12.072,82180.000,192,469
2025-12-12 15:16:45.765,CKKS,16384,40,8,657437,9.456,82179.625,192,261
2025-12-12 15:16:45.812,CKKS,16384,40,8,657638,9.320,82204.750,192,98
2025-12-12 15:16:45.889,CKKS,16384,40,8,657798,14.657,82224.750,192,485
2025-12-12 15:16:46.022,CKKS,16384,40,8,658212,13.257,82276.500,192,180
2025-12-12 15:16:46.065,CKKS,16384,40,8,658008,13.315,82251.000,192,245
2025-12-12 15:16:46.113,CKKS,16384,40,8,657366,9.646,82170.750,192,131
2025-12-12 15:16:46.243,CKKS,16384,40,8,658279,13.956,82284.875,192,358
2025-12-12 15:16:46.310,CKKS,16384,40,8,657216,13.852,82152.000,192,374
2025-12-12 15:16:46.314,CKKS,16384,40,8,658127,15.070,82265.875,192,342
2025-12-12 15:16:46.365,CKKS,16384,40,8,658312,13.357,82289.000,192,49
2025-12-12 15:16:46.379,CKKS,16384,40,8,658205,9.606,82275.625,192,229
2025-12-12 15:16:46.391,CKKS,16384,40,8,658228,9.162,82278.500,192,16
2025-12-12 15:16:46.431,CKKS,16384,40,8,657984,10.248,82248.000,192,82
2025-12-12 15:16:46.502,CKKS,16384,40,8,658264,10.815,82283.000,192,390
2025-12-12 15:16:46.512,CKKS,16384,40,8,658197,13.564,82274.625,192,326
2025-12-12 15:16:46.525,CKKS,16384,40,8,658000,13.136,82250.000,192,164
2025-12-12 15:16:46.564,CKKS,16384,40,8,658117,13.315,82264.625,192,310
2025-12-12 15:16:46.570,CKKS,16384,40,8,657861,11.544,82232.625,192,406
2025-12-12 15:16:46.601,CKKS,16384,40,8,657796,9.403,82224.500,192,422
2025-12-12 15:16:46.604,CKKS,16384,40,8,657323,12.988,82165.375,192,115
2025-12-12 15:16:46.695,CKKS,16384,40,8,658007,12.982,82250.875,192,213
2025-12-12 15:16:46.738,CKKS,16384,40,8,658185,13.112,82273.125,192,294
2025-12-12 15:16:46.742,CKKS,16384,40,8,658150,10.953,82268.750,192,438
2025-12-12 15:16:46.850,CKKS,16384,40,8,657201,13.072,82150.125,192,278
2025-12-12 15:16:46.912,CKKS,16384,40,8,657316,13.176,82164.500,192,454
2025-12-12 15:16:46.920,CKKS,16384,40,8,657177,9.692,82147.125,192,148
2025-12-12 15:16:46.965,CKKS,16384,40,8,657941,9.559,82242.625,192,197
2025-12-12 15:16:46.994,CKKS,16384,40,8,657529,9.507,82191.125,192,66
2025-12-12 15:16:47.007,CKKS,16384,40,8,655765,12.980,81970.625,192,33
2025-12-12 15:16:47.017,CKKS,16384,40,8,657875,9.483,82234.375,192,470
2025-12-12 15:16:47.033,CKKS,16384,40,8,658037,9.734,82254.625,192,262
2025-12-12 15:16:47.068,CKKS,16384,40,8,658303,9.567,82287.875,192,99
2025-12-12 15:16:47.179,CKKS,16384,40,8,657371,9.300,82171.375,192,486
2025-12-12 15:16:47.239,CKKS,16384,40,8,657126,9.101,82140.750,192,246
2025-12-12 15:16:47.310,CKKS,16384,40,8,658207,11.065,82275.875,192,181
2025-12-12 15:16:47.407,CKKS,16384,40,8,657688,9.327,82211.000,192,132
2025-12-12 15:16:47.458,CKKS,16384,40,8,658149,9.081,82268.625,192,359
2025-12-12 15:16:47.508,CKKS,16384,40,8,656882,9.944,82110.250,192,375
2025-12-12 15:16:47.518,CKKS,16384,40,8,658167,12.416,82270.875,192,50
2025-12-12 15:16:47.550,CKKS,16384,40,8,657671,9.707,82208.875,192,343
2025-12-12 15:16:47.588,CKKS,16384,40,8,657264,14.485,82158.000,192,17
2025-12-12 15:16:47.590,CKKS,16384,40,8,657377,14.804,82172.125,192,230
2025-12-12 15:16:47.592,CKKS,16384,40,8,657785,13.363,82223.125,192,83
2025-12-12 15:16:47.608,CKKS,16384,40,8,656932,9.346,82116.500,192,327
2025-12-12 15:16:47.633,CKKS,16384,40,8,658221,9.242,82277.625,192,391
2025-12-12 15:16:47.657,CKKS,16384,40,8,657464,9.099,82183.000,192,165
2025-12-12 15:16:47.700,CKKS,16384,40,8,657356,13.181,82169.500,192,311
2025-12-12 15:16:47.727,CKKS,16384,40,8,657430,9.346,82178.750,192,407
2025-12-12 15:16:47.817,CKKS,16384,40,8,658297,13.855,82287.125,192,423
2025-12-12 15:16:47.885,CKKS,16384,40,8,658035,13.174,82254.375,192,214
2025-12-12 15:16:47.955,CKKS,16384,40,8,658111,14.700,82263.875,192,439
2025-12-12 15:16:47.955,CKKS,16384,40,8,658088,14.893,82261.000,192,295
2025-12-12 15:16:47.959,CKKS,16384,40,8,658213,13.251,82276.625,192,116
2025-12-12 15:16:48.096,CKKS,16384,40,8,658149,10.171,82268.625,192,279
2025-12-12 15:16:48.120,CKKS,16384,40,8,658171,9.292,82271.375,192,455
2025-12-12 15:16:48.127,CKKS,16384,40,8,657860,13.473,82232.500,192,149
2025-12-12 15:16:48.167,CKKS,16384,40,8,658088,13.310,82261.000,192,34
2025-12-12 15:16:48.177,CKKS,16384,40,8,658219,9.330,82277.375,192,198
2025-12-12 15:16:48.209,CKKS,16384,40,8,658218,9.460,82277.250,192,67
2025-12-12 15:16:48.251,CKKS,16384,40,8,657884,9.088,82235.500,192,263
2025-12-12 15:16:48.264,CKKS,16384,40,8,658185,10.927,82273.125,192,471
2025-12-12 15:16:48.358,CKKS,16384,40,8,657104,13.012,82138.000,192,100
2025-12-12 15:16:48.362,CKKS,16384,40,8,657250,9.653,82156.250,192,1
2025-12-12 15:16:48.474,CKKS,16384,40,8,657241,11.897,82155.125,192,487
2025-12-12 15:16:48.477,CKKS,16384,40,8,657393,10.336,82174.125,192,247
2025-12-12 15:16:48.526,CKKS,16384,40,8,657459,13.410,82182.375,192,182
2025-12-12 15:16:48.560,CKKS,16384,40,8,658106,13.031,82263.250,192,133
2025-12-12 15:16:48.731,CKKS,16384,40,8,658125,9.238,82265.625,192,360
2025-12-12 15:16:48.760,CKKS,16384,40,8,658097,8.979,82262.125,192,51
2025-12-12 15:16:48.772,CKKS,16384,40,8,657436,9.636,82179.500,192,376
2025-12-12 15:16:48.793,CKKS,16384,40,8,658148,9.036,82268.500,192,231
2025-12-12 15:16:48.799,CKKS,16384,40,8,657941,12.971,82242.625,192,18
2025-12-12 15:16:48.833,CKKS,16384,40,8,656988,9.341,82123.500,192,344
2025-12-12 15:16:48.853,CKKS,16384,40,8,657513,13.090,82189.125,192,84
2025-12-12 15:16:48.886,CKKS,16384,40,8,657310,13.008,82163.750,192,328
2025-12-12 15:16:48.940,CKKS,16384,40,8,658020,13.290,82252.500,192,392
2025-12-12 15:16:48.945,CKKS,16384,40,8,658148,9.091,82268.500,192,166
2025-12-12 15:16:48.978,CKKS,16384,40,8,658256,9.057,82282.000,192,312
2025-12-12 15:16:48.995,CKKS,16384,40,8,658249,8.947,82281.125,192,408
2025-12-12 15:16:49.036,CKKS,16384,40,8,658242,9.196,82280.250,192,117
2025-12-12 15:16:49.079,CKKS,16384,40,8,657217,9.065,82152.125,192,424
2025-12-12 15:16:49.102,CKKS,16384,40,8,658074,9.006,82259.250,192,215
2025-12-12 15:16:49.139,CKKS,16384,40,8,657434,9.174,82179.250,192,296
2025-12-12 15:16:49.224,CKKS,16384,40,8,657866,9.311,82233.250,192,440
2025-12-12 15:16:49.272,CKKS,16384,40,8,657911,9.217,82238.875,192,280
2025-12-12 15:16:49.293,CKKS,16384,40,8,658157,13.274,82269.625,192,150
2025-12-12 15:16:49.343,CKKS,16384,40,8,657676,9.027,82209.500,192,456
2025-12-12 15:16:49.362,CKKS,16384,40,8,658274,9.224,82284.250,192,35
2025-12-12 15:16:49.387,CKKS,16384,40,8,658120,8.596,82265.000,192,68
2025-12-12 15:16:49.433,CKKS,16384,40,8,655921,15.362,81990.125,192,199
2025-12-12 15:16:49.440,CKKS,16384,40,8,658108,13.631,82263.500,192,2
2025-12-12 15:16:49.578,CKKS,16384,40,8,658231,14.917,82278.875,192,472
2025-12-12 15:16:49.592,CKKS,16384,40,8,658188,21.338,82273.500,192,101
2025-12-12 15:16:49.592,CKKS,16384,40,8,657447,24.857,82180.875,192,264
2025-12-12 15:16:49.702,CKKS,16384,40,8,657622,14.182,82202.750,192,248
2025-12-12 15:16:49.712,CKKS,16384,40,8,657746,12.926,82218.250,192,183
2025-12-12 15:16:49.728,CKKS,16384,40,8,658272,10.051,82284.000,192,488
2025-12-12 15:16:49.752,CKKS,16384,40,8,658033,13.127,82254.125,192,134
2025-12-12 15:16:49.929,CKKS,16384,40,8,657852,9.301,82231.500,192,52
2025-12-12 15:16:50.045,CKKS,16384,40,8,658070,9.314,82258.750,192,361
2025-12-12 15:16:50.095,CKKS,16384,40,8,656615,11.487,82076.875,192,19
2025-12-12 15:16:50.101,CKKS,16384,40,8,657436,13.011,82179.500,192,232
2025-12-12 15:16:50.106,CKKS,16384,40,8,658153,14.753,82269.125,192,85
2025-12-12 15:16:50.121,CKKS,16384,40,8,657260,15.988,82157.500,192,377
2025-12-12 15:16:50.124,CKKS,16384,40,8,657807,13.823,82225.875,192,329
2025-12-12 15:16:50.137,CKKS,16384,40,8,657914,19.753,82239.250,192,345
2025-12-12 15:16:50.143,CKKS,16384,40,8,658004,20.388,82250.500,192,167
2025-12-12 15:16:50.148,CKKS,16384,40,8,658222,14.917,82277.750,192,393
2025-12-12 15:16:50.198,CKKS,16384,40,8,655966,9.572,81995.750,192,313
2025-12-12 15:16:50.231,CKKS,16384,40,8,657997,13.113,82249.625,192,409
2025-12-12 15:16:50.238,CKKS,16384,40,8,657336,9.408,82167.000,192,118
2025-12-12 15:16:50.281,CKKS,16384,40,8,657382,9.430,82172.750,192,216
2025-12-12 15:16:50.311,CKKS,16384,40,8,658365,9.015,82295.625,192,425
2025-12-12 15:16:50.345,CKKS,16384,40,8,658153,13.240,82269.125,192,297
2025-12-12 15:16:50.477,CKKS,16384,40,8,658169,13.246,82271.125,192,441
2025-12-12 15:16:50.494,CKKS,16384,40,8,657568,9.039,82196.000,192,281
2025-12-12 15:16:50.528,CKKS,16384,40,8,658070,9.392,82258.750,192,151
2025-12-12 15:16:50.538,CKKS,16384,40,8,657379,11.515,82172.375,192,36
2025-12-12 15:16:50.639,CKKS,16384,40,8,658189,9.425,82273.625,192,69
2025-12-12 15:16:50.644,CKKS,16384,40,8,657471,13.264,82183.875,192,457
2025-12-12 15:16:50.721,CKKS,16384,40,8,657336,12.986,82167.000,192,3
2025-12-12 15:16:50.754,CKKS,16384,40,8,657264,9.105,82158.000,192,265
2025-12-12 15:16:50.784,CKKS,16384,40,8,657400,9.566,82175.000,192,200
2025-12-12 15:16:50.784,CKKS,16384,40,8,657968,13.246,82246.000,192,102
2025-12-12 15:16:50.807,CKKS,16384,40,8,657557,8.718,82194.625,192,473
2025-12-12 15:16:50.948,CKKS,16384,40,8,657935,9.518,82241.875,192,184
2025-12-12 15:16:50.967,CKKS,16384,40,8,657638,9.171,82204.750,192,249
2025-12-12 15:16:50.999,CKKS,16384,40,8,658053,9.202,82256.625,192,135
2025-12-12 15:16:51.003,CKKS,16384,40,8,657324,13.320,82165.500,192,489
2025-12-12 15:16:51.115,CKKS,16384,40,8,658221,9.625,82277.625,192,53
2025-12-12 15:16:51.158,CKKS,16384,40,8,657522,13.120,82190.250,192,20
2025-12-12 15:16:51.221,CKKS,16384,40,8,657871,9.283,82233.875,192,362
2025-12-12 15:16:51.236,CKKS,16384,40,8,656086,9.489,82010.750,192,233
2025-12-12 15:16:51.253,CKKS,16384,40,8,658089,9.289,82261.125,192,86
2025-12-12 15:16:51.311,CKKS,16384,40,8,658028,14.030,82253.500,192,346
2025-12-12 15:16:51.370,CKKS,16384,40,8,657799,10.467,82224.875,192,378
2025-12-12 15:16:51.387,CKKS,16384,40,8,658248,8.851,82281.000,192,330
2025-12-12 15:16:51.403,CKKS,16384,40,8,657436,9.387,82179.500,192,168
2025-12-12 15:16:51.438,CKKS,16384,40,8,657336,8.941,82167.000,192,394
2025-12-12 15:16:51.461,CKKS,16384,40,8,658010,9.000,82251.250,192,314
2025-12-12 15:16:51.478,CKKS,16384,40,8,658306,11.211,82288.250,192,119
2025-12-12 15:16:51.502,CKKS,16384,40,8,657631,9.131,82203.875,192,410
2025-12-12 15:16:51.534,CKKS,16384,40,8,657634,9.657,82204.250,192,217
2025-12-12 15:16:51.594,CKKS,16384,40,8,657958,16.546,82244.750,192,426
2025-12-12 15:16:51.627,CKKS,16384,40,8,658184,18.585,82273.000,192,298
2025-12-12 15:16:51.723,CKKS,16384,40,8,658196,9.641,82274.500,192,442
2025-12-12 15:16:51.760,CKKS,16384,40,8,658269,8.963,82283.625,192,282
2025-12-12 15:16:51.782,CKKS,16384,40,8,658242,9.063,82280.250,192,152
2025-12-12 15:16:51.899,CKKS,16384,40,8,657364,20.431,82170.500,192,37
2025-12-12 15:16:51.915,CKKS,16384,40,8,658267,22.750,82283.375,192,70
2025-12-12 15:16:51.922,CKKS,16384,40,8,657921,27.201,82240.125,192,458
2025-12-12 15:16:51.938,CKKS,16384,40,8,658103,22.971,82262.875,192,201
2025-12-12 15:16:51.951,CKKS,16384,40,8,658261,15.459,82282.625,192,4
2025-12-12 15:16:52.012,CKKS,16384,40,8,657208,9.165,82151.000,192,103
2025-12-12 15:16:52.085,CKKS,16384,40,8,658127,9.143,82265.875,192,266
2025-12-12 15:16:52.097,CKKS,16384,40,8,658218,10.947,82277.250,192,474
2025-12-12 15:16:52.218,CKKS,16384,40,8,658286,12.244,82285.750,192,250
2025-12-12 15:16:52.224,CKKS,16384,40,8,657387,14.752,82173.375,192,185
2025-12-12 15:16:52.238,CKKS,16384,40,8,657407,9.627,82175.875,192,136
2025-12-12 15:16:52.258,CKKS,16384,40,8,658218,8.998,82277.250,192,490
2025-12-12 15:16:52.413,CKKS,16384,40,8,657931,9.285,82241.375,192,54
2025-12-12 15:16:52.434,CKKS,16384,40,8,657473,10.589,82184.125,192,21
2025-12-12 15:16:52.436,CKKS,16384,40,8,657341,10.639,82167.625,192,363
2025-12-12 15:16:52.471,CKKS,16384,40,8,657299,13.149,82162.375,192,234
2025-12-12 15:16:52.501,CKKS,16384,40,8,657643,11.556,82205.375,192,87
2025-12-12 15:16:52.509,CKKS,16384,40,8,657434,13.619,82179.250,192,347
2025-12-12 15:16:52.532,CKKS,16384,40,8,658257,9.612,82282.125,192,379
2025-12-12 15:16:52.572,CKKS,16384,40,8,658254,9.761,82281.750,192,169
2025-12-12 15:16:52.585,CKKS,16384,40,8,657965,9.557,82245.625,192,331
2025-12-12 15:16:52.669,CKKS,16384,40,8,658168,9.335,82271.000,192,395
2025-12-12 15:16:52.696,CKKS,16384,40,8,657335,8.953,82166.875,192,315
2025-12-12 15:16:52.715,CKKS,16384,40,8,657938,10.335,82242.250,192,120
2025-12-12 15:16:52.730,CKKS,16384,40,8,657950,10.266,82243.750,192,218
2025-12-12 15:16:52.755,CKKS,16384,40,8,658082,8.948,82260.250,192,411
2025-12-12 15:16:52.825,CKKS,16384,40,8,657763,10.423,82220.375,192,427
2025-12-12 15:16:52.836,CKKS,16384,40,8,657338,10.919,82167.250,192,299
2025-12-12 15:16:53.034,CKKS,16384,40,8,657252,11.975,82156.500,192,443
2025-12-12 15:16:53.045,CKKS,16384,40,8,658253,11.868,82281.625,192,283
2025-12-12 15:16:53.063,CKKS,16384,40,8,657529,8.989,82191.125,192,153
2025-12-12 15:16:53.078,CKKS,16384,40,8,656668,13.027,82083.500,192,38
2025-12-12 15:16:53.090,CKKS,16384,40,8,657310,8.993,82163.750,192,71
2025-12-12 15:16:53.129,CKKS,16384,40,8,657385,13.190,82173.125,192,202
2025-12-12 15:16:53.142,CKKS,16384,40,8,658269,11.593,82283.625,192,5
2025-12-12 15:16:53.148,CKKS,16384,40,8,658052,15.038,82256.500,192,459
2025-12-12 15:16:53.159,CKKS,16384,40,8,657295,13.759,82161.875,192,104
2025-12-12 15:16:53.183,CKKS,16384,40,8,657355,11.912,82169.375,192,267
2025-12-12 15:16:53.321,CKKS,16384,40,8,657931,13.439,82241.375,192,475
2025-12-12 15:16:53.516,CKKS,16384,40,8,657415,9.398,82176.875,192,186
2025-12-12 15:16:53.556,CKKS,16384,40,8,658243,13.073,82280.375,192,137
2025-12-12 15:16:53.557,CKKS,16384,40,8,658072,11.868,82259.000,192,251
2025-12-12 15:16:53.563,CKKS,16384,40,8,657827,15.187,82228.375,192,491
2025-12-12 15:16:53.635,CKKS,16384,40,8,658007,14.260,82250.875,192,55
2025-12-12 15:16:53.636,CKKS,16384,40,8,658246,15.140,82280.750,192,22
2025-12-12 15:16:53.711,CKKS,16384,40,8,657730,12.587,82216.250,192,235
2025-12-12 15:16:53.738,CKKS,16384,40,8,657816,13.209,82227.000,192,364
2025-12-12 15:16:53.741,CKKS,16384,40,8,658169,9.332,82271.125,192,88
2025-12-12 15:16:53.755,CKKS,16384,40,8,658240,9.447,82280.000,192,348
2025-12-12 15:16:53.820,CKKS,16384,40,8,658272,12.968,82284.000,192,380
2025-12-12 15:16:53.829,CKKS,16384,40,8,657403,9.692,82175.375,192,170
2025-12-12 15:16:53.840,CKKS,16384,40,8,657363,13.021,82170.375,192,332
2025-12-12 15:16:53.906,CKKS,16384,40,8,657615,12.916,82201.875,192,121
2025-12-12 15:16:53.931,CKKS,16384,40,8,658104,9.463,82263.000,192,396
2025-12-12 15:16:53.944,CKKS,16384,40,8,657883,12.976,82235.375,192,316
2025-12-12 15:16:54.332,CKKS,16384,40,8,658128,9.411,82266.000,192,219
2025-12-12 15:16:54.363,CKKS,16384,40,8,658219,9.673,82277.375,192,412
2025-12-12 15:16:54.372,CKKS,16384,40,8,657972,13.167,82246.500,192,300
2025-12-12 15:16:54.401,CKKS,16384,40,8,657705,8.867,82213.125,192,105
2025-12-12 15:16:54.411,CKKS,16384,40,8,657358,12.656,82169.750,192,72
2025-12-12 15:16:54.425,CKKS,16384,40,8,657356,10.246,82169.500,192,428
2025-12-12 15:16:54.430,CKKS,16384,40,8,657694,13.153,82211.750,192,444
2025-12-12 15:16:54.504,CKKS,16384,40,8,657103,13.038,82137.875,192,460
2025-12-12 15:16:54.505,CKKS,16384,40,8,657627,9.372,82203.375,192,268
2025-12-12 15:16:54.528,CKKS,16384,40,8,657433,9.080,82179.125,192,154
2025-12-12 15:16:54.540,CKKS,16384,40,8,658153,12.998,82269.125,192,284
2025-12-12 15:16:54.545,CKKS,16384,40,8,657346,14.782,82168.250,192,39
2025-12-12 15:16:54.555,CKKS,16384,40,8,657531,18.344,82191.375,192,6
2025-12-12 15:16:54.556,CKKS,16384,40,8,657322,16.658,82165.250,192,203
2025-12-12 15:16:54.574,CKKS,16384,40,8,657301,10.839,82162.625,192,476
2025-12-12 15:16:54.629,CKKS,16384,40,8,657046,13.253,82130.750,192,187
2025-12-12 15:16:54.659,CKKS,16384,40,8,656059,9.890,82007.375,192,138
2025-12-12 15:16:54.684,CKKS,16384,40,8,657367,13.433,82170.875,192,252
2025-12-12 15:16:54.798,CKKS,16384,40,8,657377,13.164,82172.125,192,56
2025-12-12 15:16:54.826,CKKS,16384,40,8,657392,13.322,82174.000,192,492
2025-12-12 15:16:54.833,CKKS,16384,40,8,658244,16.981,82280.500,192,23
2025-12-12 15:16:54.872,CKKS,16384,40,8,657856,9.506,82232.000,192,89
2025-12-12 15:16:54.883,CKKS,16384,40,8,657293,10.935,82161.625,192,236
2025-12-12 15:16:54.985,CKKS,16384,40,8,657695,12.841,82211.875,192,349
2025-12-12 15:16:54.992,CKKS,16384,40,8,657561,13.310,82195.125,192,365
2025-12-12 15:16:55.048,CKKS,16384,40,8,657356,9.788,82169.500,192,171
2025-12-12 15:16:55.077,CKKS,16384,40,8,656900,9.175,82112.500,192,381
2025-12-12 15:16:55.081,CKKS,16384,40,8,658213,13.201,82276.625,192,333
2025-12-12 15:16:55.161,CKKS,16384,40,8,658152,9.603,82269.000,192,122
2025-12-12 15:16:55.217,CKKS,16384,40,8,657289,9.938,82161.125,192,397
2025-12-12 15:16:55.230,CKKS,16384,40,8,657538,14.163,82192.250,192,317
2025-12-12 15:16:55.232,CKKS,16384,40,8,658220,9.988,82277.500,192,220
2025-12-12 15:16:55.278,CKKS,16384,40,8,658245,12.889,82280.625,192,413
2025-12-12 15:16:55.313,CKKS,16384,40,8,657307,13.112,82163.375,192,301
2025-12-12 15:16:55.345,CKKS,16384,40,8,657981,9.450,82247.625,192,429
2025-12-12 15:16:55.425,CKKS,16384,40,8,658136,9.611,82267.000,192,40
2025-12-12 15:16:55.506,CKKS,16384,40,8,657237,13.169,82154.625,192,445
2025-12-12 15:16:55.539,CKKS,16384,40,8,658170,9.740,82271.250,192,7
2025-12-12 15:16:55.559,CKKS,16384,40,8,657353,9.061,82169.125,192,155
2025-12-12 15:16:55.581,CKKS,16384,40,8,658212,9.121,82276.500,192,285
2025-12-12 15:16:55.632,CKKS,16384,40,8,657410,12.918,82176.250,192,204
2025-12-12 15:16:55.640,CKKS,16384,40,8,657982,11.277,82247.750,192,73
2025-12-12 15:16:55.647,CKKS,16384,40,8,657860,12.988,82232.500,192,106
2025-12-12 15:16:55.659,CKKS,16384,40,8,658075,14.574,82259.375,192,461
2025-12-12 15:16:55.665,CKKS,16384,40,8,658307,16.476,82288.375,192,269
2025-12-12 15:16:55.839,CKKS,16384,40,8,658201,13.449,82275.125,192,477
2025-12-12 15:16:55.845,CKKS,16384,40,8,658031,9.542,82253.875,192,188
2025-12-12 15:16:55.923,CKKS,16384,40,8,657281,12.022,82160.125,192,139
2025-12-12 15:16:55.940,CKKS,16384,40,8,658121,13.351,82265.125,192,253
2025-12-12 15:16:56.092,CKKS,16384,40,8,658134,9.422,82266.750,192,24
2025-12-12 15:16:56.105,CKKS,16384,40,8,657891,10.644,82236.375,192,57
2025-12-12 15:16:56.120,CKKS,16384,40,8,657477,10.402,82184.625,192,90
2025-12-12 15:16:56.137,CKKS,16384,40,8,658156,11.854,82269.500,192,493
2025-12-12 15:16:56.145,CKKS,16384,40,8,657394,13.882,82174.250,192,237
2025-12-12 15:16:56.235,CKKS,16384,40,8,657330,13.109,82166.250,192,350
2025-12-12 15:16:56.242,CKKS,16384,40,8,657398,9.585,82174.750,192,366
2025-12-12 15:16:56.284,CKKS,16384,40,8,657361,9.618,82170.125,192,172
2025-12-12 15:16:56.312,CKKS,16384,40,8,657458,9.108,82182.250,192,382
2025-12-12 15:16:56.354,CKKS,16384,40,8,658116,13.166,82264.500,192,334
2025-12-12 15:16:56.392,CKKS,16384,40,8,657947,9.231,82243.375,192,123
2025-12-12 15:16:56.468,CKKS,16384,40,8,658182,9.723,82272.750,192,318
2025-12-12 15:16:56.480,CKKS,16384,40,8,658144,13.356,82268.000,192,398
2025-12-12 15:16:56.492,CKKS,16384,40,8,657967,9.084,82245.875,192,221
2025-12-12 15:16:56.541,CKKS,16384,40,8,657247,9.452,82155.875,192,414
2025-12-12 15:16:56.561,CKKS,16384,40,8,657789,13.133,82223.625,192,302
2025-12-12 15:16:56.606,CKKS,16384,40,8,658281,13.550,82285.125,192,41
2025-12-12 15:16:56.630,CKKS,16384,40,8,657523,10.211,82190.375,192,430
2025-12-12 15:16:56.680,CKKS,16384,40,8,658168,9.393,82271.000,192,74
2025-12-12 15:16:56.731,CKKS,16384,40,8,657354,13.119,82169.250,192,156
2025-12-12 15:16:56.751,CKKS,16384,40,8,658207,9.405,82275.875,192,8
2025-12-12 15:16:56.768,CKKS,16384,40,8,657936,9.705,82242.000,192,286
2025-12-12 15:16:56.795,CKKS,16384,40,8,656094,13.061,82011.750,192,446
2025-12-12 15:16:56.798,CKKS,16384,40,8,657977,9.180,82247.125,192,205
2025-12-12 15:16:56.852,CKKS,16384,40,8,657216,9.329,82152.000,192,107
2025-12-12 15:16:56.909,CKKS,16384,40,8,658212,13.122,82276.500,192,462
2025-12-12 15:16:56.937,CKKS,16384,40,8,658089,13.010,82261.125,192,270
2025-12-12 15:16:57.095,CKKS,16384,40,8,657550,13.149,82193.750,192,478
2025-12-12 15:16:57.197,CKKS,16384,40,8,657932,9.317,82241.500,192,189
2025-12-12 15:16:57.222,CKKS,16384,40,8,657989,13.325,82248.625,192,140
2025-12-12 15:16:57.223,CKKS,16384,40,8,658010,14.842,82251.250,192,254
2025-12-12 15:16:57.250,CKKS,16384,40,8,658017,13.696,82252.125,192,58
2025-12-12 15:16:57.264,CKKS,16384,40,8,657577,21.736,82197.125,192,25
2025-12-12 15:16:57.321,CKKS,16384,40,8,656058,11.113,82007.250,192,91
2025-12-12 15:16:57.370,CKKS,16384,40,8,657328,9.812,82166.000,192,494
2025-12-12 15:16:57.384,CKKS,16384,40,8,657792,12.967,82224.000,192,238
2025-12-12 15:16:57.509,CKKS,16384,40,8,658240,9.262,82280.000,192,367
2025-12-12 15:16:57.531,CKKS,16384,40,8,657990,16.597,82248.750,192,351
2025-12-12 15:16:57.545,CKKS,16384,40,8,657341,22.002,82167.625,192,173
2025-12-12 15:16:57.572,CKKS,16384,40,8,658072,13.073,82259.000,192,335
2025-12-12 15:16:57.605,CKKS,16384,40,8,658081,17.325,82260.125,192,383
2025-12-12 15:16:57.606,CKKS,16384,40,8,657400,13.239,82175.000,192,124
2025-12-12 15:16:57.633,CKKS,16384,40,8,658164,8.875,82270.500,192,319
2025-12-12 15:16:57.662,CKKS,16384,40,8,657459,9.176,82182.375,192,222
2025-12-12 15:16:57.683,CKKS,16384,40,8,657876,8.931,82234.500,192,399
2025-12-12 15:16:57.775,CKKS,16384,40,8,658260,9.847,82282.500,192,303
2025-12-12 15:16:57.818,CKKS,16384,40,8,658003,12.599,82250.375,192,415
2025-12-12 15:16:57.826,CKKS,16384,40,8,658242,13.771,82280.250,192,42
2025-12-12 15:16:57.859,CKKS,16384,40,8,657745,9.269,82218.125,192,431
2025-12-12 15:16:57.908,CKKS,16384,40,8,658066,13.217,82258.250,192,157
2025-12-12 15:16:57.979,CKKS,16384,40,8,658171,13.274,82271.375,192,9
2025-12-12 15:16:57.994,CKKS,16384,40,8,657457,9.226,82182.125,192,75
2025-12-12 15:16:58.103,CKKS,16384,40,8,658177,13.347,82272.125,192,447
2025-12-12 15:16:58.132,CKKS,16384,40,8,657275,12.927,82159.375,192,287
2025-12-12 15:16:58.155,CKKS,16384,40,8,658123,15.862,82265.375,192,108
2025-12-12 15:16:58.166,CKKS,16384,40,8,657376,25.330,82172.000,192,206
2025-12-12 15:16:58.185,CKKS,16384,40,8,658337,16.757,82292.125,192,271
2025-12-12 15:16:58.190,CKKS,16384,40,8,658162,9.685,82270.250,192,463
2025-12-12 15:16:58.365,CKKS,16384,40,8,658034,9.310,82254.250,192,479
2025-12-12 15:16:58.385,CKKS,16384,40,8,657875,12.994,82234.375,192,190
2025-12-12 15:16:58.432,CKKS,16384,40,8,657772,9.596,82221.500,192,141
2025-12-12 15:16:58.435,CKKS,16384,40,8,658221,13.312,82277.625,192,255
2025-12-12 15:16:58.528,CKKS,16384,40,8,657760,9.558,82220.000,192,59
2025-12-12 15:16:58.575,CKKS,16384,40,8,658176,10.369,82272.000,192,26
2025-12-12 15:16:58.598,CKKS,16384,40,8,657234,8.943,82154.250,192,92
2025-12-12 15:16:58.628,CKKS,16384,40,8,657912,9.221,82239.000,192,239
2025-12-12 15:16:58.647,CKKS,16384,40,8,658164,9.295,82270.500,192,495
2025-12-12 15:16:58.761,CKKS,16384,40,8,658214,13.240,82276.750,192,368
2025-12-12 15:16:58.764,CKKS,16384,40,8,658157,12.177,82269.625,192,174
2025-12-12 15:16:58.771,CKKS,16384,40,8,658290,15.131,82286.250,192,352
2025-12-12 15:16:58.852,CKKS,16384,40,8,657326,13.187,82165.750,192,336
2025-12-12 15:16:58.883,CKKS,16384,40,8,657998,14.841,82249.750,192,384
2025-12-12 15:16:58.885,CKKS,16384,40,8,657472,15.184,82184.000,192,125
2025-12-12 15:16:58.898,CKKS,16384,40,8,657764,12.912,82220.500,192,320
2025-12-12 15:16:58.935,CKKS,16384,40,8,658219,13.108,82277.375,192,223
2025-12-12 15:16:58.947,CKKS,16384,40,8,658252,9.530,82281.500,192,400
2025-12-12 15:16:59.070,CKKS,16384,40,8,657566,10.355,82195.750,192,416
2025-12-12 15:16:59.096,CKKS,16384,40,8,657648,9.102,82206.000,192,43
2025-12-12 15:16:59.114,CKKS,16384,40,8,658096,13.043,82262.000,192,304
2025-12-12 15:16:59.123,CKKS,16384,40,8,657821,9.441,82227.625,192,432
2025-12-12 15:16:59.168,CKKS,16384,40,8,657889,9.650,82236.125,192,158
2025-12-12 15:16:59.181,CKKS,16384,40,8,658083,11.298,82260.375,192,76
2025-12-12 15:16:59.194,CKKS,16384,40,8,657548,13.121,82193.500,192,10
2025-12-12 15:16:59.220,CKKS,16384,40,8,658046,9.092,82255.750,192,288
2025-12-12 15:16:59.238,CKKS,16384,40,8,656936,8.877,82117.000,192,207
2025-12-12 15:16:59.305,CKKS,16384,40,8,658044,9.298,82255.500,192,109
2025-12-12 15:16:59.314,CKKS,16384,40,8,657675,12.010,82209.375,192,448
2025-12-12 15:16:59.387,CKKS,16384,40,8,657494,9.188,82186.750,192,272
2025-12-12 15:16:59.412,CKKS,16384,40,8,657790,8.975,82223.750,192,464
2025-12-12 15:16:59.597,CKKS,16384,40,8,658166,9.153,82270.750,192,191
2025-12-12 15:16:59.630,CKKS,16384,40,8,658213,13.292,82276.625,192,256
2025-12-12 15:16:59.646,CKKS,16384,40,8,657687,14.743,82210.875,192,480
2025-12-12 15:16:59.650,CKKS,16384,40,8,657920,15.216,82240.000,192,142
2025-12-12 15:16:59.665,CKKS,16384,40,8,658135,9.527,82266.875,192,60
2025-12-12 15:16:59.688,CKKS,16384,40,8,657551,13.131,82193.875,192,27
2025-12-12 15:16:59.748,CKKS,16384,40,8,657784,14.563,82223.000,192,93
2025-12-12 15:16:59.873,CKKS,16384,40,8,658019,13.468,82252.375,192,240
2025-12-12 15:16:59.910,CKKS,16384,40,8,657407,13.198,82175.875,192,496
2025-12-12 15:16:59.996,CKKS,16384,40,8,657714,14.191,82214.250,192,369
2025-12-12 15:17:00.001,CKKS,16384,40,8,657334,21.225,82166.750,192,175
2025-12-12 15:17:00.085,CKKS,16384,40,8,658224,11.956,82278.000,192,385
2025-12-12 15:17:00.103,CKKS,16384,40,8,657967,13.496,82245.875,192,126
2025-12-12 15:17:00.108,CKKS,16384,40,8,658083,13.270,82260.375,192,353
2025-12-12 15:17:00.121,CKKS,16384,40,8,657355,10.880,82169.375,192,337
2025-12-12 15:17:00.147,CKKS,16384,40,8,658249,9.094,82281.125,192,224
2025-12-12 15:17:00.161,CKKS,16384,40,8,658280,13.211,82285.000,192,321
2025-12-12 15:17:00.172,CKKS,16384,40,8,657843,9.131,82230.375,192,401
2025-12-12 15:17:00.259,CKKS,16384,40,8,658229,9.320,82278.625,192,305
2025-12-12 15:17:00.294,CKKS,16384,40,8,657895,13.077,82236.875,192,417
2025-12-12 15:17:00.354,CKKS,16384,40,8,657380,9.759,82172.500,192,433
2025-12-12 15:17:00.408,CKKS,16384,40,8,658264,9.098,82283.000,192,44
2025-12-12 15:17:00.431,CKKS,16384,40,8,657595,11.569,82199.375,192,11
2025-12-12 15:17:00.443,CKKS,16384,40,8,657974,16.304,82246.750,192,159
2025-12-12 15:17:00.448,CKKS,16384,40,8,657756,13.712,82219.500,192,77
2025-12-12 15:17:00.453,CKKS,16384,40,8,657375,14.544,82171.875,192,289
2025-12-12 15:17:00.465,CKKS,16384,40,8,657801,10.852,82225.125,192,208
2025-12-12 15:17:00.485,CKKS,16384,40,8,658316,9.317,82289.500,192,110
2025-12-12 15:17:00.559,CKKS,16384,40,8,657656,8.969,82207.000,192,449
2025-12-12 15:17:00.627,CKKS,16384,40,8,657483,13.273,82185.375,192,273
2025-12-12 15:17:00.726,CKKS,16384,40,8,658141,9.057,82267.625,192,465
2025-12-12 15:17:00.797,CKKS,16384,40,8,657130,9.133,82141.250,192,143
2025-12-12 15:17:00.828,CKKS,16384,40,8,657368,9.130,82171.000,192,192
2025-12-12 15:17:00.866,CKKS,16384,40,8,658247,9.960,82280.875,192,257
2025-12-12 15:17:00.893,CKKS,16384,40,8,658234,13.004,82279.250,192,61
2025-12-12 15:17:00.904,CKKS,16384,40,8,657949,9.310,82243.625,192,28
2025-12-12 15:17:00.921,CKKS,16384,40,8,657289,13.416,82161.125,192,481
2025-12-12 15:17:00.956,CKKS,16384,40,8,657929,13.357,82241.125,192,94
2025-12-12 15:17:01.079,CKKS,16384,40,8,657655,9.385,82206.875,192,241
2025-12-12 15:17:01.177,CKKS,16384,40,8,658110,9.667,82263.750,192,497
2025-12-12 15:17:01.189,CKKS,16384,40,8,657893,13.386,82236.625,192,176
2025-12-12 15:17:01.260,CKKS,16384,40,8,657959,9.124,82244.875,192,127
2025-12-12 15:17:01.274,CKKS,16384,40,8,657400,10.998,82175.000,192,354
2025-12-12 15:17:01.280,CKKS,16384,40,8,657447,13.300,82180.875,192,370
2025-12-12 15:17:01.290,CKKS,16384,40,8,657239,8.960,82154.875,192,338
2025-12-12 15:17:01.330,CKKS,16384,40,8,657932,13.691,82241.500,192,386
2025-12-12 15:17:01.425,CKKS,16384,40,8,657699,9.511,82212.375,192,322
2025-12-12 15:17:01.435,CKKS,16384,40,8,658162,12.532,82270.250,192,225
2025-12-12 15:17:01.456,CKKS,16384,40,8,657540,9.127,82192.500,192,45
2025-12-12 15:17:01.482,CKKS,16384,40,8,657247,13.059,82155.875,192,402
2025-12-12 15:17:01.532,CKKS,16384,40,8,657979,9.439,82247.375,192,306
2025-12-12 15:17:01.552,CKKS,16384,40,8,657354,9.042,82169.250,192,418
2025-12-12 15:17:01.579,CKKS,16384,40,8,658236,9.032,82279.500,192,12
2025-12-12 15:17:01.665,CKKS,16384,40,8,658042,9.223,82255.250,192,160
2025-12-12 15:17:01.676,CKKS,16384,40,8,658083,13.560,82260.375,192,434
2025-12-12 15:17:01.680,CKKS,16384,40,8,658234,11.318,82279.250,192,78
2025-12-12 15:17:01.690,CKKS,16384,40,8,657416,11.854,82177.000,192,290
2025-12-12 15:17:01.726,CKKS,16384,40,8,657161,9.372,82145.125,192,111
2025-12-12 15:17:01.741,CKKS,16384,40,8,658162,10.166,82270.250,192,209
2025-12-12 15:17:01.806,CKKS,16384,40,8,658253,13.101,82281.625,192,450
2025-12-12 15:17:01.869,CKKS,16384,40,8,657521,9.124,82190.125,192,274
2025-12-12 15:17:01.950,CKKS,16384,40,8,657275,13.350,82159.375,192,466
2025-12-12 15:17:02.106,CKKS,16384,40,8,657936,13.066,82242.000,192,258
2025-12-12 15:17:02.119,CKKS,16384,40,8,658243,13.710,82280.375,192,193
2025-12-12 15:17:02.122,CKKS,16384,40,8,657884,15.347,82235.500,192,144
2025-12-12 15:17:02.142,CKKS,16384,40,8,657495,13.266,82186.875,192,482
2025-12-12 15:17:02.168,CKKS,16384,40,8,656121,13.143,82015.125,192,62
2025-12-12 15:17:02.173,CKKS,16384,40,8,657992,9.556,82249.000,192,29
2025-12-12 15:17:02.209,CKKS,16384,40,8,657369,13.013,82171.125,192,95
2025-12-12 15:17:02.380,CKKS,16384,40,8,657976,9.523,82247.000,192,242
2025-12-12 15:17:02.401,CKKS,16384,40,8,658043,9.081,82255.375,192,177
2025-12-12 15:17:02.432,CKKS,16384,40,8,657998,9.264,82249.750,192,371
2025-12-12 15:17:02.446,CKKS,16384,40,8,658219,13.076,82277.375,192,498
2025-12-12 15:17:02.496,CKKS,16384,40,8,658256,9.236,82282.000,192,128
2025-12-12 15:17:02.504,CKKS,16384,40,8,658045,13.066,82255.625,192,355
2025-12-12 15:17:02.542,CKKS,16384,40,8,657249,13.033,82156.125,192,339
2025-12-12 15:17:02.583,CKKS,16384,40,8,658237,10.047,82279.625,192,387
2025-12-12 15:17:02.630,CKKS,16384,40,8,657462,13.571,82182.750,192,226
2025-12-12 15:17:02.639,CKKS,16384,40,8,658152,15.017,82269.000,192,323
2025-12-12 15:17:02.688,CKKS,16384,40,8,657472,9.027,82184.000,192,46
2025-12-12 15:17:02.748,CKKS,16384,40,8,657730,9.520,82216.250,192,403
2025-12-12 15:17:02.831,CKKS,16384,40,8,658105,9.808,82263.125,192,79
2025-12-12 15:17:02.846,CKKS,16384,40,8,657430,9.393,82178.750,192,419
2025-12-12 15:17:02.874,CKKS,16384,40,8,657800,9.474,82225.000,192,307
2025-12-12 15:17:02.881,CKKS,16384,40,8,658274,13.136,82284.250,192,13
2025-12-12 15:17:02.884,CKKS,16384,40,8,658061,14.924,82257.625,192,161
2025-12-12 15:17:02.901,CKKS,16384,40,8,657298,10.132,82162.250,192,435
2025-12-12 15:17:02.922,CKKS,16384,40,8,658224,11.719,82278.000,192,291
2025-12-12 15:17:03.032,CKKS,16384,40,8,657470,14.375,82183.750,192,112
2025-12-12 15:17:03.035,CKKS,16384,40,8,657307,14.776,82163.375,192,210
2025-12-12 15:17:03.100,CKKS,16384,40,8,657366,9.297,82170.750,192,451
2025-12-12 15:17:03.171,CKKS,16384,40,8,658287,9.878,82285.875,192,275
2025-12-12 15:17:03.223,CKKS,16384,40,8,657428,13.491,82178.500,192,467
2025-12-12 15:17:03.242,CKKS,16384,40,8,658122,13.354,82265.250,192,145
2025-12-12 15:17:03.267,CKKS,16384,40,8,658177,13.953,82272.125,192,194
2025-12-12 15:17:03.315,CKKS,16384,40,8,657830,13.620,82228.750,192,259
2025-12-12 15:17:03.401,CKKS,16384,40,8,657579,9.015,82197.375,192,63
2025-12-12 15:17:03.417,CKKS,16384,40,8,657703,9.096,82212.875,192,483
2025-12-12 15:17:03.438,CKKS,16384,40,8,658186,9.257,82273.250,192,30
2025-12-12 15:17:03.447,CKKS,16384,40,8,657746,9.581,82218.250,192,96
2025-12-12 15:17:03.592,CKKS,16384,40,8,657332,8.950,82166.500,192,243
2025-12-12 15:17:03.613,CKKS,16384,40,8,657327,9.233,82165.875,192,178
2025-12-12 15:17:03.692,CKKS,16384,40,8,657933,9.273,82241.625,192,129
2025-12-12 15:17:03.720,CKKS,16384,40,8,657344,9.500,82168.000,192,499
2025-12-12 15:17:03.743,CKKS,16384,40,8,657383,12.797,82172.875,192,356
2025-12-12 15:17:03.764,CKKS,16384,40,8,658242,10.063,82280.250,192,372
2025-12-12 15:17:03.790,CKKS,16384,40,8,658382,10.032,82297.750,192,340
2025-12-12 15:17:03.851,CKKS,16384,40,8,658062,10.968,82257.750,192,227
2025-12-12 15:17:03.856,CKKS,16384,40,8,657434,9.961,82179.250,192,324
2025-12-12 15:17:03.872,CKKS,16384,40,8,657897,10.298,82237.125,192,388
2025-12-12 15:17:03.916,CKKS,16384,40,8,657606,9.465,82200.750,192,47
2025-12-12 15:17:04.036,CKKS,16384,40,8,658180,9.558,82272.500,192,404
2025-12-12 15:17:04.060,CKKS,16384,40,8,657114,9.707,82139.250,192,80
2025-12-12 15:17:04.118,CKKS,16384,40,8,657429,15.625,82178.625,192,308
2025-12-12 15:17:04.118,CKKS,16384,40,8,657376,15.834,82172.000,192,420
2025-12-12 15:17:04.130,CKKS,16384,40,8,658171,20.757,82271.375,192,162
2025-12-12 15:17:04.136,CKKS,16384,40,8,658217,18.671,82277.125,192,14
2025-12-12 15:17:04.140,CKKS,16384,40,8,658305,13.727,82288.125,192,113
2025-12-12 15:17:04.155,CKKS,16384,40,8,657980,9.510,82247.500,192,436
2025-12-12 15:17:04.172,CKKS,16384,40,8,658059,8.893,82257.375,192,292
2025-12-12 15:17:04.186,CKKS,16384,40,8,658252,11.222,82281.500,192,211
2025-12-12 15:17:04.385,CKKS,16384,40,8,658178,10.681,82272.250,192,452
2025-12-12 15:17:04.393,CKKS,16384,40,8,658126,13.553,82265.750,192,276
2025-12-12 15:17:04.463,CKKS,16384,40,8,657441,12.207,82180.125,192,146
2025-12-12 15:17:04.471,CKKS,16384,40,8,658208,14.687,82276.000,192,195
2025-12-12 15:17:04.485,CKKS,16384,40,8,658099,10.250,82262.375,192,468
2025-12-12 15:17:04.535,CKKS,16384,40,8,658309,9.331,82288.625,192,31
2025-12-12 15:17:04.580,CKKS,16384,40,8,657674,13.099,82209.250,192,260
2025-12-12 15:17:04.584,CKKS,16384,40,8,657345,14.626,82168.125,192,64
2025-12-12 15:17:04.627,CKKS,16384,40,8,658264,9.798,82283.000,192,97
2025-12-12 15:17:04.641,CKKS,16384,40,8,658068,9.263,82258.500,192,484
2025-12-12 15:17:04.861,CKKS,16384,40,8,657777,10.765,82222.125,192,244
2025-12-12 15:17:04.877,CKKS,16384,40,8,658066,11.874,82258.250,192,179
2025-12-12 15:17:04.916,CKKS,16384,40,8,658379,9.629,82297.375,192,130
2025-12-12 15:17:04.952,CKKS,16384,40,8,657530,9.487,82191.250,192,500
2025-12-12 15:17:05.027,CKKS,16384,40,8,658072,10.173,82259.000,192,357
2025-12-12 15:17:05.100,CKKS,16384,40,8,658290,9.069,82286.250,192,373
2025-12-12 15:17:05.137,CKKS,16384,40,8,658103,9.145,82262.875,192,341
2025-12-12 15:17:05.158,CKKS,16384,40,8,658184,14.551,82273.000,192,228
2025-12-12 15:17:05.161,CKKS,16384,40,8,657614,15.116,82201.750,192,48
2025-12-12 15:17:05.173,CKKS,16384,40,8,657854,9.543,82231.750,192,325
2025-12-12 15:17:05.185,CKKS,16384,40,8,658274,11.679,82284.250,192,15
2025-12-12 15:17:05.239,CKKS,16384,40,8,657365,9.185,82170.625,192,389
2025-12-12 15:17:05.274,CKKS,16384,40,8,658118,9.364,82264.750,192,309
2025-12-12 15:17:05.280,CKKS,16384,40,8,657464,14.065,82183.000,192,81
2025-12-12 15:17:05.285,CKKS,16384,40,8,658299,15.522,82287.375,192,163
2025-12-12 15:17:05.286,CKKS,16384,40,8,658184,11.876,82273.000,192,405
2025-12-12 15:17:05.320,CKKS,16384,40,8,658021,9.463,82252.625,192,421
2025-12-12 15:17:05.378,CKKS,16384,40,8,658164,9.200,82270.500,192,114
2025-12-12 15:17:05.425,CKKS,16384,40,8,658174,9.347,82271.750,192,293
2025-12-12 15:17:05.457,CKKS,16384,40,8,658062,12.451,82257.750,192,212
2025-12-12 15:17:05.461,CKKS,16384,40,8,658114,14.804,82264.250,192,437
2025-12-12 15:17:05.612,CKKS,16384,40,8,658192,9.402,82274.000,192,453
2025-12-12 15:17:05.624,CKKS,16384,40,8,657447,10.935,82180.875,192,277
2025-12-12 15:17:05.649,CKKS,16384,40,8,657801,10.562,82225.125,192,147
2025-12-12 15:17:05.682,CKKS,16384,40,8,658074,10.034,82259.250,192,196
2025-12-12 15:17:05.699,CKKS,16384,40,8,657461,9.251,82182.625,192,32
2025-12-12 15:17:05.711,CKKS,16384,40,8,657338,9.982,82167.250,192,65
2025-12-12 15:17:05.745,CKKS,16384,40,8,658102,9.669,82262.750,192,469
2025-12-12 15:17:05.781,CKKS,16384,40,8,657380,9.446,82172.500,192,261
2025-12-12 15:17:05.832,CKKS,16384,40,8,658245,9.648,82280.625,192,98
2025-12-12 15:17:05.914,CKKS,16384,40,8,657296,10.120,82162.000,192,485
2025-12-12 15:17:06.042,CKKS,16384,40,8,658274,10.195,82284.250,192,180
2025-12-12 15:17:06.084,CKKS,16384,40,8,658198,10.126,82274.750,192,245
2025-12-12 15:17:06.134,CKKS,16384,40,8,658067,9.942,82258.375,192,131
2025-12-12 15:17:06.260,CKKS,16384,40,8,657250,9.988,82156.250,192,358
2025-12-12 15:17:06.335,CKKS,16384,40,8,657796,13.060,82224.500,192,374
2025-12-12 15:17:06.338,CKKS,16384,40,8,657575,14.774,82196.875,192,342
2025-12-12 15:17:06.383,CKKS,16384,40,8,658190,9.360,82273.750,192,49
2025-12-12 15:17:06.401,CKKS,16384,40,8,657418,11.234,82177.250,192,229
2025-12-12 15:17:06.411,CKKS,16384,40,8,657703,11.975,82212.875,192,16
2025-12-12 15:17:06.452,CKKS,16384,40,8,657501,10.093,82187.625,192,82
2025-12-12 15:17:06.519,CKKS,16384,40,8,658150,10.021,82268.750,192,390
2025-12-12 15:17:06.528,CKKS,16384,40,8,657379,9.497,82172.375,192,326
2025-12-12 15:17:06.543,CKKS,16384,40,8,658050,9.030,82256.250,192,164
2025-12-12 15:17:06.581,CKKS,16384,40,8,657325,9.630,82165.625,192,310
2025-12-12 15:17:06.588,CKKS,16384,40,8,657913,10.260,82239.125,192,406
2025-12-12 15:17:06.626,CKKS,16384,40,8,658042,14.110,82255.250,192,422
2025-12-12 15:17:06.628,CKKS,16384,40,8,658270,14.724,82283.750,192,115
2025-12-12 15:17:06.711,CKKS,16384,40,8,657881,9.245,82235.125,192,213
2025-12-12 15:17:06.754,CKKS,16384,40,8,657791,9.256,82223.875,192,294
2025-12-12 15:17:06.759,CKKS,16384,40,8,657855,9.410,82231.875,192,438
2025-12-12 15:17:06.868,CKKS,16384,40,8,658082,9.241,82260.250,192,278
2025-12-12 15:17:06.933,CKKS,16384,40,8,657400,10.560,82175.000,192,454
2025-12-12 15:17:06.941,CKKS,16384,40,8,657106,13.306,82138.250,192,148
2025-12-12 15:17:06.983,CKKS,16384,40,8,657719,9.394,82214.875,192,197
2025-12-12 15:17:07.011,CKKS,16384,40,8,657436,9.239,82179.500,192,66
2025-12-12 15:17:07.028,CKKS,16384,40,8,658195,9.439,82274.375,192,33
2025-12-12 15:17:07.038,CKKS,16384,40,8,656413,11.822,82051.625,192,470
2025-12-12 15:17:07.049,CKKS,16384,40,8,657300,9.770,82162.500,192,262
2025-12-12 15:17:07.085,CKKS,16384,40,8,657384,9.458,82173.000,192,99
2025-12-12 15:17:07.195,CKKS,16384,40,8,657993,9.511,82249.125,192,486
2025-12-12 15:17:07.262,CKKS,16384,40,8,658132,11.353,82266.500,192,246
2025-12-12 15:17:07.328,CKKS,16384,40,8,657281,9.476,82160.125,192,181
2025-12-12 15:17:07.424,CKKS,16384,40,8,657312,9.336,82164.000,192,132
2025-12-12 15:17:07.473,CKKS,16384,40,8,658175,8.919,82271.875,192,359
2025-12-12 15:17:07.533,CKKS,16384,40,8,657991,10.806,82248.875,192,375
2025-12-12 15:17:07.540,CKKS,16384,40,8,657857,14.135,82232.125,192,50
2025-12-12 15:17:07.569,CKKS,16384,40,8,657560,8.938,82195.000,192,343
2025-12-12 15:17:07.609,CKKS,16384,40,8,657864,11.962,82233.000,192,17
2025-12-12 15:17:07.611,CKKS,16384,40,8,658043,10.489,82255.375,192,83
2025-12-12 15:17:07.617,CKKS,16384,40,8,657373,14.687,82171.625,192,230
2025-12-12 15:17:07.628,CKKS,16384,40,8,658051,11.604,82256.375,192,327
2025-12-12 15:17:07.652,CKKS,16384,40,8,657360,9.160,82170.000,192,391
2025-12-12 15:17:07.675,CKKS,16384,40,8,657414,8.891,82176.750,192,165
2025-12-12 15:17:07.716,CKKS,16384,40,8,657846,9.243,82230.750,192,311
2025-12-12 15:17:07.743,CKKS,16384,40,8,658202,9.059,82275.250,192,407
2025-12-12 15:17:07.834,CKKS,16384,40,8,658113,9.208,82264.125,192,423
2025-12-12 15:17:07.908,CKKS,16384,40,8,658015,9.372,82251.875,192,214
2025-12-12 15:17:07.978,CKKS,16384,40,8,657812,9.993,82226.500,192,116
2025-12-12 15:17:07.980,CKKS,16384,40,8,657187,15.637,82148.375,192,439
2025-12-12 15:17:07.981,CKKS,16384,40,8,658040,15.706,82255.000,192,295
2025-12-12 15:17:08.117,CKKS,16384,40,8,657382,9.566,82172.750,192,279
2025-12-12 15:17:08.139,CKKS,16384,40,8,657659,9.713,82207.375,192,455
2025-12-12 15:17:08.148,CKKS,16384,40,8,657407,12.569,82175.875,192,149
2025-12-12 15:17:08.185,CKKS,16384,40,8,657935,9.494,82241.875,192,34
2025-12-12 15:17:08.193,CKKS,16384,40,8,657285,9.299,82160.625,192,198
2025-12-12 15:17:08.225,CKKS,16384,40,8,658222,9.349,82277.750,192,67
2025-12-12 15:17:08.267,CKKS,16384,40,8,656925,9.170,82115.625,192,263
2025-12-12 15:17:08.285,CKKS,16384,40,8,657633,10.728,82204.125,192,471
2025-12-12 15:17:08.379,CKKS,16384,40,8,657469,12.868,82183.625,192,100
2025-12-12 15:17:08.386,CKKS,16384,40,8,658124,12.693,82265.500,192,1
2025-12-12 15:17:08.495,CKKS,16384,40,8,657936,14.080,82242.000,192,487
2025-12-12 15:17:08.500,CKKS,16384,40,8,657295,16.170,82161.875,192,247
2025-12-12 15:17:08.544,CKKS,16384,40,8,657875,9.432,82234.375,192,182
2025-12-12 15:17:08.576,CKKS,16384,40,8,657439,9.150,82179.875,192,133
2025-12-12 15:17:08.749,CKKS,16384,40,8,658221,9.664,82277.625,192,360
2025-12-12 15:17:08.777,CKKS,16384,40,8,657393,9.161,82174.125,192,51
2025-12-12 15:17:08.792,CKKS,16384,40,8,657858,10.843,82232.250,192,376
2025-12-12 15:17:08.814,CKKS,16384,40,8,658240,10.832,82280.000,192,231
2025-12-12 15:17:08.823,CKKS,16384,40,8,657971,14.323,82246.375,192,18
2025-12-12 15:17:08.852,CKKS,16384,40,8,658202,9.832,82275.250,192,344
2025-12-12 15:17:08.874,CKKS,16384,40,8,657365,10.384,82170.625,192,84
2025-12-12 15:17:08.908,CKKS,16384,40,8,657331,13.689,82166.375,192,328
2025-12-12 15:17:08.975,CKKS,16384,40,8,657554,18.157,82194.250,192,166
2025-12-12 15:17:08.977,CKKS,16384,40,8,657947,17.632,82243.375,192,392
2025-12-12 15:17:09.006,CKKS,16384,40,8,657921,13.335,82240.125,192,312
2025-12-12 15:17:09.017,CKKS,16384,40,8,657360,15.095,82170.000,192,408
2025-12-12 15:17:09.055,CKKS,16384,40,8,658167,10.778,82270.875,192,117
2025-12-12 15:17:09.095,CKKS,16384,40,8,657390,9.952,82173.750,192,424
2025-12-12 15:17:09.119,CKKS,16384,40,8,657535,9.430,82191.875,192,215
2025-12-12 15:17:09.158,CKKS,16384,40,8,658317,9.682,82289.625,192,296
2025-12-12 15:17:09.243,CKKS,16384,40,8,657737,9.701,82217.125,192,440
2025-12-12 15:17:09.292,CKKS,16384,40,8,658026,9.487,82253.250,192,280
2025-12-12 15:17:09.316,CKKS,16384,40,8,657424,12.776,82178.000,192,150
2025-12-12 15:17:09.361,CKKS,16384,40,8,657151,9.894,82143.875,192,456
2025-12-12 15:17:09.380,CKKS,16384,40,8,658199,8.974,82274.875,192,35
2025-12-12 15:17:09.404,CKKS,16384,40,8,658142,9.217,82267.750,192,68
2025-12-12 15:17:09.455,CKKS,16384,40,8,658258,10.208,82282.250,192,199
2025-12-12 15:17:09.457,CKKS,16384,40,8,657506,10.331,82188.250,192,2
2025-12-12 15:17:09.594,CKKS,16384,40,8,657355,9.302,82169.375,192,472
2025-12-12 15:17:09.619,CKKS,16384,40,8,658197,14.616,82274.625,192,101
2025-12-12 15:17:09.621,CKKS,16384,40,8,658297,14.869,82287.125,192,264
2025-12-12 15:17:09.719,CKKS,16384,40,8,657390,9.097,82173.750,192,248
2025-12-12 15:17:09.729,CKKS,16384,40,8,657374,9.668,82171.750,192,183
2025-12-12 15:17:09.745,CKKS,16384,40,8,658264,9.070,82283.000,192,488
2025-12-12 15:17:09.770,CKKS,16384,40,8,657328,9.387,82166.000,192,134
2025-12-12 15:17:09.949,CKKS,16384,40,8,658289,9.339,82286.125,192,52
2025-12-12 15:17:10.060,CKKS,16384,40,8,657856,9.299,82232.000,192,361
2025-12-12 15:17:10.112,CKKS,16384,40,8,657922,9.144,82240.250,192,19
2025-12-12 15:17:10.126,CKKS,16384,40,8,657467,13.869,82183.375,192,232
2025-12-12 15:17:10.132,CKKS,16384,40,8,658336,11.928,82292.000,192,85
2025-12-12 15:17:10.143,CKKS,16384,40,8,657303,13.775,82162.875,192,377
2025-12-12 15:17:10.155,CKKS,16384,40,8,657245,18.904,82155.625,192,329
2025-12-12 15:17:10.163,CKKS,16384,40,8,657933,13.540,82241.625,192,345
2025-12-12 15:17:10.175,CKKS,16384,40,8,657689,14.147,82211.125,192,393
2025-12-12 15:17:10.177,CKKS,16384,40,8,657455,23.902,82181.875,192,167
2025-12-12 15:17:10.222,CKKS,16384,40,8,657515,13.009,82189.375,192,313
2025-12-12 15:17:10.255,CKKS,16384,40,8,657978,13.539,82247.250,192,409
2025-12-12 15:17:10.263,CKKS,16384,40,8,657917,13.640,82239.625,192,118
2025-12-12 15:17:10.297,CKKS,16384,40,8,657312,9.509,82164.000,192,216
2025-12-12 15:17:10.328,CKKS,16384,40,8,657174,9.306,82146.750,192,425
2025-12-12 15:17:10.360,CKKS,16384,40,8,657490,9.035,82186.250,192,297
2025-12-12 15:17:10.500,CKKS,16384,40,8,657702,9.915,82212.750,192,441
2025-12-12 15:17:10.511,CKKS,16384,40,8,657348,10.530,82168.500,192,281
2025-12-12 15:17:10.549,CKKS,16384,40,8,657613,10.122,82201.625,192,151
2025-12-12 15:17:10.561,CKKS,16384,40,8,657916,11.986,82239.500,192,36
2025-12-12 15:17:10.659,CKKS,16384,40,8,658339,10.593,82292.375,192,69
2025-12-12 15:17:10.662,CKKS,16384,40,8,657324,11.417,82165.500,192,457
2025-12-12 15:17:10.737,CKKS,16384,40,8,657427,10.349,82178.375,192,3
2025-12-12 15:17:10.771,CKKS,16384,40,8,657982,9.981,82247.750,192,265
2025-12-12 15:17:10.805,CKKS,16384,40,8,657883,11.492,82235.375,192,102
2025-12-12 15:17:10.807,CKKS,16384,40,8,657788,11.809,82223.500,192,200
2025-12-12 15:17:10.824,CKKS,16384,40,8,657461,9.835,82182.625,192,473
2025-12-12 15:17:10.966,CKKS,16384,40,8,657785,10.063,82223.125,192,184
2025-12-12 15:17:10.985,CKKS,16384,40,8,658309,11.175,82288.625,192,249
2025-12-12 15:17:11.022,CKKS,16384,40,8,658251,12.719,82281.375,192,135
2025-12-12 15:17:11.026,CKKS,16384,40,8,658047,14.869,82255.875,192,489
2025-12-12 15:17:11.133,CKKS,16384,40,8,657765,9.804,82220.625,192,53
2025-12-12 15:17:11.174,CKKS,16384,40,8,657471,10.078,82183.875,192,20
2025-12-12 15:17:11.240,CKKS,16384,40,8,657475,10.104,82184.375,192,362
2025-12-12 15:17:11.255,CKKS,16384,40,8,657422,10.014,82177.750,192,233
2025-12-12 15:17:11.272,CKKS,16384,40,8,657832,9.875,82229.000,192,86
2025-12-12 15:17:11.328,CKKS,16384,40,8,657752,9.729,82219.000,192,346
2025-12-12 15:17:11.388,CKKS,16384,40,8,657917,10.222,82239.625,192,378
2025-12-12 15:17:11.406,CKKS,16384,40,8,657378,9.946,82172.250,192,330
2025-12-12 15:17:11.421,CKKS,16384,40,8,657381,10.041,82172.625,192,168
2025-12-12 15:17:11.455,CKKS,16384,40,8,658122,9.679,82265.250,192,394
2025-12-12 15:17:11.477,CKKS,16384,40,8,658070,9.044,82258.750,192,314
2025-12-12 15:17:11.494,CKKS,16384,40,8,657212,9.778,82151.500,192,119
2025-12-12 15:17:11.520,CKKS,16384,40,8,658230,9.366,82278.750,192,410
2025-12-12 15:17:11.552,CKKS,16384,40,8,658280,9.816,82285.000,192,217
2025-12-12 15:17:11.611,CKKS,16384,40,8,656031,9.205,82003.875,192,426
2025-12-12 15:17:11.647,CKKS,16384,40,8,657650,9.328,82206.250,192,298
2025-12-12 15:17:11.739,CKKS,16384,40,8,658025,9.419,82253.125,192,442
2025-12-12 15:17:11.777,CKKS,16384,40,8,658153,9.388,82269.125,192,282
2025-12-12 15:17:11.798,CKKS,16384,40,8,658068,9.390,82258.500,192,152
2025-12-12 15:17:11.918,CKKS,16384,40,8,658216,9.195,82277.000,192,37
2025-12-12 15:17:11.934,CKKS,16384,40,8,657745,9.805,82218.125,192,70
2025-12-12 15:17:11.941,CKKS,16384,40,8,657719,9.638,82214.875,192,458
2025-12-12 15:17:11.954,CKKS,16384,40,8,657395,9.916,82174.375,192,201
2025-12-12 15:17:11.967,CKKS,16384,40,8,657671,9.472,82208.875,192,4
2025-12-12 15:17:12.028,CKKS,16384,40,8,657807,9.396,82225.875,192,103
2025-12-12 15:17:12.106,CKKS,16384,40,8,658214,9.648,82276.750,192,266
2025-12-12 15:17:12.119,CKKS,16384,40,8,657937,10.783,82242.125,192,474
2025-12-12 15:17:12.233,CKKS,16384,40,8,657315,9.624,82164.375,192,250
2025-12-12 15:17:12.240,CKKS,16384,40,8,658224,9.371,82278.000,192,185
2025-12-12 15:17:12.257,CKKS,16384,40,8,657950,9.964,82243.750,192,136
2025-12-12 15:17:12.274,CKKS,16384,40,8,657519,8.926,82189.875,192,490
2025-12-12 15:17:12.430,CKKS,16384,40,8,658194,9.296,82274.250,192,54
2025-12-12 15:17:12.463,CKKS,16384,40,8,658116,15.899,82264.500,192,363
2025-12-12 15:17:12.463,CKKS,16384,40,8,658175,15.820,82271.875,192,21
2025-12-12 15:17:12.487,CKKS,16384,40,8,657886,9.130,82235.750,192,234
2025-12-12 15:17:12.518,CKKS,16384,40,8,658219,9.019,82277.375,192,87
2025-12-12 15:17:12.527,CKKS,16384,40,8,658009,9.423,82251.125,192,347
2025-12-12 15:17:12.548,CKKS,16384,40,8,657757,8.993,82219.625,192,379
2025-12-12 15:17:12.588,CKKS,16384,40,8,657976,9.540,82247.000,192,169
2025-12-12 15:17:12.602,CKKS,16384,40,8,657422,9.226,82177.750,192,331
2025-12-12 15:17:12.686,CKKS,16384,40,8,658275,9.497,82284.375,192,395
2025-12-12 15:17:12.713,CKKS,16384,40,8,657319,8.977,82164.875,192,315
2025-12-12 15:17:12.734,CKKS,16384,40,8,658160,9.342,82270.000,192,120
2025-12-12 15:17:12.747,CKKS,16384,40,8,658213,9.292,82276.625,192,218
2025-12-12 15:17:12.770,CKKS,16384,40,8,657972,8.851,82246.500,192,411
2025-12-12 15:17:12.841,CKKS,16384,40,8,658117,9.206,82264.625,192,427
2025-12-12 15:17:12.852,CKKS,16384,40,8,658064,9.548,82258.000,192,299
2025-12-12 15:17:13.053,CKKS,16384,40,8,657484,9.282,82185.500,192,443
2025-12-12 15:17:13.063,CKKS,16384,40,8,658192,11.820,82274.000,192,283
2025-12-12 15:17:13.078,CKKS,16384,40,8,657227,9.180,82153.375,192,153
2025-12-12 15:17:13.097,CKKS,16384,40,8,657047,9.152,82130.875,192,38
2025-12-12 15:17:13.109,CKKS,16384,40,8,658221,10.894,82277.625,192,71
2025-12-12 15:17:13.146,CKKS,16384,40,8,657305,9.153,82163.125,192,202
2025-12-12 15:17:13.159,CKKS,16384,40,8,658269,9.559,82283.625,192,5
2025-12-12 15:17:13.166,CKKS,16384,40,8,657307,8.972,82163.375,192,459
2025-12-12 15:17:13.177,CKKS,16384,40,8,658117,10.972,82264.625,192,104
2025-12-12 15:17:13.200,CKKS,16384,40,8,657329,9.398,82166.125,192,267
2025-12-12 15:17:13.337,CKKS,16384,40,8,658108,9.647,82263.500,192,475
2025-12-12 15:17:13.541,CKKS,16384,40,8,658127,13.498,82265.875,192,186
2025-12-12 15:17:13.578,CKKS,16384,40,8,655888,13.636,81986.000,192,251
2025-12-12 15:17:13.581,CKKS,16384,40,8,658194,13.858,82274.250,192,137
2025-12-12 15:17:13.593,CKKS,16384,40,8,657999,21.115,82249.875,192,491
2025-12-12 15:17:13.654,CKKS,16384,40,8,658218,9.456,82277.250,192,55
2025-12-12 15:17:13.656,CKKS,16384,40,8,657913,9.583,82239.125,192,22
2025-12-12 15:17:13.728,CKKS,16384,40,8,658159,9.380,82269.875,192,235
2025-12-12 15:17:13.755,CKKS,16384,40,8,656105,9.487,82013.125,192,364
2025-12-12 15:17:13.756,CKKS,16384,40,8,657148,9.282,82143.500,192,88
2025-12-12 15:17:13.770,CKKS,16384,40,8,658187,8.921,82273.375,192,348
2025-12-12 15:17:13.836,CKKS,16384,40,8,657953,9.256,82244.125,192,380
2025-12-12 15:17:13.846,CKKS,16384,40,8,657453,9.347,82181.625,192,170
2025-12-12 15:17:13.857,CKKS,16384,40,8,657805,9.139,82225.625,192,332
2025-12-12 15:17:13.923,CKKS,16384,40,8,658195,9.169,82274.375,192,121
2025-12-12 15:17:13.946,CKKS,16384,40,8,657479,8.941,82184.875,192,396
2025-12-12 15:17:13.960,CKKS,16384,40,8,657236,9.585,82154.500,192,316
2025-12-12 15:17:14.352,CKKS,16384,40,8,657187,12.675,82148.375,192,219
2025-12-12 15:17:14.381,CKKS,16384,40,8,658132,8.961,82266.500,192,412
2025-12-12 15:17:14.390,CKKS,16384,40,8,657627,9.433,82203.375,192,300
2025-12-12 15:17:14.418,CKKS,16384,40,8,657351,9.697,82168.875,192,105
2025-12-12 15:17:14.427,CKKS,16384,40,8,657482,9.475,82185.250,192,72
2025-12-12 15:17:14.444,CKKS,16384,40,8,656883,9.092,82110.375,192,428
2025-12-12 15:17:14.450,CKKS,16384,40,8,657845,9.209,82230.625,192,444
2025-12-12 15:17:14.522,CKKS,16384,40,8,658284,9.262,82285.500,192,460
2025-12-12 15:17:14.523,CKKS,16384,40,8,657350,9.187,82168.750,192,268
2025-12-12 15:17:14.545,CKKS,16384,40,8,657378,9.387,82172.250,192,154
2025-12-12 15:17:14.571,CKKS,16384,40,8,657465,15.123,82183.125,192,39
2025-12-12 15:17:14.578,CKKS,16384,40,8,658119,14.363,82264.875,192,284
2025-12-12 15:17:14.594,CKKS,16384,40,8,658229,26.828,82278.625,192,6
2025-12-12 15:17:14.599,CKKS,16384,40,8,656798,15.845,82099.750,192,476
2025-12-12 15:17:14.604,CKKS,16384,40,8,658171,28.238,82271.375,192,203
2025-12-12 15:17:14.650,CKKS,16384,40,8,658152,11.825,82269.000,192,187
2025-12-12 15:17:14.676,CKKS,16384,40,8,658261,8.869,82282.625,192,138
2025-12-12 15:17:14.700,CKKS,16384,40,8,658191,8.908,82273.875,192,252
2025-12-12 15:17:14.815,CKKS,16384,40,8,657429,9.153,82178.625,192,56
2025-12-12 15:17:14.844,CKKS,16384,40,8,657701,9.453,82212.625,192,492
2025-12-12 15:17:14.850,CKKS,16384,40,8,657526,9.292,82190.750,192,23
2025-12-12 15:17:14.887,CKKS,16384,40,8,657401,9.161,82175.125,192,89
2025-12-12 15:17:14.900,CKKS,16384,40,8,657658,9.213,82207.250,192,236
2025-12-12 15:17:15.004,CKKS,16384,40,8,658115,9.131,82264.375,192,349
2025-12-12 15:17:15.009,CKKS,16384,40,8,657956,9.188,82244.500,192,365
2025-12-12 15:17:15.065,CKKS,16384,40,8,658181,9.574,82272.625,192,171
2025-12-12 15:17:15.096,CKKS,16384,40,8,658159,10.364,82269.875,192,381
2025-12-12 15:17:15.103,CKKS,16384,40,8,658147,12.642,82268.375,192,333
2025-12-12 15:17:15.182,CKKS,16384,40,8,657051,12.647,82131.375,192,122
2025-12-12 15:17:15.242,CKKS,16384,40,8,657714,11.634,82214.250,192,397
2025-12-12 15:17:15.256,CKKS,16384,40,8,657471,14.160,82183.875,192,220
2025-12-12 15:17:15.260,CKKS,16384,40,8,658222,20.077,82277.750,192,317
2025-12-12 15:17:15.302,CKKS,16384,40,8,657970,12.830,82246.250,192,413
2025-12-12 15:17:15.334,CKKS,16384,40,8,657401,13.027,82175.125,192,301
2025-12-12 15:17:15.360,CKKS,16384,40,8,657293,9.022,82161.625,192,429
2025-12-12 15:17:15.444,CKKS,16384,40,8,657940,10.152,82242.500,192,40
2025-12-12 15:17:15.525,CKKS,16384,40,8,657579,9.107,82197.375,192,445
2025-12-12 15:17:15.555,CKKS,16384,40,8,657858,9.021,82232.250,192,7
2025-12-12 15:17:15.575,CKKS,16384,40,8,657773,9.132,82221.625,192,155
2025-12-12 15:17:15.597,CKKS,16384,40,8,657432,9.390,82179.000,192,285
2025-12-12 15:17:15.648,CKKS,16384,40,8,657333,9.058,82166.625,192,204
2025-12-12 15:17:15.656,CKKS,16384,40,8,657648,9.627,82206.000,192,73
2025-12-12 15:17:15.665,CKKS,16384,40,8,658084,9.128,82260.500,192,106
2025-12-12 15:17:15.680,CKKS,16384,40,8,657323,11.272,82165.375,192,461
2025-12-12 15:17:15.686,CKKS,16384,40,8,657895,14.395,82236.875,192,269
2025-12-12 15:17:15.855,CKKS,16384,40,8,657300,9.384,82162.500,192,477
2025-12-12 15:17:15.865,CKKS,16384,40,8,658192,9.626,82274.000,192,188
2025-12-12 15:17:15.940,CKKS,16384,40,8,657475,9.444,82184.375,192,139
2025-12-12 15:17:15.958,CKKS,16384,40,8,658292,8.970,82286.500,192,253
2025-12-12 15:17:16.114,CKKS,16384,40,8,658189,9.146,82273.625,192,24
2025-12-12 15:17:16.125,CKKS,16384,40,8,657381,11.329,82172.625,192,57
2025-12-12 15:17:16.142,CKKS,16384,40,8,658019,8.940,82252.375,192,90
2025-12-12 15:17:16.156,CKKS,16384,40,8,657989,9.870,82248.625,192,493
2025-12-12 15:17:16.163,CKKS,16384,40,8,657829,9.639,82228.625,192,237
2025-12-12 15:17:16.251,CKKS,16384,40,8,658117,9.154,82264.625,192,350
2025-12-12 15:17:16.259,CKKS,16384,40,8,657333,9.509,82166.625,192,366
2025-12-12 15:17:16.301,CKKS,16384,40,8,657732,9.498,82216.500,192,172
2025-12-12 15:17:16.327,CKKS,16384,40,8,657233,9.073,82154.125,192,382
2025-12-12 15:17:16.371,CKKS,16384,40,8,657881,9.267,82235.125,192,334
2025-12-12 15:17:16.408,CKKS,16384,40,8,658024,9.082,82253.000,192,123
2025-12-12 15:17:16.486,CKKS,16384,40,8,656933,12.635,82116.625,192,318
2025-12-12 15:17:16.505,CKKS,16384,40,8,657845,9.999,82230.625,192,398
2025-12-12 15:17:16.512,CKKS,16384,40,8,656562,13.220,82070.250,192,221
2025-12-12 15:17:16.559,CKKS,16384,40,8,657353,9.316,82169.125,192,414
2025-12-12 15:17:16.579,CKKS,16384,40,8,657364,8.985,82170.500,192,302
2025-12-12 15:17:16.624,CKKS,16384,40,8,658201,9.130,82275.125,192,41
2025-12-12 15:17:16.648,CKKS,16384,40,8,658304,9.239,82288.000,192,430
2025-12-12 15:17:16.695,CKKS,16384,40,8,655890,9.501,81986.250,192,74
2025-12-12 15:17:16.749,CKKS,16384,40,8,658232,9.020,82279.000,192,156
2025-12-12 15:17:16.767,CKKS,16384,40,8,658147,8.963,82268.375,192,8
2025-12-12 15:17:16.784,CKKS,16384,40,8,657143,8.789,82142.875,192,286
2025-12-12 15:17:16.812,CKKS,16384,40,8,658336,8.903,82292.000,192,446
2025-12-12 15:17:16.814,CKKS,16384,40,8,658004,8.989,82250.500,192,205
2025-12-12 15:17:16.869,CKKS,16384,40,8,658192,9.106,82274.000,192,107
2025-12-12 15:17:16.926,CKKS,16384,40,8,658302,9.185,82287.750,192,462
2025-12-12 15:17:16.953,CKKS,16384,40,8,657847,9.191,82230.875,192,270
2025-12-12 15:17:17.111,CKKS,16384,40,8,657385,8.932,82173.125,192,478
2025-12-12 15:17:17.215,CKKS,16384,40,8,657724,9.090,82215.500,192,189
2025-12-12 15:17:17.246,CKKS,16384,40,8,658004,14.150,82250.500,192,140
2025-12-12 15:17:17.247,CKKS,16384,40,8,657442,15.054,82180.250,192,254
2025-12-12 15:17:17.266,CKKS,16384,40,8,657409,9.324,82176.125,192,58
2025-12-12 15:17:17.279,CKKS,16384,40,8,657713,9.050,82214.125,192,25
2025-12-12 15:17:17.337,CKKS,16384,40,8,658334,9.106,82291.750,192,91
2025-12-12 15:17:17.386,CKKS,16384,40,8,657341,9.127,82167.625,192,494
2025-12-12 15:17:17.402,CKKS,16384,40,8,658315,9.156,82289.375,192,238
2025-12-12 15:17:17.525,CKKS,16384,40,8,657961,9.123,82245.125,192,367
2025-12-12 15:17:17.546,CKKS,16384,40,8,657465,9.126,82183.125,192,351
2025-12-12 15:17:17.560,CKKS,16384,40,8,656003,9.643,82000.375,192,173
2025-12-12 15:17:17.590,CKKS,16384,40,8,657567,9.150,82195.875,192,335
2025-12-12 15:17:17.623,CKKS,16384,40,8,658218,9.028,82277.250,192,124
2025-12-12 15:17:17.624,CKKS,16384,40,8,658258,9.301,82282.250,192,383
2025-12-12 15:17:17.650,CKKS,16384,40,8,657585,8.860,82198.125,192,319
2025-12-12 15:17:17.678,CKKS,16384,40,8,657391,8.811,82173.875,192,222
2025-12-12 15:17:17.699,CKKS,16384,40,8,658239,9.376,82279.875,192,399
2025-12-12 15:17:17.791,CKKS,16384,40,8,658237,9.317,82279.625,192,303
2025-12-12 15:17:17.834,CKKS,16384,40,8,657412,9.928,82176.500,192,415
2025-12-12 15:17:17.844,CKKS,16384,40,8,658152,9.331,82269.000,192,42
2025-12-12 15:17:17.875,CKKS,16384,40,8,657854,9.237,82231.750,192,431
2025-12-12 15:17:17.924,CKKS,16384,40,8,657327,9.121,82165.875,192,157
2025-12-12 15:17:17.996,CKKS,16384,40,8,657061,9.381,82132.625,192,9
2025-12-12 15:17:18.011,CKKS,16384,40,8,657901,9.085,82237.625,192,75
2025-12-12 15:17:18.121,CKKS,16384,40,8,658118,9.195,82264.750,192,447
2025-12-12 15:17:18.147,CKKS,16384,40,8,657042,9.352,82130.250,192,287
2025-12-12 15:17:18.172,CKKS,16384,40,8,657328,9.236,82166.000,192,108
2025-12-12 15:17:18.186,CKKS,16384,40,8,657899,10.035,82237.375,192,206
2025-12-12 15:17:18.201,CKKS,16384,40,8,657948,9.309,82243.500,192,271
2025-12-12 15:17:18.206,CKKS,16384,40,8,657245,9.292,82155.625,192,463
2025-12-12 15:17:18.381,CKKS,16384,40,8,655971,9.150,81996.375,192,479
2025-12-12 15:17:18.401,CKKS,16384,40,8,658270,9.158,82283.750,192,190
2025-12-12 15:17:18.459,CKKS,16384,40,8,658258,13.611,82282.250,192,141
2025-12-12 15:17:18.462,CKKS,16384,40,8,658201,14.690,82275.125,192,255
2025-12-12 15:17:18.546,CKKS,16384,40,8,658258,9.311,82282.250,192,59
2025-12-12 15:17:18.591,CKKS,16384,40,8,658113,9.215,82264.125,192,26
2025-12-12 15:17:18.616,CKKS,16384,40,8,658164,9.043,82270.500,192,92
2025-12-12 15:17:18.645,CKKS,16384,40,8,658226,9.893,82278.250,192,239
2025-12-12 15:17:18.669,CKKS,16384,40,8,658061,12.934,82257.625,192,495
2025-12-12 15:17:18.777,CKKS,16384,40,8,657819,8.950,82227.375,192,368
2025-12-12 15:17:18.786,CKKS,16384,40,8,657236,11.248,82154.500,192,174
2025-12-12 15:17:18.792,CKKS,16384,40,8,657960,14.555,82245.000,192,352
2025-12-12 15:17:18.869,CKKS,16384,40,8,657551,9.388,82193.875,192,336
2025-12-12 15:17:18.900,CKKS,16384,40,8,657100,9.767,82137.500,192,384
2025-12-12 15:17:18.901,CKKS,16384,40,8,657723,9.371,82215.375,192,125
2025-12-12 15:17:18.917,CKKS,16384,40,8,658114,8.717,82264.250,192,320
2025-12-12 15:17:18.952,CKKS,16384,40,8,657388,9.220,82173.500,192,223
2025-12-12 15:17:18.962,CKKS,16384,40,8,657495,9.386,82186.875,192,400
2025-12-12 15:17:19.086,CKKS,16384,40,8,658239,9.140,82279.875,192,416
2025-12-12 15:17:19.112,CKKS,16384,40,8,658264,8.794,82283.000,192,43
2025-12-12 15:17:19.129,CKKS,16384,40,8,657814,8.886,82226.750,192,304
2025-12-12 15:17:19.140,CKKS,16384,40,8,657170,9.432,82146.250,192,432
2025-12-12 15:17:19.188,CKKS,16384,40,8,658340,9.341,82292.500,192,158
2025-12-12 15:17:19.199,CKKS,16384,40,8,657301,12.026,82162.625,192,76
2025-12-12 15:17:19.211,CKKS,16384,40,8,657252,9.089,82156.500,192,10
2025-12-12 15:17:19.236,CKKS,16384,40,8,657343,9.280,82167.875,192,288
2025-12-12 15:17:19.256,CKKS,16384,40,8,657613,9.264,82201.625,192,207
2025-12-12 15:17:19.320,CKKS,16384,40,8,657308,9.454,82163.500,192,109
2025-12-12 15:17:19.331,CKKS,16384,40,8,657409,9.220,82176.125,192,448
2025-12-12 15:17:19.403,CKKS,16384,40,8,657750,9.141,82218.750,192,272
2025-12-12 15:17:19.428,CKKS,16384,40,8,658223,8.949,82277.875,192,464
2025-12-12 15:17:19.614,CKKS,16384,40,8,657241,8.947,82155.125,192,191
2025-12-12 15:17:19.649,CKKS,16384,40,8,658288,9.145,82286.000,192,256
2025-12-12 15:17:19.670,CKKS,16384,40,8,658175,11.619,82271.875,192,480
2025-12-12 15:17:19.672,CKKS,16384,40,8,658182,11.479,82272.750,192,142
2025-12-12 15:17:19.685,CKKS,16384,40,8,657351,11.803,82168.875,192,60
2025-12-12 15:17:19.707,CKKS,16384,40,8,657982,10.217,82247.750,192,27
2025-12-12 15:17:19.764,CKKS,16384,40,8,658251,9.231,82281.375,192,93
2025-12-12 15:17:19.888,CKKS,16384,40,8,657373,9.018,82171.625,192,240
2025-12-12 15:17:19.931,CKKS,16384,40,8,657328,10.991,82166.000,192,496
2025-12-12 15:17:20.016,CKKS,16384,40,8,658097,11.982,82262.125,192,369
2025-12-12 15:17:20.024,CKKS,16384,40,8,657266,13.131,82158.250,192,175
2025-12-12 15:17:20.100,CKKS,16384,40,8,657336,9.252,82167.000,192,385
2025-12-12 15:17:20.120,CKKS,16384,40,8,657402,8.887,82175.250,192,126
2025-12-12 15:17:20.127,CKKS,16384,40,8,658227,9.139,82278.375,192,353
2025-12-12 15:17:20.140,CKKS,16384,40,8,658142,9.147,82267.750,192,337
2025-12-12 15:17:20.168,CKKS,16384,40,8,658228,9.298,82278.500,192,224
2025-12-12 15:17:20.177,CKKS,16384,40,8,657583,9.190,82197.875,192,321
2025-12-12 15:17:20.192,CKKS,16384,40,8,657276,9.927,82159.500,192,401
2025-12-12 15:17:20.277,CKKS,16384,40,8,658144,9.652,82268.000,192,305
2025-12-12 15:17:20.315,CKKS,16384,40,8,657502,14.645,82187.750,192,417
2025-12-12 15:17:20.370,CKKS,16384,40,8,658223,9.266,82277.875,192,433
2025-12-12 15:17:20.429,CKKS,16384,40,8,657876,14.063,82234.500,192,44
2025-12-12 15:17:20.455,CKKS,16384,40,8,658074,12.396,82259.250,192,11
2025-12-12 15:17:20.469,CKKS,16384,40,8,657379,17.610,82172.375,192,159
2025-12-12 15:17:20.480,CKKS,16384,40,8,658338,16.469,82292.250,192,289
2025-12-12 15:17:20.482,CKKS,16384,40,8,657354,25.872,82169.250,192,77
2025-12-12 15:17:20.498,CKKS,16384,40,8,658250,19.611,82281.250,192,208
2025-12-12 15:17:20.509,CKKS,16384,40,8,657923,12.348,82240.375,192,110
2025-12-12 15:17:20.585,CKKS,16384,40,8,658200,13.969,82275.000,192,449
2025-12-12 15:17:20.646,CKKS,16384,40,8,657820,9.665,82227.500,192,273
2025-12-12 15:17:20.741,CKKS,16384,40,8,657095,9.084,82136.875,192,465
2025-12-12 15:17:20.812,CKKS,16384,40,8,657294,8.941,82161.750,192,143
2025-12-12 15:17:20.845,CKKS,16384,40,8,658107,9.318,82263.375,192,192
2025-12-12 15:17:20.882,CKKS,16384,40,8,657476,9.392,82184.500,192,257
2025-12-12 15:17:20.910,CKKS,16384,40,8,658253,8.923,82281.625,192,61
2025-12-12 15:17:20.922,CKKS,16384,40,8,658061,9.150,82257.625,192,28
2025-12-12 15:17:20.938,CKKS,16384,40,8,657412,8.955,82176.500,192,481
2025-12-12 15:17:20.972,CKKS,16384,40,8,658311,9.145,82288.875,192,94
2025-12-12 15:17:21.097,CKKS,16384,40,8,658174,9.323,82271.750,192,241
2025-12-12 15:17:21.193,CKKS,16384,40,8,657935,9.287,82241.875,192,497
2025-12-12 15:17:21.206,CKKS,16384,40,8,657313,9.063,82164.125,192,176
2025-12-12 15:17:21.278,CKKS,16384,40,8,657940,9.257,82242.500,192,127
2025-12-12 15:17:21.292,CKKS,16384,40,8,658003,9.126,82250.375,192,354
2025-12-12 15:17:21.298,CKKS,16384,40,8,658271,9.274,82283.875,192,370
2025-12-12 15:17:21.307,CKKS,16384,40,8,657596,9.139,82199.500,192,338
2025-12-12 15:17:21.345,CKKS,16384,40,8,657324,9.491,82165.500,192,386
2025-12-12 15:17:21.444,CKKS,16384,40,8,658265,9.018,82283.125,192,322
2025-12-12 15:17:21.455,CKKS,16384,40,8,658231,12.034,82278.875,192,225
2025-12-12 15:17:21.474,CKKS,16384,40,8,657794,8.985,82224.250,192,45
2025-12-12 15:17:21.497,CKKS,16384,40,8,657358,9.126,82169.750,192,402
2025-12-12 15:17:21.549,CKKS,16384,40,8,657437,9.334,82179.625,192,306
2025-12-12 15:17:21.569,CKKS,16384,40,8,657741,9.074,82217.625,192,418
2025-12-12 15:17:21.595,CKKS,16384,40,8,657439,9.538,82179.875,192,12
2025-12-12 15:17:21.680,CKKS,16384,40,8,657271,9.425,82158.875,192,160
2025-12-12 15:17:21.696,CKKS,16384,40,8,658011,9.388,82251.375,192,434
2025-12-12 15:17:21.698,CKKS,16384,40,8,657568,9.372,82196.000,192,78
2025-12-12 15:17:21.709,CKKS,16384,40,8,657911,10.602,82238.875,192,290
2025-12-12 15:17:21.748,CKKS,16384,40,8,657285,12.101,82160.625,192,111
2025-12-12 15:17:21.759,CKKS,16384,40,8,657207,10.893,82150.875,192,209
2025-12-12 15:17:21.824,CKKS,16384,40,8,658119,9.260,82264.875,192,450
2025-12-12 15:17:21.887,CKKS,16384,40,8,658170,9.159,82271.250,192,274
2025-12-12 15:17:21.965,CKKS,16384,40,8,657260,9.321,82157.500,192,466
2025-12-12 15:17:22.122,CKKS,16384,40,8,657377,9.113,82172.125,192,258
2025-12-12 15:17:22.137,CKKS,16384,40,8,658297,9.260,82287.125,192,193
2025-12-12 15:17:22.139,CKKS,16384,40,8,657338,9.018,82167.250,192,144
2025-12-12 15:17:22.160,CKKS,16384,40,8,657223,8.998,82152.875,192,482
2025-12-12 15:17:22.188,CKKS,16384,40,8,657582,11.561,82197.750,192,62
2025-12-12 15:17:22.197,CKKS,16384,40,8,658112,14.425,82264.000,192,29
2025-12-12 15:17:22.225,CKKS,16384,40,8,658132,9.091,82266.500,192,95
2025-12-12 15:17:22.398,CKKS,16384,40,8,658081,9.272,82260.125,192,242
2025-12-12 15:17:22.418,CKKS,16384,40,8,657986,8.748,82248.250,192,177
2025-12-12 15:17:22.447,CKKS,16384,40,8,657337,9.175,82167.125,192,371
2025-12-12 15:17:22.461,CKKS,16384,40,8,657861,9.237,82232.625,192,498
2025-12-12 15:17:22.512,CKKS,16384,40,8,658124,8.995,82265.500,192,128
2025-12-12 15:17:22.519,CKKS,16384,40,8,657641,9.095,82205.125,192,355
2025-12-12 15:17:22.559,CKKS,16384,40,8,657288,9.134,82161.000,192,339
2025-12-12 15:17:22.604,CKKS,16384,40,8,658252,10.090,82281.500,192,387
2025-12-12 15:17:22.645,CKKS,16384,40,8,657319,9.223,82164.875,192,226
2025-12-12 15:17:22.656,CKKS,16384,40,8,657462,9.314,82182.750,192,323
2025-12-12 15:17:22.706,CKKS,16384,40,8,658295,9.443,82286.875,192,46
2025-12-12 15:17:22.765,CKKS,16384,40,8,657441,9.328,82180.125,192,403
2025-12-12 15:17:22.846,CKKS,16384,40,8,657407,9.354,82175.875,192,79
2025-12-12 15:17:22.863,CKKS,16384,40,8,657949,9.097,82243.625,192,419
2025-12-12 15:17:22.891,CKKS,16384,40,8,658173,9.128,82271.625,192,307
2025-12-12 15:17:22.903,CKKS,16384,40,8,658151,13.026,82268.875,192,13
2025-12-12 15:17:22.908,CKKS,16384,40,8,658152,14.892,82269.000,192,161
2025-12-12 15:17:22.919,CKKS,16384,40,8,657316,8.870,82164.500,192,435
2025-12-12 15:17:22.937,CKKS,16384,40,8,656860,9.127,82107.500,192,291
2025-12-12 15:17:23.059,CKKS,16384,40,8,658271,14.311,82283.875,192,112
2025-12-12 15:17:23.060,CKKS,16384,40,8,658198,14.767,82274.750,192,210
2025-12-12 15:17:23.115,CKKS,16384,40,8,657379,9.186,82172.375,192,451
2025-12-12 15:17:23.187,CKKS,16384,40,8,656860,9.048,82107.500,192,275
2025-12-12 15:17:23.239,CKKS,16384,40,8,657437,9.418,82179.625,192,467
2025-12-12 15:17:23.259,CKKS,16384,40,8,657667,9.371,82208.375,192,145
2025-12-12 15:17:23.285,CKKS,16384,40,8,657309,9.121,82163.625,192,194
2025-12-12 15:17:23.331,CKKS,16384,40,8,657942,9.181,82242.750,192,259
2025-12-12 15:17:23.417,CKKS,16384,40,8,657446,9.010,82180.750,192,63
2025-12-12 15:17:23.432,CKKS,16384,40,8,657452,9.278,82181.500,192,483
2025-12-12 15:17:23.455,CKKS,16384,40,8,657341,8.889,82167.625,192,30
2025-12-12 15:17:23.464,CKKS,16384,40,8,657254,12.204,82156.750,192,96
2025-12-12 15:17:23.608,CKKS,16384,40,8,657401,9.065,82175.125,192,243
2025-12-12 15:17:23.629,CKKS,16384,40,8,658186,9.208,82273.250,192,178
2025-12-12 15:17:23.708,CKKS,16384,40,8,658039,9.285,82254.875,192,129
2025-12-12 15:17:23.736,CKKS,16384,40,8,657175,9.022,82146.875,192,499
2025-12-12 15:17:23.759,CKKS,16384,40,8,657475,8.820,82184.375,192,356
2025-12-12 15:17:23.781,CKKS,16384,40,8,658111,10.593,82263.875,192,372
2025-12-12 15:17:23.810,CKKS,16384,40,8,657470,13.427,82183.750,192,340
2025-12-12 15:17:23.875,CKKS,16384,40,8,658072,13.498,82259.000,192,227
2025-12-12 15:17:23.879,CKKS,16384,40,8,657348,13.699,82168.500,192,324
2025-12-12 15:17:23.891,CKKS,16384,40,8,657905,11.069,82238.125,192,388
2025-12-12 15:17:23.933,CKKS,16384,40,8,658179,9.191,82272.375,192,47
2025-12-12 15:17:24.051,CKKS,16384,40,8,657436,8.952,82179.500,192,404
2025-12-12 15:17:24.078,CKKS,16384,40,8,658322,8.949,82290.250,192,80
2025-12-12 15:17:24.136,CKKS,16384,40,8,657254,9.245,82156.750,192,420
2025-12-12 15:17:24.137,CKKS,16384,40,8,657579,9.336,82197.375,192,308
2025-12-12 15:17:24.149,CKKS,16384,40,8,657150,10.908,82143.750,192,162
2025-12-12 15:17:24.161,CKKS,16384,40,8,657606,13.554,82200.750,192,14
2025-12-12 15:17:24.163,CKKS,16384,40,8,657482,14.906,82185.250,192,113
2025-12-12 15:17:24.171,CKKS,16384,40,8,657175,9.336,82146.875,192,436
2025-12-12 15:17:24.190,CKKS,16384,40,8,657942,8.866,82242.750,192,292
2025-12-12 15:17:24.202,CKKS,16384,40,8,657986,9.546,82248.250,192,211
2025-12-12 15:17:24.402,CKKS,16384,40,8,657590,9.640,82198.750,192,452
2025-12-12 15:17:24.409,CKKS,16384,40,8,657295,9.172,82161.875,192,276
2025-12-12 15:17:24.481,CKKS,16384,40,8,657498,9.127,82187.250,192,146
2025-12-12 15:17:24.490,CKKS,16384,40,8,658139,9.272,82267.375,192,195
2025-12-12 15:17:24.505,CKKS,16384,40,8,658328,9.142,82291.000,192,468
2025-12-12 15:17:24.551,CKKS,16384,40,8,657362,9.864,82170.250,192,31
2025-12-12 15:17:24.606,CKKS,16384,40,8,657098,13.662,82137.250,192,260
2025-12-12 15:17:24.608,CKKS,16384,40,8,657868,14.801,82233.500,192,64
2025-12-12 15:17:24.644,CKKS,16384,40,8,657254,9.561,82156.750,192,97
2025-12-12 15:17:24.661,CKKS,16384,40,8,658083,12.856,82260.375,192,484
2025-12-12 15:17:24.878,CKKS,16384,40,8,657703,9.248,82212.875,192,244
2025-12-12 15:17:24.895,CKKS,16384,40,8,658234,8.956,82279.250,192,179
2025-12-12 15:17:24.933,CKKS,16384,40,8,658114,9.170,82264.250,192,130
2025-12-12 15:17:24.968,CKKS,16384,40,8,658021,9.191,82252.625,192,500
2025-12-12 15:17:25.042,CKKS,16384,40,8,657609,9.338,82201.125,192,357
2025-12-12 15:17:25.117,CKKS,16384,40,8,657876,8.936,82234.500,192,373
2025-12-12 15:17:25.152,CKKS,16384,40,8,657596,9.113,82199.500,192,341
2025-12-12 15:17:25.184,CKKS,16384,40,8,657826,13.839,82228.250,192,228
2025-12-12 15:17:25.184,CKKS,16384,40,8,657396,14.710,82174.500,192,48
2025-12-12 15:17:25.190,CKKS,16384,40,8,658234,9.531,82279.250,192,325
2025-12-12 15:17:25.200,CKKS,16384,40,8,657490,9.234,82186.250,192,15
2025-12-12 15:17:25.257,CKKS,16384,40,8,658014,9.212,82251.750,192,389
2025-12-12 15:17:25.293,CKKS,16384,40,8,657378,10.637,82172.250,192,309
2025-12-12 15:17:25.303,CKKS,16384,40,8,658187,13.750,82273.375,192,81
2025-12-12 15:17:25.310,CKKS,16384,40,8,657383,15.468,82172.875,192,163
2025-12-12 15:17:25.312,CKKS,16384,40,8,658378,16.292,82297.250,192,405
2025-12-12 15:17:25.340,CKKS,16384,40,8,657897,12.544,82237.125,192,421
2025-12-12 15:17:25.396,CKKS,16384,40,8,657769,9.993,82221.125,192,114
2025-12-12 15:17:25.446,CKKS,16384,40,8,657547,10.807,82193.375,192,293
2025-12-12 15:17:25.481,CKKS,16384,40,8,657448,12.995,82181.000,192,212
2025-12-12 15:17:25.487,CKKS,16384,40,8,658300,16.441,82287.500,192,437
2025-12-12 15:17:25.628,CKKS,16384,40,8,656426,9.812,82053.250,192,453
2025-12-12 15:17:25.642,CKKS,16384,40,8,658186,11.468,82273.250,192,277
2025-12-12 15:17:25.670,CKKS,16384,40,8,657822,11.968,82227.750,192,147
2025-12-12 15:17:25.704,CKKS,16384,40,8,656504,12.973,82063.000,192,196
2025-12-12 15:17:25.714,CKKS,16384,40,8,657404,9.100,82175.500,192,32
2025-12-12 15:17:25.726,CKKS,16384,40,8,657849,8.879,82231.125,192,65
2025-12-12 15:17:25.761,CKKS,16384,40,8,658002,9.065,82250.250,192,469
2025-12-12 15:17:25.798,CKKS,16384,40,8,658195,9.016,82274.375,192,261
2025-12-12 15:17:25.847,CKKS,16384,40,8,657223,9.333,82152.875,192,98
2025-12-12 15:17:25.932,CKKS,16384,40,8,657095,12.025,82136.875,192,485
2025-12-12 15:17:26.058,CKKS,16384,40,8,658256,9.196,82282.000,192,180
2025-12-12 15:17:26.100,CKKS,16384,40,8,658244,9.419,82280.500,192,245
2025-12-12 15:17:26.150,CKKS,16384,40,8,657302,9.419,82162.750,192,131
2025-12-12 15:17:26.277,CKKS,16384,40,8,657979,9.253,82247.375,192,358
2025-12-12 15:17:26.358,CKKS,16384,40,8,657923,13.018,82240.375,192,374
2025-12-12 15:17:26.361,CKKS,16384,40,8,658141,14.559,82267.625,192,342
2025-12-12 15:17:26.400,CKKS,16384,40,8,658058,9.435,82257.250,192,49
2025-12-12 15:17:26.417,CKKS,16384,40,8,658029,9.523,82253.625,192,229
2025-12-12 15:17:26.426,CKKS,16384,40,8,657329,8.957,82166.125,192,16
2025-12-12 15:17:26.469,CKKS,16384,40,8,658098,9.189,82262.250,192,82
2025-12-12 15:17:26.536,CKKS,16384,40,8,658052,9.266,82256.500,192,390
2025-12-12 15:17:26.543,CKKS,16384,40,8,657451,9.505,82181.375,192,326
2025-12-12 15:17:26.561,CKKS,16384,40,8,658085,8.842,82260.625,192,164
2025-12-12 15:17:26.599,CKKS,16384,40,8,657898,9.455,82237.250,192,310
2025-12-12 15:17:26.605,CKKS,16384,40,8,657229,10.230,82153.625,192,406
2025-12-12 15:17:26.643,CKKS,16384,40,8,657390,9.529,82173.750,192,422
2025-12-12 15:17:26.644,CKKS,16384,40,8,657928,9.402,82241.000,192,115
2025-12-12 15:17:26.729,CKKS,16384,40,8,657606,9.151,82200.750,192,213
2025-12-12 15:17:26.777,CKKS,16384,40,8,657392,12.953,82174.000,192,294
2025-12-12 15:17:26.779,CKKS,16384,40,8,657322,12.093,82165.250,192,438
2025-12-12 15:17:26.884,CKKS,16384,40,8,658288,9.115,82286.000,192,278
2025-12-12 15:17:26.952,CKKS,16384,40,8,658081,10.140,82260.125,192,454
2025-12-12 15:17:26.961,CKKS,16384,40,8,658113,13.162,82264.125,192,148
2025-12-12 15:17:26.999,CKKS,16384,40,8,657480,9.322,82185.000,192,197
2025-12-12 15:17:27.027,CKKS,16384,40,8,657868,9.399,82233.500,192,66
2025-12-12 15:17:27.047,CKKS,16384,40,8,658132,9.169,82266.500,192,33
2025-12-12 15:17:27.059,CKKS,16384,40,8,657339,12.764,82167.375,192,470
2025-12-12 15:17:27.070,CKKS,16384,40,8,658015,12.252,82251.875,192,262
2025-12-12 15:17:27.101,CKKS,16384,40,8,657794,9.310,82224.250,192,99
2025-12-12 15:17:27.211,CKKS,16384,40,8,658042,9.107,82255.250,192,486
2025-12-12 15:17:27.278,CKKS,16384,40,8,658029,9.238,82253.625,192,246
2025-12-12 15:17:27.344,CKKS,16384,40,8,658108,9.440,82263.500,192,181
2025-12-12 15:17:27.440,CKKS,16384,40,8,657899,9.253,82237.375,192,132
2025-12-12 15:17:27.492,CKKS,16384,40,8,658214,9.216,82276.750,192,359
2025-12-12 15:17:27.549,CKKS,16384,40,8,658150,9.323,82268.750,192,375
2025-12-12 15:17:27.555,CKKS,16384,40,8,656721,9.372,82090.125,192,50
2025-12-12 15:17:27.585,CKKS,16384,40,8,657367,9.100,82170.875,192,343
2025-12-12 15:17:27.625,CKKS,16384,40,8,658270,9.046,82283.750,192,17
2025-12-12 15:17:27.632,CKKS,16384,40,8,656100,11.785,82012.500,192,83
2025-12-12 15:17:27.640,CKKS,16384,40,8,657873,14.445,82234.125,192,230
2025-12-12 15:17:27.645,CKKS,16384,40,8,658242,9.456,82280.250,192,327
2025-12-12 15:17:27.667,CKKS,16384,40,8,657758,9.031,82219.750,192,391
2025-12-12 15:17:27.690,CKKS,16384,40,8,658108,9.144,82263.500,192,165
2025-12-12 15:17:27.732,CKKS,16384,40,8,657622,9.358,82202.750,192,311
2025-12-12 15:17:27.758,CKKS,16384,40,8,656626,9.215,82078.250,192,407
2025-12-12 15:17:27.851,CKKS,16384,40,8,657600,9.372,82200.000,192,423
2025-12-12 15:17:27.925,CKKS,16384,40,8,658240,9.141,82280.000,192,214
2025-12-12 15:17:27.997,CKKS,16384,40,8,657339,9.029,82167.375,192,439
2025-12-12 15:17:28.001,CKKS,16384,40,8,658206,13.145,82275.750,192,116
2025-12-12 15:17:28.006,CKKS,16384,40,8,658167,14.853,82270.875,192,295
2025-12-12 15:17:28.133,CKKS,16384,40,8,658271,9.129,82283.875,192,279
2025-12-12 15:17:28.159,CKKS,16384,40,8,657468,9.307,82183.500,192,455
2025-12-12 15:17:28.168,CKKS,16384,40,8,658046,12.385,82255.750,192,149
2025-12-12 15:17:28.201,CKKS,16384,40,8,657874,9.409,82234.250,192,34
2025-12-12 15:17:28.211,CKKS,16384,40,8,657777,9.643,82222.125,192,198
2025-12-12 15:17:28.242,CKKS,16384,40,8,657514,9.232,82189.250,192,67
2025-12-12 15:17:28.282,CKKS,16384,40,8,657136,9.283,82142.000,192,263
2025-12-12 15:17:28.300,CKKS,16384,40,8,657096,9.117,82137.000,192,471
2025-12-12 15:17:28.399,CKKS,16384,40,8,658171,10.326,82271.375,192,100
2025-12-12 15:17:28.407,CKKS,16384,40,8,658113,13.524,82264.125,192,1
2025-12-12 15:17:28.510,CKKS,16384,40,8,657378,9.181,82172.250,192,487
2025-12-12 15:17:28.516,CKKS,16384,40,8,656000,9.499,82000.000,192,247
2025-12-12 15:17:28.564,CKKS,16384,40,8,658159,9.296,82269.875,192,182
2025-12-12 15:17:28.594,CKKS,16384,40,8,658256,9.272,82282.000,192,133
2025-12-12 15:17:28.763,CKKS,16384,40,8,657251,9.082,82156.375,192,360
2025-12-12 15:17:28.795,CKKS,16384,40,8,658209,9.004,82276.125,192,51
2025-12-12 15:17:28.808,CKKS,16384,40,8,657780,9.656,82222.500,192,376
2025-12-12 15:17:28.832,CKKS,16384,40,8,658142,9.118,82267.750,192,231
2025-12-12 15:17:28.838,CKKS,16384,40,8,657319,9.300,82164.875,192,18
2025-12-12 15:17:28.868,CKKS,16384,40,8,658274,8.919,82284.250,192,344
2025-12-12 15:17:28.891,CKKS,16384,40,8,658192,8.709,82274.000,192,84
2025-12-12 15:17:28.927,CKKS,16384,40,8,657997,9.413,82249.625,192,328
2025-12-12 15:17:28.999,CKKS,16384,40,8,657909,13.652,82238.625,192,166
2025-12-12 15:17:29.000,CKKS,16384,40,8,657921,13.491,82240.125,192,392
2025-12-12 15:17:29.028,CKKS,16384,40,8,658181,11.998,82272.625,192,312
2025-12-12 15:17:29.037,CKKS,16384,40,8,658201,13.053,82275.125,192,408
2025-12-12 15:17:29.071,CKKS,16384,40,8,658005,8.928,82250.625,192,117
2025-12-12 15:17:29.113,CKKS,16384,40,8,657888,9.359,82236.000,192,424
2025-12-12 15:17:29.135,CKKS,16384,40,8,657453,9.321,82181.625,192,215
2025-12-12 15:17:29.173,CKKS,16384,40,8,657912,9.035,82239.000,192,296
2025-12-12 15:17:29.259,CKKS,16384,40,8,658175,9.086,82271.875,192,440
2025-12-12 15:17:29.309,CKKS,16384,40,8,657064,10.156,82133.000,192,280
2025-12-12 15:17:29.331,CKKS,16384,40,8,657368,9.024,82171.000,192,150
2025-12-12 15:17:29.377,CKKS,16384,40,8,657300,9.132,82162.500,192,456
2025-12-12 15:17:29.396,CKKS,16384,40,8,658047,9.050,82255.875,192,35
2025-12-12 15:17:29.421,CKKS,16384,40,8,657251,8.807,82156.375,192,68
2025-12-12 15:17:29.478,CKKS,16384,40,8,658145,13.577,82268.125,192,199
2025-12-12 15:17:29.482,CKKS,16384,40,8,658215,14.805,82276.875,192,2
2025-12-12 15:17:29.610,CKKS,16384,40,8,657323,9.329,82165.375,192,472
2025-12-12 15:17:29.635,CKKS,16384,40,8,657842,9.249,82230.250,192,101
2025-12-12 15:17:29.637,CKKS,16384,40,8,657899,9.102,82237.375,192,264
2025-12-12 15:17:29.736,CKKS,16384,40,8,658131,9.106,82266.375,192,248
2025-12-12 15:17:29.745,CKKS,16384,40,8,657111,9.484,82138.875,192,183
2025-12-12 15:17:29.761,CKKS,16384,40,8,657427,8.926,82178.375,192,488
2025-12-12 15:17:29.785,CKKS,16384,40,8,657512,9.268,82189.000,192,134
2025-12-12 15:17:29.965,CKKS,16384,40,8,658153,9.211,82269.125,192,52
2025-12-12 15:17:30.078,CKKS,16384,40,8,658230,9.019,82278.750,192,361
2025-12-12 15:17:30.130,CKKS,16384,40,8,658224,9.096,82278.000,192,19
2025-12-12 15:17:30.144,CKKS,16384,40,8,657338,10.195,82167.250,192,232
2025-12-12 15:17:30.150,CKKS,16384,40,8,658268,9.521,82283.500,192,85
2025-12-12 15:17:30.161,CKKS,16384,40,8,658079,8.998,82259.875,192,377
2025-12-12 15:17:30.173,CKKS,16384,40,8,657934,9.111,82241.750,192,329
2025-12-12 15:17:30.179,CKKS,16384,40,8,657465,9.202,82183.125,192,345
2025-12-12 15:17:30.193,CKKS,16384,40,8,658088,9.144,82261.000,192,393
2025-12-12 15:17:30.195,CKKS,16384,40,8,658075,9.596,82259.375,192,167
2025-12-12 15:17:30.237,CKKS,16384,40,8,657484,9.142,82185.500,192,313
2025-12-12 15:17:30.276,CKKS,16384,40,8,657929,10.325,82241.125,192,409
2025-12-12 15:17:30.284,CKKS,16384,40,8,658121,13.643,82265.125,192,118
2025-12-12 15:17:30.314,CKKS,16384,40,8,657899,9.192,82237.375,192,216
2025-12-12 15:17:30.346,CKKS,16384,40,8,658125,9.163,82265.625,192,425
2025-12-12 15:17:30.378,CKKS,16384,40,8,658280,9.168,82285.000,192,297
2025-12-12 15:17:30.516,CKKS,16384,40,8,657952,9.818,82244.000,192,441
2025-12-12 15:17:30.528,CKKS,16384,40,8,657432,9.135,82179.000,192,281
2025-12-12 15:17:30.565,CKKS,16384,40,8,657574,9.275,82196.750,192,151
2025-12-12 15:17:30.577,CKKS,16384,40,8,657898,9.239,82237.250,192,36
2025-12-12 15:17:30.679,CKKS,16384,40,8,655993,11.262,81999.125,192,69
2025-12-12 15:17:30.686,CKKS,16384,40,8,657392,14.201,82174.000,192,457
2025-12-12 15:17:30.758,CKKS,16384,40,8,657328,11.109,82166.000,192,3
2025-12-12 15:17:30.794,CKKS,16384,40,8,658196,13.438,82274.500,192,265
2025-12-12 15:17:30.824,CKKS,16384,40,8,657298,11.595,82162.250,192,102
2025-12-12 15:17:30.830,CKKS,16384,40,8,657902,13.463,82237.750,192,200
2025-12-12 15:17:30.849,CKKS,16384,40,8,658159,13.513,82269.875,192,473
2025-12-12 15:17:30.982,CKKS,16384,40,8,657876,9.261,82234.500,192,184
2025-12-12 15:17:31.003,CKKS,16384,40,8,657411,10.903,82176.375,192,249
2025-12-12 15:17:31.041,CKKS,16384,40,8,658207,9.386,82275.875,192,135
2025-12-12 15:17:31.044,CKKS,16384,40,8,657625,9.260,82203.125,192,489
2025-12-12 15:17:31.150,CKKS,16384,40,8,657602,10.560,82200.250,192,53
2025-12-12 15:17:31.192,CKKS,16384,40,8,658076,8.989,82259.500,192,20
2025-12-12 15:17:31.261,CKKS,16384,40,8,658155,9.207,82269.375,192,362
2025-12-12 15:17:31.279,CKKS,16384,40,8,657439,13.823,82179.875,192,233
2025-12-12 15:17:31.294,CKKS,16384,40,8,658161,13.106,82270.125,192,86
2025-12-12 15:17:31.346,CKKS,16384,40,8,657116,10.236,82139.500,192,346
2025-12-12 15:17:31.404,CKKS,16384,40,8,658125,9.292,82265.625,192,378
2025-12-12 15:17:31.423,CKKS,16384,40,8,658007,8.772,82250.875,192,330
2025-12-12 15:17:31.436,CKKS,16384,40,8,657160,9.227,82145.000,192,168
2025-12-12 15:17:31.471,CKKS,16384,40,8,658421,9.190,82302.625,192,394
2025-12-12 15:17:31.492,CKKS,16384,40,8,657419,9.265,82177.375,192,314
2025-12-12 15:17:31.511,CKKS,16384,40,8,657210,9.618,82151.250,192,119
2025-12-12 15:17:31.540,CKKS,16384,40,8,657175,11.831,82146.875,192,410
2025-12-12 15:17:31.574,CKKS,16384,40,8,658177,10.968,82272.125,192,217
2025-12-12 15:17:31.629,CKKS,16384,40,8,657297,10.111,82162.125,192,426
2025-12-12 15:17:31.664,CKKS,16384,40,8,658178,9.081,82272.250,192,298
2025-12-12 15:17:31.755,CKKS,16384,40,8,658158,9.221,82269.750,192,442
2025-12-12 15:17:31.796,CKKS,16384,40,8,657660,9.012,82207.500,192,282
2025-12-12 15:17:31.821,CKKS,16384,40,8,657679,12.782,82209.875,192,152
2025-12-12 15:17:31.934,CKKS,16384,40,8,657942,9.132,82242.750,192,37
2025-12-12 15:17:31.950,CKKS,16384,40,8,658288,9.212,82286.000,192,70
2025-12-12 15:17:31.957,CKKS,16384,40,8,657722,9.590,82215.250,192,458
2025-12-12 15:17:31.972,CKKS,16384,40,8,658092,9.121,82261.500,192,201
2025-12-12 15:17:31.984,CKKS,16384,40,8,658028,9.112,82253.500,192,4
2025-12-12 15:17:32.043,CKKS,16384,40,8,657084,9.057,82135.500,192,103
2025-12-12 15:17:32.125,CKKS,16384,40,8,657424,9.642,82178.000,192,266
2025-12-12 15:17:32.137,CKKS,16384,40,8,658122,10.808,82265.250,192,474
2025-12-12 15:17:32.251,CKKS,16384,40,8,657959,9.126,82244.875,192,250
2025-12-12 15:17:32.259,CKKS,16384,40,8,658166,9.076,82270.750,192,185
2025-12-12 15:17:32.273,CKKS,16384,40,8,657934,9.750,82241.750,192,136
2025-12-12 15:17:32.291,CKKS,16384,40,8,657446,9.215,82180.750,192,490
2025-12-12 15:17:32.448,CKKS,16384,40,8,657920,9.335,82240.000,192,54
2025-12-12 15:17:32.480,CKKS,16384,40,8,657894,9.203,82236.750,192,363
2025-12-12 15:17:32.482,CKKS,16384,40,8,658129,9.306,82266.125,192,21
2025-12-12 15:17:32.504,CKKS,16384,40,8,657437,8.767,82179.625,192,234
2025-12-12 15:17:32.537,CKKS,16384,40,8,658211,8.898,82276.375,192,87
2025-12-12 15:17:32.546,CKKS,16384,40,8,658005,12.475,82250.625,192,347
2025-12-12 15:17:32.565,CKKS,16384,40,8,657243,9.121,82155.375,192,379
2025-12-12 15:17:32.611,CKKS,16384,40,8,658213,9.543,82276.625,192,169
2025-12-12 15:17:32.621,CKKS,16384,40,8,657329,11.895,82166.125,192,331
2025-12-12 15:17:32.704,CKKS,16384,40,8,658033,9.627,82254.125,192,395
2025-12-12 15:17:32.735,CKKS,16384,40,8,658132,13.016,82266.500,192,315
2025-12-12 15:17:32.752,CKKS,16384,40,8,658033,9.519,82254.125,192,120
2025-12-12 15:17:32.765,CKKS,16384,40,8,658038,10.027,82254.750,192,218
2025-12-12 15:17:32.787,CKKS,16384,40,8,657272,9.139,82159.000,192,411
2025-12-12 15:17:32.865,CKKS,16384,40,8,657482,12.935,82185.250,192,427
2025-12-12 15:17:32.874,CKKS,16384,40,8,657468,13.536,82183.500,192,299
2025-12-12 15:17:33.070,CKKS,16384,40,8,658248,9.319,82281.000,192,443
2025-12-12 15:17:33.086,CKKS,16384,40,8,658193,13.252,82274.125,192,283
2025-12-12 15:17:33.094,CKKS,16384,40,8,656041,9.341,82005.125,192,153
2025-12-12 15:17:33.119,CKKS,16384,40,8,658200,13.347,82275.000,192,38
2025-12-12 15:17:33.125,CKKS,16384,40,8,657873,9.167,82234.125,192,71
2025-12-12 15:17:33.164,CKKS,16384,40,8,658122,9.530,82265.250,192,202
2025-12-12 15:17:33.178,CKKS,16384,40,8,657446,10.637,82180.750,192,5
2025-12-12 15:17:33.188,CKKS,16384,40,8,658131,12.919,82266.375,192,459
2025-12-12 15:17:33.194,CKKS,16384,40,8,658075,9.602,82259.375,192,104
2025-12-12 15:17:33.218,CKKS,16384,40,8,657473,11.548,82184.125,192,267
2025-12-12 15:17:33.362,CKKS,16384,40,8,657910,13.854,82238.750,192,475
2025-12-12 15:17:33.563,CKKS,16384,40,8,658409,13.009,82301.125,192,186
2025-12-12 15:17:33.599,CKKS,16384,40,8,658254,9.462,82281.750,192,137
2025-12-12 15:17:33.603,CKKS,16384,40,8,658068,12.988,82258.500,192,251
2025-12-12 15:17:33.613,CKKS,16384,40,8,657990,11.196,82248.750,192,491
2025-12-12 15:17:33.671,CKKS,16384,40,8,657764,9.553,82220.500,192,55
2025-12-12 15:17:33.678,CKKS,16384,40,8,658206,12.978,82275.750,192,22
2025-12-12 15:17:33.746,CKKS,16384,40,8,657669,9.614,82208.625,192,235
2025-12-12 15:17:33.771,CKKS,16384,40,8,657941,9.325,82242.625,192,364
2025-12-12 15:17:33.781,CKKS,16384,40,8,658279,12.985,82284.875,192,88
2025-12-12 15:17:33.787,CKKS,16384,40,8,658103,9.387,82262.875,192,348
2025-12-12 15:17:33.858,CKKS,16384,40,8,658314,13.259,82289.250,192,380
2025-12-12 15:17:33.869,CKKS,16384,40,8,658045,13.564,82255.625,192,170
2025-12-12 15:17:33.877,CKKS,16384,40,8,657291,13.704,82161.375,192,332
2025-12-12 15:17:33.939,CKKS,16384,40,8,657626,9.273,82203.250,192,121
2025-12-12 15:17:33.961,CKKS,16384,40,8,657322,9.044,82165.250,192,396
2025-12-12 15:17:33.978,CKKS,16384,40,8,658108,9.310,82263.500,192,316
2025-12-12 15:17:34.370,CKKS,16384,40,8,658131,9.375,82266.375,192,219
2025-12-12 15:17:34.404,CKKS,16384,40,8,657829,13.234,82228.625,192,412
2025-12-12 15:17:34.406,CKKS,16384,40,8,657345,9.395,82168.125,192,300
2025-12-12 15:17:34.434,CKKS,16384,40,8,658149,9.195,82268.625,192,105
2025-12-12 15:17:34.451,CKKS,16384,40,8,658041,12.948,82255.125,192,72
2025-12-12 15:17:34.460,CKKS,16384,40,8,658066,9.303,82258.250,192,428
2025-12-12 15:17:34.473,CKKS,16384,40,8,657973,12.950,82246.625,192,444
2025-12-12 15:17:34.547,CKKS,16384,40,8,657436,15.433,82179.500,192,268
2025-12-12 15:17:34.547,CKKS,16384,40,8,658066,15.411,82258.250,192,460
2025-12-12 15:17:34.570,CKKS,16384,40,8,658123,12.989,82265.375,192,154
2025-12-12 15:17:34.587,CKKS,16384,40,8,657410,9.230,82176.250,192,39
2025-12-12 15:17:34.599,CKKS,16384,40,8,658224,12.967,82278.000,192,284
2025-12-12 15:17:34.616,CKKS,16384,40,8,657789,12.717,82223.625,192,6
2025-12-12 15:17:34.624,CKKS,16384,40,8,657441,13.611,82180.125,192,203
2025-12-12 15:17:34.624,CKKS,16384,40,8,657427,15.050,82178.375,192,476
2025-12-12 15:17:34.666,CKKS,16384,40,8,657457,9.173,82182.125,192,187
2025-12-12 15:17:34.692,CKKS,16384,40,8,657434,9.405,82179.250,192,138
2025-12-12 15:17:34.716,CKKS,16384,40,8,658200,9.489,82275.000,192,252
2025-12-12 15:17:34.831,CKKS,16384,40,8,657592,9.290,82199.000,192,56
2025-12-12 15:17:34.860,CKKS,16384,40,8,657284,9.067,82160.500,192,492
2025-12-12 15:17:34.870,CKKS,16384,40,8,657798,12.659,82224.750,192,23
2025-12-12 15:17:34.907,CKKS,16384,40,8,658082,9.338,82260.250,192,89
2025-12-12 15:17:34.917,CKKS,16384,40,8,657286,11.515,82160.750,192,236
2025-12-12 15:17:35.026,CKKS,16384,40,8,658105,12.070,82263.125,192,349
2025-12-12 15:17:35.033,CKKS,16384,40,8,658346,14.802,82293.250,192,365
2025-12-12 15:17:35.082,CKKS,16384,40,8,658123,9.762,82265.375,192,171
2025-12-12 15:17:35.112,CKKS,16384,40,8,657815,9.794,82226.875,192,381
2025-12-12 15:17:35.124,CKKS,16384,40,8,657360,13.246,82170.000,192,333
2025-12-12 15:17:35.199,CKKS,16384,40,8,657323,9.663,82165.375,192,122
2025-12-12 15:17:35.259,CKKS,16384,40,8,657807,9.932,82225.875,192,397
2025-12-12 15:17:35.278,CKKS,16384,40,8,657832,9.364,82229.000,192,317
2025-12-12 15:17:35.280,CKKS,16384,40,8,657981,13.128,82247.625,192,220
2025-12-12 15:17:35.318,CKKS,16384,40,8,658177,9.490,82272.125,192,413
2025-12-12 15:17:35.358,CKKS,16384,40,8,657971,13.182,82246.375,192,301
2025-12-12 15:17:35.378,CKKS,16384,40,8,658121,8.987,82265.125,192,429
2025-12-12 15:17:35.468,CKKS,16384,40,8,658122,13.006,82265.250,192,40
2025-12-12 15:17:35.542,CKKS,16384,40,8,658268,9.205,82283.500,192,445
2025-12-12 15:17:35.572,CKKS,16384,40,8,658167,9.025,82270.875,192,7
2025-12-12 15:17:35.597,CKKS,16384,40,8,658245,13.105,82280.625,192,155
2025-12-12 15:17:35.619,CKKS,16384,40,8,657755,11.878,82219.375,192,285
2025-12-12 15:17:35.681,CKKS,16384,40,8,657455,14.693,82181.875,192,204
2025-12-12 15:17:35.692,CKKS,16384,40,8,658154,14.026,82269.250,192,73
2025-12-12 15:17:35.694,CKKS,16384,40,8,657729,16.656,82216.125,192,106
2025-12-12 15:17:35.705,CKKS,16384,40,8,657401,16.275,82175.125,192,461
2025-12-12 15:17:35.715,CKKS,16384,40,8,658203,16.993,82275.375,192,269
2025-12-12 15:17:35.882,CKKS,16384,40,8,657762,13.729,82220.250,192,477
2025-12-12 15:17:35.887,CKKS,16384,40,8,657930,13.621,82241.250,192,188
2025-12-12 15:17:35.962,CKKS,16384,40,8,657890,13.421,82236.250,192,139
2025-12-12 15:17:35.974,CKKS,16384,40,8,658210,9.343,82276.250,192,253
2025-12-12 15:17:36.129,CKKS,16384,40,8,656120,9.207,82015.000,192,24
2025-12-12 15:17:36.142,CKKS,16384,40,8,657463,10.880,82182.875,192,57
2025-12-12 15:17:36.162,CKKS,16384,40,8,657302,12.438,82162.750,192,90
2025-12-12 15:17:36.175,CKKS,16384,40,8,657566,10.583,82195.750,192,493
2025-12-12 15:17:36.182,CKKS,16384,40,8,656071,13.302,82008.875,192,237
2025-12-12 15:17:36.266,CKKS,16384,40,8,657446,9.315,82180.750,192,350
2025-12-12 15:17:36.280,CKKS,16384,40,8,657422,13.078,82177.750,192,366
2025-12-12 15:17:36.317,CKKS,16384,40,8,657329,10.025,82166.125,192,172
2025-12-12 15:17:36.343,CKKS,16384,40,8,657769,8.987,82221.125,192,382
2025-12-12 15:17:36.388,CKKS,16384,40,8,657980,9.421,82247.500,192,334
2025-12-12 15:17:36.426,CKKS,16384,40,8,658087,9.120,82260.875,192,123
2025-12-12 15:17:36.502,CKKS,16384,40,8,656881,9.066,82110.125,192,318
2025-12-12 15:17:36.526,CKKS,16384,40,8,657883,13.194,82235.375,192,398
2025-12-12 15:17:36.528,CKKS,16384,40,8,657860,8.891,82232.500,192,221
2025-12-12 15:17:36.574,CKKS,16384,40,8,657426,9.390,82178.250,192,414
2025-12-12 15:17:36.598,CKKS,16384,40,8,657372,12.269,82171.500,192,302
2025-12-12 15:17:36.644,CKKS,16384,40,8,657182,12.136,82147.750,192,41
2025-12-12 15:17:36.665,CKKS,16384,40,8,658141,10.038,82267.625,192,430
2025-12-12 15:17:36.713,CKKS,16384,40,8,657788,9.601,82223.500,192,74
2025-12-12 15:17:36.768,CKKS,16384,40,8,657706,12.839,82213.250,192,156
2025-12-12 15:17:36.788,CKKS,16384,40,8,657399,10.443,82174.875,192,8
2025-12-12 15:17:36.807,CKKS,16384,40,8,658030,13.312,82253.750,192,286
2025-12-12 15:17:36.835,CKKS,16384,40,8,657295,13.867,82161.875,192,446
2025-12-12 15:17:36.839,CKKS,16384,40,8,657336,12.194,82167.000,192,205
2025-12-12 15:17:36.891,CKKS,16384,40,8,658045,12.950,82255.625,192,107
2025-12-12 15:17:36.947,CKKS,16384,40,8,657435,12.944,82179.375,192,462
2025-12-12 15:17:36.979,CKKS,16384,40,8,657938,13.934,82242.250,192,270
2025-12-12 15:17:37.128,CKKS,16384,40,8,657390,9.228,82173.750,192,478
2025-12-12 15:17:37.237,CKKS,16384,40,8,658203,13.205,82275.375,192,189
2025-12-12 15:17:37.268,CKKS,16384,40,8,657505,14.127,82188.125,192,140
2025-12-12 15:17:37.282,CKKS,16384,40,8,658165,24.162,82270.625,192,254
2025-12-12 15:17:37.305,CKKS,16384,40,8,657772,22.050,82221.500,192,58
2025-12-12 15:17:37.306,CKKS,16384,40,8,658095,14.876,82261.875,192,25
2025-12-12 15:17:37.353,CKKS,16384,40,8,657288,9.347,82161.000,192,91
2025-12-12 15:17:37.401,CKKS,16384,40,8,657591,9.211,82198.875,192,494
2025-12-12 15:17:37.422,CKKS,16384,40,8,657441,12.353,82180.125,192,238
2025-12-12 15:17:37.542,CKKS,16384,40,8,657928,9.219,82241.000,192,367
2025-12-12 15:17:37.563,CKKS,16384,40,8,657310,9.565,82163.750,192,351
2025-12-12 15:17:37.583,CKKS,16384,40,8,657329,13.073,82166.125,192,173
2025-12-12 15:17:37.605,CKKS,16384,40,8,657480,9.160,82185.000,192,335
2025-12-12 15:17:37.644,CKKS,16384,40,8,658171,9.498,82271.375,192,383
2025-12-12 15:17:37.646,CKKS,16384,40,8,657304,12.983,82163.000,192,124
2025-12-12 15:17:37.666,CKKS,16384,40,8,658249,8.925,82281.125,192,319
2025-12-12 15:17:37.700,CKKS,16384,40,8,657488,13.108,82186.000,192,222
2025-12-12 15:17:37.719,CKKS,16384,40,8,657442,9.510,82180.250,192,399
2025-12-12 15:17:37.809,CKKS,16384,40,8,657349,9.015,82168.625,192,303
2025-12-12 15:17:37.851,CKKS,16384,40,8,657952,9.556,82244.000,192,415
2025-12-12 15:17:37.864,CKKS,16384,40,8,657309,12.936,82163.625,192,42
2025-12-12 15:17:37.898,CKKS,16384,40,8,657919,13.094,82239.875,192,431
2025-12-12 15:17:37.941,CKKS,16384,40,8,657792,9.067,82224.000,192,157
2025-12-12 15:17:38.013,CKKS,16384,40,8,657291,9.210,82161.375,192,9
2025-12-12 15:17:38.032,CKKS,16384,40,8,657591,13.077,82198.875,192,75
2025-12-12 15:17:38.143,CKKS,16384,40,8,658136,12.939,82267.000,192,447
2025-12-12 15:17:38.164,CKKS,16384,40,8,657344,9.024,82168.000,192,287
2025-12-12 15:17:38.196,CKKS,16384,40,8,658345,13.036,82293.125,192,108
2025-12-12 15:17:38.201,CKKS,16384,40,8,657230,9.236,82153.750,192,206
2025-12-12 15:17:38.221,CKKS,16384,40,8,657331,12.169,82166.375,192,271
2025-12-12 15:17:38.227,CKKS,16384,40,8,657972,14.437,82246.500,192,463
2025-12-12 15:17:38.403,CKKS,16384,40,8,658163,13.152,82270.375,192,479
2025-12-12 15:17:38.419,CKKS,16384,40,8,657751,9.701,82218.875,192,190
2025-12-12 15:17:38.483,CKKS,16384,40,8,657334,14.393,82166.750,192,141
2025-12-12 15:17:38.486,CKKS,16384,40,8,657804,14.931,82225.500,192,255
2025-12-12 15:17:38.567,CKKS,16384,40,8,657435,13.180,82179.375,192,59
2025-12-12 15:17:38.608,CKKS,16384,40,8,656860,9.389,82107.500,192,26
2025-12-12 15:17:38.632,CKKS,16384,40,8,657855,8.804,82231.875,192,92
2025-12-12 15:17:38.667,CKKS,16384,40,8,657004,12.979,82125.500,192,239
2025-12-12 15:17:38.690,CKKS,16384,40,8,658123,13.155,82265.375,192,495
2025-12-12 15:17:38.800,CKKS,16384,40,8,657760,13.218,82220.000,192,368
2025-12-12 15:17:38.806,CKKS,16384,40,8,656393,12.141,82049.125,192,174
2025-12-12 15:17:38.815,CKKS,16384,40,8,657718,14.434,82214.750,192,352
2025-12-12 15:17:38.885,CKKS,16384,40,8,658214,9.575,82276.750,192,336
2025-12-12 15:17:38.917,CKKS,16384,40,8,657479,9.885,82184.875,192,384
2025-12-12 15:17:38.924,CKKS,16384,40,8,657325,13.204,82165.625,192,125
2025-12-12 15:17:38.932,CKKS,16384,40,8,657576,8.911,82197.000,192,320
2025-12-12 15:17:38.969,CKKS,16384,40,8,658296,9.353,82287.000,192,223
2025-12-12 15:17:38.986,CKKS,16384,40,8,657373,13.270,82171.625,192,400
2025-12-12 15:17:39.103,CKKS,16384,40,8,658148,10.205,82268.500,192,416
2025-12-12 15:17:39.136,CKKS,16384,40,8,657376,13.077,82172.000,192,43
2025-12-12 15:17:39.154,CKKS,16384,40,8,657319,14.035,82164.875,192,304
2025-12-12 15:17:39.162,CKKS,16384,40,8,657650,13.368,82206.250,192,432
2025-12-12 15:17:39.210,CKKS,16384,40,8,657669,13.560,82208.625,192,158
2025-12-12 15:17:39.231,CKKS,16384,40,8,657431,21.037,82178.875,192,76
2025-12-12 15:17:39.234,CKKS,16384,40,8,657715,13.171,82214.375,192,10
2025-12-12 15:17:39.262,CKKS,16384,40,8,657245,13.190,82155.625,192,288
2025-12-12 15:17:39.290,CKKS,16384,40,8,657907,22.485,82238.375,192,207
2025-12-12 15:17:39.343,CKKS,16384,40,8,657894,13.298,82236.750,192,109
2025-12-12 15:17:39.352,CKKS,16384,40,8,658283,13.306,82285.375,192,448
2025-12-12 15:17:39.421,CKKS,16384,40,8,658053,9.338,82256.625,192,272
2025-12-12 15:17:39.446,CKKS,16384,40,8,658232,8.945,82279.000,192,464
2025-12-12 15:17:39.630,CKKS,16384,40,8,657670,9.197,82208.750,192,191
2025-12-12 15:17:39.665,CKKS,16384,40,8,657752,9.236,82219.000,192,256
2025-12-12 15:17:39.694,CKKS,16384,40,8,657382,14.327,82172.750,192,480
2025-12-12 15:17:39.696,CKKS,16384,40,8,656836,15.170,82104.500,192,142
2025-12-12 15:17:39.707,CKKS,16384,40,8,658346,13.184,82293.250,192,60
2025-12-12 15:17:39.724,CKKS,16384,40,8,658223,9.526,82277.875,192,27
2025-12-12 15:17:39.782,CKKS,16384,40,8,657917,9.612,82239.625,192,93
2025-12-12 15:17:39.911,CKKS,16384,40,8,657286,13.187,82160.750,192,240
2025-12-12 15:17:39.952,CKKS,16384,40,8,657989,13.208,82248.625,192,496
2025-12-12 15:17:40.036,CKKS,16384,40,8,658327,9.905,82290.875,192,369
2025-12-12 15:17:40.045,CKKS,16384,40,8,658167,13.603,82270.875,192,175
2025-12-12 15:17:40.124,CKKS,16384,40,8,658132,13.082,82266.500,192,385
2025-12-12 15:17:40.137,CKKS,16384,40,8,657220,10.174,82152.500,192,126
2025-12-12 15:17:40.153,CKKS,16384,40,8,658203,15.276,82275.375,192,353
2025-12-12 15:17:40.155,CKKS,16384,40,8,657268,9.531,82158.500,192,337
2025-12-12 15:17:40.192,CKKS,16384,40,8,658043,13.371,82255.375,192,224
2025-12-12 15:17:40.195,CKKS,16384,40,8,657298,9.171,82162.250,192,321
2025-12-12 15:17:40.208,CKKS,16384,40,8,657381,10.058,82172.625,192,401
2025-12-12 15:17:40.292,CKKS,16384,40,8,657989,9.122,82248.625,192,305
2025-12-12 15:17:40.337,CKKS,16384,40,8,658283,13.004,82285.375,192,417
2025-12-12 15:17:40.388,CKKS,16384,40,8,658160,9.429,82270.000,192,433
2025-12-12 15:17:40.447,CKKS,16384,40,8,657420,10.261,82177.500,192,44
2025-12-12 15:17:40.478,CKKS,16384,40,8,658183,13.021,82272.875,192,11
2025-12-12 15:17:40.485,CKKS,16384,40,8,657683,9.314,82210.375,192,159
2025-12-12 15:17:40.501,CKKS,16384,40,8,657485,9.951,82185.625,192,77
2025-12-12 15:17:40.502,CKKS,16384,40,8,658108,12.827,82263.500,192,289
2025-12-12 15:17:40.515,CKKS,16384,40,8,657375,9.853,82171.875,192,208
2025-12-12 15:17:40.532,CKKS,16384,40,8,657211,13.042,82151.375,192,110
2025-12-12 15:17:40.601,CKKS,16384,40,8,657639,9.262,82204.875,192,449
2025-12-12 15:17:40.662,CKKS,16384,40,8,657446,9.245,82180.750,192,273
2025-12-12 15:17:40.758,CKKS,16384,40,8,657393,9.988,82174.125,192,465
2025-12-12 15:17:40.831,CKKS,16384,40,8,657288,10.480,82161.000,192,143
2025-12-12 15:17:40.862,CKKS,16384,40,8,657565,9.326,82195.625,192,192
2025-12-12 15:17:40.906,CKKS,16384,40,8,657247,13.512,82155.875,192,257
2025-12-12 15:17:40.935,CKKS,16384,40,8,657639,14.223,82204.875,192,61
2025-12-12 15:17:40.947,CKKS,16384,40,8,658195,13.349,82274.375,192,28
2025-12-12 15:17:40.963,CKKS,16384,40,8,658248,14.837,82281.000,192,481
2025-12-12 15:17:40.995,CKKS,16384,40,8,657721,14.270,82215.125,192,94
2025-12-12 15:17:41.119,CKKS,16384,40,8,657817,13.155,82227.125,192,241
2025-12-12 15:17:41.226,CKKS,16384,40,8,657458,16.942,82182.250,192,497
2025-12-12 15:17:41.239,CKKS,16384,40,8,658079,21.161,82259.875,192,176
2025-12-12 15:17:41.294,CKKS,16384,40,8,657377,9.179,82172.125,192,127
2025-12-12 15:17:41.314,CKKS,16384,40,8,658149,13.012,82268.625,192,354
2025-12-12 15:17:41.316,CKKS,16384,40,8,657329,9.166,82166.125,192,370
2025-12-12 15:17:41.327,CKKS,16384,40,8,657782,13.157,82222.750,192,338
2025-12-12 15:17:41.362,CKKS,16384,40,8,658016,9.551,82252.000,192,386
2025-12-12 15:17:41.466,CKKS,16384,40,8,658173,13.521,82271.625,192,322
2025-12-12 15:17:41.472,CKKS,16384,40,8,658212,9.417,82276.500,192,225
2025-12-12 15:17:41.491,CKKS,16384,40,8,657389,9.295,82173.625,192,45
2025-12-12 15:17:41.522,CKKS,16384,40,8,658168,12.966,82271.000,192,402
2025-12-12 15:17:41.565,CKKS,16384,40,8,657377,9.582,82172.125,192,306
2025-12-12 15:17:41.585,CKKS,16384,40,8,658193,9.159,82274.125,192,418
2025-12-12 15:17:41.614,CKKS,16384,40,8,657770,8.976,82221.250,192,12
2025-12-12 15:17:41.704,CKKS,16384,40,8,657289,13.027,82161.125,192,160
2025-12-12 15:17:41.721,CKKS,16384,40,8,657445,14.042,82180.625,192,434
2025-12-12 15:17:41.722,CKKS,16384,40,8,657545,14.562,82193.125,192,78
2025-12-12 15:17:41.732,CKKS,16384,40,8,658218,13.901,82277.250,192,290
2025-12-12 15:17:41.766,CKKS,16384,40,8,657902,9.194,82237.750,192,111
2025-12-12 15:17:41.779,CKKS,16384,40,8,658133,11.187,82266.625,192,209
2025-12-12 15:17:41.839,CKKS,16384,40,8,657716,9.177,82214.500,192,450
2025-12-12 15:17:41.909,CKKS,16384,40,8,656990,13.160,82123.750,192,274
2025-12-12 15:17:41.982,CKKS,16384,40,8,658003,9.087,82250.375,192,466
2025-12-12 15:17:42.147,CKKS,16384,40,8,658204,13.092,82275.500,192,258
2025-12-12 15:17:42.163,CKKS,16384,40,8,657357,15.025,82169.625,192,193
2025-12-12 15:17:42.165,CKKS,16384,40,8,658164,15.560,82270.500,192,144
2025-12-12 15:17:42.182,CKKS,16384,40,8,658153,13.124,82269.125,192,482
2025-12-12 15:17:42.206,CKKS,16384,40,8,657397,9.438,82174.625,192,62
2025-12-12 15:17:42.219,CKKS,16384,40,8,658230,12.729,82278.750,192,29
2025-12-12 15:17:42.243,CKKS,16384,40,8,658061,9.565,82257.625,192,95
2025-12-12 15:17:42.414,CKKS,16384,40,8,658203,9.689,82275.375,192,242
2025-12-12 15:17:42.436,CKKS,16384,40,8,657794,10.690,82224.250,192,177
2025-12-12 15:17:42.464,CKKS,16384,40,8,657379,9.141,82172.375,192,371
2025-12-12 15:17:42.483,CKKS,16384,40,8,657832,12.993,82229.000,192,498
2025-12-12 15:17:42.534,CKKS,16384,40,8,657378,11.697,82172.250,192,128
2025-12-12 15:17:42.542,CKKS,16384,40,8,658244,14.314,82280.500,192,355
2025-12-12 15:17:42.576,CKKS,16384,40,8,657290,9.135,82161.250,192,339
2025-12-12 15:17:42.627,CKKS,16384,40,8,658221,13.577,82277.625,192,387
2025-12-12 15:17:42.683,CKKS,16384,40,8,657387,19.377,82173.375,192,226
2025-12-12 15:17:42.690,CKKS,16384,40,8,657388,24.496,82173.500,192,323
2025-12-12 15:17:42.724,CKKS,16384,40,8,658095,11.912,82261.875,192,46
2025-12-12 15:17:42.781,CKKS,16384,40,8,658103,9.288,82262.875,192,403
2025-12-12 15:17:42.866,CKKS,16384,40,8,657897,10.725,82237.125,192,79
2025-12-12 15:17:42.886,CKKS,16384,40,8,657782,13.026,82222.750,192,419
2025-12-12 15:17:42.918,CKKS,16384,40,8,658211,13.562,82276.375,192,307
2025-12-12 15:17:42.930,CKKS,16384,40,8,657928,15.656,82241.000,192,13
2025-12-12 15:17:42.946,CKKS,16384,40,8,657838,23.548,82229.750,192,161
2025-12-12 15:17:42.947,CKKS,16384,40,8,657438,18.974,82179.750,192,435
2025-12-12 15:17:42.965,CKKS,16384,40,8,657465,17.181,82183.125,192,291
2025-12-12 15:17:43.085,CKKS,16384,40,8,657464,16.535,82183.000,192,112
2025-12-12 15:17:43.086,CKKS,16384,40,8,658139,15.897,82267.375,192,210
2025-12-12 15:17:43.138,CKKS,16384,40,8,658222,13.298,82277.750,192,451
2025-12-12 15:17:43.203,CKKS,16384,40,8,657611,9.261,82201.375,192,275
2025-12-12 15:17:43.257,CKKS,16384,40,8,658234,9.621,82279.250,192,467
2025-12-12 15:17:43.277,CKKS,16384,40,8,658236,9.033,82279.500,192,145
2025-12-12 15:17:43.306,CKKS,16384,40,8,657317,13.045,82164.625,192,194
2025-12-12 15:17:43.348,CKKS,16384,40,8,657278,9.472,82159.750,192,259
2025-12-12 15:17:43.433,CKKS,16384,40,8,657424,9.499,82178.000,192,63
2025-12-12 15:17:43.455,CKKS,16384,40,8,657851,13.333,82231.375,192,483
2025-12-12 15:17:43.479,CKKS,16384,40,8,657668,13.136,82208.500,192,30
2025-12-12 15:17:43.484,CKKS,16384,40,8,657852,9.781,82231.500,192,96
2025-12-12 15:17:43.626,CKKS,16384,40,8,657239,11.832,82154.875,192,243
2025-12-12 15:17:43.646,CKKS,16384,40,8,658285,8.926,82285.625,192,178
2025-12-12 15:17:43.730,CKKS,16384,40,8,657610,13.332,82201.250,192,129
2025-12-12 15:17:43.753,CKKS,16384,40,8,658115,9.008,82264.375,192,499
2025-12-12 15:17:43.775,CKKS,16384,40,8,658055,8.989,82256.875,192,356
2025-12-12 15:17:43.804,CKKS,16384,40,8,657527,12.914,82190.875,192,372
2025-12-12 15:17:43.829,CKKS,16384,40,8,657911,9.813,82238.875,192,340
2025-12-12 15:17:43.899,CKKS,16384,40,8,657878,9.574,82234.750,192,324
2025-12-12 15:17:43.900,CKKS,16384,40,8,657341,13.144,82167.625,192,227
2025-12-12 15:17:43.911,CKKS,16384,40,8,658232,11.842,82279.000,192,388
2025-12-12 15:17:43.956,CKKS,16384,40,8,658141,13.151,82267.625,192,47
2025-12-12 15:17:44.075,CKKS,16384,40,8,658219,12.928,82277.375,192,404
2025-12-12 15:17:44.097,CKKS,16384,40,8,658389,10.344,82298.625,192,80
2025-12-12 15:17:44.156,CKKS,16384,40,8,657326,10.004,82165.750,192,308
2025-12-12 15:17:44.157,CKKS,16384,40,8,657938,12.983,82242.250,192,420
2025-12-12 15:17:44.171,CKKS,16384,40,8,657327,11.580,82165.875,192,162
2025-12-12 15:17:44.187,CKKS,16384,40,8,657200,14.123,82150.000,192,113
2025-12-12 15:17:44.187,CKKS,16384,40,8,657959,13.203,82244.875,192,14
2025-12-12 15:17:44.195,CKKS,16384,40,8,657909,15.405,82238.625,192,436
2025-12-12 15:17:44.209,CKKS,16384,40,8,656097,12.962,82012.125,192,292
2025-12-12 15:17:44.221,CKKS,16384,40,8,658241,9.314,82280.125,192,211
2025-12-12 15:17:44.424,CKKS,16384,40,8,657642,13.203,82205.250,192,452
2025-12-12 15:17:44.441,CKKS,16384,40,8,658261,22.022,82282.625,192,276
2025-12-12 15:17:44.499,CKKS,16384,40,8,657442,9.715,82180.250,192,146
2025-12-12 15:17:44.509,CKKS,16384,40,8,657770,12.425,82221.250,192,195
2025-12-12 15:17:44.527,CKKS,16384,40,8,657926,12.959,82240.750,192,468
2025-12-12 15:17:44.572,CKKS,16384,40,8,657435,11.500,82179.375,192,31
2025-12-12 15:17:44.625,CKKS,16384,40,8,657359,12.366,82169.875,192,260
2025-12-12 15:17:44.631,CKKS,16384,40,8,657416,12.488,82177.000,192,64
2025-12-12 15:17:44.660,CKKS,16384,40,8,658144,9.609,82268.000,192,97
2025-12-12 15:17:44.678,CKKS,16384,40,8,657732,9.030,82216.500,192,484
2025-12-12 15:17:44.894,CKKS,16384,40,8,657810,9.286,82226.250,192,244
2025-12-12 15:17:44.909,CKKS,16384,40,8,655967,8.928,81995.875,192,179
2025-12-12 15:17:44.951,CKKS,16384,40,8,658048,9.067,82256.000,192,130
2025-12-12 15:17:44.986,CKKS,16384,40,8,658187,9.223,82273.375,192,500
2025-12-12 15:17:45.060,CKKS,16384,40,8,657320,9.295,82165.000,192,357
2025-12-12 15:17:45.133,CKKS,16384,40,8,657807,9.386,82225.875,192,373
2025-12-12 15:17:45.176,CKKS,16384,40,8,657344,13.156,82168.000,192,341
2025-12-12 15:17:45.207,CKKS,16384,40,8,658225,13.172,82278.125,192,228
2025-12-12 15:17:45.209,CKKS,16384,40,8,658253,11.871,82281.625,192,48
2025-12-12 15:17:45.213,CKKS,16384,40,8,657434,14.821,82179.250,192,325
2025-12-12 15:17:45.231,CKKS,16384,40,8,658232,12.770,82279.000,192,15
2025-12-12 15:17:45.278,CKKS,16384,40,8,658288,9.494,82286.000,192,389
2025-12-12 15:17:45.314,CKKS,16384,40,8,658143,9.110,82267.875,192,309
2025-12-12 15:17:45.330,CKKS,16384,40,8,657842,14.509,82230.250,192,81
2025-12-12 15:17:45.334,CKKS,16384,40,8,657771,13.073,82221.375,192,163
2025-12-12 15:17:45.337,CKKS,16384,40,8,657883,15.243,82235.375,192,405
2025-12-12 15:17:45.364,CKKS,16384,40,8,657792,13.212,82224.000,192,421
2025-12-12 15:17:45.412,CKKS,16384,40,8,657786,9.375,82223.250,192,114
2025-12-12 15:17:45.463,CKKS,16384,40,8,658246,9.544,82280.750,192,293
2025-12-12 15:17:45.500,CKKS,16384,40,8,657333,10.763,82166.625,192,212
2025-12-12 15:17:45.508,CKKS,16384,40,8,657337,13.121,82167.125,192,437
2025-12-12 15:17:45.648,CKKS,16384,40,8,658231,9.893,82278.875,192,453
2025-12-12 15:17:45.660,CKKS,16384,40,8,657946,10.927,82243.250,192,277
2025-12-12 15:17:45.688,CKKS,16384,40,8,658024,8.989,82253.000,192,147
2025-12-12 15:17:45.725,CKKS,16384,40,8,657215,13.115,82151.875,192,196
2025-12-12 15:17:45.733,CKKS,16384,40,8,657710,9.931,82213.750,192,32
2025-12-12 15:17:45.750,CKKS,16384,40,8,658129,13.053,82266.125,192,65
2025-12-12 15:17:45.780,CKKS,16384,40,8,658033,10.566,82254.125,192,469
2025-12-12 15:17:45.814,CKKS,16384,40,8,658046,9.106,82255.750,192,261
2025-12-12 15:17:45.866,CKKS,16384,40,8,658097,9.348,82262.125,192,98
2025-12-12 15:17:45.954,CKKS,16384,40,8,657587,11.360,82198.375,192,485
2025-12-12 15:17:46.084,CKKS,16384,40,8,657779,13.677,82222.375,192,180
2025-12-12 15:17:46.120,CKKS,16384,40,8,658010,11.135,82251.250,192,245
2025-12-12 15:17:46.173,CKKS,16384,40,8,657713,12.934,82214.125,192,131
2025-12-12 15:17:46.293,CKKS,16384,40,8,657550,9.331,82193.750,192,358
2025-12-12 15:17:46.376,CKKS,16384,40,8,657739,9.276,82217.375,192,374
2025-12-12 15:17:46.383,CKKS,16384,40,8,657788,12.987,82223.500,192,342
2025-12-12 15:17:46.417,CKKS,16384,40,8,657519,9.466,82189.875,192,49
2025-12-12 15:17:46.440,CKKS,16384,40,8,658151,10.766,82268.875,192,229
2025-12-12 15:17:46.448,CKKS,16384,40,8,657372,13.617,82171.500,192,16
2025-12-12 15:17:46.487,CKKS,16384,40,8,658136,9.338,82267.000,192,82
2025-12-12 15:17:46.556,CKKS,16384,40,8,658170,9.229,82271.250,192,390
2025-12-12 15:17:46.562,CKKS,16384,40,8,657365,10.593,82170.625,192,326
2025-12-12 15:17:46.576,CKKS,16384,40,8,657193,9.042,82149.125,192,164
2025-12-12 15:17:46.615,CKKS,16384,40,8,657643,9.402,82205.375,192,310
2025-12-12 15:17:46.631,CKKS,16384,40,8,658150,13.284,82268.750,192,406
2025-12-12 15:17:46.660,CKKS,16384,40,8,657674,9.612,82209.250,192,422
2025-12-12 15:17:46.666,CKKS,16384,40,8,658138,12.917,82267.250,192,115
2025-12-12 15:17:46.744,CKKS,16384,40,8,657609,9.253,82201.125,192,213
2025-12-12 15:17:46.793,CKKS,16384,40,8,658109,9.366,82263.625,192,294
2025-12-12 15:17:46.802,CKKS,16384,40,8,657406,13.333,82175.750,192,438
2025-12-12 15:17:46.906,CKKS,16384,40,8,657594,11.918,82199.250,192,278
2025-12-12 15:17:46.971,CKKS,16384,40,8,657207,9.314,82150.875,192,454
2025-12-12 15:17:46.982,CKKS,16384,40,8,657384,13.169,82173.000,192,148
2025-12-12 15:17:47.017,CKKS,16384,40,8,657787,10.008,82223.375,192,197
2025-12-12 15:17:47.042,CKKS,16384,40,8,657523,9.270,82190.375,192,66
2025-12-12 15:17:47.072,CKKS,16384,40,8,658256,12.998,82282.000,192,33
2025-12-12 15:17:47.077,CKKS,16384,40,8,657995,9.567,82249.375,192,470
2025-12-12 15:17:47.092,CKKS,16384,40,8,658178,13.243,82272.250,192,262
2025-12-12 15:17:47.125,CKKS,16384,40,8,657413,13.209,82176.625,192,99
2025-12-12 15:17:47.228,CKKS,16384,40,8,658119,9.181,82264.875,192,486
2025-12-12 15:17:47.296,CKKS,16384,40,8,657958,9.375,82244.750,192,246
2025-12-12 15:17:47.362,CKKS,16384,40,8,657396,9.383,82174.500,192,181
2025-12-12 15:17:47.457,CKKS,16384,40,8,657192,9.237,82149.000,192,132
2025-12-12 15:17:47.507,CKKS,16384,40,8,657400,8.881,82175.000,192,359
2025-12-12 15:17:47.572,CKKS,16384,40,8,658104,11.349,82263.000,192,375
2025-12-12 15:17:47.579,CKKS,16384,40,8,657775,15.385,82221.875,192,50
2025-12-12 15:17:47.601,CKKS,16384,40,8,657821,9.261,82227.625,192,343
2025-12-12 15:17:47.654,CKKS,16384,40,8,657374,13.691,82171.750,192,83
2025-12-12 15:17:47.663,CKKS,16384,40,8,658201,13.253,82275.125,192,17
2025-12-12 15:17:47.675,CKKS,16384,40,8,657827,23.802,82228.375,192,230
2025-12-12 15:17:47.680,CKKS,16384,40,8,657902,17.663,82237.750,192,327
2025-12-12 15:17:47.694,CKKS,16384,40,8,657859,15.864,82232.375,192,391
2025-12-12 15:17:47.715,CKKS,16384,40,8,658105,13.270,82263.125,192,165
2025-12-12 15:17:47.750,CKKS,16384,40,8,657948,9.140,82243.500,192,311
2025-12-12 15:17:47.775,CKKS,16384,40,8,658255,9.043,82281.875,192,407
2025-12-12 15:17:47.867,CKKS,16384,40,8,657864,9.429,82233.000,192,423
2025-12-12 15:17:47.940,CKKS,16384,40,8,655986,9.319,81998.250,192,214
2025-12-12 15:17:48.018,CKKS,16384,40,8,657842,11.267,82230.250,192,439
2025-12-12 15:17:48.026,CKKS,16384,40,8,657356,13.592,82169.500,192,116
2025-12-12 15:17:48.030,CKKS,16384,40,8,658029,13.823,82253.625,192,295
2025-12-12 15:17:48.148,CKKS,16384,40,8,657348,9.235,82168.500,192,279
2025-12-12 15:17:48.177,CKKS,16384,40,8,657961,8.956,82245.125,192,455
2025-12-12 15:17:48.192,CKKS,16384,40,8,657962,11.709,82245.250,192,149
2025-12-12 15:17:48.226,CKKS,16384,40,8,658177,13.234,82272.125,192,34
2025-12-12 15:17:48.228,CKKS,16384,40,8,658202,9.208,82275.250,192,198
2025-12-12 15:17:48.258,CKKS,16384,40,8,657780,9.150,82222.500,192,67
2025-12-12 15:17:48.306,CKKS,16384,40,8,658147,12.636,82268.375,192,263
2025-12-12 15:17:48.326,CKKS,16384,40,8,657376,15.322,82172.000,192,471
2025-12-12 15:17:48.421,CKKS,16384,40,8,657759,12.967,82219.875,192,100
2025-12-12 15:17:48.431,CKKS,16384,40,8,657761,13.454,82220.125,192,1
2025-12-12 15:17:48.533,CKKS,16384,40,8,657159,12.175,82144.875,192,487
2025-12-12 15:17:48.537,CKKS,16384,40,8,656994,14.968,82124.250,192,247
2025-12-12 15:17:48.580,CKKS,16384,40,8,657687,9.390,82210.875,192,182
2025-12-12 15:17:48.617,CKKS,16384,40,8,658315,13.706,82289.375,192,133
2025-12-12 15:17:48.781,CKKS,16384,40,8,657546,9.193,82193.250,192,360
2025-12-12 15:17:48.812,CKKS,16384,40,8,657949,9.100,82243.625,192,51
2025-12-12 15:17:48.832,CKKS,16384,40,8,657906,13.073,82238.250,192,376
2025-12-12 15:17:48.852,CKKS,16384,40,8,657442,11.356,82180.250,192,231
2025-12-12 15:17:48.859,CKKS,16384,40,8,657674,14.326,82209.250,192,18
2025-12-12 15:17:48.892,CKKS,16384,40,8,657788,13.200,82223.500,192,344
2025-12-12 15:17:48.907,CKKS,16384,40,8,657353,9.006,82169.125,192,84
2025-12-12 15:17:48.944,CKKS,16384,40,8,657916,8.927,82239.500,192,328
2025-12-12 15:17:49.018,CKKS,16384,40,8,657890,9.205,82236.250,192,392
2025-12-12 15:17:49.022,CKKS,16384,40,8,657636,13.183,82204.500,192,166
2025-12-12 15:17:49.046,CKKS,16384,40,8,656987,8.883,82123.375,192,312
2025-12-12 15:17:49.056,CKKS,16384,40,8,658176,12.181,82272.000,192,408
2025-12-12 15:17:49.090,CKKS,16384,40,8,657416,9.230,82177.000,192,117
2025-12-12 15:17:49.130,CKKS,16384,40,8,657395,9.112,82174.375,192,424
2025-12-12 15:17:49.152,CKKS,16384,40,8,658214,8.829,82276.750,192,215
2025-12-12 15:17:49.191,CKKS,16384,40,8,658033,9.480,82254.125,192,296
2025-12-12 15:17:49.278,CKKS,16384,40,8,657792,9.166,82224.000,192,440
2025-12-12 15:17:49.329,CKKS,16384,40,8,657833,9.739,82229.125,192,280
2025-12-12 15:17:49.357,CKKS,16384,40,8,658129,13.187,82266.125,192,150
2025-12-12 15:17:49.400,CKKS,16384,40,8,657418,13.151,82177.250,192,456
2025-12-12 15:17:49.411,CKKS,16384,40,8,657407,9.470,82175.875,192,35
2025-12-12 15:17:49.437,CKKS,16384,40,8,658076,9.265,82259.500,192,68
2025-12-12 15:17:49.499,CKKS,16384,40,8,657819,12.961,82227.375,192,199
2025-12-12 15:17:49.506,CKKS,16384,40,8,658029,13.823,82253.625,192,2
2025-12-12 15:17:49.628,CKKS,16384,40,8,658181,9.420,82272.625,192,472
2025-12-12 15:17:49.654,CKKS,16384,40,8,658133,9.046,82266.625,192,101
2025-12-12 15:17:49.660,CKKS,16384,40,8,657594,12.940,82199.250,192,264
2025-12-12 15:17:49.752,CKKS,16384,40,8,657477,9.086,82184.625,192,248
2025-12-12 15:17:49.768,CKKS,16384,40,8,657442,13.276,82180.250,192,183
2025-12-12 15:17:49.777,CKKS,16384,40,8,657891,9.221,82236.375,192,488
2025-12-12 15:17:49.802,CKKS,16384,40,8,657967,9.546,82245.875,192,134
2025-12-12 15:17:49.982,CKKS,16384,40,8,657995,9.251,82249.375,192,52
2025-12-12 15:17:50.094,CKKS,16384,40,8,657433,9.211,82179.125,192,361
2025-12-12 15:17:50.152,CKKS,16384,40,8,658173,13.095,82271.625,192,19
2025-12-12 15:17:50.162,CKKS,16384,40,8,657814,9.469,82226.750,192,232
2025-12-12 15:17:50.177,CKKS,16384,40,8,657322,14.551,82165.250,192,85
2025-12-12 15:17:50.186,CKKS,16384,40,8,657048,16.417,82131.000,192,377
2025-12-12 15:17:50.195,CKKS,16384,40,8,657709,11.942,82213.625,192,329
2025-12-12 15:17:50.208,CKKS,16384,40,8,658255,14.985,82281.875,192,345
2025-12-12 15:17:50.215,CKKS,16384,40,8,657774,13.006,82221.750,192,393
2025-12-12 15:17:50.216,CKKS,16384,40,8,658046,13.641,82255.750,192,167
2025-12-12 15:17:50.255,CKKS,16384,40,8,658245,9.520,82280.625,192,313
2025-12-12 15:17:50.298,CKKS,16384,40,8,657935,13.172,82241.875,192,409
2025-12-12 15:17:50.302,CKKS,16384,40,8,658124,9.729,82265.500,192,118
2025-12-12 15:17:50.337,CKKS,16384,40,8,658095,13.316,82261.875,192,216
2025-12-12 15:17:50.360,CKKS,16384,40,8,656470,9.268,82058.750,192,425
2025-12-12 15:17:50.395,CKKS,16384,40,8,657854,9.509,82231.750,192,297
2025-12-12 15:17:50.539,CKKS,16384,40,8,658228,10.258,82278.500,192,441
2025-12-12 15:17:50.548,CKKS,16384,40,8,657732,14.047,82216.500,192,281
2025-12-12 15:17:50.583,CKKS,16384,40,8,658190,9.005,82273.750,192,151
2025-12-12 15:17:50.596,CKKS,16384,40,8,658179,10.512,82272.375,192,36
2025-12-12 15:17:50.702,CKKS,16384,40,8,658171,13.381,82271.375,192,69
2025-12-12 15:17:50.703,CKKS,16384,40,8,657422,9.627,82177.750,192,457
2025-12-12 15:17:50.774,CKKS,16384,40,8,658308,9.192,82288.500,192,3
2025-12-12 15:17:50.813,CKKS,16384,40,8,658232,9.344,82279.000,192,265
2025-12-12 15:17:50.848,CKKS,16384,40,8,657424,14.048,82178.000,192,102
2025-12-12 15:17:50.852,CKKS,16384,40,8,657831,14.803,82228.875,192,200
2025-12-12 15:17:50.866,CKKS,16384,40,8,658039,9.978,82254.875,192,473
2025-12-12 15:17:51.001,CKKS,16384,40,8,658046,9.437,82255.750,192,184
2025-12-12 15:17:51.024,CKKS,16384,40,8,658270,12.305,82283.750,192,249
2025-12-12 15:17:51.060,CKKS,16384,40,8,658278,9.579,82284.750,192,135
2025-12-12 15:17:51.065,CKKS,16384,40,8,657228,13.140,82153.500,192,489
2025-12-12 15:17:51.175,CKKS,16384,40,8,657948,13.183,82243.500,192,53
2025-12-12 15:17:51.215,CKKS,16384,40,8,657953,12.143,82244.125,192,20
2025-12-12 15:17:51.290,CKKS,16384,40,8,657455,13.032,82181.875,192,362
2025-12-12 15:17:51.308,CKKS,16384,40,8,657857,19.216,82232.125,192,233
2025-12-12 15:17:51.320,CKKS,16384,40,8,657366,13.432,82170.750,192,86
2025-12-12 15:17:51.367,CKKS,16384,40,8,657293,13.216,82161.625,192,346
2025-12-12 15:17:51.428,CKKS,16384,40,8,657270,13.469,82158.750,192,378
2025-12-12 15:17:51.446,CKKS,16384,40,8,657755,13.965,82219.375,192,330
2025-12-12 15:17:51.464,CKKS,16384,40,8,657404,18.166,82175.500,192,168
2025-12-12 15:17:51.495,CKKS,16384,40,8,657388,13.101,82173.500,192,394
2025-12-12 15:17:51.513,CKKS,16384,40,8,655979,13.571,81997.375,192,314
2025-12-12 15:17:51.533,CKKS,16384,40,8,657446,14.043,82180.750,192,119
2025-12-12 15:17:51.564,CKKS,16384,40,8,657161,13.395,82145.125,192,410
2025-12-12 15:17:51.591,CKKS,16384,40,8,658096,9.108,82262.000,192,217
2025-12-12 15:17:51.645,CKKS,16384,40,8,658256,9.545,82282.000,192,426
2025-12-12 15:17:51.681,CKKS,16384,40,8,657974,9.261,82246.750,192,298
2025-12-12 15:17:51.773,CKKS,16384,40,8,658280,9.555,82285.000,192,442
2025-12-12 15:17:51.817,CKKS,16384,40,8,658198,13.233,82274.750,192,282
2025-12-12 15:17:51.842,CKKS,16384,40,8,657416,13.278,82177.000,192,152
2025-12-12 15:17:51.954,CKKS,16384,40,8,656945,11.492,82118.125,192,37
2025-12-12 15:17:51.968,CKKS,16384,40,8,658178,10.468,82272.250,192,70
2025-12-12 15:17:51.980,CKKS,16384,40,8,657473,13.177,82184.125,192,458
2025-12-12 15:17:51.988,CKKS,16384,40,8,657698,8.947,82212.250,192,201
2025-12-12 15:17:52.002,CKKS,16384,40,8,658150,10.230,82268.750,192,4
2025-12-12 15:17:52.067,CKKS,16384,40,8,657653,13.273,82206.625,192,103
2025-12-12 15:17:52.141,CKKS,16384,40,8,657229,9.956,82153.625,192,266
2025-12-12 15:17:52.161,CKKS,16384,40,8,658248,12.963,82281.000,192,474
2025-12-12 15:17:52.273,CKKS,16384,40,8,658190,12.993,82273.750,192,250
2025-12-12 15:17:52.275,CKKS,16384,40,8,657277,9.701,82159.625,192,185
2025-12-12 15:17:52.294,CKKS,16384,40,8,658238,9.475,82279.750,192,136
2025-12-12 15:17:52.313,CKKS,16384,40,8,658029,13.149,82253.625,192,490
2025-12-12 15:17:52.464,CKKS,16384,40,8,657653,10.215,82206.625,192,54
2025-12-12 15:17:52.499,CKKS,16384,40,8,658294,9.406,82286.750,192,21
2025-12-12 15:17:52.505,CKKS,16384,40,8,658034,13.365,82254.250,192,363
2025-12-12 15:17:52.519,CKKS,16384,40,8,657355,8.989,82169.375,192,234
2025-12-12 15:17:52.557,CKKS,16384,40,8,657102,13.057,82137.750,192,87
2025-12-12 15:17:52.562,CKKS,16384,40,8,657371,9.200,82171.375,192,347
2025-12-12 15:17:52.585,CKKS,16384,40,8,657546,12.314,82193.250,192,379
2025-12-12 15:17:52.637,CKKS,16384,40,8,658041,12.956,82255.125,192,169
2025-12-12 15:17:52.638,CKKS,16384,40,8,657550,10.017,82193.750,192,331
2025-12-12 15:17:52.725,CKKS,16384,40,8,657346,13.024,82168.250,192,395
2025-12-12 15:17:52.751,CKKS,16384,40,8,657811,9.350,82226.375,192,315
2025-12-12 15:17:52.768,CKKS,16384,40,8,657966,9.152,82245.750,192,120
2025-12-12 15:17:52.786,CKKS,16384,40,8,657576,13.035,82197.000,192,218
2025-12-12 15:17:52.803,CKKS,16384,40,8,657291,9.618,82161.375,192,411
2025-12-12 15:17:52.881,CKKS,16384,40,8,657738,9.150,82217.250,192,427
2025-12-12 15:17:52.896,CKKS,16384,40,8,657832,12.895,82229.000,192,299
2025-12-12 15:17:53.095,CKKS,16384,40,8,658160,13.177,82270.000,192,443
2025-12-12 15:17:53.104,CKKS,16384,40,8,657402,9.766,82175.250,192,283
2025-12-12 15:17:53.116,CKKS,16384,40,8,658092,13.028,82261.500,192,153
2025-12-12 15:17:53.145,CKKS,16384,40,8,657764,13.822,82220.500,192,38
2025-12-12 15:17:53.149,CKKS,16384,40,8,657330,14.534,82166.250,192,71
2025-12-12 15:17:53.180,CKKS,16384,40,8,658268,8.968,82283.500,192,202
2025-12-12 15:17:53.195,CKKS,16384,40,8,657373,9.556,82171.625,192,5
2025-12-12 15:17:53.212,CKKS,16384,40,8,658068,14.167,82258.500,192,459
2025-12-12 15:17:53.218,CKKS,16384,40,8,657477,15.028,82184.625,192,104
2025-12-12 15:17:53.235,CKKS,16384,40,8,658276,8.945,82284.500,192,267
2025-12-12 15:17:53.383,CKKS,16384,40,8,657629,13.307,82203.625,192,475
2025-12-12 15:17:53.582,CKKS,16384,40,8,657383,9.521,82172.875,192,186
2025-12-12 15:17:53.616,CKKS,16384,40,8,658038,8.951,82254.750,192,137
2025-12-12 15:17:53.624,CKKS,16384,40,8,657260,13.180,82157.500,192,251
2025-12-12 15:17:53.630,CKKS,16384,40,8,658266,10.357,82283.250,192,491
2025-12-12 15:17:53.689,CKKS,16384,40,8,658152,9.220,82269.000,192,55
2025-12-12 15:17:53.703,CKKS,16384,40,8,657131,13.509,82141.375,192,22
2025-12-12 15:17:53.762,CKKS,16384,40,8,657707,9.044,82213.375,192,235
2025-12-12 15:17:53.788,CKKS,16384,40,8,657199,8.916,82149.875,192,364
2025-12-12 15:17:53.799,CKKS,16384,40,8,657388,11.660,82173.500,192,88
2025-12-12 15:17:53.810,CKKS,16384,40,8,657361,13.274,82170.125,192,348
2025-12-12 15:17:53.876,CKKS,16384,40,8,658262,9.298,82282.750,192,380
2025-12-12 15:17:53.894,CKKS,16384,40,8,657791,12.683,82223.875,192,170
2025-12-12 15:17:53.900,CKKS,16384,40,8,657720,14.427,82215.000,192,332
2025-12-12 15:17:53.956,CKKS,16384,40,8,657289,9.307,82161.125,192,121
2025-12-12 15:17:53.981,CKKS,16384,40,8,657414,9.282,82176.750,192,396
2025-12-12 15:17:54.003,CKKS,16384,40,8,657640,15.317,82205.000,192,316
2025-12-12 15:17:54.386,CKKS,16384,40,8,657242,9.454,82155.250,192,219
2025-12-12 15:17:54.429,CKKS,16384,40,8,657756,14.033,82219.500,192,412
2025-12-12 15:17:54.431,CKKS,16384,40,8,657388,14.835,82173.500,192,300
2025-12-12 15:17:54.452,CKKS,16384,40,8,658299,8.942,82287.375,192,105
2025-12-12 15:17:54.469,CKKS,16384,40,8,657934,9.264,82241.750,192,72
2025-12-12 15:17:54.478,CKKS,16384,40,8,657867,9.749,82233.375,192,428
2025-12-12 15:17:54.492,CKKS,16384,40,8,657695,10.319,82211.875,192,444
2025-12-12 15:17:54.573,CKKS,16384,40,8,657432,15.454,82179.000,192,460
2025-12-12 15:17:54.575,CKKS,16384,40,8,658246,15.540,82280.750,192,268
2025-12-12 15:17:54.592,CKKS,16384,40,8,657584,13.181,82198.000,192,154
2025-12-12 15:17:54.612,CKKS,16384,40,8,657940,11.377,82242.500,192,39
2025-12-12 15:17:54.624,CKKS,16384,40,8,658273,13.127,82284.125,192,284
2025-12-12 15:17:54.642,CKKS,16384,40,8,657373,15.155,82171.625,192,6
2025-12-12 15:17:54.656,CKKS,16384,40,8,657739,18.720,82217.375,192,476
2025-12-12 15:17:54.664,CKKS,16384,40,8,657418,29.482,82177.250,192,203
2025-12-12 15:17:54.689,CKKS,16384,40,8,657387,13.634,82173.375,192,187
2025-12-12 15:17:54.717,CKKS,16384,40,8,657970,13.185,82246.250,192,138
2025-12-12 15:17:54.743,CKKS,16384,40,8,657918,14.425,82239.750,192,252
2025-12-12 15:17:54.849,CKKS,16384,40,8,658158,9.626,82269.750,192,56
2025-12-12 15:17:54.877,CKKS,16384,40,8,658220,9.398,82277.500,192,492
2025-12-12 15:17:54.893,CKKS,16384,40,8,658191,13.111,82273.875,192,23
2025-12-12 15:17:54.933,CKKS,16384,40,8,657364,12.035,82170.500,192,89
2025-12-12 15:17:54.941,CKKS,16384,40,8,657989,14.755,82248.625,192,236
2025-12-12 15:17:55.044,CKKS,16384,40,8,657829,10.123,82228.625,192,349
2025-12-12 15:17:55.054,CKKS,16384,40,8,658113,13.382,82264.125,192,365
2025-12-12 15:17:55.105,CKKS,16384,40,8,657373,13.253,82171.625,192,171
2025-12-12 15:17:55.137,CKKS,16384,40,8,657269,13.004,82158.625,192,381
2025-12-12 15:17:55.143,CKKS,16384,40,8,658265,9.800,82283.125,192,333
2025-12-12 15:17:55.217,CKKS,16384,40,8,657362,9.129,82170.250,192,122
2025-12-12 15:17:55.276,CKKS,16384,40,8,658092,9.308,82261.500,192,397
2025-12-12 15:17:55.296,CKKS,16384,40,8,657353,9.340,82169.125,192,317
2025-12-12 15:17:55.304,CKKS,16384,40,8,658336,12.913,82292.000,192,220
2025-12-12 15:17:55.341,CKKS,16384,40,8,658196,12.918,82274.500,192,413
2025-12-12 15:17:55.379,CKKS,16384,40,8,657416,13.443,82177.000,192,301
2025-12-12 15:17:55.395,CKKS,16384,40,8,658146,10.195,82268.250,192,429
2025-12-12 15:17:55.485,CKKS,16384,40,8,658118,9.460,82264.750,192,40
2025-12-12 15:17:55.560,CKKS,16384,40,8,657404,9.245,82175.500,192,445
2025-12-12 15:17:55.589,CKKS,16384,40,8,658169,8.898,82271.125,192,7
2025-12-12 15:17:55.613,CKKS,16384,40,8,657327,9.136,82165.875,192,155
2025-12-12 15:17:55.642,CKKS,16384,40,8,657413,13.191,82176.625,192,285
2025-12-12 15:17:55.697,CKKS,16384,40,8,657237,9.478,82154.625,192,204
2025-12-12 15:17:55.716,CKKS,16384,40,8,657525,10.105,82190.625,192,73
2025-12-12 15:17:55.717,CKKS,16384,40,8,656637,12.971,82079.625,192,106
2025-12-12 15:17:55.729,CKKS,16384,40,8,657955,14.735,82244.375,192,461
2025-12-12 15:17:55.736,CKKS,16384,40,8,657319,13.734,82164.875,192,269
2025-12-12 15:17:55.904,CKKS,16384,40,8,658264,12.091,82283.000,192,477
2025-12-12 15:17:55.910,CKKS,16384,40,8,657383,14.787,82172.875,192,188
2025-12-12 15:17:55.985,CKKS,16384,40,8,657451,13.232,82181.375,192,139
2025-12-12 15:17:55.994,CKKS,16384,40,8,658333,9.400,82291.625,192,253
2025-12-12 15:17:56.148,CKKS,16384,40,8,657496,9.588,82187.000,192,24
2025-12-12 15:17:56.162,CKKS,16384,40,8,657706,10.539,82213.250,192,57
2025-12-12 15:17:56.185,CKKS,16384,40,8,658149,10.402,82268.625,192,90
2025-12-12 15:17:56.201,CKKS,16384,40,8,657620,14.615,82202.500,192,493
2025-12-12 15:17:56.210,CKKS,16384,40,8,658347,13.573,82293.375,192,237
2025-12-12 15:17:56.285,CKKS,16384,40,8,657529,11.380,82191.125,192,350
2025-12-12 15:17:56.303,CKKS,16384,40,8,657305,13.527,82163.125,192,366
2025-12-12 15:17:56.342,CKKS,16384,40,8,658212,12.830,82276.500,192,172
2025-12-12 15:17:56.365,CKKS,16384,40,8,658021,13.319,82252.625,192,382
2025-12-12 15:17:56.414,CKKS,16384,40,8,658148,14.157,82268.500,192,334
2025-12-12 15:17:56.449,CKKS,16384,40,8,658241,13.314,82280.125,192,123
2025-12-12 15:17:56.524,CKKS,16384,40,8,657816,13.253,82227.000,192,318
2025-12-12 15:17:56.554,CKKS,16384,40,8,658247,15.201,82280.875,192,398
2025-12-12 15:17:56.555,CKKS,16384,40,8,658098,15.021,82262.250,192,221
2025-12-12 15:17:56.591,CKKS,16384,40,8,658214,9.418,82276.750,192,414
2025-12-12 15:17:56.620,CKKS,16384,40,8,657941,13.177,82242.625,192,302
2025-12-12 15:17:56.668,CKKS,16384,40,8,658209,12.966,82276.125,192,41
2025-12-12 15:17:56.681,CKKS,16384,40,8,655990,9.205,81998.750,192,430
2025-12-12 15:17:56.730,CKKS,16384,40,8,657864,9.243,82233.000,192,74
2025-12-12 15:17:56.786,CKKS,16384,40,8,657812,9.164,82226.500,192,156
2025-12-12 15:17:56.803,CKKS,16384,40,8,657265,9.106,82158.125,192,8
2025-12-12 15:17:56.822,CKKS,16384,40,8,658065,8.865,82258.125,192,286
2025-12-12 15:17:56.857,CKKS,16384,40,8,658271,9.212,82283.875,192,205
2025-12-12 15:17:56.860,CKKS,16384,40,8,658051,13.173,82256.375,192,446
2025-12-12 15:17:56.914,CKKS,16384,40,8,657354,13.547,82169.250,192,107
2025-12-12 15:17:56.971,CKKS,16384,40,8,657946,12.453,82243.250,192,462
2025-12-12 15:17:56.995,CKKS,16384,40,8,657411,9.601,82176.375,192,270
2025-12-12 15:17:57.144,CKKS,16384,40,8,658261,9.444,82282.625,192,478
2025-12-12 15:17:57.253,CKKS,16384,40,8,658122,9.158,82265.250,192,189
2025-12-12 15:17:57.291,CKKS,16384,40,8,657377,12.993,82172.125,192,140
2025-12-12 15:17:57.299,CKKS,16384,40,8,657400,9.599,82175.000,192,254
2025-12-12 15:17:57.323,CKKS,16384,40,8,658260,8.991,82282.500,192,58
2025-12-12 15:17:57.328,CKKS,16384,40,8,657365,13.298,82170.625,192,25
2025-12-12 15:17:57.371,CKKS,16384,40,8,657766,9.253,82220.750,192,91
2025-12-12 15:17:57.423,CKKS,16384,40,8,658316,10.159,82289.500,192,494
2025-12-12 15:17:57.443,CKKS,16384,40,8,658087,12.199,82260.875,192,238
2025-12-12 15:17:57.559,CKKS,16384,40,8,658212,8.966,82276.500,192,367
2025-12-12 15:17:57.580,CKKS,16384,40,8,657497,8.984,82187.125,192,351
2025-12-12 15:17:57.601,CKKS,16384,40,8,657579,11.520,82197.375,192,173
2025-12-12 15:17:57.622,CKKS,16384,40,8,657453,8.833,82181.625,192,335
2025-12-12 15:17:57.669,CKKS,16384,40,8,658259,11.898,82282.375,192,383
2025-12-12 15:17:57.672,CKKS,16384,40,8,657297,14.884,82162.125,192,124
2025-12-12 15:17:57.689,CKKS,16384,40,8,657949,13.231,82243.625,192,319
2025-12-12 15:17:57.719,CKKS,16384,40,8,658022,9.188,82252.750,192,222
2025-12-12 15:17:57.735,CKKS,16384,40,8,657570,8.992,82196.250,192,399
2025-12-12 15:17:57.825,CKKS,16384,40,8,658111,9.415,82263.875,192,303
2025-12-12 15:17:57.870,CKKS,16384,40,8,658077,9.715,82259.625,192,415
2025-12-12 15:17:57.882,CKKS,16384,40,8,657472,10.555,82184.000,192,42
2025-12-12 15:17:57.917,CKKS,16384,40,8,658310,9.219,82288.750,192,431
2025-12-12 15:17:57.957,CKKS,16384,40,8,657741,9.175,82217.625,192,157
2025-12-12 15:17:58.031,CKKS,16384,40,8,658016,9.401,82252.000,192,9
2025-12-12 15:17:58.055,CKKS,16384,40,8,657675,13.187,82209.375,192,75
2025-12-12 15:17:58.160,CKKS,16384,40,8,658231,9.246,82278.875,192,447
2025-12-12 15:17:58.180,CKKS,16384,40,8,657324,9.272,82165.500,192,287
2025-12-12 15:17:58.216,CKKS,16384,40,8,657838,9.355,82229.750,192,108
2025-12-12 15:17:58.226,CKKS,16384,40,8,657524,13.214,82190.500,192,206
2025-12-12 15:17:58.242,CKKS,16384,40,8,657871,11.049,82233.875,192,271
2025-12-12 15:17:58.250,CKKS,16384,40,8,658056,14.500,82257.000,192,463
2025-12-12 15:17:58.422,CKKS,16384,40,8,658177,9.044,82272.125,192,479
2025-12-12 15:17:58.438,CKKS,16384,40,8,657992,9.659,82249.000,192,190
2025-12-12 15:17:58.504,CKKS,16384,40,8,658197,9.843,82274.625,192,255
2025-12-12 15:17:58.508,CKKS,16384,40,8,657341,12.847,82167.625,192,141
2025-12-12 15:17:58.584,CKKS,16384,40,8,657581,9.332,82197.625,192,59
2025-12-12 15:17:58.627,CKKS,16384,40,8,657995,9.356,82249.375,192,26
2025-12-12 15:17:58.658,CKKS,16384,40,8,657817,13.162,82227.125,192,92
2025-12-12 15:17:58.684,CKKS,16384,40,8,657361,8.999,82170.125,192,239
2025-12-12 15:17:58.707,CKKS,16384,40,8,657671,8.673,82208.875,192,495
2025-12-12 15:17:58.824,CKKS,16384,40,8,657756,13.130,82219.500,192,368
2025-12-12 15:17:58.825,CKKS,16384,40,8,655973,9.930,81996.625,192,174
2025-12-12 15:17:58.834,CKKS,16384,40,8,657250,12.795,82156.250,192,352
2025-12-12 15:17:58.902,CKKS,16384,40,8,657389,9.255,82173.625,192,336
2025-12-12 15:17:58.933,CKKS,16384,40,8,658031,9.311,82253.875,192,384
2025-12-12 15:17:58.945,CKKS,16384,40,8,657191,13.003,82148.875,192,125
2025-12-12 15:17:58.952,CKKS,16384,40,8,657771,9.892,82221.375,192,320
2025-12-12 15:17:58.991,CKKS,16384,40,8,658143,12.574,82267.875,192,223
2025-12-12 15:17:59.003,CKKS,16384,40,8,658206,10.573,82275.750,192,400
2025-12-12 15:17:59.121,CKKS,16384,40,8,658237,9.193,82279.625,192,416
2025-12-12 15:17:59.152,CKKS,16384,40,8,658227,9.201,82278.375,192,43
2025-12-12 15:17:59.172,CKKS,16384,40,8,657397,9.381,82174.625,192,304
2025-12-12 15:17:59.183,CKKS,16384,40,8,658235,12.312,82279.375,192,432
2025-12-12 15:17:59.234,CKKS,16384,40,8,657417,13.228,82177.125,192,158
2025-12-12 15:17:59.256,CKKS,16384,40,8,657276,14.673,82159.500,192,76
2025-12-12 15:17:59.257,CKKS,16384,40,8,657376,15.133,82172.000,192,10
2025-12-12 15:17:59.283,CKKS,16384,40,8,657215,12.996,82151.875,192,288
2025-12-12 15:17:59.307,CKKS,16384,40,8,658035,9.265,82254.375,192,207
2025-12-12 15:17:59.365,CKKS,16384,40,8,657757,11.592,82219.625,192,109
2025-12-12 15:17:59.372,CKKS,16384,40,8,657577,13.482,82197.125,192,448
2025-12-12 15:17:59.438,CKKS,16384,40,8,658093,9.059,82261.625,192,272
2025-12-12 15:17:59.470,CKKS,16384,40,8,658241,13.123,82280.125,192,464
2025-12-12 15:17:59.648,CKKS,16384,40,8,657817,9.975,82227.125,192,191
2025-12-12 15:17:59.690,CKKS,16384,40,8,657926,13.605,82240.750,192,256
2025-12-12 15:17:59.728,CKKS,16384,40,8,658166,21.499,82270.750,192,142
2025-12-12 15:17:59.730,CKKS,16384,40,8,658226,13.767,82278.250,192,480
2025-12-12 15:17:59.742,CKKS,16384,40,8,658069,22.472,82258.625,192,60
2025-12-12 15:17:59.762,CKKS,16384,40,8,658261,22.598,82282.625,192,27
2025-12-12 15:17:59.814,CKKS,16384,40,8,658093,19.885,82261.625,192,93
2025-12-12 15:17:59.934,CKKS,16384,40,8,658281,13.405,82285.125,192,240
2025-12-12 15:17:59.976,CKKS,16384,40,8,658264,13.576,82283.000,192,496
2025-12-12 15:18:00.054,CKKS,16384,40,8,657363,9.599,82170.375,192,369
2025-12-12 15:18:00.068,CKKS,16384,40,8,657327,13.060,82165.875,192,175
2025-12-12 15:18:00.140,CKKS,16384,40,8,657182,9.319,82147.750,192,385
2025-12-12 15:18:00.162,CKKS,16384,40,8,658305,13.439,82288.125,192,126
2025-12-12 15:18:00.178,CKKS,16384,40,8,658178,13.385,82272.250,192,353
2025-12-12 15:18:00.182,CKKS,16384,40,8,657357,15.076,82169.625,192,337
2025-12-12 15:18:00.219,CKKS,16384,40,8,658154,15.945,82269.250,192,224
2025-12-12 15:18:00.221,CKKS,16384,40,8,658220,14.984,82277.500,192,321
2025-12-12 15:18:00.230,CKKS,16384,40,8,657785,13.654,82223.125,192,401
2025-12-12 15:18:00.311,CKKS,16384,40,8,658160,9.063,82270.000,192,305
2025-12-12 15:18:00.354,CKKS,16384,40,8,658272,9.609,82284.000,192,417
2025-12-12 15:18:00.411,CKKS,16384,40,8,658226,13.288,82278.250,192,433
2025-12-12 15:18:00.469,CKKS,16384,40,8,658186,13.168,82273.250,192,44
2025-12-12 15:18:00.503,CKKS,16384,40,8,657943,13.041,82242.875,192,11
2025-12-12 15:18:00.508,CKKS,16384,40,8,657353,12.949,82169.125,192,159
2025-12-12 15:18:00.524,CKKS,16384,40,8,657145,14.297,82143.125,192,77
2025-12-12 15:18:00.524,CKKS,16384,40,8,658252,10.039,82281.500,192,289
2025-12-12 15:18:00.537,CKKS,16384,40,8,658226,12.189,82278.250,192,208
2025-12-12 15:18:00.550,CKKS,16384,40,8,658243,11.019,82280.375,192,110
2025-12-12 15:18:00.619,CKKS,16384,40,8,657360,9.010,82170.000,192,449
2025-12-12 15:18:00.684,CKKS,16384,40,8,658038,13.027,82254.750,192,273
2025-12-12 15:18:00.774,CKKS,16384,40,8,657317,9.164,82164.625,192,465
2025-12-12 15:18:00.846,CKKS,16384,40,8,657408,9.549,82176.000,192,143
2025-12-12 15:18:00.880,CKKS,16384,40,8,658086,9.031,82260.750,192,192
2025-12-12 15:18:00.922,CKKS,16384,40,8,657927,9.102,82240.875,192,257
2025-12-12 15:18:00.950,CKKS,16384,40,8,657272,9.240,82159.000,192,61
2025-12-12 15:18:00.963,CKKS,16384,40,8,657302,9.095,82162.750,192,28
2025-12-12 15:18:00.980,CKKS,16384,40,8,657262,9.079,82157.750,192,481
2025-12-12 15:18:01.012,CKKS,16384,40,8,658181,8.803,82272.625,192,94
2025-12-12 15:18:01.136,CKKS,16384,40,8,658097,9.191,82262.125,192,241
2025-12-12 15:18:01.243,CKKS,16384,40,8,658060,9.230,82257.500,192,497
2025-12-12 15:18:01.254,CKKS,16384,40,8,657345,9.470,82168.125,192,176
2025-12-12 15:18:01.310,CKKS,16384,40,8,657413,9.059,82176.625,192,127
2025-12-12 15:18:01.334,CKKS,16384,40,8,657570,9.318,82196.250,192,354
2025-12-12 15:18:01.335,CKKS,16384,40,8,657926,8.990,82240.750,192,370
2025-12-12 15:18:01.347,CKKS,16384,40,8,657384,11.366,82173.000,192,338
2025-12-12 15:18:01.377,CKKS,16384,40,8,657397,9.300,82174.625,192,386
2025-12-12 15:18:01.487,CKKS,16384,40,8,657280,12.014,82160.000,192,322
2025-12-12 15:18:01.494,CKKS,16384,40,8,657582,14.402,82197.750,192,225
2025-12-12 15:18:01.512,CKKS,16384,40,8,657952,9.230,82244.000,192,45
2025-12-12 15:18:01.537,CKKS,16384,40,8,657405,9.239,82175.625,192,402
2025-12-12 15:18:01.587,CKKS,16384,40,8,658103,10.155,82262.875,192,306
2025-12-12 15:18:01.604,CKKS,16384,40,8,658154,10.231,82269.250,192,418
2025-12-12 15:18:01.630,CKKS,16384,40,8,657953,8.802,82244.125,192,12
2025-12-12 15:18:01.729,CKKS,16384,40,8,657289,13.223,82161.125,192,160
2025-12-12 15:18:01.752,CKKS,16384,40,8,657905,14.251,82238.125,192,434
2025-12-12 15:18:01.761,CKKS,16384,40,8,658272,21.853,82284.000,192,78
2025-12-12 15:18:01.765,CKKS,16384,40,8,657263,22.005,82157.875,192,290
2025-12-12 15:18:01.785,CKKS,16384,40,8,658090,9.722,82261.250,192,111
2025-12-12 15:18:01.796,CKKS,16384,40,8,657309,10.783,82163.625,192,209
2025-12-12 15:18:01.863,CKKS,16384,40,8,657999,13.167,82249.875,192,450
2025-12-12 15:18:01.924,CKKS,16384,40,8,655971,8.856,81996.375,192,274
2025-12-12 15:18:02.005,CKKS,16384,40,8,657819,12.975,82227.375,192,466
2025-12-12 15:18:02.163,CKKS,16384,40,8,657551,9.680,82193.875,192,258
2025-12-12 15:18:02.185,CKKS,16384,40,8,657532,13.290,82191.500,192,193
2025-12-12 15:18:02.189,CKKS,16384,40,8,657790,14.933,82223.750,192,144
2025-12-12 15:18:02.202,CKKS,16384,40,8,657372,10.280,82171.500,192,482
2025-12-12 15:18:02.225,CKKS,16384,40,8,657377,9.764,82172.125,192,62
2025-12-12 15:18:02.238,CKKS,16384,40,8,657666,11.118,82208.250,192,29
2025-12-12 15:18:02.259,CKKS,16384,40,8,657529,9.264,82191.125,192,95
2025-12-12 15:18:02.434,CKKS,16384,40,8,658332,9.658,82291.500,192,242
2025-12-12 15:18:02.454,CKKS,16384,40,8,657359,9.526,82169.875,192,177
2025-12-12 15:18:02.481,CKKS,16384,40,8,658237,9.114,82279.625,192,371
2025-12-12 15:18:02.501,CKKS,16384,40,8,658251,9.573,82281.375,192,498
2025-12-12 15:18:02.554,CKKS,16384,40,8,656767,13.010,82095.875,192,128
2025-12-12 15:18:02.562,CKKS,16384,40,8,657412,13.261,82176.500,192,355
2025-12-12 15:18:02.591,CKKS,16384,40,8,656836,9.997,82104.500,192,339
2025-12-12 15:18:02.646,CKKS,16384,40,8,658204,9.844,82275.500,192,387
2025-12-12 15:18:02.700,CKKS,16384,40,8,657534,9.795,82191.750,192,226
2025-12-12 15:18:02.711,CKKS,16384,40,8,657684,12.262,82210.500,192,323
2025-12-12 15:18:02.742,CKKS,16384,40,8,657025,9.299,82128.125,192,46
2025-12-12 15:18:02.797,CKKS,16384,40,8,657706,9.054,82213.250,192,403
2025-12-12 15:18:02.882,CKKS,16384,40,8,657471,9.498,82183.875,192,79
2025-12-12 15:18:02.904,CKKS,16384,40,8,658116,9.167,82264.500,192,419
2025-12-12 15:18:02.933,CKKS,16384,40,8,657435,9.029,82179.375,192,307
2025-12-12 15:18:02.947,CKKS,16384,40,8,658057,9.361,82257.125,192,13
2025-12-12 15:18:02.964,CKKS,16384,40,8,657270,8.947,82158.750,192,435
2025-12-12 15:18:02.965,CKKS,16384,40,8,658209,8.881,82276.125,192,161
2025-12-12 15:18:02.980,CKKS,16384,40,8,657427,8.774,82178.375,192,291
2025-12-12 15:18:03.102,CKKS,16384,40,8,658257,9.264,82282.125,192,210
2025-12-12 15:18:03.104,CKKS,16384,40,8,658068,9.495,82258.500,192,112
2025-12-12 15:18:03.154,CKKS,16384,40,8,658079,9.502,82259.875,192,451
2025-12-12 15:18:03.222,CKKS,16384,40,8,657663,8.985,82207.875,192,275
2025-12-12 15:18:03.272,CKKS,16384,40,8,657381,9.157,82172.625,192,467
2025-12-12 15:18:03.294,CKKS,16384,40,8,658145,9.698,82268.125,192,145
2025-12-12 15:18:03.325,CKKS,16384,40,8,658086,9.256,82260.750,192,194
2025-12-12 15:18:03.364,CKKS,16384,40,8,658233,9.051,82279.125,192,259
2025-12-12 15:18:03.450,CKKS,16384,40,8,657135,9.292,82141.875,192,63
2025-12-12 15:18:03.470,CKKS,16384,40,8,657338,9.268,82167.250,192,483
2025-12-12 15:18:03.499,CKKS,16384,40,8,657375,10.874,82171.875,192,30
2025-12-12 15:18:03.506,CKKS,16384,40,8,657366,13.664,82170.750,192,96
2025-12-12 15:18:03.644,CKKS,16384,40,8,658170,9.792,82271.250,192,243
2025-12-12 15:18:03.670,CKKS,16384,40,8,658058,8.918,82257.250,192,178
2025-12-12 15:18:03.750,CKKS,16384,40,8,658007,9.775,82250.875,192,129
2025-12-12 15:18:03.770,CKKS,16384,40,8,658123,9.360,82265.375,192,499
2025-12-12 15:18:03.791,CKKS,16384,40,8,657673,9.058,82209.125,192,356
2025-12-12 15:18:03.820,CKKS,16384,40,8,657371,9.207,82171.375,192,372
2025-12-12 15:18:03.846,CKKS,16384,40,8,658090,9.641,82261.250,192,340
2025-12-12 15:18:03.919,CKKS,16384,40,8,657727,10.743,82215.875,192,227
2025-12-12 15:18:03.920,CKKS,16384,40,8,657729,11.813,82216.125,192,324
2025-12-12 15:18:03.930,CKKS,16384,40,8,657253,12.095,82156.625,192,388
2025-12-12 15:18:03.976,CKKS,16384,40,8,658285,9.683,82285.625,192,47
2025-12-12 15:18:04.092,CKKS,16384,40,8,657969,9.382,82246.125,192,404
2025-12-12 15:18:04.115,CKKS,16384,40,8,657505,10.116,82188.125,192,80
2025-12-12 15:18:04.181,CKKS,16384,40,8,657352,14.373,82169.000,192,420
2025-12-12 15:18:04.184,CKKS,16384,40,8,657591,15.049,82198.875,192,308
2025-12-12 15:18:04.192,CKKS,16384,40,8,657922,13.274,82240.250,192,162
2025-12-12 15:18:04.208,CKKS,16384,40,8,657578,12.031,82197.250,192,113
2025-12-12 15:18:04.211,CKKS,16384,40,8,657893,12.843,82236.625,192,14
2025-12-12 15:18:04.221,CKKS,16384,40,8,658101,13.739,82262.625,192,436
2025-12-12 15:18:04.235,CKKS,16384,40,8,657411,14.387,82176.375,192,292
2025-12-12 15:18:04.242,CKKS,16384,40,8,658045,13.955,82255.625,192,211
2025-12-12 15:18:04.443,CKKS,16384,40,8,657647,10.425,82205.875,192,452
2025-12-12 15:18:04.458,CKKS,16384,40,8,657970,9.784,82246.250,192,276
2025-12-12 15:18:04.518,CKKS,16384,40,8,658077,9.913,82259.625,192,146
2025-12-12 15:18:04.529,CKKS,16384,40,8,657440,11.299,82180.000,192,195
2025-12-12 15:18:04.546,CKKS,16384,40,8,657930,9.916,82241.250,192,468
2025-12-12 15:18:04.593,CKKS,16384,40,8,657471,12.274,82183.875,192,31
2025-12-12 15:18:04.644,CKKS,16384,40,8,657401,9.228,82175.125,192,260
2025-12-12 15:18:04.653,CKKS,16384,40,8,658228,10.595,82278.500,192,64
2025-12-12 15:18:04.678,CKKS,16384,40,8,657494,9.887,82186.750,192,97
2025-12-12 15:18:04.695,CKKS,16384,40,8,657309,9.745,82163.625,192,484
2025-12-12 15:18:04.912,CKKS,16384,40,8,657859,9.082,82232.375,192,244
2025-12-12 15:18:04.927,CKKS,16384,40,8,657418,9.517,82177.250,192,179
2025-12-12 15:18:04.972,CKKS,16384,40,8,657409,11.166,82176.125,192,130
2025-12-12 15:18:05.008,CKKS,16384,40,8,658132,12.460,82266.500,192,500
2025-12-12 15:18:05.078,CKKS,16384,40,8,658267,10.619,82283.375,192,357
2025-12-12 15:18:05.150,CKKS,16384,40,8,657393,9.216,82174.125,192,373
2025-12-12 15:18:05.196,CKKS,16384,40,8,657793,12.847,82224.125,192,341
2025-12-12 15:18:05.229,CKKS,16384,40,8,656925,13.740,82115.625,192,228
2025-12-12 15:18:05.231,CKKS,16384,40,8,657991,9.323,82248.875,192,325
2025-12-12 15:18:05.233,CKKS,16384,40,8,658107,14.799,82263.375,192,48
2025-12-12 15:18:05.247,CKKS,16384,40,8,658049,8.921,82256.125,192,15
2025-12-12 15:18:05.296,CKKS,16384,40,8,658293,9.188,82286.625,192,389
2025-12-12 15:18:05.337,CKKS,16384,40,8,658290,13.240,82286.250,192,309
2025-12-12 15:18:05.354,CKKS,16384,40,8,658117,14.667,82264.625,192,81
2025-12-12 15:18:05.361,CKKS,16384,40,8,657879,13.823,82234.875,192,405
2025-12-12 15:18:05.368,CKKS,16384,40,8,657988,24.705,82248.500,192,163
2025-12-12 15:18:05.386,CKKS,16384,40,8,658027,13.343,82253.375,192,421
2025-12-12 15:18:05.429,CKKS,16384,40,8,657961,8.961,82245.125,192,114
2025-12-12 15:18:05.479,CKKS,16384,40,8,657935,9.115,82241.875,192,293
2025-12-12 15:18:05.517,CKKS,16384,40,8,656974,9.490,82121.750,192,212
2025-12-12 15:18:05.528,CKKS,16384,40,8,657659,11.596,82207.375,192,437
2025-12-12 15:18:05.668,CKKS,16384,40,8,658156,11.363,82269.500,192,453
2025-12-12 15:18:05.685,CKKS,16384,40,8,658206,13.862,82275.750,192,277
2025-12-12 15:18:05.704,CKKS,16384,40,8,657612,9.163,82201.500,192,147
2025-12-12 15:18:05.758,CKKS,16384,40,8,658191,15.188,82273.875,192,32
2025-12-12 15:18:05.759,CKKS,16384,40,8,658288,14.828,82286.000,192,196
2025-12-12 15:18:05.766,CKKS,16384,40,8,657372,9.173,82171.500,192,65
2025-12-12 15:18:05.797,CKKS,16384,40,8,655987,9.068,81998.375,192,469
2025-12-12 15:18:05.831,CKKS,16384,40,8,657509,9.041,82188.625,192,261
2025-12-12 15:18:05.883,CKKS,16384,40,8,658249,9.551,82281.125,192,98
2025-12-12 15:18:05.969,CKKS,16384,40,8,657310,9.441,82163.750,192,485
2025-12-12 15:18:06.100,CKKS,16384,40,8,658165,9.106,82270.625,192,180
2025-12-12 15:18:06.136,CKKS,16384,40,8,658187,9.108,82273.375,192,245
2025-12-12 15:18:06.190,CKKS,16384,40,8,657157,9.173,82144.625,192,131
2025-12-12 15:18:06.310,CKKS,16384,40,8,657377,9.153,82172.125,192,358
2025-12-12 15:18:06.391,CKKS,16384,40,8,657842,9.171,82230.250,192,374
2025-12-12 15:18:06.401,CKKS,16384,40,8,657341,9.310,82167.625,192,342
2025-12-12 15:18:06.433,CKKS,16384,40,8,658142,9.042,82267.750,192,49
2025-12-12 15:18:06.458,CKKS,16384,40,8,657761,9.342,82220.125,192,229
2025-12-12 15:18:06.465,CKKS,16384,40,8,658262,9.949,82282.750,192,16
2025-12-12 15:18:06.505,CKKS,16384,40,8,658112,10.631,82264.000,192,82
2025-12-12 15:18:06.577,CKKS,16384,40,8,658096,11.236,82262.000,192,390
2025-12-12 15:18:06.583,CKKS,16384,40,8,658003,14.589,82250.375,192,326
2025-12-12 15:18:06.599,CKKS,16384,40,8,657393,13.175,82174.125,192,164
2025-12-12 15:18:06.638,CKKS,16384,40,8,658222,10.711,82277.750,192,310
2025-12-12 15:18:06.655,CKKS,16384,40,8,657325,11.252,82165.625,192,406
2025-12-12 15:18:06.682,CKKS,16384,40,8,657111,13.037,82138.875,192,422
2025-12-12 15:18:06.683,CKKS,16384,40,8,657331,9.494,82166.375,192,115
2025-12-12 15:18:06.761,CKKS,16384,40,8,657556,9.294,82194.500,192,213
2025-12-12 15:18:06.810,CKKS,16384,40,8,658212,9.320,82276.500,192,294
2025-12-12 15:18:06.818,CKKS,16384,40,8,657445,9.751,82180.625,192,438
2025-12-12 15:18:06.922,CKKS,16384,40,8,657302,9.353,82162.750,192,278
2025-12-12 15:18:06.987,CKKS,16384,40,8,657819,9.374,82227.375,192,454
2025-12-12 15:18:07.001,CKKS,16384,40,8,657347,10.848,82168.375,192,148
2025-12-12 15:18:07.038,CKKS,16384,40,8,657249,13.169,82156.125,192,197
2025-12-12 15:18:07.062,CKKS,16384,40,8,658165,10.388,82270.625,192,66
2025-12-12 15:18:07.090,CKKS,16384,40,8,657985,9.902,82248.125,192,33
2025-12-12 15:18:07.097,CKKS,16384,40,8,658218,12.275,82277.250,192,470
2025-12-12 15:18:07.109,CKKS,16384,40,8,657402,10.397,82175.250,192,262
2025-12-12 15:18:07.142,CKKS,16384,40,8,657425,9.803,82178.125,192,99
2025-12-12 15:18:07.246,CKKS,16384,40,8,658069,8.859,82258.625,192,486
2025-12-12 15:18:07.313,CKKS,16384,40,8,657925,10.019,82240.625,192,246
2025-12-12 15:18:07.378,CKKS,16384,40,8,657351,9.328,82168.875,192,181
2025-12-12 15:18:07.476,CKKS,16384,40,8,658070,9.595,82258.750,192,132
2025-12-12 15:18:07.527,CKKS,16384,40,8,658054,9.312,82256.750,192,359
2025-12-12 15:18:07.588,CKKS,16384,40,8,657102,9.828,82137.750,192,375
2025-12-12 15:18:07.598,CKKS,16384,40,8,658149,11.731,82268.625,192,50
2025-12-12 15:18:07.617,CKKS,16384,40,8,657340,9.846,82167.500,192,343
2025-12-12 15:18:07.677,CKKS,16384,40,8,658011,12.310,82251.375,192,83
2025-12-12 15:18:07.687,CKKS,16384,40,8,657475,12.582,82184.375,192,17
2025-12-12 15:18:07.696,CKKS,16384,40,8,657850,13.126,82231.250,192,230
2025-12-12 15:18:07.701,CKKS,16384,40,8,657699,13.012,82212.375,192,327
2025-12-12 15:18:07.712,CKKS,16384,40,8,657418,10.772,82177.250,192,391
2025-12-12 15:18:07.734,CKKS,16384,40,8,658116,9.412,82264.500,192,165
2025-12-12 15:18:07.766,CKKS,16384,40,8,657468,8.839,82183.500,192,311
2025-12-12 15:18:07.791,CKKS,16384,40,8,658286,9.078,82285.750,192,407
2025-12-12 15:18:07.884,CKKS,16384,40,8,657390,9.115,82173.750,192,423
2025-12-12 15:18:07.958,CKKS,16384,40,8,658223,9.298,82277.875,192,214
2025-12-12 15:18:08.033,CKKS,16384,40,8,657089,9.432,82136.125,192,439
2025-12-12 15:18:08.048,CKKS,16384,40,8,657397,12.897,82174.625,192,116
2025-12-12 15:18:08.054,CKKS,16384,40,8,657684,14.746,82210.500,192,295
2025-12-12 15:18:08.165,CKKS,16384,40,8,657109,8.954,82138.625,192,279
2025-12-12 15:18:08.196,CKKS,16384,40,8,657919,9.643,82239.875,192,455
2025-12-12 15:18:08.210,CKKS,16384,40,8,658287,9.436,82285.875,192,149
2025-12-12 15:18:08.250,CKKS,16384,40,8,658147,13.909,82268.375,192,34
2025-12-12 15:18:08.252,CKKS,16384,40,8,658307,14.780,82288.375,192,198
2025-12-12 15:18:08.274,CKKS,16384,40,8,657383,8.596,82172.875,192,67
2025-12-12 15:18:08.321,CKKS,16384,40,8,657110,9.399,82138.750,192,263
2025-12-12 15:18:08.341,CKKS,16384,40,8,657800,8.844,82225.000,192,471
2025-12-12 15:18:08.437,CKKS,16384,40,8,658078,9.102,82259.750,192,100
2025-12-12 15:18:08.446,CKKS,16384,40,8,657296,9.283,82162.000,192,1
2025-12-12 15:18:08.549,CKKS,16384,40,8,658013,9.100,82251.625,192,487
2025-12-12 15:18:08.552,CKKS,16384,40,8,657405,9.255,82175.625,192,247
2025-12-12 15:18:08.597,CKKS,16384,40,8,658060,9.166,82257.500,192,182
2025-12-12 15:18:08.634,CKKS,16384,40,8,658123,9.035,82265.375,192,133
2025-12-12 15:18:08.799,CKKS,16384,40,8,657941,10.049,82242.625,192,360
2025-12-12 15:18:08.831,CKKS,16384,40,8,658095,10.075,82261.875,192,51
2025-12-12 15:18:08.849,CKKS,16384,40,8,657377,9.482,82172.125,192,376
2025-12-12 15:18:08.874,CKKS,16384,40,8,657358,11.393,82169.750,192,231
2025-12-12 15:18:08.880,CKKS,16384,40,8,657672,14.420,82209.000,192,18
2025-12-12 15:18:08.907,CKKS,16384,40,8,657071,9.067,82133.875,192,344
2025-12-12 15:18:08.923,CKKS,16384,40,8,658327,9.553,82290.875,192,84
2025-12-12 15:18:08.963,CKKS,16384,40,8,657386,10.272,82173.250,192,328
2025-12-12 15:18:09.034,CKKS,16384,40,8,657721,9.381,82215.125,192,392
2025-12-12 15:18:09.042,CKKS,16384,40,8,658205,12.522,82275.625,192,166
2025-12-12 15:18:09.064,CKKS,16384,40,8,658201,10.231,82275.125,192,312
2025-12-12 15:18:09.075,CKKS,16384,40,8,658188,11.107,82273.500,192,408
2025-12-12 15:18:09.108,CKKS,16384,40,8,658237,10.025,82279.625,192,117
2025-12-12 15:18:09.149,CKKS,16384,40,8,657490,10.476,82186.250,192,424
2025-12-12 15:18:09.168,CKKS,16384,40,8,657610,9.232,82201.250,192,215
2025-12-12 15:18:09.208,CKKS,16384,40,8,658229,9.486,82278.625,192,296
2025-12-12 15:18:09.296,CKKS,16384,40,8,657522,9.656,82190.250,192,440
2025-12-12 15:18:09.346,CKKS,16384,40,8,657389,10.207,82173.625,192,280
2025-12-12 15:18:09.374,CKKS,16384,40,8,657609,9.774,82201.125,192,150
2025-12-12 15:18:09.416,CKKS,16384,40,8,658049,9.097,82256.125,192,456
2025-12-12 15:18:09.431,CKKS,16384,40,8,657799,10.304,82224.875,192,35
2025-12-12 15:18:09.458,CKKS,16384,40,8,658218,10.125,82277.250,192,68
2025-12-12 15:18:09.523,CKKS,16384,40,8,657328,10.333,82166.000,192,199
2025-12-12 15:18:09.528,CKKS,16384,40,8,657982,10.961,82247.750,192,2
2025-12-12 15:18:09.644,CKKS,16384,40,8,657557,9.389,82194.625,192,472
2025-12-12 15:18:09.679,CKKS,16384,40,8,658238,12.712,82279.750,192,101
2025-12-12 15:18:09.683,CKKS,16384,40,8,658143,14.594,82267.875,192,264
2025-12-12 15:18:09.769,CKKS,16384,40,8,657786,9.687,82223.250,192,248
2025-12-12 15:18:09.787,CKKS,16384,40,8,658270,9.115,82283.750,192,183
2025-12-12 15:18:09.797,CKKS,16384,40,8,656968,12.205,82121.000,192,488
2025-12-12 15:18:09.820,CKKS,16384,40,8,658267,9.923,82283.375,192,134
2025-12-12 15:18:10.000,CKKS,16384,40,8,658260,9.243,82282.500,192,52
2025-12-12 15:18:10.115,CKKS,16384,40,8,658160,10.305,82270.000,192,361
2025-12-12 15:18:10.174,CKKS,16384,40,8,658199,10.039,82274.875,192,19
2025-12-12 15:18:10.183,CKKS,16384,40,8,658050,13.593,82256.250,192,232
2025-12-12 15:18:10.195,CKKS,16384,40,8,658186,9.094,82273.250,192,85
2025-12-12 15:18:10.203,CKKS,16384,40,8,657962,8.751,82245.250,192,377
2025-12-12 15:18:10.218,CKKS,16384,40,8,658192,8.946,82274.000,192,329
2025-12-12 15:18:10.227,CKKS,16384,40,8,657381,12.335,82172.625,192,345
2025-12-12 15:18:10.240,CKKS,16384,40,8,657653,13.402,82206.625,192,393
2025-12-12 15:18:10.243,CKKS,16384,40,8,658189,14.526,82273.625,192,167
2025-12-12 15:18:10.271,CKKS,16384,40,8,657786,9.150,82223.250,192,313
2025-12-12 15:18:10.315,CKKS,16384,40,8,658261,9.239,82282.625,192,409
2025-12-12 15:18:10.318,CKKS,16384,40,8,657853,9.268,82231.625,192,118
2025-12-12 15:18:10.355,CKKS,16384,40,8,658191,9.102,82273.875,192,216
2025-12-12 15:18:10.378,CKKS,16384,40,8,657929,8.895,82241.125,192,425
2025-12-12 15:18:10.413,CKKS,16384,40,8,658002,9.151,82250.250,192,297
2025-12-12 15:18:10.557,CKKS,16384,40,8,657727,9.436,82215.875,192,441
2025-12-12 15:18:10.569,CKKS,16384,40,8,657359,11.110,82169.875,192,281
2025-12-12 15:18:10.599,CKKS,16384,40,8,658226,9.076,82278.250,192,151
2025-12-12 15:18:10.613,CKKS,16384,40,8,658306,9.198,82288.250,192,36
2025-12-12 15:18:10.723,CKKS,16384,40,8,658073,9.389,82259.125,192,69
2025-12-12 15:18:10.727,CKKS,16384,40,8,658073,13.130,82259.125,192,457
2025-12-12 15:18:10.790,CKKS,16384,40,8,658104,9.283,82263.000,192,3
2025-12-12 15:18:10.828,CKKS,16384,40,8,657731,9.016,82216.375,192,265
2025-12-12 15:18:10.872,CKKS,16384,40,8,658244,13.275,82280.500,192,102
2025-12-12 15:18:10.875,CKKS,16384,40,8,658044,14.838,82255.500,192,200
2025-12-12 15:18:10.885,CKKS,16384,40,8,658251,9.590,82281.375,192,473
2025-12-12 15:18:11.022,CKKS,16384,40,8,658224,11.390,82278.000,192,184
2025-12-12 15:18:11.043,CKKS,16384,40,8,657313,12.712,82164.125,192,249
2025-12-12 15:18:11.081,CKKS,16384,40,8,658214,11.632,82276.750,192,135
2025-12-12 15:18:11.089,CKKS,16384,40,8,657858,14.804,82232.250,192,489
2025-12-12 15:18:11.191,CKKS,16384,40,8,658267,9.242,82283.375,192,53
2025-12-12 15:18:11.238,CKKS,16384,40,8,657930,12.371,82241.250,192,20
2025-12-12 15:18:11.309,CKKS,16384,40,8,658144,9.786,82268.000,192,362
2025-12-12 15:18:11.327,CKKS,16384,40,8,657384,9.057,82173.000,192,233
2025-12-12 15:18:11.339,CKKS,16384,40,8,658356,11.944,82294.500,192,86
2025-12-12 15:18:11.385,CKKS,16384,40,8,657900,9.345,82237.500,192,346
2025-12-12 15:18:11.451,CKKS,16384,40,8,658039,9.135,82254.875,192,378
2025-12-12 15:18:11.465,CKKS,16384,40,8,657391,11.104,82173.875,192,330
2025-12-12 15:18:11.480,CKKS,16384,40,8,658286,9.208,82285.750,192,168
2025-12-12 15:18:11.511,CKKS,16384,40,8,658136,9.244,82267.000,192,394
2025-12-12 15:18:11.529,CKKS,16384,40,8,656076,8.850,82009.500,192,314
2025-12-12 15:18:11.549,CKKS,16384,40,8,657541,9.359,82192.625,192,119
2025-12-12 15:18:11.580,CKKS,16384,40,8,657938,9.132,82242.250,192,410
2025-12-12 15:18:11.607,CKKS,16384,40,8,657598,8.732,82199.750,192,217
2025-12-12 15:18:11.663,CKKS,16384,40,8,658130,9.351,82266.250,192,426
2025-12-12 15:18:11.698,CKKS,16384,40,8,657966,9.160,82245.750,192,298
2025-12-12 15:18:11.789,CKKS,16384,40,8,657620,9.287,82202.500,192,442
2025-12-12 15:18:11.833,CKKS,16384,40,8,658077,9.335,82259.625,192,282
2025-12-12 15:18:11.860,CKKS,16384,40,8,658160,9.499,82270.000,192,152
2025-12-12 15:18:11.979,CKKS,16384,40,8,657876,14.381,82234.500,192,37
2025-12-12 15:18:11.986,CKKS,16384,40,8,657994,9.660,82249.250,192,70
2025-12-12 15:18:12.003,CKKS,16384,40,8,658272,14.168,82284.000,192,458
2025-12-12 15:18:12.007,CKKS,16384,40,8,657140,9.150,82142.500,192,201
2025-12-12 15:18:12.028,CKKS,16384,40,8,657794,14.173,82224.250,192,4
2025-12-12 15:18:12.087,CKKS,16384,40,8,658284,11.877,82285.500,192,103
2025-12-12 15:18:12.163,CKKS,16384,40,8,657715,12.561,82214.375,192,266
2025-12-12 15:18:12.178,CKKS,16384,40,8,658218,8.827,82277.250,192,474
2025-12-12 15:18:12.297,CKKS,16384,40,8,658060,14.428,82257.500,192,250
2025-12-12 15:18:12.300,CKKS,16384,40,8,657445,14.931,82180.625,192,185
2025-12-12 15:18:12.310,CKKS,16384,40,8,658106,9.200,82263.250,192,136
2025-12-12 15:18:12.329,CKKS,16384,40,8,658097,8.917,82262.125,192,490
2025-12-12 15:18:12.481,CKKS,16384,40,8,657267,9.088,82158.375,192,54
2025-12-12 15:18:12.514,CKKS,16384,40,8,657202,9.133,82150.250,192,21
2025-12-12 15:18:12.521,CKKS,16384,40,8,657926,9.222,82240.750,192,363
2025-12-12 15:18:12.539,CKKS,16384,40,8,658195,8.932,82274.375,192,234
2025-12-12 15:18:12.581,CKKS,16384,40,8,657473,12.506,82184.125,192,87
2025-12-12 15:18:12.586,CKKS,16384,40,8,658290,14.661,82286.250,192,347
2025-12-12 15:18:12.603,CKKS,16384,40,8,658080,9.120,82260.000,192,379
2025-12-12 15:18:12.653,CKKS,16384,40,8,657306,9.078,82163.250,192,331
2025-12-12 15:18:12.655,CKKS,16384,40,8,657902,9.203,82237.750,192,169
2025-12-12 15:18:12.743,CKKS,16384,40,8,657718,9.773,82214.750,192,395
2025-12-12 15:18:12.767,CKKS,16384,40,8,658053,9.230,82256.625,192,315
2025-12-12 15:18:12.790,CKKS,16384,40,8,656152,12.879,82019.000,192,120
2025-12-12 15:18:12.802,CKKS,16384,40,8,658178,9.206,82272.250,192,218
2025-12-12 15:18:12.819,CKKS,16384,40,8,658116,8.915,82264.500,192,411
2025-12-12 15:18:12.899,CKKS,16384,40,8,657732,9.339,82216.500,192,427
2025-12-12 15:18:12.915,CKKS,16384,40,8,658153,9.862,82269.125,192,299
2025-12-12 15:18:13.110,CKKS,16384,40,8,657480,9.383,82185.000,192,443
2025-12-12 15:18:13.120,CKKS,16384,40,8,657329,9.246,82166.125,192,283
2025-12-12 15:18:13.132,CKKS,16384,40,8,657098,10.058,82137.250,192,153
2025-12-12 15:18:13.160,CKKS,16384,40,8,656050,9.498,82006.250,192,38
2025-12-12 15:18:13.165,CKKS,16384,40,8,658135,9.537,82266.875,192,71
2025-12-12 15:18:13.195,CKKS,16384,40,8,656804,9.032,82100.500,192,202
2025-12-12 15:18:13.213,CKKS,16384,40,8,658137,9.215,82267.125,192,5
2025-12-12 15:18:13.229,CKKS,16384,40,8,657649,9.234,82206.125,192,459
2025-12-12 15:18:13.233,CKKS,16384,40,8,657419,8.921,82177.375,192,104
2025-12-12 15:18:13.252,CKKS,16384,40,8,658158,8.859,82269.750,192,267
2025-12-12 15:18:13.400,CKKS,16384,40,8,657978,9.061,82247.250,192,475
2025-12-12 15:18:13.598,CKKS,16384,40,8,658077,9.201,82259.625,192,186
2025-12-12 15:18:13.634,CKKS,16384,40,8,657985,9.006,82248.125,192,137
2025-12-12 15:18:13.648,CKKS,16384,40,8,658226,11.612,82278.250,192,251
2025-12-12 15:18:13.652,CKKS,16384,40,8,658117,14.574,82264.625,192,491
2025-12-12 15:18:13.704,CKKS,16384,40,8,657259,9.083,82157.375,192,55
2025-12-12 15:18:13.718,CKKS,16384,40,8,657257,9.263,82157.125,192,22
2025-12-12 15:18:13.780,CKKS,16384,40,8,657372,9.214,82171.500,192,235
2025-12-12 15:18:13.812,CKKS,16384,40,8,658251,12.435,82281.375,192,364
2025-12-12 15:18:13.820,CKKS,16384,40,8,658191,9.425,82273.875,192,88
2025-12-12 15:18:13.829,CKKS,16384,40,8,657987,12.419,82248.375,192,348
2025-12-12 15:18:13.892,CKKS,16384,40,8,657904,9.347,82238.000,192,380
2025-12-12 15:18:13.914,CKKS,16384,40,8,658247,10.202,82280.875,192,170
2025-12-12 15:18:13.920,CKKS,16384,40,8,657338,13.834,82167.250,192,332
2025-12-12 15:18:13.972,CKKS,16384,40,8,658238,9.164,82279.750,192,121
2025-12-12 15:18:13.996,CKKS,16384,40,8,657316,8.842,82164.500,192,396
2025-12-12 15:18:14.021,CKKS,16384,40,8,657234,9.171,82154.250,192,316
2025-12-12 15:18:14.404,CKKS,16384,40,8,658215,9.124,82276.875,192,219
2025-12-12 15:18:14.453,CKKS,16384,40,8,658139,14.520,82267.375,192,412
2025-12-12 15:18:14.454,CKKS,16384,40,8,657335,14.979,82166.875,192,300
2025-12-12 15:18:14.467,CKKS,16384,40,8,657222,9.607,82152.750,192,105
2025-12-12 15:18:14.488,CKKS,16384,40,8,657177,9.063,82147.125,192,72
2025-12-12 15:18:14.498,CKKS,16384,40,8,657642,12.380,82205.250,192,428
2025-12-12 15:18:14.509,CKKS,16384,40,8,658013,9.190,82251.625,192,444
2025-12-12 15:18:14.597,CKKS,16384,40,8,657668,14.592,82208.500,192,460
2025-12-12 15:18:14.598,CKKS,16384,40,8,657391,15.130,82173.875,192,268
2025-12-12 15:18:14.610,CKKS,16384,40,8,658229,9.290,82278.625,192,154
2025-12-12 15:18:14.628,CKKS,16384,40,8,658204,8.983,82275.500,192,39
2025-12-12 15:18:14.640,CKKS,16384,40,8,658148,9.138,82268.500,192,284
2025-12-12 15:18:14.658,CKKS,16384,40,8,658208,8.947,82276.000,192,6
2025-12-12 15:18:14.673,CKKS,16384,40,8,657302,9.183,82162.750,192,476
2025-12-12 15:18:14.680,CKKS,16384,40,8,658018,9.099,82252.250,192,203
2025-12-12 15:18:14.704,CKKS,16384,40,8,657024,8.805,82128.000,192,187
2025-12-12 15:18:14.734,CKKS,16384,40,8,657857,8.817,82232.125,192,138
2025-12-12 15:18:14.759,CKKS,16384,40,8,658134,8.992,82266.750,192,252
2025-12-12 15:18:14.865,CKKS,16384,40,8,657797,9.470,82224.625,192,56
2025-12-12 15:18:14.895,CKKS,16384,40,8,658146,9.891,82268.250,192,492
2025-12-12 15:18:14.909,CKKS,16384,40,8,658189,9.327,82273.625,192,23
2025-12-12 15:18:14.951,CKKS,16384,40,8,658201,9.293,82275.125,192,89
2025-12-12 15:18:14.957,CKKS,16384,40,8,657850,9.159,82231.250,192,236
2025-12-12 15:18:15.063,CKKS,16384,40,8,657715,9.381,82214.375,192,349
2025-12-12 15:18:15.074,CKKS,16384,40,8,658231,11.525,82278.875,192,365
2025-12-12 15:18:15.120,CKKS,16384,40,8,657605,9.472,82200.625,192,171
2025-12-12 15:18:15.153,CKKS,16384,40,8,657635,9.142,82204.375,192,381
2025-12-12 15:18:15.160,CKKS,16384,40,8,658325,9.394,82290.625,192,333
2025-12-12 15:18:15.237,CKKS,16384,40,8,658130,10.550,82266.250,192,122
2025-12-12 15:18:15.298,CKKS,16384,40,8,657768,13.123,82221.000,192,397
2025-12-12 15:18:15.321,CKKS,16384,40,8,657343,14.025,82167.875,192,317
2025-12-12 15:18:15.326,CKKS,16384,40,8,657879,14.812,82234.875,192,220
2025-12-12 15:18:15.362,CKKS,16384,40,8,658090,9.076,82261.250,192,413
2025-12-12 15:18:15.395,CKKS,16384,40,8,655995,9.100,81999.375,192,301
2025-12-12 15:18:15.412,CKKS,16384,40,8,658245,9.075,82280.625,192,429
2025-12-12 15:18:15.502,CKKS,16384,40,8,657707,9.288,82213.375,192,40
2025-12-12 15:18:15.575,CKKS,16384,40,8,657407,9.089,82175.875,192,445
2025-12-12 15:18:15.604,CKKS,16384,40,8,657345,9.136,82168.125,192,7
2025-12-12 15:18:15.631,CKKS,16384,40,8,658025,8.915,82253.125,192,155
2025-12-12 15:18:15.658,CKKS,16384,40,8,658143,8.844,82267.875,192,285
2025-12-12 15:18:15.716,CKKS,16384,40,8,658062,9.278,82257.750,192,204
2025-12-12 15:18:15.741,CKKS,16384,40,8,657689,13.218,82211.125,192,73
2025-12-12 15:18:15.743,CKKS,16384,40,8,657706,14.643,82213.250,192,106
2025-12-12 15:18:15.755,CKKS,16384,40,8,658151,11.493,82268.875,192,461
2025-12-12 15:18:15.761,CKKS,16384,40,8,657331,14.495,82166.375,192,269
2025-12-12 15:18:15.924,CKKS,16384,40,8,657594,11.158,82199.250,192,477
2025-12-12 15:18:15.931,CKKS,16384,40,8,658175,14.118,82271.875,192,188
2025-12-12 15:18:16.001,CKKS,16384,40,8,657965,9.158,82245.625,192,139
2025-12-12 15:18:16.011,CKKS,16384,40,8,658158,9.273,82269.750,192,253
2025-12-12 15:18:16.165,CKKS,16384,40,8,658213,9.376,82276.625,192,24
2025-12-12 15:18:16.179,CKKS,16384,40,8,658213,9.106,82276.625,192,57
2025-12-12 15:18:16.201,CKKS,16384,40,8,658226,9.003,82278.250,192,90
2025-12-12 15:18:16.222,CKKS,16384,40,8,658030,9.320,82253.750,192,493
2025-12-12 15:18:16.230,CKKS,16384,40,8,658238,12.608,82279.750,192,237
2025-12-12 15:18:16.300,CKKS,16384,40,8,657288,9.126,82161.000,192,350
2025-12-12 15:18:16.319,CKKS,16384,40,8,658153,8.977,82269.125,192,366
2025-12-12 15:18:16.360,CKKS,16384,40,8,657474,10.212,82184.250,192,172
2025-12-12 15:18:16.384,CKKS,16384,40,8,658058,10.069,82257.250,192,382
2025-12-12 15:18:16.429,CKKS,16384,40,8,657206,9.227,82150.750,192,334
2025-12-12 15:18:16.467,CKKS,16384,40,8,657610,9.294,82201.250,192,123
2025-12-12 15:18:16.540,CKKS,16384,40,8,657387,9.129,82173.375,192,318
2025-12-12 15:18:16.570,CKKS,16384,40,8,657334,9.142,82166.750,192,221
2025-12-12 15:18:16.570,CKKS,16384,40,8,658062,9.669,82257.750,192,398
2025-12-12 15:18:16.611,CKKS,16384,40,8,657933,11.442,82241.625,192,414
2025-12-12 15:18:16.638,CKKS,16384,40,8,657271,9.883,82158.875,192,302
2025-12-12 15:18:16.686,CKKS,16384,40,8,657233,10.136,82154.125,192,41
2025-12-12 15:18:16.698,CKKS,16384,40,8,657404,10.939,82175.500,192,430
2025-12-12 15:18:16.748,CKKS,16384,40,8,657086,9.661,82135.750,192,74
2025-12-12 15:18:16.802,CKKS,16384,40,8,657710,9.165,82213.750,192,156
2025-12-12 15:18:16.820,CKKS,16384,40,8,657401,8.980,82175.125,192,8
2025-12-12 15:18:16.848,CKKS,16384,40,8,658140,13.050,82267.500,192,286
2025-12-12 15:18:16.880,CKKS,16384,40,8,657460,14.869,82182.500,192,205
2025-12-12 15:18:16.891,CKKS,16384,40,8,658183,21.233,82272.875,192,446
2025-12-12 15:18:16.940,CKKS,16384,40,8,658228,14.306,82278.500,192,107
2025-12-12 15:18:16.995,CKKS,16384,40,8,658224,13.888,82278.000,192,462
2025-12-12 15:18:17.014,CKKS,16384,40,8,657610,11.406,82201.250,192,270
2025-12-12 15:18:17.161,CKKS,16384,40,8,657133,9.258,82141.625,192,478
2025-12-12 15:18:17.270,CKKS,16384,40,8,657235,9.329,82154.375,192,189
2025-12-12 15:18:17.307,CKKS,16384,40,8,658207,9.061,82275.875,192,140
2025-12-12 15:18:17.315,CKKS,16384,40,8,657496,9.335,82187.000,192,254
2025-12-12 15:18:17.340,CKKS,16384,40,8,658123,8.790,82265.375,192,58
2025-12-12 15:18:17.345,CKKS,16384,40,8,657792,9.052,82224.000,192,25
2025-12-12 15:18:17.387,CKKS,16384,40,8,658185,9.360,82273.125,192,91
2025-12-12 15:18:17.439,CKKS,16384,40,8,657861,9.206,82232.625,192,494
2025-12-12 15:18:17.459,CKKS,16384,40,8,657232,9.132,82154.000,192,238
2025-12-12 15:18:17.576,CKKS,16384,40,8,657326,9.202,82165.750,192,367
2025-12-12 15:18:17.595,CKKS,16384,40,8,657257,9.144,82157.125,192,351
2025-12-12 15:18:17.618,CKKS,16384,40,8,658168,9.335,82271.000,192,173
2025-12-12 15:18:17.637,CKKS,16384,40,8,658038,8.848,82254.750,192,335
2025-12-12 15:18:17.695,CKKS,16384,40,8,658204,14.048,82275.500,192,383
2025-12-12 15:18:17.697,CKKS,16384,40,8,657301,14.974,82162.625,192,124
2025-12-12 15:18:17.707,CKKS,16384,40,8,657249,9.441,82156.125,192,319
2025-12-12 15:18:17.738,CKKS,16384,40,8,657408,9.388,82176.000,192,222
2025-12-12 15:18:17.754,CKKS,16384,40,8,658229,9.473,82278.625,192,399
2025-12-12 15:18:17.843,CKKS,16384,40,8,658128,9.197,82266.000,192,303
2025-12-12 15:18:17.889,CKKS,16384,40,8,658139,9.309,82267.375,192,415
2025-12-12 15:18:17.898,CKKS,16384,40,8,657318,9.368,82164.750,192,42
2025-12-12 15:18:17.934,CKKS,16384,40,8,658202,9.178,82275.250,192,431
2025-12-12 15:18:17.975,CKKS,16384,40,8,658136,9.267,82267.000,192,157
2025-12-12 15:18:18.046,CKKS,16384,40,8,657397,9.263,82174.625,192,9
2025-12-12 15:18:18.071,CKKS,16384,40,8,657952,9.292,82244.000,192,75
2025-12-12 15:18:18.179,CKKS,16384,40,8,658247,9.335,82280.875,192,447
2025-12-12 15:18:18.199,CKKS,16384,40,8,657845,9.209,82230.625,192,287
2025-12-12 15:18:18.233,CKKS,16384,40,8,657311,9.393,82163.875,192,108
2025-12-12 15:18:18.242,CKKS,16384,40,8,657775,9.288,82221.875,192,206
2025-12-12 15:18:18.262,CKKS,16384,40,8,657327,9.600,82165.875,192,271
2025-12-12 15:18:18.269,CKKS,16384,40,8,657392,13.191,82174.000,192,463
2025-12-12 15:18:18.438,CKKS,16384,40,8,658235,9.044,82279.375,192,479
2025-12-12 15:18:18.455,CKKS,16384,40,8,657302,9.000,82162.750,192,190
2025-12-12 15:18:18.529,CKKS,16384,40,8,658053,13.700,82256.625,192,255
2025-12-12 15:18:18.532,CKKS,16384,40,8,658134,14.838,82266.750,192,141
2025-12-12 15:18:18.599,CKKS,16384,40,8,657520,8.896,82190.000,192,59
2025-12-12 15:18:18.644,CKKS,16384,40,8,658094,9.068,82261.750,192,26
2025-12-12 15:18:18.674,CKKS,16384,40,8,657884,9.078,82235.500,192,92
2025-12-12 15:18:18.702,CKKS,16384,40,8,657333,9.344,82166.625,192,239
2025-12-12 15:18:18.722,CKKS,16384,40,8,657419,8.962,82177.375,192,495
2025-12-12 15:18:18.849,CKKS,16384,40,8,658233,14.391,82279.125,192,368
2025-12-12 15:18:18.851,CKKS,16384,40,8,658134,14.859,82266.750,192,174
2025-12-12 15:18:18.852,CKKS,16384,40,8,657331,9.579,82166.375,192,352
2025-12-12 15:18:18.918,CKKS,16384,40,8,657365,9.296,82170.625,192,336
2025-12-12 15:18:18.950,CKKS,16384,40,8,657547,9.298,82193.375,192,384
2025-12-12 15:18:18.971,CKKS,16384,40,8,658120,13.332,82265.000,192,125
2025-12-12 15:18:18.974,CKKS,16384,40,8,658207,14.738,82275.875,192,320
2025-12-12 15:18:19.008,CKKS,16384,40,8,657333,9.309,82166.625,192,223
2025-12-12 15:18:19.019,CKKS,16384,40,8,657361,9.476,82170.125,192,400
2025-12-12 15:18:19.137,CKKS,16384,40,8,658197,9.157,82274.625,192,416
2025-12-12 15:18:19.169,CKKS,16384,40,8,658179,9.137,82272.375,192,43
2025-12-12 15:18:19.192,CKKS,16384,40,8,658078,8.891,82259.750,192,304
2025-12-12 15:18:19.201,CKKS,16384,40,8,657439,11.711,82179.875,192,432
2025-12-12 15:18:19.249,CKKS,16384,40,8,657347,9.411,82168.375,192,158
2025-12-12 15:18:19.274,CKKS,16384,40,8,658238,9.867,82279.750,192,76
2025-12-12 15:18:19.275,CKKS,16384,40,8,657301,9.606,82162.625,192,10
2025-12-12 15:18:19.300,CKKS,16384,40,8,657831,8.767,82228.875,192,288
2025-12-12 15:18:19.324,CKKS,16384,40,8,657400,9.374,82175.000,192,207
2025-12-12 15:18:19.382,CKKS,16384,40,8,658160,9.456,82270.000,192,109
2025-12-12 15:18:19.389,CKKS,16384,40,8,657293,9.443,82161.625,192,448
2025-12-12 15:18:19.456,CKKS,16384,40,8,658175,9.312,82271.875,192,272
2025-12-12 15:18:19.486,CKKS,16384,40,8,657366,9.151,82170.750,192,464
2025-12-12 15:18:19.664,CKKS,16384,40,8,657287,9.484,82160.875,192,191
2025-12-12 15:18:19.705,CKKS,16384,40,8,657687,9.324,82210.875,192,256
2025-12-12 15:18:19.747,CKKS,16384,40,8,657422,9.317,82177.750,192,142
2025-12-12 15:18:19.751,CKKS,16384,40,8,658199,9.687,82274.875,192,480
2025-12-12 15:18:19.763,CKKS,16384,40,8,657325,11.245,82165.625,192,60
2025-12-12 15:18:19.779,CKKS,16384,40,8,658134,9.269,82266.750,192,27
2025-12-12 15:18:19.831,CKKS,16384,40,8,657417,9.322,82177.125,192,93
2025-12-12 15:18:19.951,CKKS,16384,40,8,658248,9.733,82281.000,192,240
2025-12-12 15:18:19.992,CKKS,16384,40,8,658287,9.339,82285.875,192,496
2025-12-12 15:18:20.069,CKKS,16384,40,8,657365,9.329,82170.625,192,369
2025-12-12 15:18:20.085,CKKS,16384,40,8,658210,9.179,82276.250,192,175
2025-12-12 15:18:20.158,CKKS,16384,40,8,658143,9.104,82267.875,192,385
2025-12-12 15:18:20.178,CKKS,16384,40,8,657882,9.359,82235.250,192,126
2025-12-12 15:18:20.196,CKKS,16384,40,8,658014,9.188,82251.750,192,353
2025-12-12 15:18:20.198,CKKS,16384,40,8,657954,9.481,82244.250,192,337
2025-12-12 15:18:20.237,CKKS,16384,40,8,658168,9.079,82271.000,192,321
2025-12-12 15:18:20.240,CKKS,16384,40,8,658247,9.109,82280.875,192,224
2025-12-12 15:18:20.249,CKKS,16384,40,8,658164,12.729,82270.500,192,401
2025-12-12 15:18:20.330,CKKS,16384,40,8,658128,13.125,82266.000,192,305
2025-12-12 15:18:20.376,CKKS,16384,40,8,657883,12.224,82235.375,192,417
2025-12-12 15:18:20.435,CKKS,16384,40,8,657400,13.117,82175.000,192,433
2025-12-12 15:18:20.485,CKKS,16384,40,8,658040,9.088,82255.000,192,44
2025-12-12 15:18:20.519,CKKS,16384,40,8,658021,9.512,82252.625,192,11
2025-12-12 15:18:20.524,CKKS,16384,40,8,657945,9.212,82243.125,192,159
2025-12-12 15:18:20.550,CKKS,16384,40,8,657736,14.961,82217.000,192,289
2025-12-12 15:18:20.550,CKKS,16384,40,8,657797,14.982,82224.625,192,77
2025-12-12 15:18:20.553,CKKS,16384,40,8,657345,9.476,82168.125,192,208
2025-12-12 15:18:20.566,CKKS,16384,40,8,657586,9.188,82198.250,192,110
2025-12-12 15:18:20.635,CKKS,16384,40,8,658138,9.275,82267.250,192,449
2025-12-12 15:18:20.700,CKKS,16384,40,8,657343,9.846,82167.875,192,273
2025-12-12 15:18:20.791,CKKS,16384,40,8,657238,9.463,82154.750,192,465
2025-12-12 15:18:20.862,CKKS,16384,40,8,657349,9.133,82168.625,192,143
2025-12-12 15:18:20.895,CKKS,16384,40,8,657399,9.286,82174.875,192,192
2025-12-12 15:18:20.936,CKKS,16384,40,8,656533,8.876,82066.625,192,257
2025-12-12 15:18:20.970,CKKS,16384,40,8,658177,9.149,82272.125,192,61
2025-12-12 15:18:20.981,CKKS,16384,40,8,658278,9.562,82284.750,192,28
2025-12-12 15:18:20.998,CKKS,16384,40,8,658220,9.147,82277.500,192,481
2025-12-12 15:18:21.029,CKKS,16384,40,8,658163,9.120,82270.375,192,94
2025-12-12 15:18:21.152,CKKS,16384,40,8,658100,9.187,82262.500,192,241
2025-12-12 15:18:21.258,CKKS,16384,40,8,657333,9.123,82166.625,192,497
2025-12-12 15:18:21.272,CKKS,16384,40,8,657758,9.450,82219.750,192,176
2025-12-12 15:18:21.326,CKKS,16384,40,8,657779,9.135,82222.375,192,127
2025-12-12 15:18:21.357,CKKS,16384,40,8,657599,14.268,82199.875,192,354
2025-12-12 15:18:21.360,CKKS,16384,40,8,658193,14.963,82274.125,192,370
2025-12-12 15:18:21.363,CKKS,16384,40,8,657298,9.492,82162.250,192,338
2025-12-12 15:18:21.394,CKKS,16384,40,8,656809,9.127,82101.125,192,386
2025-12-12 15:18:21.503,CKKS,16384,40,8,658275,9.327,82284.375,192,322
2025-12-12 15:18:21.512,CKKS,16384,40,8,658174,9.397,82271.750,192,225
2025-12-12 15:18:21.529,CKKS,16384,40,8,658236,9.102,82279.500,192,45
2025-12-12 15:18:21.554,CKKS,16384,40,8,657557,9.146,82194.625,192,402
2025-12-12 15:18:21.602,CKKS,16384,40,8,657376,9.282,82172.000,192,306
2025-12-12 15:18:21.619,CKKS,16384,40,8,657447,9.221,82180.875,192,418
2025-12-12 15:18:21.645,CKKS,16384,40,8,657346,8.962,82168.250,192,12
2025-12-12 15:18:21.748,CKKS,16384,40,8,657371,9.121,82171.375,192,160
2025-12-12 15:18:21.768,CKKS,16384,40,8,657769,9.485,82221.125,192,434
2025-12-12 15:18:21.781,CKKS,16384,40,8,658221,12.011,82277.625,192,78
2025-12-12 15:18:21.784,CKKS,16384,40,8,657314,12.415,82164.250,192,290
2025-12-12 15:18:21.802,CKKS,16384,40,8,658114,8.819,82264.250,192,111
2025-12-12 15:18:21.812,CKKS,16384,40,8,658291,8.970,82286.375,192,209
2025-12-12 15:18:21.879,CKKS,16384,40,8,658284,9.177,82285.500,192,450
2025-12-12 15:18:21.940,CKKS,16384,40,8,657905,9.068,82238.125,192,274
2025-12-12 15:18:22.025,CKKS,16384,40,8,658187,10.864,82273.375,192,466
2025-12-12 15:18:22.183,CKKS,16384,40,8,658252,10.532,82281.500,192,258
2025-12-12 15:18:22.209,CKKS,16384,40,8,658189,9.376,82273.625,192,144
2025-12-12 15:18:22.210,CKKS,16384,40,8,657621,14.508,82202.625,192,193
2025-12-12 15:18:22.223,CKKS,16384,40,8,657908,10.460,82238.500,192,482
2025-12-12 15:18:22.245,CKKS,16384,40,8,658154,8.842,82269.250,192,62
2025-12-12 15:18:22.255,CKKS,16384,40,8,657260,11.022,82157.500,192,29
2025-12-12 15:18:22.276,CKKS,16384,40,8,657398,9.167,82174.750,192,95
2025-12-12 15:18:22.453,CKKS,16384,40,8,658156,12.024,82269.500,192,242
2025-12-12 15:18:22.470,CKKS,16384,40,8,657718,9.623,82214.750,192,177
2025-12-12 15:18:22.498,CKKS,16384,40,8,658020,8.990,82252.500,192,371
2025-12-12 15:18:22.516,CKKS,16384,40,8,657331,9.199,82166.375,192,498
2025-12-12 15:18:22.579,CKKS,16384,40,8,657836,13.557,82229.500,192,128
2025-12-12 15:18:22.587,CKKS,16384,40,8,658061,13.823,82257.625,192,355
2025-12-12 15:18:22.615,CKKS,16384,40,8,658198,12.258,82274.750,192,339
2025-12-12 15:18:22.664,CKKS,16384,40,8,657411,10.788,82176.375,192,387
2025-12-12 15:18:22.717,CKKS,16384,40,8,656685,9.376,82085.625,192,226
2025-12-12 15:18:22.727,CKKS,16384,40,8,658171,9.337,82271.375,192,323
2025-12-12 15:18:22.758,CKKS,16384,40,8,658162,9.178,82270.250,192,46
2025-12-12 15:18:22.815,CKKS,16384,40,8,658079,9.302,82259.875,192,403
2025-12-12 15:18:22.900,CKKS,16384,40,8,657296,9.592,82162.000,192,79
2025-12-12 15:18:22.920,CKKS,16384,40,8,658200,8.933,82275.000,192,419
2025-12-12 15:18:22.951,CKKS,16384,40,8,658120,9.275,82265.000,192,307
2025-12-12 15:18:22.965,CKKS,16384,40,8,658167,9.221,82270.875,192,13
2025-12-12 15:18:22.980,CKKS,16384,40,8,658136,9.142,82267.000,192,435
2025-12-12 15:18:22.981,CKKS,16384,40,8,657819,9.088,82227.375,192,161
2025-12-12 15:18:22.997,CKKS,16384,40,8,657122,8.980,82140.250,192,291
2025-12-12 15:18:23.120,CKKS,16384,40,8,657832,9.384,82229.000,192,210
2025-12-12 15:18:23.120,CKKS,16384,40,8,658086,9.390,82260.750,192,112
2025-12-12 15:18:23.171,CKKS,16384,40,8,657717,9.574,82214.625,192,451
2025-12-12 15:18:23.237,CKKS,16384,40,8,657605,9.417,82200.625,192,275
2025-12-12 15:18:23.290,CKKS,16384,40,8,657968,9.475,82246.000,192,467
2025-12-12 15:18:23.312,CKKS,16384,40,8,658108,9.333,82263.500,192,145
2025-12-12 15:18:23.341,CKKS,16384,40,8,657421,9.094,82177.625,192,194
2025-12-12 15:18:23.382,CKKS,16384,40,8,657733,8.941,82216.625,192,259
2025-12-12 15:18:23.466,CKKS,16384,40,8,658295,9.432,82286.875,192,63
2025-12-12 15:18:23.488,CKKS,16384,40,8,657868,8.854,82233.500,192,483
2025-12-12 15:18:23.518,CKKS,16384,40,8,658148,9.484,82268.500,192,30
2025-12-12 15:18:23.524,CKKS,16384,40,8,657407,9.956,82175.875,192,96
2025-12-12 15:18:23.659,CKKS,16384,40,8,657246,9.287,82155.750,192,243
2025-12-12 15:18:23.685,CKKS,16384,40,8,657177,9.324,82147.125,192,178
2025-12-12 15:18:23.767,CKKS,16384,40,8,657334,9.193,82166.750,192,129
2025-12-12 15:18:23.787,CKKS,16384,40,8,658066,8.850,82258.250,192,499
2025-12-12 15:18:23.808,CKKS,16384,40,8,658371,8.734,82296.375,192,356
2025-12-12 15:18:23.837,CKKS,16384,40,8,658104,9.031,82263.000,192,372
2025-12-12 15:18:23.860,CKKS,16384,40,8,657413,8.796,82176.625,192,340
2025-12-12 15:18:23.937,CKKS,16384,40,8,657981,9.443,82247.625,192,227
2025-12-12 15:18:23.939,CKKS,16384,40,8,658026,9.833,82253.250,192,324
2025-12-12 15:18:23.950,CKKS,16384,40,8,657926,11.758,82240.750,192,388
2025-12-12 15:18:23.991,CKKS,16384,40,8,657460,9.167,82182.500,192,47
2025-12-12 15:18:24.109,CKKS,16384,40,8,658294,9.101,82286.750,192,404
2025-12-12 15:18:24.131,CKKS,16384,40,8,658073,9.360,82259.125,192,80
2025-12-12 15:18:24.204,CKKS,16384,40,8,658132,10.664,82266.500,192,420
2025-12-12 15:18:24.204,CKKS,16384,40,8,658247,12.514,82280.875,192,308
2025-12-12 15:18:24.214,CKKS,16384,40,8,658213,12.698,82276.625,192,162
2025-12-12 15:18:24.232,CKKS,16384,40,8,658207,13.658,82275.875,192,113
2025-12-12 15:18:24.235,CKKS,16384,40,8,657470,14.838,82183.750,192,14
2025-12-12 15:18:24.237,CKKS,16384,40,8,657837,9.139,82229.625,192,436
2025-12-12 15:18:24.250,CKKS,16384,40,8,657426,8.877,82178.250,192,292
2025-12-12 15:18:24.257,CKKS,16384,40,8,657228,9.054,82153.500,192,211
2025-12-12 15:18:24.459,CKKS,16384,40,8,658284,9.542,82285.500,192,452
2025-12-12 15:18:24.476,CKKS,16384,40,8,658164,9.237,82270.500,192,276
2025-12-12 15:18:24.534,CKKS,16384,40,8,657688,9.360,82211.000,192,146
2025-12-12 15:18:24.543,CKKS,16384,40,8,656011,9.202,82001.375,192,195
2025-12-12 15:18:24.561,CKKS,16384,40,8,657761,8.818,82220.125,192,468
2025-12-12 15:18:24.610,CKKS,16384,40,8,657912,9.854,82239.000,192,31
2025-12-12 15:18:24.662,CKKS,16384,40,8,657296,9.407,82162.000,192,260
2025-12-12 15:18:24.672,CKKS,16384,40,8,657407,12.168,82175.875,192,64
2025-12-12 15:18:24.694,CKKS,16384,40,8,658217,9.054,82277.125,192,97
2025-12-12 15:18:24.711,CKKS,16384,40,8,657484,9.010,82185.500,192,484
2025-12-12 15:18:24.927,CKKS,16384,40,8,657533,9.013,82191.625,192,244
2025-12-12 15:18:24.943,CKKS,16384,40,8,658221,8.986,82277.625,192,179
2025-12-12 15:18:24.990,CKKS,16384,40,8,657994,9.398,82249.250,192,130
2025-12-12 15:18:25.025,CKKS,16384,40,8,657282,9.318,82160.250,192,500
2025-12-12 15:18:25.094,CKKS,16384,40,8,657954,9.300,82244.250,192,357
2025-12-12 15:18:25.166,CKKS,16384,40,8,657354,9.442,82169.250,192,373
2025-12-12 15:18:25.212,CKKS,16384,40,8,658233,9.260,82279.125,192,341
2025-12-12 15:18:25.252,CKKS,16384,40,8,657373,9.376,82171.625,192,48
2025-12-12 15:18:25.253,CKKS,16384,40,8,657289,13.685,82161.125,192,228
2025-12-12 15:18:25.255,CKKS,16384,40,8,657633,14.776,82204.125,192,325
2025-12-12 15:18:25.265,CKKS,16384,40,8,657676,10.591,82209.500,192,15
2025-12-12 15:18:25.314,CKKS,16384,40,8,658274,9.280,82284.250,192,389
2025-12-12 15:18:25.354,CKKS,16384,40,8,657420,9.426,82177.500,192,309
2025-12-12 15:18:25.373,CKKS,16384,40,8,657821,9.172,82227.625,192,81
2025-12-12 15:18:25.379,CKKS,16384,40,8,658338,9.548,82292.250,192,405
2025-12-12 15:18:25.387,CKKS,16384,40,8,658124,10.324,82265.500,192,163
2025-12-12 15:18:25.403,CKKS,16384,40,8,658169,9.124,82271.125,192,421
2025-12-12 15:18:25.447,CKKS,16384,40,8,658157,9.045,82269.625,192,114
2025-12-12 15:18:25.503,CKKS,16384,40,8,658031,13.481,82253.875,192,293
2025-12-12 15:18:25.542,CKKS,16384,40,8,657947,13.569,82243.375,192,212
2025-12-12 15:18:25.550,CKKS,16384,40,8,658320,13.151,82290.000,192,437
2025-12-12 15:18:25.686,CKKS,16384,40,8,657481,9.272,82185.125,192,453
2025-12-12 15:18:25.702,CKKS,16384,40,8,658110,9.207,82263.750,192,277
2025-12-12 15:18:25.721,CKKS,16384,40,8,657410,8.880,82176.250,192,147
2025-12-12 15:18:25.775,CKKS,16384,40,8,657394,9.646,82174.250,192,196
2025-12-12 15:18:25.778,CKKS,16384,40,8,658031,10.125,82253.875,192,32
2025-12-12 15:18:25.788,CKKS,16384,40,8,658256,12.949,82282.000,192,65
2025-12-12 15:18:25.815,CKKS,16384,40,8,658129,9.485,82266.125,192,469
2025-12-12 15:18:25.846,CKKS,16384,40,8,657344,8.940,82168.000,192,261
2025-12-12 15:18:25.901,CKKS,16384,40,8,658026,9.230,82253.250,192,98
2025-12-12 15:18:25.988,CKKS,16384,40,8,658039,9.460,82254.875,192,485
2025-12-12 15:18:26.117,CKKS,16384,40,8,657247,9.200,82155.875,192,180
2025-12-12 15:18:26.151,CKKS,16384,40,8,657404,9.367,82175.500,192,245
2025-12-12 15:18:26.207,CKKS,16384,40,8,658125,9.190,82265.625,192,131
2025-12-12 15:18:26.326,CKKS,16384,40,8,658039,9.246,82254.875,192,358
2025-12-12 15:18:26.408,CKKS,16384,40,8,657778,9.035,82222.250,192,374
2025-12-12 15:18:26.416,CKKS,16384,40,8,657861,9.055,82232.625,192,342
2025-12-12 15:18:26.448,CKKS,16384,40,8,657451,8.993,82181.375,192,49
2025-12-12 15:18:26.474,CKKS,16384,40,8,656937,9.113,82117.125,192,229
2025-12-12 15:18:26.481,CKKS,16384,40,8,657916,9.318,82239.500,192,16
2025-12-12 15:18:26.520,CKKS,16384,40,8,657113,9.208,82139.125,192,82
2025-12-12 15:18:26.594,CKKS,16384,40,8,657393,9.270,82174.125,192,390
2025-12-12 15:18:26.601,CKKS,16384,40,8,657691,9.365,82211.375,192,326
2025-12-12 15:18:26.614,CKKS,16384,40,8,657380,8.940,82172.500,192,164
2025-12-12 15:18:26.654,CKKS,16384,40,8,657543,9.579,82192.875,192,310
2025-12-12 15:18:26.670,CKKS,16384,40,8,657499,9.084,82187.375,192,406
2025-12-12 15:18:26.708,CKKS,16384,40,8,658203,14.780,82275.375,192,115
2025-12-12 15:18:26.709,CKKS,16384,40,8,658252,15.297,82281.500,192,422
2025-12-12 15:18:26.777,CKKS,16384,40,8,658064,9.206,82258.000,192,213
2025-12-12 15:18:26.830,CKKS,16384,40,8,657287,10.175,82160.875,192,294
2025-12-12 15:18:26.839,CKKS,16384,40,8,657913,13.141,82239.125,192,438
2025-12-12 15:18:26.938,CKKS,16384,40,8,657375,9.099,82171.875,192,278
2025-12-12 15:18:27.004,CKKS,16384,40,8,657720,9.443,82215.000,192,454
2025-12-12 15:18:27.019,CKKS,16384,40,8,657371,10.229,82171.375,192,148
2025-12-12 15:18:27.058,CKKS,16384,40,8,658112,9.513,82264.000,192,197
2025-12-12 15:18:27.081,CKKS,16384,40,8,657956,11.880,82244.500,192,66
2025-12-12 15:18:27.116,CKKS,16384,40,8,658192,14.321,82274.000,192,33
2025-12-12 15:18:27.119,CKKS,16384,40,8,657457,13.527,82182.125,192,470
2025-12-12 15:18:27.137,CKKS,16384,40,8,658347,17.377,82293.375,192,262
2025-12-12 15:18:27.162,CKKS,16384,40,8,658250,11.832,82281.250,192,99
2025-12-12 15:18:27.263,CKKS,16384,40,8,657893,9.567,82236.625,192,486
2025-12-12 15:18:27.331,CKKS,16384,40,8,658139,9.557,82267.375,192,246
2025-12-12 15:18:27.397,CKKS,16384,40,8,658207,9.467,82275.875,192,181
2025-12-12 15:18:27.494,CKKS,16384,40,8,658103,9.202,82262.875,192,132
2025-12-12 15:18:27.542,CKKS,16384,40,8,657831,9.059,82228.875,192,359
2025-12-12 15:18:27.606,CKKS,16384,40,8,657245,9.380,82155.625,192,375
2025-12-12 15:18:27.616,CKKS,16384,40,8,657383,9.601,82172.875,192,50
2025-12-12 15:18:27.634,CKKS,16384,40,8,657666,9.190,82208.250,192,343
2025-12-12 15:18:27.697,CKKS,16384,40,8,658153,9.459,82269.125,192,83
2025-12-12 15:18:27.709,CKKS,16384,40,8,658160,14.995,82270.000,192,17
2025-12-12 15:18:27.722,CKKS,16384,40,8,658045,13.584,82255.625,192,230
2025-12-12 15:18:27.725,CKKS,16384,40,8,657243,14.849,82155.375,192,327
2025-12-12 15:18:27.729,CKKS,16384,40,8,657630,9.419,82203.750,192,391
2025-12-12 15:18:27.749,CKKS,16384,40,8,657372,8.875,82171.500,192,165
2025-12-12 15:18:27.782,CKKS,16384,40,8,657720,9.291,82215.000,192,311
2025-12-12 15:18:27.811,CKKS,16384,40,8,658188,9.217,82273.500,192,407
2025-12-12 15:18:27.899,CKKS,16384,40,8,657434,9.441,82179.250,192,423
2025-12-12 15:18:27.980,CKKS,16384,40,8,657701,13.069,82212.625,192,214
2025-12-12 15:18:28.051,CKKS,16384,40,8,657422,9.131,82177.750,192,439
2025-12-12 15:18:28.066,CKKS,16384,40,8,657997,9.328,82249.625,192,116
2025-12-12 15:18:28.069,CKKS,16384,40,8,657462,9.125,82182.750,192,295
2025-12-12 15:18:28.181,CKKS,16384,40,8,658326,9.289,82290.750,192,279
2025-12-12 15:18:28.218,CKKS,16384,40,8,657279,12.183,82159.875,192,455
2025-12-12 15:18:28.232,CKKS,16384,40,8,657329,13.422,82166.125,192,149
2025-12-12 15:18:28.274,CKKS,16384,40,8,657534,13.772,82191.750,192,198
2025-12-12 15:18:28.276,CKKS,16384,40,8,658014,13.397,82251.750,192,34
2025-12-12 15:18:28.296,CKKS,16384,40,8,658143,13.455,82267.875,192,67
2025-12-12 15:18:28.339,CKKS,16384,40,8,657730,9.415,82216.250,192,263
2025-12-12 15:18:28.358,CKKS,16384,40,8,657408,9.340,82176.000,192,471
2025-12-12 15:18:28.455,CKKS,16384,40,8,658251,9.356,82281.375,192,100
2025-12-12 15:18:28.464,CKKS,16384,40,8,658181,9.459,82272.625,192,1
2025-12-12 15:18:28.575,CKKS,16384,40,8,657989,13.862,82248.625,192,487
2025-12-12 15:18:28.576,CKKS,16384,40,8,658003,14.725,82250.375,192,247
2025-12-12 15:18:28.613,CKKS,16384,40,8,658167,9.114,82270.875,192,182
2025-12-12 15:18:28.650,CKKS,16384,40,8,657294,9.198,82161.750,192,133
2025-12-12 15:18:28.815,CKKS,16384,40,8,658208,9.495,82276.000,192,360
2025-12-12 15:18:28.847,CKKS,16384,40,8,657996,9.075,82249.500,192,51
2025-12-12 15:18:28.867,CKKS,16384,40,8,657862,8.880,82232.750,192,376
2025-12-12 15:18:28.890,CKKS,16384,40,8,657277,9.193,82159.625,192,231
2025-12-12 15:18:28.897,CKKS,16384,40,8,657403,9.286,82175.375,192,18
2025-12-12 15:18:28.924,CKKS,16384,40,8,657891,8.881,82236.375,192,344
2025-12-12 15:18:28.939,CKKS,16384,40,8,657861,9.266,82232.625,192,84
2025-12-12 15:18:28.979,CKKS,16384,40,8,658040,9.467,82255.000,192,328
2025-12-12 15:18:29.056,CKKS,16384,40,8,658193,10.279,82274.125,192,392
2025-12-12 15:18:29.063,CKKS,16384,40,8,658143,13.900,82267.875,192,166
2025-12-12 15:18:29.080,CKKS,16384,40,8,658294,9.459,82286.750,192,312
2025-12-12 15:18:29.090,CKKS,16384,40,8,657205,8.900,82150.625,192,408
2025-12-12 15:18:29.125,CKKS,16384,40,8,657415,9.026,82176.875,192,117
2025-12-12 15:18:29.170,CKKS,16384,40,8,657456,12.573,82182.000,192,424
2025-12-12 15:18:29.186,CKKS,16384,40,8,658222,9.419,82277.750,192,215
2025-12-12 15:18:29.222,CKKS,16384,40,8,657035,9.148,82129.375,192,296
2025-12-12 15:18:29.311,CKKS,16384,40,8,658091,9.269,82261.375,192,440
2025-12-12 15:18:29.363,CKKS,16384,40,8,657211,9.580,82151.375,192,280
2025-12-12 15:18:29.392,CKKS,16384,40,8,658112,8.879,82264.000,192,150
2025-12-12 15:18:29.432,CKKS,16384,40,8,657958,9.160,82244.750,192,456
2025-12-12 15:18:29.446,CKKS,16384,40,8,657391,9.479,82173.875,192,35
2025-12-12 15:18:29.474,CKKS,16384,40,8,658174,9.172,82271.750,192,68
2025-12-12 15:18:29.539,CKKS,16384,40,8,658307,9.327,82288.375,192,199
2025-12-12 15:18:29.546,CKKS,16384,40,8,657464,9.141,82183.000,192,2
2025-12-12 15:18:29.659,CKKS,16384,40,8,656884,9.387,82110.500,192,472
2025-12-12 15:18:29.703,CKKS,16384,40,8,657341,13.374,82167.625,192,101
2025-12-12 15:18:29.706,CKKS,16384,40,8,658170,14.787,82271.250,192,264
2025-12-12 15:18:29.786,CKKS,16384,40,8,658037,9.334,82254.625,192,248
2025-12-12 15:18:29.806,CKKS,16384,40,8,657363,8.899,82170.375,192,183
2025-12-12 15:18:29.816,CKKS,16384,40,8,658179,12.003,82272.375,192,488
2025-12-12 15:18:29.837,CKKS,16384,40,8,657302,9.313,82162.750,192,134
2025-12-12 15:18:30.015,CKKS,16384,40,8,657355,9.072,82169.375,192,52
2025-12-12 15:18:30.130,CKKS,16384,40,8,657440,9.261,82180.000,192,361
2025-12-12 15:18:30.191,CKKS,16384,40,8,658048,9.258,82256.000,192,19
2025-12-12 15:18:30.203,CKKS,16384,40,8,657403,11.728,82175.375,192,232
2025-12-12 15:18:30.211,CKKS,16384,40,8,658310,9.146,82288.750,192,85
2025-12-12 15:18:30.218,CKKS,16384,40,8,657377,8.984,82172.125,192,377
2025-12-12 15:18:30.237,CKKS,16384,40,8,658288,9.040,82286.000,192,329
2025-12-12 15:18:30.249,CKKS,16384,40,8,657721,12.413,82215.125,192,345
2025-12-12 15:18:30.255,CKKS,16384,40,8,657342,9.401,82167.750,192,393
2025-12-12 15:18:30.261,CKKS,16384,40,8,658016,10.906,82252.000,192,167
2025-12-12 15:18:30.289,CKKS,16384,40,8,658241,9.091,82280.125,192,313
2025-12-12 15:18:30.331,CKKS,16384,40,8,658095,9.239,82261.875,192,409
2025-12-12 15:18:30.336,CKKS,16384,40,8,658133,9.363,82266.625,192,118
2025-12-12 15:18:30.370,CKKS,16384,40,8,657420,9.075,82177.500,192,216
2025-12-12 15:18:30.393,CKKS,16384,40,8,657117,9.044,82139.625,192,425
2025-12-12 15:18:30.428,CKKS,16384,40,8,657284,9.326,82160.500,192,297
2025-12-12 15:18:30.579,CKKS,16384,40,8,657485,10.895,82185.625,192,441
2025-12-12 15:18:30.588,CKKS,16384,40,8,657148,11.972,82143.500,192,281
2025-12-12 15:18:30.620,CKKS,16384,40,8,657546,12.527,82193.250,192,151
2025-12-12 15:18:30.636,CKKS,16384,40,8,657528,13.616,82191.000,192,36
2025-12-12 15:18:30.739,CKKS,16384,40,8,658257,9.200,82282.125,192,69
2025-12-12 15:18:30.743,CKKS,16384,40,8,657581,9.288,82197.625,192,457
2025-12-12 15:18:30.807,CKKS,16384,40,8,657800,9.393,82225.000,192,3
2025-12-12 15:18:30.845,CKKS,16384,40,8,657621,9.261,82202.625,192,265
2025-12-12 15:18:30.892,CKKS,16384,40,8,657353,8.967,82169.125,192,200
2025-12-12 15:18:30.894,CKKS,16384,40,8,658007,9.199,82250.875,192,102
2025-12-12 15:18:30.903,CKKS,16384,40,8,657618,12.146,82202.250,192,473
2025-12-12 15:18:31.040,CKKS,16384,40,8,658235,10.031,82279.375,192,184
2025-12-12 15:18:31.060,CKKS,16384,40,8,657845,8.994,82230.625,192,249
2025-12-12 15:18:31.103,CKKS,16384,40,8,658135,12.676,82266.875,192,135
2025-12-12 15:18:31.110,CKKS,16384,40,8,657959,11.882,82244.875,192,489
2025-12-12 15:18:31.212,CKKS,16384,40,8,657543,12.598,82192.875,192,53
2025-12-12 15:18:31.259,CKKS,16384,40,8,657308,13.081,82163.500,192,20
2025-12-12 15:18:31.325,CKKS,16384,40,8,657266,9.413,82158.250,192,362
2025-12-12 15:18:31.349,CKKS,16384,40,8,658332,12.994,82291.500,192,233
2025-12-12 15:18:31.357,CKKS,16384,40,8,658329,9.255,82291.125,192,86
2025-12-12 15:18:31.406,CKKS,16384,40,8,657128,13.398,82141.000,192,346
2025-12-12 15:18:31.467,CKKS,16384,40,8,657540,9.227,82192.500,192,378
2025-12-12 15:18:31.481,CKKS,16384,40,8,657330,10.096,82166.250,192,330
2025-12-12 15:18:31.498,CKKS,16384,40,8,657397,9.036,82174.625,192,168
2025-12-12 15:18:31.529,CKKS,16384,40,8,658055,9.167,82256.875,192,394
2025-12-12 15:18:31.548,CKKS,16384,40,8,657973,10.538,82246.625,192,314
2025-12-12 15:18:31.567,CKKS,16384,40,8,658242,8.969,82280.250,192,119
2025-12-12 15:18:31.597,CKKS,16384,40,8,657351,11.494,82168.875,192,410
2025-12-12 15:18:31.629,CKKS,16384,40,8,657865,13.193,82233.125,192,217
2025-12-12 15:18:31.686,CKKS,16384,40,8,658209,13.341,82276.125,192,426
2025-12-12 15:18:31.716,CKKS,16384,40,8,658073,9.683,82259.125,192,298
2025-12-12 15:18:31.811,CKKS,16384,40,8,658219,13.042,82277.375,192,442
2025-12-12 15:18:31.850,CKKS,16384,40,8,657320,9.312,82165.000,192,282
2025-12-12 15:18:31.876,CKKS,16384,40,8,657404,9.490,82175.500,192,152
2025-12-12 15:18:32.004,CKKS,16384,40,8,658309,9.810,82288.625,192,70
2025-12-12 15:18:32.004,CKKS,16384,40,8,658006,13.262,82250.750,192,37
2025-12-12 15:18:32.025,CKKS,16384,40,8,658367,9.331,82295.875,192,201
2025-12-12 15:18:32.026,CKKS,16384,40,8,657945,13.141,82243.125,192,458
2025-12-12 15:18:32.042,CKKS,16384,40,8,657165,9.193,82145.625,192,4
2025-12-12 15:18:32.105,CKKS,16384,40,8,657484,9.723,82185.500,192,103
2025-12-12 15:18:32.184,CKKS,16384,40,8,657443,12.630,82180.375,192,266
2025-12-12 15:18:32.199,CKKS,16384,40,8,658094,12.197,82261.750,192,474
2025-12-12 15:18:32.323,CKKS,16384,40,8,657319,14.542,82164.875,192,250
2025-12-12 15:18:32.324,CKKS,16384,40,8,657301,15.121,82162.625,192,185
2025-12-12 15:18:32.335,CKKS,16384,40,8,658316,13.023,82289.500,192,136
2025-12-12 15:18:32.345,CKKS,16384,40,8,657250,9.178,82156.250,192,490
2025-12-12 15:18:32.501,CKKS,16384,40,8,657563,12.053,82195.375,192,54
2025-12-12 15:18:32.538,CKKS,16384,40,8,657829,13.019,82228.625,192,21
2025-12-12 15:18:32.548,CKKS,16384,40,8,658196,15.182,82274.500,192,363
2025-12-12 15:18:32.561,CKKS,16384,40,8,658246,12.885,82280.750,192,234
2025-12-12 15:18:32.602,CKKS,16384,40,8,657482,13.064,82185.250,192,87
2025-12-12 15:18:32.609,CKKS,16384,40,8,658038,13.484,82254.750,192,347
2025-12-12 15:18:32.625,CKKS,16384,40,8,657360,13.181,82170.000,192,379
2025-12-12 15:18:32.678,CKKS,16384,40,8,656005,15.322,82000.625,192,331
2025-12-12 15:18:32.691,CKKS,16384,40,8,657387,27.726,82173.375,192,169
2025-12-12 15:18:32.766,CKKS,16384,40,8,658251,13.850,82281.375,192,395
2025-12-12 15:18:32.791,CKKS,16384,40,8,657624,12.844,82203.000,192,315
2025-12-12 15:18:32.814,CKKS,16384,40,8,657795,14.657,82224.375,192,120
2025-12-12 15:18:32.827,CKKS,16384,40,8,658224,12.929,82278.000,192,218
2025-12-12 15:18:32.836,CKKS,16384,40,8,657974,9.338,82246.750,192,411
2025-12-12 15:18:32.921,CKKS,16384,40,8,658012,13.455,82251.500,192,427
2025-12-12 15:18:32.934,CKKS,16384,40,8,657117,12.533,82139.625,192,299
2025-12-12 15:18:33.130,CKKS,16384,40,8,657423,9.408,82177.875,192,443
2025-12-12 15:18:33.140,CKKS,16384,40,8,657392,12.472,82174.000,192,283
2025-12-12 15:18:33.154,CKKS,16384,40,8,656031,12.954,82003.875,192,153
2025-12-12 15:18:33.184,CKKS,16384,40,8,658118,12.731,82264.750,192,38
2025-12-12 15:18:33.188,CKKS,16384,40,8,658165,14.763,82270.625,192,71
2025-12-12 15:18:33.219,CKKS,16384,40,8,658212,12.918,82276.500,192,202
2025-12-12 15:18:33.229,CKKS,16384,40,8,657324,9.427,82165.500,192,5
2025-12-12 15:18:33.247,CKKS,16384,40,8,658010,9.072,82251.250,192,459
2025-12-12 15:18:33.258,CKKS,16384,40,8,657911,13.437,82238.875,192,104
2025-12-12 15:18:33.272,CKKS,16384,40,8,657336,12.729,82167.000,192,267
2025-12-12 15:18:33.421,CKKS,16384,40,8,657353,13.383,82169.125,192,475
2025-12-12 15:18:33.623,CKKS,16384,40,8,657426,14.217,82178.250,192,186
2025-12-12 15:18:33.656,CKKS,16384,40,8,657442,13.445,82180.250,192,137
2025-12-12 15:18:33.673,CKKS,16384,40,8,657775,16.460,82221.875,192,251
2025-12-12 15:18:33.678,CKKS,16384,40,8,658231,13.374,82278.875,192,491
2025-12-12 15:18:33.725,CKKS,16384,40,8,657303,12.705,82162.875,192,55
2025-12-12 15:18:33.741,CKKS,16384,40,8,658201,13.698,82275.125,192,22
2025-12-12 15:18:33.796,CKKS,16384,40,8,657603,9.275,82200.375,192,235
2025-12-12 15:18:33.828,CKKS,16384,40,8,658091,9.057,82261.375,192,364
2025-12-12 15:18:33.842,CKKS,16384,40,8,657419,12.969,82177.375,192,88
2025-12-12 15:18:33.849,CKKS,16384,40,8,658060,11.458,82257.500,192,348
2025-12-12 15:18:33.916,CKKS,16384,40,8,658213,13.925,82276.625,192,380
2025-12-12 15:18:33.937,CKKS,16384,40,8,657391,13.227,82173.875,192,170
2025-12-12 15:18:33.954,CKKS,16384,40,8,658031,23.071,82253.875,192,332
2025-12-12 15:18:33.992,CKKS,16384,40,8,655954,13.440,81994.250,192,121
2025-12-12 15:18:34.020,CKKS,16384,40,8,658204,13.043,82275.500,192,396
2025-12-12 15:18:34.043,CKKS,16384,40,8,658288,12.891,82286.000,192,316
2025-12-12 15:18:34.421,CKKS,16384,40,8,658116,9.302,82264.500,192,219
2025-12-12 15:18:34.475,CKKS,16384,40,8,658275,9.671,82284.375,192,300
2025-12-12 15:18:34.477,CKKS,16384,40,8,657378,13.077,82172.250,192,412
2025-12-12 15:18:34.488,CKKS,16384,40,8,658019,12.029,82252.375,192,105
2025-12-12 15:18:34.507,CKKS,16384,40,8,658221,9.408,82277.625,192,72
2025-12-12 15:18:34.517,CKKS,16384,40,8,658250,12.212,82281.250,192,428
2025-12-12 15:18:34.530,CKKS,16384,40,8,658297,13.108,82287.125,192,444
2025-12-12 15:18:34.623,CKKS,16384,40,8,657650,14.767,82206.250,192,460
2025-12-12 15:18:34.625,CKKS,16384,40,8,658096,15.157,82262.000,192,268
2025-12-12 15:18:34.632,CKKS,16384,40,8,657360,13.299,82170.000,192,154
2025-12-12 15:18:34.648,CKKS,16384,40,8,657681,9.366,82210.125,192,39
2025-12-12 15:18:34.661,CKKS,16384,40,8,657951,11.505,82243.875,192,284
2025-12-12 15:18:34.675,CKKS,16384,40,8,657825,9.449,82228.125,192,6
2025-12-12 15:18:34.697,CKKS,16384,40,8,658135,13.031,82266.875,192,476
2025-12-12 15:18:34.697,CKKS,16384,40,8,657552,9.008,82194.000,192,203
2025-12-12 15:18:34.721,CKKS,16384,40,8,657439,9.057,82179.875,192,187
2025-12-12 15:18:34.749,CKKS,16384,40,8,657323,9.204,82165.375,192,138
2025-12-12 15:18:34.777,CKKS,16384,40,8,658229,8.963,82278.625,192,252
2025-12-12 15:18:34.890,CKKS,16384,40,8,658319,13.209,82289.875,192,56
2025-12-12 15:18:34.911,CKKS,16384,40,8,657422,9.591,82177.750,192,492
2025-12-12 15:18:34.928,CKKS,16384,40,8,658265,9.363,82283.125,192,23
2025-12-12 15:18:34.968,CKKS,16384,40,8,658183,9.451,82272.875,192,89
2025-12-12 15:18:34.982,CKKS,16384,40,8,658264,12.965,82283.000,192,236
2025-12-12 15:18:35.082,CKKS,16384,40,8,657239,9.290,82154.875,192,349
2025-12-12 15:18:35.091,CKKS,16384,40,8,658257,9.245,82282.125,192,365
2025-12-12 15:18:35.137,CKKS,16384,40,8,657382,9.767,82172.750,192,171
2025-12-12 15:18:35.176,CKKS,16384,40,8,657298,13.271,82162.250,192,381
2025-12-12 15:18:35.177,CKKS,16384,40,8,658279,9.310,82284.875,192,333
2025-12-12 15:18:35.254,CKKS,16384,40,8,657875,9.307,82234.375,192,122
2025-12-12 15:18:35.316,CKKS,16384,40,8,656759,10.588,82094.875,192,397
2025-12-12 15:18:35.337,CKKS,16384,40,8,657918,9.222,82239.750,192,317
2025-12-12 15:18:35.349,CKKS,16384,40,8,657585,13.197,82198.125,192,220
2025-12-12 15:18:35.386,CKKS,16384,40,8,657882,13.214,82235.250,192,413
2025-12-12 15:18:35.411,CKKS,16384,40,8,658144,9.514,82268.000,192,301
2025-12-12 15:18:35.428,CKKS,16384,40,8,658005,9.003,82250.625,192,429
2025-12-12 15:18:35.518,CKKS,16384,40,8,657997,9.331,82249.625,192,40
2025-12-12 15:18:35.593,CKKS,16384,40,8,658285,9.507,82285.625,192,445
2025-12-12 15:18:35.620,CKKS,16384,40,8,657420,9.041,82177.500,192,7
2025-12-12 15:18:35.646,CKKS,16384,40,8,656971,9.320,82121.375,192,155
2025-12-12 15:18:35.675,CKKS,16384,40,8,657968,8.950,82246.000,192,285
2025-12-12 15:18:35.740,CKKS,16384,40,8,658017,13.147,82252.125,192,204
2025-12-12 15:18:35.772,CKKS,16384,40,8,657326,13.095,82165.750,192,73
2025-12-12 15:18:35.775,CKKS,16384,40,8,658103,19.386,82262.875,192,106
2025-12-12 15:18:35.789,CKKS,16384,40,8,658249,21.916,82281.125,192,461
2025-12-12 15:18:35.797,CKKS,16384,40,8,657376,27.692,82172.000,192,269
2025-12-12 15:18:35.942,CKKS,16384,40,8,657390,9.577,82173.750,192,477
2025-12-12 15:18:35.951,CKKS,16384,40,8,657512,11.721,82189.000,192,188
2025-12-12 15:18:36.019,CKKS,16384,40,8,657408,9.507,82176.000,192,139
2025-12-12 15:18:36.030,CKKS,16384,40,8,657322,11.705,82165.250,192,253
2025-12-12 15:18:36.189,CKKS,16384,40,8,657633,13.343,82204.125,192,24
2025-12-12 15:18:36.197,CKKS,16384,40,8,658218,9.542,82277.250,192,57
2025-12-12 15:18:36.217,CKKS,16384,40,8,658108,9.071,82263.500,192,90
2025-12-12 15:18:36.239,CKKS,16384,40,8,657404,9.196,82175.500,192,493
2025-12-12 15:18:36.250,CKKS,16384,40,8,657334,12.111,82166.750,192,237
2025-12-12 15:18:36.322,CKKS,16384,40,8,657861,13.018,82232.625,192,350
2025-12-12 15:18:36.346,CKKS,16384,40,8,657835,12.919,82229.375,192,366
2025-12-12 15:18:36.377,CKKS,16384,40,8,657551,8.947,82193.875,192,172
2025-12-12 15:18:36.400,CKKS,16384,40,8,658025,8.836,82253.125,192,382
2025-12-12 15:18:36.447,CKKS,16384,40,8,657571,9.739,82196.375,192,334
2025-12-12 15:18:36.490,CKKS,16384,40,8,658346,13.413,82293.250,192,123
2025-12-12 15:18:36.558,CKKS,16384,40,8,657318,9.340,82164.750,192,318
2025-12-12 15:18:36.589,CKKS,16384,40,8,658275,10.079,82284.375,192,221
2025-12-12 15:18:36.594,CKKS,16384,40,8,657956,12.602,82244.500,192,398
2025-12-12 15:18:36.629,CKKS,16384,40,8,657146,9.634,82143.250,192,414
2025-12-12 15:18:36.661,CKKS,16384,40,8,657836,14.194,82229.500,192,302
2025-12-12 15:18:36.705,CKKS,16384,40,8,657337,9.421,82167.125,192,41
2025-12-12 15:18:36.717,CKKS,16384,40,8,657760,11.394,82220.000,192,430
2025-12-12 15:18:36.770,CKKS,16384,40,8,657794,12.942,82224.250,192,74
2025-12-12 15:18:36.824,CKKS,16384,40,8,658218,9.257,82277.250,192,156
2025-12-12 15:18:36.841,CKKS,16384,40,8,657231,13.201,82153.875,192,8
2025-12-12 15:18:36.869,CKKS,16384,40,8,658257,12.950,82282.125,192,286
2025-12-12 15:18:36.898,CKKS,16384,40,8,657360,8.774,82170.000,192,205
2025-12-12 15:18:36.909,CKKS,16384,40,8,658103,11.102,82262.875,192,446
2025-12-12 15:18:36.957,CKKS,16384,40,8,658203,10.354,82275.375,192,107
2025-12-12 15:18:37.013,CKKS,16384,40,8,657931,9.270,82241.375,192,462
2025-12-12 15:18:37.030,CKKS,16384,40,8,658175,8.862,82271.875,192,270
2025-12-12 15:18:37.177,CKKS,16384,40,8,657029,9.476,82128.625,192,478
2025-12-12 15:18:37.290,CKKS,16384,40,8,657863,11.456,82232.875,192,189
2025-12-12 15:18:37.328,CKKS,16384,40,8,656967,13.029,82120.875,192,140
2025-12-12 15:18:37.341,CKKS,16384,40,8,657951,13.511,82243.875,192,254
2025-12-12 15:18:37.371,CKKS,16384,40,8,657365,19.903,82170.625,192,58
2025-12-12 15:18:37.373,CKKS,16384,40,8,657416,18.572,82177.000,192,25
2025-12-12 15:18:37.407,CKKS,16384,40,8,657930,10.201,82241.250,192,91
2025-12-12 15:18:37.460,CKKS,16384,40,8,657579,12.406,82197.375,192,494
2025-12-12 15:18:37.483,CKKS,16384,40,8,656835,14.869,82104.375,192,238
2025-12-12 15:18:37.593,CKKS,16384,40,8,657908,10.857,82238.500,192,367
2025-12-12 15:18:37.613,CKKS,16384,40,8,658355,9.133,82294.375,192,351
2025-12-12 15:18:37.634,CKKS,16384,40,8,657857,9.158,82232.125,192,173
2025-12-12 15:18:37.653,CKKS,16384,40,8,658158,9.075,82269.750,192,335
2025-12-12 15:18:37.720,CKKS,16384,40,8,657297,14.557,82162.125,192,383
2025-12-12 15:18:37.721,CKKS,16384,40,8,657973,14.983,82246.625,192,124
2025-12-12 15:18:37.729,CKKS,16384,40,8,658191,13.716,82273.875,192,319
2025-12-12 15:18:37.755,CKKS,16384,40,8,657399,9.282,82174.875,192,222
2025-12-12 15:18:37.772,CKKS,16384,40,8,658161,9.179,82270.125,192,399
2025-12-12 15:18:37.865,CKKS,16384,40,8,657401,13.513,82175.125,192,303
2025-12-12 15:18:37.915,CKKS,16384,40,8,658246,13.980,82280.750,192,415
2025-12-12 15:18:37.921,CKKS,16384,40,8,657663,14.436,82207.875,192,42
2025-12-12 15:18:37.959,CKKS,16384,40,8,657491,13.188,82186.375,192,431
2025-12-12 15:18:37.991,CKKS,16384,40,8,657399,9.463,82174.875,192,157
2025-12-12 15:18:38.063,CKKS,16384,40,8,657369,9.240,82171.125,192,9
2025-12-12 15:18:38.096,CKKS,16384,40,8,658082,13.425,82260.250,192,75
2025-12-12 15:18:38.200,CKKS,16384,40,8,657346,13.078,82168.250,192,447
2025-12-12 15:18:38.216,CKKS,16384,40,8,658253,9.269,82281.625,192,287
2025-12-12 15:18:38.251,CKKS,16384,40,8,657352,9.445,82169.000,192,108
2025-12-12 15:18:38.263,CKKS,16384,40,8,658157,11.720,82269.625,192,206
2025-12-12 15:18:38.284,CKKS,16384,40,8,658141,12.901,82267.625,192,271
2025-12-12 15:18:38.290,CKKS,16384,40,8,657852,9.960,82231.500,192,463
2025-12-12 15:18:38.456,CKKS,16384,40,8,657738,9.421,82217.250,192,479
2025-12-12 15:18:38.471,CKKS,16384,40,8,658041,9.458,82255.125,192,190
2025-12-12 15:18:38.555,CKKS,16384,40,8,657791,14.253,82223.875,192,255
2025-12-12 15:18:38.557,CKKS,16384,40,8,657000,14.780,82125.000,192,141
2025-12-12 15:18:38.616,CKKS,16384,40,8,657317,9.213,82164.625,192,59
2025-12-12 15:18:38.661,CKKS,16384,40,8,657983,9.324,82247.875,192,26
2025-12-12 15:18:38.693,CKKS,16384,40,8,658199,10.234,82274.875,192,92
2025-12-12 15:18:38.721,CKKS,16384,40,8,657283,13.026,82160.375,192,239
2025-12-12 15:18:38.739,CKKS,16384,40,8,658226,9.042,82278.250,192,495
2025-12-12 15:18:38.873,CKKS,16384,40,8,656038,13.780,82004.750,192,352
2025-12-12 15:18:38.876,CKKS,16384,40,8,657482,15.716,82185.250,192,174
2025-12-12 15:18:38.877,CKKS,16384,40,8,658183,14.140,82272.875,192,368
2025-12-12 15:18:38.936,CKKS,16384,40,8,657942,9.118,82242.750,192,336
2025-12-12 15:18:38.974,CKKS,16384,40,8,658137,13.090,82267.125,192,384
2025-12-12 15:18:38.990,CKKS,16384,40,8,657924,10.093,82240.500,192,125
2025-12-12 15:18:38.999,CKKS,16384,40,8,658259,14.184,82282.375,192,320
2025-12-12 15:18:39.030,CKKS,16384,40,8,657663,13.332,82207.875,192,223
2025-12-12 15:18:39.041,CKKS,16384,40,8,658033,13.221,82254.125,192,400
2025-12-12 15:18:39.160,CKKS,16384,40,8,657927,13.033,82240.875,192,416
2025-12-12 15:18:39.186,CKKS,16384,40,8,658329,9.557,82291.125,192,43
2025-12-12 15:18:39.209,CKKS,16384,40,8,657224,9.101,82153.000,192,304
2025-12-12 15:18:39.219,CKKS,16384,40,8,655995,11.626,81999.375,192,432
2025-12-12 15:18:39.275,CKKS,16384,40,8,657361,13.424,82170.125,192,158
2025-12-12 15:18:39.303,CKKS,16384,40,8,657293,20.016,82161.625,192,10
2025-12-12 15:18:39.306,CKKS,16384,40,8,658012,14.235,82251.500,192,76
2025-12-12 15:18:39.325,CKKS,16384,40,8,657369,17.081,82171.125,192,288
2025-12-12 15:18:39.350,CKKS,16384,40,8,658200,12.828,82275.000,192,207
2025-12-12 15:18:39.397,CKKS,16384,40,8,657324,9.608,82165.500,192,109
2025-12-12 15:18:39.413,CKKS,16384,40,8,658233,13.333,82279.125,192,448
2025-12-12 15:18:39.478,CKKS,16384,40,8,657852,13.059,82231.500,192,272
2025-12-12 15:18:39.504,CKKS,16384,40,8,657459,9.271,82182.375,192,464
2025-12-12 15:18:39.683,CKKS,16384,40,8,658181,9.194,82272.625,192,191
2025-12-12 15:18:39.723,CKKS,16384,40,8,657760,9.274,82220.000,192,256
2025-12-12 15:18:39.769,CKKS,16384,40,8,657379,12.425,82172.375,192,142
2025-12-12 15:18:39.775,CKKS,16384,40,8,657688,14.741,82211.000,192,480
2025-12-12 15:18:39.787,CKKS,16384,40,8,657445,13.303,82180.625,192,60
2025-12-12 15:18:39.798,CKKS,16384,40,8,658012,9.328,82251.500,192,27
2025-12-12 15:18:39.853,CKKS,16384,40,8,657874,13.236,82234.250,192,93
2025-12-12 15:18:39.968,CKKS,16384,40,8,657183,9.288,82147.875,192,240
2025-12-12 15:18:40.009,CKKS,16384,40,8,658084,9.454,82260.500,192,496
2025-12-12 15:18:40.093,CKKS,16384,40,8,657850,13.082,82231.250,192,369
2025-12-12 15:18:40.102,CKKS,16384,40,8,657822,9.485,82227.750,192,175
2025-12-12 15:18:40.174,CKKS,16384,40,8,658063,9.361,82257.875,192,385
2025-12-12 15:18:40.202,CKKS,16384,40,8,657643,12.820,82205.375,192,126
2025-12-12 15:18:40.218,CKKS,16384,40,8,657375,14.150,82171.875,192,353
2025-12-12 15:18:40.222,CKKS,16384,40,8,658356,15.041,82294.500,192,337
2025-12-12 15:18:40.258,CKKS,16384,40,8,657449,9.226,82181.125,192,224
2025-12-12 15:18:40.262,CKKS,16384,40,8,658279,13.263,82284.875,192,321
2025-12-12 15:18:40.270,CKKS,16384,40,8,658066,12.477,82258.250,192,401
2025-12-12 15:18:40.349,CKKS,16384,40,8,658291,9.438,82286.375,192,305
2025-12-12 15:18:40.392,CKKS,16384,40,8,657270,9.396,82158.750,192,417
2025-12-12 15:18:40.456,CKKS,16384,40,8,657383,13.100,82172.875,192,433
2025-12-12 15:18:40.503,CKKS,16384,40,8,657771,9.259,82221.375,192,44
2025-12-12 15:18:40.541,CKKS,16384,40,8,656438,11.755,82054.750,192,11
2025-12-12 15:18:40.548,CKKS,16384,40,8,657933,14.928,82241.625,192,159
2025-12-12 15:18:40.572,CKKS,16384,40,8,658236,13.038,82279.500,192,289
2025-12-12 15:18:40.573,CKKS,16384,40,8,657442,13.265,82180.250,192,77
2025-12-12 15:18:40.582,CKKS,16384,40,8,657447,17.959,82180.875,192,208
2025-12-12 15:18:40.588,CKKS,16384,40,8,657803,13.058,82225.375,192,110
2025-12-12 15:18:40.651,CKKS,16384,40,8,657799,9.784,82224.875,192,449
2025-12-12 15:18:40.718,CKKS,16384,40,8,657555,9.375,82194.375,192,273
2025-12-12 15:18:40.812,CKKS,16384,40,8,658270,13.059,82283.750,192,465
2025-12-12 15:18:40.887,CKKS,16384,40,8,657758,13.044,82219.750,192,143
2025-12-12 15:18:40.924,CKKS,16384,40,8,658078,17.250,82259.750,192,192
2025-12-12 15:18:40.961,CKKS,16384,40,8,658179,13.774,82272.375,192,257
2025-12-12 15:18:41.002,CKKS,16384,40,8,657283,15.597,82160.375,192,61
2025-12-12 15:18:41.011,CKKS,16384,40,8,657318,21.256,82164.750,192,28
2025-12-12 15:18:41.016,CKKS,16384,40,8,657368,11.757,82171.000,192,481
2025-12-12 15:18:41.054,CKKS,16384,40,8,657924,13.497,82240.500,192,94
2025-12-12 15:18:41.170,CKKS,16384,40,8,658342,9.262,82292.750,192,241
2025-12-12 15:18:41.277,CKKS,16384,40,8,657987,9.608,82248.375,192,497
2025-12-12 15:18:41.295,CKKS,16384,40,8,657477,13.294,82184.625,192,176
2025-12-12 15:18:41.345,CKKS,16384,40,8,658108,9.562,82263.500,192,127
2025-12-12 15:18:41.381,CKKS,16384,40,8,657273,13.584,82159.125,192,354
2025-12-12 15:18:41.387,CKKS,16384,40,8,657828,13.410,82228.500,192,370
2025-12-12 15:18:41.389,CKKS,16384,40,8,657349,15.226,82168.625,192,338
2025-12-12 15:18:41.409,CKKS,16384,40,8,656972,9.128,82121.500,192,386
2025-12-12 15:18:41.520,CKKS,16384,40,8,657338,9.288,82167.250,192,322
2025-12-12 15:18:41.532,CKKS,16384,40,8,658263,11.826,82282.875,192,225
2025-12-12 15:18:41.553,CKKS,16384,40,8,658150,13.439,82268.750,192,45
2025-12-12 15:18:41.569,CKKS,16384,40,8,657289,9.023,82161.125,192,402
2025-12-12 15:18:41.621,CKKS,16384,40,8,657728,9.447,82216.000,192,306
2025-12-12 15:18:41.646,CKKS,16384,40,8,658023,13.166,82252.875,192,418
2025-12-12 15:18:41.661,CKKS,16384,40,8,658068,9.227,82258.500,192,12
2025-12-12 15:18:41.771,CKKS,16384,40,8,658035,13.071,82254.375,192,160
2025-12-12 15:18:41.790,CKKS,16384,40,8,658018,9.090,82252.250,192,434
2025-12-12 15:18:41.805,CKKS,16384,40,8,658181,11.499,82272.625,192,290
2025-12-12 15:18:41.805,CKKS,16384,40,8,657572,13.482,82196.500,192,78
2025-12-12 15:18:41.821,CKKS,16384,40,8,658020,10.151,82252.500,192,111
2025-12-12 15:18:41.830,CKKS,16384,40,8,657380,12.420,82172.500,192,209
2025-12-12 15:18:41.897,CKKS,16384,40,8,657400,9.649,82175.000,192,450
2025-12-12 15:18:41.960,CKKS,16384,40,8,658066,9.114,82258.250,192,274
2025-12-12 15:18:42.046,CKKS,16384,40,8,658238,13.209,82279.750,192,466
2025-12-12 15:18:42.204,CKKS,16384,40,8,657772,13.119,82221.500,192,258
2025-12-12 15:18:42.228,CKKS,16384,40,8,656632,10.911,82079.000,192,144
2025-12-12 15:18:42.235,CKKS,16384,40,8,657412,15.868,82176.500,192,193
2025-12-12 15:18:42.248,CKKS,16384,40,8,658311,15.231,82288.875,192,482
2025-12-12 15:18:42.267,CKKS,16384,40,8,658175,12.347,82271.875,192,62
2025-12-12 15:18:42.277,CKKS,16384,40,8,657342,12.665,82167.750,192,29
2025-12-12 15:18:42.292,CKKS,16384,40,8,658215,9.113,82276.875,192,95
2025-12-12 15:18:42.475,CKKS,16384,40,8,658430,10.160,82303.750,192,242
2025-12-12 15:18:42.494,CKKS,16384,40,8,657866,12.601,82233.250,192,177
2025-12-12 15:18:42.514,CKKS,16384,40,8,657465,9.365,82183.125,192,371
2025-12-12 15:18:42.540,CKKS,16384,40,8,657308,13.532,82163.500,192,498
2025-12-12 15:18:42.601,CKKS,16384,40,8,657406,13.391,82175.750,192,128
2025-12-12 15:18:42.605,CKKS,16384,40,8,657627,9.398,82203.375,192,355
2025-12-12 15:18:42.632,CKKS,16384,40,8,657711,9.012,82213.875,192,339
2025-12-12 15:18:42.682,CKKS,16384,40,8,657451,9.489,82181.375,192,387
2025-12-12 15:18:42.734,CKKS,16384,40,8,657636,9.433,82204.500,192,226
2025-12-12 15:18:42.746,CKKS,16384,40,8,657437,11.300,82179.625,192,323
2025-12-12 15:18:42.774,CKKS,16384,40,8,657872,9.124,82234.000,192,46
2025-12-12 15:18:42.838,CKKS,16384,40,8,658280,12.854,82285.000,192,403
2025-12-12 15:18:42.926,CKKS,16384,40,8,657254,13.082,82156.750,192,79
2025-12-12 15:18:42.939,CKKS,16384,40,8,657326,10.705,82165.750,192,419
2025-12-12 15:18:42.967,CKKS,16384,40,8,657770,8.838,82221.250,192,307
2025-12-12 15:18:42.989,CKKS,16384,40,8,657429,13.236,82178.625,192,13
2025-12-12 15:18:43.008,CKKS,16384,40,8,658113,17.730,82264.125,192,435
2025-12-12 15:18:43.020,CKKS,16384,40,8,657332,25.560,82166.500,192,161
2025-12-12 15:18:43.027,CKKS,16384,40,8,658360,18.948,82295.000,192,291
2025-12-12 15:18:43.138,CKKS,16384,40,8,657932,10.546,82241.500,192,210
2025-12-12 15:18:43.142,CKKS,16384,40,8,658027,13.579,82253.375,192,112
2025-12-12 15:18:43.192,CKKS,16384,40,8,657461,12.941,82182.625,192,451
2025-12-12 15:18:43.255,CKKS,16384,40,8,657337,9.166,82167.125,192,275
2025-12-12 15:18:43.311,CKKS,16384,40,8,657961,12.889,82245.125,192,467
2025-12-12 15:18:43.330,CKKS,16384,40,8,657257,9.580,82157.125,192,145
2025-12-12 15:18:43.357,CKKS,16384,40,8,657992,9.899,82249.000,192,194
2025-12-12 15:18:43.399,CKKS,16384,40,8,658241,9.363,82280.125,192,259
2025-12-12 15:18:43.483,CKKS,16384,40,8,658233,9.247,82279.125,192,63
2025-12-12 15:18:43.504,CKKS,16384,40,8,657899,9.540,82237.375,192,483
2025-12-12 15:18:43.538,CKKS,16384,40,8,657284,10.451,82160.500,192,30
2025-12-12 15:18:43.547,CKKS,16384,40,8,658132,13.881,82266.500,192,96
2025-12-12 15:18:43.679,CKKS,16384,40,8,657403,9.358,82175.375,192,243
2025-12-12 15:18:43.702,CKKS,16384,40,8,657393,8.944,82174.125,192,178
2025-12-12 15:18:43.786,CKKS,16384,40,8,658053,9.351,82256.625,192,129
2025-12-12 15:18:43.804,CKKS,16384,40,8,657409,9.188,82176.125,192,499
2025-12-12 15:18:43.824,CKKS,16384,40,8,658210,9.050,82276.250,192,356
2025-12-12 15:18:43.855,CKKS,16384,40,8,657831,11.138,82228.875,192,372
2025-12-12 15:18:43.877,CKKS,16384,40,8,657477,9.130,82184.625,192,340
2025-12-12 15:18:43.955,CKKS,16384,40,8,657896,9.632,82237.000,192,227
2025-12-12 15:18:43.961,CKKS,16384,40,8,658218,12.902,82277.250,192,324
2025-12-12 15:18:43.967,CKKS,16384,40,8,657478,10.463,82184.750,192,388
2025-12-12 15:18:44.007,CKKS,16384,40,8,657357,9.626,82169.625,192,47
2025-12-12 15:18:44.131,CKKS,16384,40,8,657421,13.046,82177.625,192,404
2025-12-12 15:18:44.156,CKKS,16384,40,8,657375,14.824,82171.875,192,80
2025-12-12 15:18:44.222,CKKS,16384,40,8,658278,9.628,82284.750,192,420
2025-12-12 15:18:44.229,CKKS,16384,40,8,658298,13.092,82287.250,192,308
2025-12-12 15:18:44.236,CKKS,16384,40,8,657396,11.662,82174.500,192,162
2025-12-12 15:18:44.258,CKKS,16384,40,8,658205,12.915,82275.625,192,14
2025-12-12 15:18:44.260,CKKS,16384,40,8,658216,14.564,82277.000,192,113
2025-12-12 15:18:44.264,CKKS,16384,40,8,658189,15.862,82273.625,192,436
2025-12-12 15:18:44.275,CKKS,16384,40,8,657815,14.893,82226.875,192,292
2025-12-12 15:18:44.282,CKKS,16384,40,8,657406,13.099,82175.750,192,211
2025-12-12 15:18:44.476,CKKS,16384,40,8,658166,9.668,82270.750,192,452
2025-12-12 15:18:44.497,CKKS,16384,40,8,657399,12.949,82174.875,192,276
2025-12-12 15:18:44.556,CKKS,16384,40,8,656003,13.372,82000.375,192,146
2025-12-12 15:18:44.561,CKKS,16384,40,8,657061,9.455,82132.625,192,195
2025-12-12 15:18:44.578,CKKS,16384,40,8,657375,9.224,82171.875,192,468
2025-12-12 15:18:44.628,CKKS,16384,40,8,657635,9.905,82204.375,192,31
2025-12-12 15:18:44.695,CKKS,16384,40,8,657568,13.166,82196.000,192,64
2025-12-12 15:18:44.704,CKKS,16384,40,8,657740,18.348,82217.500,192,260
2025-12-12 15:18:44.715,CKKS,16384,40,8,657557,15.442,82194.625,192,97
2025-12-12 15:18:44.734,CKKS,16384,40,8,658121,12.980,82265.125,192,484
2025-12-12 15:18:44.951,CKKS,16384,40,8,657587,13.949,82198.375,192,244
2025-12-12 15:18:44.969,CKKS,16384,40,8,657432,16.570,82179.000,192,179
2025-12-12 15:18:45.015,CKKS,16384,40,8,658264,12.959,82283.000,192,130
2025-12-12 15:18:45.042,CKKS,16384,40,8,657279,9.476,82159.875,192,500
2025-12-12 15:18:45.112,CKKS,16384,40,8,658146,9.602,82268.250,192,357
2025-12-12 15:18:45.184,CKKS,16384,40,8,658060,9.686,82257.500,192,373
2025-12-12 15:18:45.237,CKKS,16384,40,8,658236,13.532,82279.500,192,341
2025-12-12 15:18:45.275,CKKS,16384,40,8,657806,13.979,82225.750,192,48
2025-12-12 15:18:45.300,CKKS,16384,40,8,656879,24.655,82109.875,192,325
2025-12-12 15:18:45.299,CKKS,16384,40,8,658138,29.288,82267.250,192,228
2025-12-12 15:18:45.309,CKKS,16384,40,8,657768,28.374,82221.000,192,15
2025-12-12 15:18:45.336,CKKS,16384,40,8,657807,13.254,82225.875,192,389
2025-12-12 15:18:45.372,CKKS,16384,40,8,657717,8.905,82214.625,192,309
2025-12-12 15:18:45.391,CKKS,16384,40,8,657192,8.994,82149.000,192,81
2025-12-12 15:18:45.403,CKKS,16384,40,8,658041,13.056,82255.125,192,405
2025-12-12 15:18:45.411,CKKS,16384,40,8,657340,15.252,82167.500,192,163
2025-12-12 15:18:45.423,CKKS,16384,40,8,658259,11.278,82282.375,192,421
2025-12-12 15:18:45.463,CKKS,16384,40,8,658060,9.499,82257.500,192,114
2025-12-12 15:18:45.518,CKKS,16384,40,8,657453,9.355,82181.625,192,293
2025-12-12 15:18:45.565,CKKS,16384,40,8,658000,13.025,82250.000,192,212
2025-12-12 15:18:45.568,CKKS,16384,40,8,657789,10.768,82223.625,192,437
2025-12-12 15:18:45.702,CKKS,16384,40,8,657386,10.006,82173.250,192,453
2025-12-12 15:18:45.721,CKKS,16384,40,8,658162,9.331,82270.250,192,277
2025-12-12 15:18:45.742,CKKS,16384,40,8,657536,13.222,82192.000,192,147
2025-12-12 15:18:45.798,CKKS,16384,40,8,658195,9.862,82274.375,192,32
2025-12-12 15:18:45.803,CKKS,16384,40,8,658289,13.350,82286.125,192,196
2025-12-12 15:18:45.808,CKKS,16384,40,8,657414,12.685,82176.750,192,65
2025-12-12 15:18:45.832,CKKS,16384,40,8,657610,9.415,82201.250,192,469
2025-12-12 15:18:45.864,CKKS,16384,40,8,657720,9.391,82215.000,192,261
2025-12-12 15:18:45.916,CKKS,16384,40,8,656828,9.373,82103.500,192,98
2025-12-12 15:18:46.003,CKKS,16384,40,8,656940,9.607,82117.500,192,485
2025-12-12 15:18:46.140,CKKS,16384,40,8,658097,13.155,82262.125,192,180
2025-12-12 15:18:46.175,CKKS,16384,40,8,657736,13.072,82217.000,192,245
2025-12-12 15:18:46.229,CKKS,16384,40,8,657270,13.113,82158.750,192,131
2025-12-12 15:18:46.342,CKKS,16384,40,8,657949,9.281,82243.625,192,358
2025-12-12 15:18:46.428,CKKS,16384,40,8,658301,10.233,82287.625,192,374
2025-12-12 15:18:46.436,CKKS,16384,40,8,657438,13.135,82179.750,192,342
2025-12-12 15:18:46.465,CKKS,16384,40,8,657985,9.176,82248.125,192,49
2025-12-12 15:18:46.489,CKKS,16384,40,8,656051,9.059,82006.375,192,229
2025-12-12 15:18:46.502,CKKS,16384,40,8,657358,13.269,82169.750,192,16
2025-12-12 15:18:46.538,CKKS,16384,40,8,658117,9.325,82264.625,192,82
2025-12-12 15:18:46.617,CKKS,16384,40,8,658164,13.493,82270.500,192,390
2025-12-12 15:18:46.619,CKKS,16384,40,8,658140,9.629,82267.500,192,326
2025-12-12 15:18:46.633,CKKS,16384,40,8,657508,10.012,82188.500,192,164
2025-12-12 15:18:46.672,CKKS,16384,40,8,657997,9.125,82249.625,192,310
2025-12-12 15:18:46.702,CKKS,16384,40,8,658142,13.422,82267.750,192,406
2025-12-12 15:18:46.724,CKKS,16384,40,8,657711,9.457,82213.875,192,422
2025-12-12 15:18:46.729,CKKS,16384,40,8,657564,12.909,82195.500,192,115
2025-12-12 15:18:46.796,CKKS,16384,40,8,657345,12.874,82168.125,192,213
2025-12-12 15:18:46.850,CKKS,16384,40,8,657414,10.393,82176.750,192,294
2025-12-12 15:18:46.859,CKKS,16384,40,8,657368,13.100,82171.000,192,438
2025-12-12 15:18:46.955,CKKS,16384,40,8,657648,9.224,82206.000,192,278
2025-12-12 15:18:47.025,CKKS,16384,40,8,657897,9.372,82237.125,192,454
2025-12-12 15:18:47.038,CKKS,16384,40,8,658082,10.876,82260.250,192,148
2025-12-12 15:18:47.074,CKKS,16384,40,8,658145,9.275,82268.125,192,197
2025-12-12 15:18:47.098,CKKS,16384,40,8,657194,9.872,82149.250,192,66
2025-12-12 15:18:47.132,CKKS,16384,40,8,657854,9.159,82231.750,192,33
2025-12-12 15:18:47.142,CKKS,16384,40,8,657393,13.242,82174.125,192,470
2025-12-12 15:18:47.153,CKKS,16384,40,8,657967,9.481,82245.875,192,262
2025-12-12 15:18:47.178,CKKS,16384,40,8,658023,9.140,82252.875,192,99
2025-12-12 15:18:47.290,CKKS,16384,40,8,657959,12.826,82244.875,192,486
2025-12-12 15:18:47.352,CKKS,16384,40,8,658304,10.814,82288.000,192,246
2025-12-12 15:18:47.418,CKKS,16384,40,8,657416,13.028,82177.000,192,181
2025-12-12 15:18:47.510,CKKS,16384,40,8,658160,9.450,82270.000,192,132
2025-12-12 15:18:47.565,CKKS,16384,40,8,657428,13.017,82178.500,192,359
2025-12-12 15:18:47.630,CKKS,16384,40,8,657651,15.099,82206.375,192,375
2025-12-12 15:18:47.637,CKKS,16384,40,8,657416,14.261,82177.000,192,50
2025-12-12 15:18:47.657,CKKS,16384,40,8,658395,14.227,82299.375,192,343
2025-12-12 15:18:47.720,CKKS,16384,40,8,657702,13.044,82212.750,192,83
2025-12-12 15:18:47.735,CKKS,16384,40,8,657947,13.669,82243.375,192,17
2025-12-12 15:18:47.744,CKKS,16384,40,8,657403,13.083,82175.375,192,230
2025-12-12 15:18:47.757,CKKS,16384,40,8,657313,15.944,82164.125,192,391
2025-12-12 15:18:47.759,CKKS,16384,40,8,658232,23.545,82279.000,192,327
2025-12-12 15:18:47.774,CKKS,16384,40,8,657249,12.388,82156.125,192,165
2025-12-12 15:18:47.802,CKKS,16384,40,8,658188,11.305,82273.500,192,311
2025-12-12 15:18:47.832,CKKS,16384,40,8,658420,12.186,82302.500,192,407
2025-12-12 15:18:47.924,CKKS,16384,40,8,657436,13.079,82179.500,192,423
2025-12-12 15:18:47.997,CKKS,16384,40,8,657621,9.560,82202.625,192,214
2025-12-12 15:18:48.068,CKKS,16384,40,8,658260,9.769,82282.500,192,439
2025-12-12 15:18:48.088,CKKS,16384,40,8,657376,13.567,82172.000,192,116
2025-12-12 15:18:48.093,CKKS,16384,40,8,657302,14.862,82162.750,192,295
2025-12-12 15:18:48.204,CKKS,16384,40,8,657572,13.555,82196.500,192,279
2025-12-12 15:18:48.235,CKKS,16384,40,8,657280,9.270,82160.000,192,455
2025-12-12 15:18:48.257,CKKS,16384,40,8,658025,13.294,82253.125,192,149
2025-12-12 15:18:48.293,CKKS,16384,40,8,657856,9.492,82232.000,192,34
2025-12-12 15:18:48.298,CKKS,16384,40,8,658025,13.103,82253.125,192,198
2025-12-12 15:18:48.311,CKKS,16384,40,8,656744,9.215,82093.000,192,67
2025-12-12 15:18:48.361,CKKS,16384,40,8,657625,13.207,82203.125,192,263
2025-12-12 15:18:48.374,CKKS,16384,40,8,658094,9.432,82261.750,192,471
2025-12-12 15:18:48.476,CKKS,16384,40,8,657194,13.470,82149.250,192,100
2025-12-12 15:18:48.481,CKKS,16384,40,8,658089,9.497,82261.125,192,1
2025-12-12 15:18:48.592,CKKS,16384,40,8,658163,9.570,82270.375,192,487
2025-12-12 15:18:48.600,CKKS,16384,40,8,658041,13.201,82255.125,192,247
2025-12-12 15:18:48.634,CKKS,16384,40,8,657468,13.157,82183.500,192,182
2025-12-12 15:18:48.666,CKKS,16384,40,8,656937,9.145,82117.125,192,133
2025-12-12 15:18:48.833,CKKS,16384,40,8,658103,9.575,82262.875,192,360
2025-12-12 15:18:48.871,CKKS,16384,40,8,658230,13.148,82278.750,192,51
2025-12-12 15:18:48.894,CKKS,16384,40,8,657717,13.113,82214.625,192,376
2025-12-12 15:18:48.911,CKKS,16384,40,8,658204,10.161,82275.500,192,231
2025-12-12 15:18:48.917,CKKS,16384,40,8,656608,13.826,82076.000,192,18
2025-12-12 15:18:48.942,CKKS,16384,40,8,658029,10.955,82253.625,192,344
2025-12-12 15:18:48.962,CKKS,16384,40,8,657302,13.188,82162.750,192,84
2025-12-12 15:18:48.995,CKKS,16384,40,8,657391,9.370,82173.875,192,328
2025-12-12 15:18:49.072,CKKS,16384,40,8,657734,9.440,82216.750,192,392
2025-12-12 15:18:49.088,CKKS,16384,40,8,658107,13.246,82263.375,192,166
2025-12-12 15:18:49.097,CKKS,16384,40,8,658150,9.308,82268.750,192,312
2025-12-12 15:18:49.110,CKKS,16384,40,8,658197,11.847,82274.625,192,408
2025-12-12 15:18:49.150,CKKS,16384,40,8,657786,13.550,82223.250,192,117
2025-12-12 15:18:49.189,CKKS,16384,40,8,658037,9.620,82254.625,192,424
2025-12-12 15:18:49.208,CKKS,16384,40,8,657943,13.032,82242.875,192,215
2025-12-12 15:18:49.245,CKKS,16384,40,8,657672,13.141,82209.000,192,296
2025-12-12 15:18:49.332,CKKS,16384,40,8,657379,13.018,82172.375,192,440
2025-12-12 15:18:49.382,CKKS,16384,40,8,657275,12.560,82159.375,192,280
2025-12-12 15:18:49.407,CKKS,16384,40,8,657375,8.687,82171.875,192,150
2025-12-12 15:18:49.450,CKKS,16384,40,8,658231,9.381,82278.875,192,456
2025-12-12 15:18:49.470,CKKS,16384,40,8,657823,13.127,82227.875,192,35
2025-12-12 15:18:49.497,CKKS,16384,40,8,657299,13.145,82162.375,192,68
2025-12-12 15:18:49.559,CKKS,16384,40,8,657831,11.227,82228.875,192,199
2025-12-12 15:18:49.568,CKKS,16384,40,8,658102,13.749,82262.750,192,2
2025-12-12 15:18:49.675,CKKS,16384,40,8,657976,9.264,82247.000,192,472
2025-12-12 15:18:49.720,CKKS,16384,40,8,658248,9.621,82281.000,192,101
2025-12-12 15:18:49.727,CKKS,16384,40,8,656070,13.301,82008.750,192,264
2025-12-12 15:18:49.812,CKKS,16384,40,8,658016,13.329,82252.000,192,248
2025-12-12 15:18:49.824,CKKS,16384,40,8,658283,9.246,82285.375,192,183
2025-12-12 15:18:49.835,CKKS,16384,40,8,657784,11.337,82223.000,192,488
2025-12-12 15:18:49.854,CKKS,16384,40,8,658012,9.235,82251.500,192,134
2025-12-12 15:18:50.037,CKKS,16384,40,8,657621,13.338,82202.625,192,52
2025-12-12 15:18:50.151,CKKS,16384,40,8,658192,10.382,82274.000,192,361
2025-12-12 15:18:50.208,CKKS,16384,40,8,657326,8.954,82165.750,192,19
2025-12-12 15:18:50.224,CKKS,16384,40,8,657327,13.359,82165.875,192,232
2025-12-12 15:18:50.232,CKKS,16384,40,8,657804,9.833,82225.500,192,85
2025-12-12 15:18:50.240,CKKS,16384,40,8,657267,13.420,82158.375,192,377
2025-12-12 15:18:50.258,CKKS,16384,40,8,657506,9.268,82188.250,192,329
2025-12-12 15:18:50.274,CKKS,16384,40,8,657981,12.333,82247.625,192,345
2025-12-12 15:18:50.278,CKKS,16384,40,8,656067,13.199,82008.375,192,393
2025-12-12 15:18:50.284,CKKS,16384,40,8,658158,13.848,82269.750,192,167
2025-12-12 15:18:50.311,CKKS,16384,40,8,657872,13.029,82234.000,192,313
2025-12-12 15:18:50.357,CKKS,16384,40,8,658272,13.558,82284.000,192,409
2025-12-12 15:18:50.359,CKKS,16384,40,8,657465,14.816,82183.125,192,118
2025-12-12 15:18:50.395,CKKS,16384,40,8,658307,13.031,82288.375,192,216
2025-12-12 15:18:50.410,CKKS,16384,40,8,657347,8.983,82168.375,192,425
2025-12-12 15:18:50.446,CKKS,16384,40,8,657231,9.457,82153.875,192,297
2025-12-12 15:18:50.595,CKKS,16384,40,8,657459,9.145,82182.375,192,441
2025-12-12 15:18:50.613,CKKS,16384,40,8,657373,13.000,82171.625,192,281
2025-12-12 15:18:50.658,CKKS,16384,40,8,657475,18.669,82184.375,192,151
2025-12-12 15:18:50.671,CKKS,16384,40,8,657878,23.059,82234.750,192,36
2025-12-12 15:18:50.756,CKKS,16384,40,8,658245,9.616,82280.625,192,69
2025-12-12 15:18:50.766,CKKS,16384,40,8,657399,13.375,82174.875,192,457
2025-12-12 15:18:50.824,CKKS,16384,40,8,657348,9.209,82168.500,192,3
2025-12-12 15:18:50.867,CKKS,16384,40,8,658325,13.018,82290.625,192,265
2025-12-12 15:18:50.921,CKKS,16384,40,8,658109,16.714,82263.625,192,102
2025-12-12 15:18:50.924,CKKS,16384,40,8,657432,16.955,82179.000,192,200
2025-12-12 15:18:50.938,CKKS,16384,40,8,658184,19.829,82273.000,192,473
2025-12-12 15:18:51.057,CKKS,16384,40,8,657228,9.963,82153.500,192,184
2025-12-12 15:18:51.075,CKKS,16384,40,8,657686,8.817,82210.750,192,249
2025-12-12 15:18:51.124,CKKS,16384,40,8,658177,11.119,82272.125,192,135
2025-12-12 15:18:51.132,CKKS,16384,40,8,658011,14.357,82251.375,192,489
2025-12-12 15:18:51.236,CKKS,16384,40,8,658363,13.289,82295.375,192,53
2025-12-12 15:18:51.283,CKKS,16384,40,8,658084,12.914,82260.500,192,20
2025-12-12 15:18:51.345,CKKS,16384,40,8,657169,10.003,82146.125,192,362
2025-12-12 15:18:51.364,CKKS,16384,40,8,657281,9.022,82160.125,192,233
2025-12-12 15:18:51.379,CKKS,16384,40,8,658261,13.042,82282.625,192,86
2025-12-12 15:18:51.425,CKKS,16384,40,8,658282,9.881,82285.250,192,346
2025-12-12 15:18:51.482,CKKS,16384,40,8,657368,9.229,82171.000,192,378
2025-12-12 15:18:51.504,CKKS,16384,40,8,657324,13.286,82165.500,192,330
2025-12-12 15:18:51.515,CKKS,16384,40,8,658091,9.434,82261.375,192,168
2025-12-12 15:18:51.550,CKKS,16384,40,8,657307,13.276,82163.375,192,394
2025-12-12 15:18:51.564,CKKS,16384,40,8,657351,10.206,82168.875,192,314
2025-12-12 15:18:51.588,CKKS,16384,40,8,657408,13.329,82176.000,192,119
2025-12-12 15:18:51.615,CKKS,16384,40,8,658089,9.083,82261.125,192,410
2025-12-12 15:18:51.648,CKKS,16384,40,8,657365,11.337,82170.625,192,217
2025-12-12 15:18:51.704,CKKS,16384,40,8,657443,10.619,82180.375,192,426
2025-12-12 15:18:51.738,CKKS,16384,40,8,657661,13.523,82207.625,192,298
2025-12-12 15:18:51.827,CKKS,16384,40,8,657789,9.343,82223.625,192,442
2025-12-12 15:18:51.866,CKKS,16384,40,8,657396,9.525,82174.500,192,282
2025-12-12 15:18:51.894,CKKS,16384,40,8,658120,9.038,82265.000,192,152
2025-12-12 15:18:52.020,CKKS,16384,40,8,657362,9.652,82170.250,192,70
2025-12-12 15:18:52.027,CKKS,16384,40,8,658332,13.188,82291.500,192,37
2025-12-12 15:18:52.047,CKKS,16384,40,8,657342,13.964,82167.750,192,201
2025-12-12 15:18:52.052,CKKS,16384,40,8,658209,14.914,82276.125,192,458
2025-12-12 15:18:52.065,CKKS,16384,40,8,657517,13.294,82189.625,192,4
2025-12-12 15:18:52.122,CKKS,16384,40,8,658171,9.698,82271.375,192,103
2025-12-12 15:18:52.203,CKKS,16384,40,8,658083,9.981,82260.375,192,266
2025-12-12 15:18:52.216,CKKS,16384,40,8,658219,10.577,82277.375,192,474
2025-12-12 15:18:52.338,CKKS,16384,40,8,656031,9.129,82003.875,192,250
2025-12-12 15:18:52.349,CKKS,16384,40,8,658088,13.344,82261.000,192,185
2025-12-12 15:18:52.356,CKKS,16384,40,8,657710,11.711,82213.750,192,136
2025-12-12 15:18:52.365,CKKS,16384,40,8,658209,13.015,82276.125,192,490
2025-12-12 15:18:52.518,CKKS,16384,40,8,658157,9.524,82269.625,192,54
2025-12-12 15:18:52.556,CKKS,16384,40,8,657505,10.010,82188.125,192,21
2025-12-12 15:18:52.568,CKKS,16384,40,8,657296,11.929,82162.000,192,363
2025-12-12 15:18:52.579,CKKS,16384,40,8,658165,11.181,82270.625,192,234
2025-12-12 15:18:52.624,CKKS,16384,40,8,657351,10.865,82168.875,192,87
2025-12-12 15:18:52.635,CKKS,16384,40,8,658266,14.270,82283.250,192,347
2025-12-12 15:18:52.645,CKKS,16384,40,8,657251,12.590,82156.375,192,379
2025-12-12 15:18:52.693,CKKS,16384,40,8,657394,9.105,82174.250,192,331
2025-12-12 15:18:52.708,CKKS,16384,40,8,656037,9.109,82004.625,192,169
2025-12-12 15:18:52.783,CKKS,16384,40,8,657432,9.224,82179.000,192,395
2025-12-12 15:18:52.813,CKKS,16384,40,8,658183,13.142,82272.875,192,315
2025-12-12 15:18:52.832,CKKS,16384,40,8,657880,9.474,82235.000,192,120
2025-12-12 15:18:52.849,CKKS,16384,40,8,658319,12.929,82289.875,192,218
2025-12-12 15:18:52.853,CKKS,16384,40,8,658260,9.009,82282.500,192,411
2025-12-12 15:18:52.944,CKKS,16384,40,8,657324,13.007,82165.500,192,427
2025-12-12 15:18:52.955,CKKS,16384,40,8,657933,9.639,82241.625,192,299
2025-12-12 15:18:53.153,CKKS,16384,40,8,657589,13.121,82198.625,192,443
2025-12-12 15:18:53.165,CKKS,16384,40,8,658303,14.911,82287.875,192,283
2025-12-12 15:18:53.175,CKKS,16384,40,8,657348,13.322,82168.500,192,153
2025-12-12 15:18:53.210,CKKS,16384,40,8,658117,14.967,82264.625,192,38
2025-12-12 15:18:53.215,CKKS,16384,40,8,658194,13.382,82274.250,192,71
2025-12-12 15:18:53.243,CKKS,16384,40,8,657986,14.553,82248.250,192,202
2025-12-12 15:18:53.252,CKKS,16384,40,8,657430,13.149,82178.750,192,5
2025-12-12 15:18:53.270,CKKS,16384,40,8,658037,14.209,82254.625,192,459
2025-12-12 15:18:53.291,CKKS,16384,40,8,658126,13.854,82265.750,192,104
2025-12-12 15:18:53.301,CKKS,16384,40,8,657317,13.738,82164.625,192,267
2025-12-12 15:18:53.446,CKKS,16384,40,8,657747,13.541,82218.375,192,475
2025-12-12 15:18:53.642,CKKS,16384,40,8,658072,9.526,82259.000,192,186
2025-12-12 15:18:53.673,CKKS,16384,40,8,657333,9.243,82166.625,192,137
2025-12-12 15:18:53.697,CKKS,16384,40,8,657592,12.716,82199.000,192,251
2025-12-12 15:18:53.700,CKKS,16384,40,8,657468,14.750,82183.500,192,491
2025-12-12 15:18:53.748,CKKS,16384,40,8,658133,10.871,82266.625,192,55
2025-12-12 15:18:53.767,CKKS,16384,40,8,657545,13.573,82193.125,192,22
2025-12-12 15:18:53.816,CKKS,16384,40,8,658212,9.261,82276.500,192,235
2025-12-12 15:18:53.849,CKKS,16384,40,8,658044,9.251,82255.500,192,364
2025-12-12 15:18:53.863,CKKS,16384,40,8,658279,11.799,82284.875,192,88
2025-12-12 15:18:53.871,CKKS,16384,40,8,658158,12.961,82269.750,192,348
2025-12-12 15:18:53.941,CKKS,16384,40,8,658190,13.148,82273.750,192,380
2025-12-12 15:18:53.954,CKKS,16384,40,8,658196,9.446,82274.500,192,170
2025-12-12 15:18:53.970,CKKS,16384,40,8,657769,8.839,82221.125,192,332
2025-12-12 15:18:54.012,CKKS,16384,40,8,657414,11.894,82176.750,192,121
2025-12-12 15:18:54.036,CKKS,16384,40,8,658169,8.940,82271.125,192,396
2025-12-12 15:18:54.063,CKKS,16384,40,8,657533,13.330,82191.625,192,316
2025-12-12 15:18:54.444,CKKS,16384,40,8,657625,13.128,82203.125,192,219
2025-12-12 15:18:54.490,CKKS,16384,40,8,656641,9.522,82080.125,192,300
2025-12-12 15:18:54.497,CKKS,16384,40,8,656632,13.106,82079.000,192,412
2025-12-12 15:18:54.506,CKKS,16384,40,8,658124,10.597,82265.500,192,105
2025-12-12 15:18:54.525,CKKS,16384,40,8,657684,9.137,82210.500,192,72
2025-12-12 15:18:54.537,CKKS,16384,40,8,658277,11.845,82284.625,192,428
2025-12-12 15:18:54.553,CKKS,16384,40,8,657364,13.073,82170.500,192,444
2025-12-12 15:18:54.646,CKKS,16384,40,8,657271,11.519,82158.875,192,268
2025-12-12 15:18:54.648,CKKS,16384,40,8,658223,13.227,82277.875,192,460
2025-12-12 15:18:54.656,CKKS,16384,40,8,658183,14.274,82272.875,192,154
2025-12-12 15:18:54.674,CKKS,16384,40,8,657384,13.141,82173.000,192,39
2025-12-12 15:18:54.681,CKKS,16384,40,8,658227,8.869,82278.375,192,284
2025-12-12 15:18:54.695,CKKS,16384,40,8,657602,11.823,82200.250,192,6
2025-12-12 15:18:54.713,CKKS,16384,40,8,657835,9.235,82229.375,192,476
2025-12-12 15:18:54.722,CKKS,16384,40,8,657379,13.026,82172.375,192,203
2025-12-12 15:18:54.742,CKKS,16384,40,8,657584,13.027,82198.000,192,187
2025-12-12 15:18:54.767,CKKS,16384,40,8,657295,9.519,82161.875,192,138
2025-12-12 15:18:54.793,CKKS,16384,40,8,658298,9.318,82287.250,192,252
2025-12-12 15:18:54.906,CKKS,16384,40,8,657761,9.661,82220.125,192,56
2025-12-12 15:18:54.935,CKKS,16384,40,8,657828,9.646,82228.500,192,492
2025-12-12 15:18:54.946,CKKS,16384,40,8,657285,11.207,82160.625,192,23
2025-12-12 15:18:54.986,CKKS,16384,40,8,657395,9.358,82174.375,192,89
2025-12-12 15:18:55.001,CKKS,16384,40,8,657286,9.377,82160.750,192,236
2025-12-12 15:18:55.099,CKKS,16384,40,8,658296,9.651,82287.000,192,349
2025-12-12 15:18:55.115,CKKS,16384,40,8,658071,12.968,82258.875,192,365
2025-12-12 15:18:55.155,CKKS,16384,40,8,657902,11.482,82237.750,192,171
2025-12-12 15:18:55.195,CKKS,16384,40,8,658109,9.387,82263.625,192,333
2025-12-12 15:18:55.198,CKKS,16384,40,8,657353,13.127,82169.125,192,381
2025-12-12 15:18:55.271,CKKS,16384,40,8,657431,9.639,82178.875,192,122
2025-12-12 15:18:55.337,CKKS,16384,40,8,656956,9.993,82119.500,192,397
2025-12-12 15:18:55.361,CKKS,16384,40,8,657359,13.296,82169.875,192,317
2025-12-12 15:18:55.366,CKKS,16384,40,8,657145,9.634,82143.125,192,220
2025-12-12 15:18:55.402,CKKS,16384,40,8,657339,9.616,82167.375,192,413
2025-12-12 15:18:55.427,CKKS,16384,40,8,657957,9.178,82244.625,192,301
2025-12-12 15:18:55.445,CKKS,16384,40,8,657427,8.910,82178.375,192,429
2025-12-12 15:18:55.535,CKKS,16384,40,8,657366,9.438,82170.750,192,40
2025-12-12 15:18:55.614,CKKS,16384,40,8,657318,12.976,82164.750,192,445
2025-12-12 15:18:55.639,CKKS,16384,40,8,657802,9.228,82225.250,192,7
2025-12-12 15:18:55.663,CKKS,16384,40,8,658319,9.513,82289.875,192,155
2025-12-12 15:18:55.691,CKKS,16384,40,8,657411,9.302,82176.375,192,285
2025-12-12 15:18:55.757,CKKS,16384,40,8,657784,9.181,82223.000,192,204
2025-12-12 15:18:55.799,CKKS,16384,40,8,657126,14.529,82140.750,192,73
2025-12-12 15:18:55.804,CKKS,16384,40,8,658282,15.411,82285.250,192,106
2025-12-12 15:18:55.823,CKKS,16384,40,8,658201,21.004,82275.125,192,461
2025-12-12 15:18:55.827,CKKS,16384,40,8,658228,15.480,82278.500,192,269
2025-12-12 15:18:55.960,CKKS,16384,40,8,657314,9.881,82164.250,192,477
2025-12-12 15:18:55.976,CKKS,16384,40,8,657283,13.239,82160.375,192,188
2025-12-12 15:18:56.044,CKKS,16384,40,8,657816,13.157,82227.000,192,139
2025-12-12 15:18:56.049,CKKS,16384,40,8,657880,10.999,82235.000,192,253
2025-12-12 15:18:56.210,CKKS,16384,40,8,657835,13.576,82229.375,192,24
2025-12-12 15:18:56.219,CKKS,16384,40,8,657391,13.329,82173.875,192,57
2025-12-12 15:18:56.233,CKKS,16384,40,8,657634,9.386,82204.250,192,90
2025-12-12 15:18:56.264,CKKS,16384,40,8,658200,10.169,82275.000,192,493
2025-12-12 15:18:56.272,CKKS,16384,40,8,658081,12.979,82260.125,192,237
2025-12-12 15:18:56.353,CKKS,16384,40,8,657983,19.419,82247.875,192,350
2025-12-12 15:18:56.376,CKKS,16384,40,8,657784,16.447,82223.000,192,366
2025-12-12 15:18:56.417,CKKS,16384,40,8,657790,19.506,82223.750,192,172
2025-12-12 15:18:56.445,CKKS,16384,40,8,658194,24.358,82274.250,192,382
2025-12-12 15:18:56.480,CKKS,16384,40,8,657735,21.456,82216.875,192,334
2025-12-12 15:18:56.513,CKKS,16384,40,8,658242,13.172,82280.250,192,123
2025-12-12 15:18:56.575,CKKS,16384,40,8,657674,9.516,82209.250,192,318
2025-12-12 15:18:56.610,CKKS,16384,40,8,657420,9.776,82177.500,192,398
2025-12-12 15:18:56.610,CKKS,16384,40,8,657381,13.434,82172.625,192,221
2025-12-12 15:18:56.648,CKKS,16384,40,8,657694,9.834,82211.750,192,414
2025-12-12 15:18:56.683,CKKS,16384,40,8,658241,9.340,82280.125,192,302
2025-12-12 15:18:56.730,CKKS,16384,40,8,658289,13.671,82286.125,192,41
2025-12-12 15:18:56.740,CKKS,16384,40,8,658199,13.508,82274.875,192,430
2025-12-12 15:18:56.793,CKKS,16384,40,8,657168,13.551,82146.000,192,74
2025-12-12 15:18:56.844,CKKS,16384,40,8,657206,12.565,82150.750,192,156
2025-12-12 15:18:56.864,CKKS,16384,40,8,657062,13.633,82132.750,192,8
2025-12-12 15:18:56.889,CKKS,16384,40,8,657412,11.772,82176.500,192,286
2025-12-12 15:18:56.918,CKKS,16384,40,8,657766,8.838,82220.750,192,205
2025-12-12 15:18:56.930,CKKS,16384,40,8,657528,13.176,82191.000,192,446
2025-12-12 15:18:56.973,CKKS,16384,40,8,657870,9.102,82233.750,192,107
2025-12-12 15:18:57.028,CKKS,16384,40,8,657403,9.088,82175.375,192,462
2025-12-12 15:18:57.049,CKKS,16384,40,8,658143,8.788,82267.875,192,270
2025-12-12 15:18:57.194,CKKS,16384,40,8,657339,9.294,82167.375,192,478
2025-12-12 15:18:57.312,CKKS,16384,40,8,657625,13.320,82203.125,192,189
2025-12-12 15:18:57.353,CKKS,16384,40,8,658254,12.302,82281.750,192,140
2025-12-12 15:18:57.366,CKKS,16384,40,8,658179,16.271,82272.375,192,254
2025-12-12 15:18:57.394,CKKS,16384,40,8,657894,13.049,82236.750,192,58
2025-12-12 15:18:57.399,CKKS,16384,40,8,657795,14.758,82224.375,192,25
2025-12-12 15:18:57.423,CKKS,16384,40,8,657930,8.946,82241.250,192,91
2025-12-12 15:18:57.477,CKKS,16384,40,8,657677,9.442,82209.625,192,494
2025-12-12 15:18:57.499,CKKS,16384,40,8,658289,8.926,82286.125,192,238
2025-12-12 15:18:57.610,CKKS,16384,40,8,658161,9.625,82270.125,192,367
2025-12-12 15:18:57.630,CKKS,16384,40,8,657840,9.250,82230.000,192,351
2025-12-12 15:18:57.655,CKKS,16384,40,8,656952,13.044,82119.000,192,173
2025-12-12 15:18:57.671,CKKS,16384,40,8,658082,9.555,82260.250,192,335
2025-12-12 15:18:57.744,CKKS,16384,40,8,658179,13.686,82272.375,192,383
2025-12-12 15:18:57.747,CKKS,16384,40,8,658182,14.987,82272.750,192,124
2025-12-12 15:18:57.751,CKKS,16384,40,8,657404,13.092,82175.500,192,319
2025-12-12 15:18:57.775,CKKS,16384,40,8,658201,8.941,82275.125,192,222
2025-12-12 15:18:57.791,CKKS,16384,40,8,657930,9.284,82241.250,192,399
2025-12-12 15:18:57.882,CKKS,16384,40,8,658181,8.774,82272.625,192,303
2025-12-12 15:18:57.937,CKKS,16384,40,8,657926,12.601,82240.750,192,415
2025-12-12 15:18:57.944,CKKS,16384,40,8,657798,16.225,82224.750,192,42
2025-12-12 15:18:57.981,CKKS,16384,40,8,658267,13.411,82283.375,192,431
2025-12-12 15:18:58.013,CKKS,16384,40,8,657572,11.664,82196.500,192,157
2025-12-12 15:18:58.087,CKKS,16384,40,8,658278,14.006,82284.750,192,9
2025-12-12 15:18:58.118,CKKS,16384,40,8,657892,13.279,82236.500,192,75
2025-12-12 15:18:58.228,CKKS,16384,40,8,658036,13.188,82254.500,192,447
2025-12-12 15:18:58.235,CKKS,16384,40,8,658194,9.612,82274.250,192,287
2025-12-12 15:18:58.274,CKKS,16384,40,8,658200,9.208,82275.000,192,108
2025-12-12 15:18:58.284,CKKS,16384,40,8,658189,12.035,82273.625,192,206
2025-12-12 15:18:58.307,CKKS,16384,40,8,658305,9.292,82288.125,192,463
2025-12-12 15:18:58.309,CKKS,16384,40,8,658187,12.987,82273.375,192,271
2025-12-12 15:18:58.473,CKKS,16384,40,8,657819,9.558,82227.375,192,479
2025-12-12 15:18:58.489,CKKS,16384,40,8,658153,9.131,82269.125,192,190
2025-12-12 15:18:58.582,CKKS,16384,40,8,657795,15.600,82224.375,192,255
2025-12-12 15:18:58.582,CKKS,16384,40,8,658152,15.090,82269.000,192,141
2025-12-12 15:18:58.640,CKKS,16384,40,8,658091,13.170,82261.375,192,59
2025-12-12 15:18:58.681,CKKS,16384,40,8,657389,8.909,82173.625,192,26
2025-12-12 15:18:58.712,CKKS,16384,40,8,657942,9.205,82242.750,192,92
2025-12-12 15:18:58.738,CKKS,16384,40,8,657316,9.207,82164.500,192,239
2025-12-12 15:18:58.762,CKKS,16384,40,8,658061,13.130,82257.625,192,495
2025-12-12 15:18:58.902,CKKS,16384,40,8,657994,14.091,82249.250,192,174
2025-12-12 15:18:58.904,CKKS,16384,40,8,656870,18.623,82108.750,192,368
2025-12-12 15:18:58.906,CKKS,16384,40,8,658292,20.930,82286.500,192,352
2025-12-12 15:18:58.959,CKKS,16384,40,8,658309,13.315,82288.625,192,336
2025-12-12 15:18:58.991,CKKS,16384,40,8,657416,9.220,82177.000,192,384
2025-12-12 15:18:59.017,CKKS,16384,40,8,657162,13.690,82145.250,192,125
2025-12-12 15:18:59.017,CKKS,16384,40,8,657787,9.557,82223.375,192,320
2025-12-12 15:18:59.049,CKKS,16384,40,8,657318,9.851,82164.750,192,223
2025-12-12 15:18:59.062,CKKS,16384,40,8,657352,13.322,82169.000,192,400
2025-12-12 15:18:59.176,CKKS,16384,40,8,658055,9.505,82256.875,192,416
2025-12-12 15:18:59.203,CKKS,16384,40,8,657584,9.968,82198.000,192,43
2025-12-12 15:18:59.234,CKKS,16384,40,8,658229,13.136,82278.625,192,304
2025-12-12 15:18:59.236,CKKS,16384,40,8,657762,9.423,82220.250,192,432
2025-12-12 15:18:59.296,CKKS,16384,40,8,657704,9.299,82213.000,192,158
2025-12-12 15:18:59.322,CKKS,16384,40,8,658198,8.906,82274.750,192,10
2025-12-12 15:18:59.325,CKKS,16384,40,8,657362,10.252,82170.250,192,76
2025-12-12 15:18:59.342,CKKS,16384,40,8,658081,9.069,82260.125,192,288
2025-12-12 15:18:59.366,CKKS,16384,40,8,657231,9.180,82153.875,192,207
2025-12-12 15:18:59.414,CKKS,16384,40,8,657069,9.746,82133.625,192,109
2025-12-12 15:18:59.429,CKKS,16384,40,8,658221,9.082,82277.625,192,448
2025-12-12 15:18:59.495,CKKS,16384,40,8,657415,9.284,82176.875,192,272
2025-12-12 15:18:59.520,CKKS,16384,40,8,658264,8.797,82283.000,192,464
2025-12-12 15:18:59.699,CKKS,16384,40,8,657993,9.156,82249.125,192,191
2025-12-12 15:18:59.741,CKKS,16384,40,8,657452,9.269,82181.500,192,256
2025-12-12 15:18:59.795,CKKS,16384,40,8,658162,12.409,82270.250,192,142
2025-12-12 15:18:59.799,CKKS,16384,40,8,657804,14.627,82225.500,192,480
2025-12-12 15:18:59.805,CKKS,16384,40,8,658179,9.273,82272.375,192,60
2025-12-12 15:18:59.816,CKKS,16384,40,8,657372,9.213,82171.500,192,27
2025-12-12 15:18:59.872,CKKS,16384,40,8,658050,9.519,82256.250,192,93
2025-12-12 15:18:59.984,CKKS,16384,40,8,658142,9.101,82267.750,192,240
2025-12-12 15:19:00.026,CKKS,16384,40,8,657590,9.273,82198.750,192,496
2025-12-12 15:19:00.113,CKKS,16384,40,8,658111,9.421,82263.875,192,369
2025-12-12 15:19:00.123,CKKS,16384,40,8,657393,12.741,82174.125,192,175
2025-12-12 15:19:00.192,CKKS,16384,40,8,658380,9.199,82297.500,192,385
2025-12-12 15:19:00.219,CKKS,16384,40,8,657303,9.110,82162.875,192,126
2025-12-12 15:19:00.240,CKKS,16384,40,8,656839,9.164,82104.875,192,337
2025-12-12 15:19:00.242,CKKS,16384,40,8,658252,9.376,82281.500,192,353
2025-12-12 15:19:00.281,CKKS,16384,40,8,658250,10.163,82281.250,192,224
2025-12-12 15:19:00.286,CKKS,16384,40,8,658320,12.260,82290.000,192,321
2025-12-12 15:19:00.291,CKKS,16384,40,8,658144,12.559,82268.000,192,401
2025-12-12 15:19:00.366,CKKS,16384,40,8,657916,9.774,82239.500,192,305
2025-12-12 15:19:00.412,CKKS,16384,40,8,658157,9.376,82269.625,192,417
2025-12-12 15:19:00.474,CKKS,16384,40,8,658179,9.678,82272.375,192,433
2025-12-12 15:19:00.520,CKKS,16384,40,8,658297,9.335,82287.125,192,44
2025-12-12 15:19:00.560,CKKS,16384,40,8,657572,10.719,82196.500,192,11
2025-12-12 15:19:00.568,CKKS,16384,40,8,658190,13.333,82273.750,192,159
2025-12-12 15:19:00.599,CKKS,16384,40,8,657330,15.283,82166.250,192,289
2025-12-12 15:19:00.601,CKKS,16384,40,8,658231,15.469,82278.875,192,77
2025-12-12 15:19:00.610,CKKS,16384,40,8,658199,19.421,82274.875,192,208
2025-12-12 15:19:00.613,CKKS,16384,40,8,657866,15.620,82233.250,192,110
2025-12-12 15:19:00.668,CKKS,16384,40,8,657986,9.243,82248.250,192,449
2025-12-12 15:19:00.735,CKKS,16384,40,8,657524,10.250,82190.500,192,273
2025-12-12 15:19:00.828,CKKS,16384,40,8,657408,9.165,82176.000,192,465
2025-12-12 15:19:00.904,CKKS,16384,40,8,658062,9.793,82257.750,192,143
2025-12-12 15:19:00.944,CKKS,16384,40,8,657997,10.179,82249.625,192,192
2025-12-12 15:19:00.978,CKKS,16384,40,8,657746,10.012,82218.250,192,257
2025-12-12 15:19:01.021,CKKS,16384,40,8,657102,9.841,82137.750,192,61
2025-12-12 15:19:01.033,CKKS,16384,40,8,657803,11.876,82225.375,192,28
2025-12-12 15:19:01.039,CKKS,16384,40,8,658308,12.727,82288.500,192,481
2025-12-12 15:19:01.071,CKKS,16384,40,8,658221,9.798,82277.625,192,94
2025-12-12 15:19:01.186,CKKS,16384,40,8,658143,9.027,82267.875,192,241
2025-12-12 15:19:01.294,CKKS,16384,40,8,657372,9.282,82171.500,192,497
2025-12-12 15:19:01.318,CKKS,16384,40,8,657837,9.324,82229.625,192,176
2025-12-12 15:19:01.362,CKKS,16384,40,8,657184,9.248,82148.000,192,127
2025-12-12 15:19:01.402,CKKS,16384,40,8,657836,11.729,82229.500,192,354
2025-12-12 15:19:01.406,CKKS,16384,40,8,657364,9.409,82170.500,192,338
2025-12-12 15:19:01.408,CKKS,16384,40,8,657676,14.636,82209.500,192,370
2025-12-12 15:19:01.424,CKKS,16384,40,8,657986,8.821,82248.250,192,386
2025-12-12 15:19:01.542,CKKS,16384,40,8,656097,13.467,82012.125,192,322
2025-12-12 15:19:01.554,CKKS,16384,40,8,657411,13.505,82176.375,192,225
2025-12-12 15:19:01.570,CKKS,16384,40,8,657657,10.037,82207.125,192,45
2025-12-12 15:19:01.587,CKKS,16384,40,8,658191,8.934,82273.875,192,402
2025-12-12 15:19:01.638,CKKS,16384,40,8,658188,9.224,82273.500,192,306
2025-12-12 15:19:01.662,CKKS,16384,40,8,657435,8.864,82179.375,192,418
2025-12-12 15:19:01.677,CKKS,16384,40,8,658307,9.063,82288.375,192,12
2025-12-12 15:19:01.786,CKKS,16384,40,8,657245,9.113,82155.625,192,160
2025-12-12 15:19:01.812,CKKS,16384,40,8,657425,11.506,82178.125,192,434
2025-12-12 15:19:01.824,CKKS,16384,40,8,657591,11.428,82198.875,192,290
2025-12-12 15:19:01.830,CKKS,16384,40,8,657565,15.775,82195.625,192,78
2025-12-12 15:19:01.840,CKKS,16384,40,8,657365,10.249,82170.625,192,111
2025-12-12 15:19:01.851,CKKS,16384,40,8,657355,11.857,82169.375,192,209
2025-12-12 15:19:01.912,CKKS,16384,40,8,657445,9.272,82180.625,192,450
2025-12-12 15:19:01.977,CKKS,16384,40,8,658263,9.270,82282.875,192,274
2025-12-12 15:19:02.066,CKKS,16384,40,8,657414,9.307,82176.750,192,466
2025-12-12 15:19:02.225,CKKS,16384,40,8,657758,10.143,82219.750,192,258
2025-12-12 15:19:02.250,CKKS,16384,40,8,657930,9.811,82241.250,192,144
2025-12-12 15:19:02.259,CKKS,16384,40,8,655972,13.880,81996.500,192,193
2025-12-12 15:19:02.268,CKKS,16384,40,8,658204,10.733,82275.500,192,482
2025-12-12 15:19:02.288,CKKS,16384,40,8,658052,9.831,82256.500,192,62
2025-12-12 15:19:02.296,CKKS,16384,40,8,657942,11.691,82242.750,192,29
2025-12-12 15:19:02.310,CKKS,16384,40,8,658058,10.547,82257.250,192,95
2025-12-12 15:19:02.492,CKKS,16384,40,8,658047,9.073,82255.875,192,242
2025-12-12 15:19:02.511,CKKS,16384,40,8,657477,9.552,82184.625,192,177
2025-12-12 15:19:02.533,CKKS,16384,40,8,658116,10.033,82264.500,192,371
2025-12-12 15:19:02.555,CKKS,16384,40,8,657309,8.928,82163.625,192,498
2025-12-12 15:19:02.624,CKKS,16384,40,8,658261,11.590,82282.625,192,128
2025-12-12 15:19:02.625,CKKS,16384,40,8,658151,10.436,82268.875,192,355
2025-12-12 15:19:02.652,CKKS,16384,40,8,657311,9.228,82163.875,192,339
2025-12-12 15:19:02.700,CKKS,16384,40,8,657556,9.968,82194.500,192,387
2025-12-12 15:19:02.753,CKKS,16384,40,8,658297,9.319,82287.125,192,226
2025-12-12 15:19:02.765,CKKS,16384,40,8,658180,11.240,82272.500,192,323
2025-12-12 15:19:02.792,CKKS,16384,40,8,657287,9.941,82160.875,192,46
2025-12-12 15:19:02.856,CKKS,16384,40,8,657442,10.009,82180.250,192,403
2025-12-12 15:19:02.946,CKKS,16384,40,8,657116,10.049,82139.500,192,79
2025-12-12 15:19:02.959,CKKS,16384,40,8,657940,11.390,82242.500,192,419
2025-12-12 15:19:02.987,CKKS,16384,40,8,658098,10.568,82262.250,192,307
2025-12-12 15:19:03.009,CKKS,16384,40,8,657777,9.864,82222.125,192,13
2025-12-12 15:19:03.027,CKKS,16384,40,8,657417,9.970,82177.125,192,435
2025-12-12 15:19:03.039,CKKS,16384,40,8,657871,11.382,82233.875,192,161
2025-12-12 15:19:03.045,CKKS,16384,40,8,657127,11.860,82140.875,192,291
2025-12-12 15:19:03.153,CKKS,16384,40,8,657137,9.192,82142.125,192,210
2025-12-12 15:19:03.160,CKKS,16384,40,8,657135,9.287,82141.875,192,112
2025-12-12 15:19:03.212,CKKS,16384,40,8,658232,9.273,82279.000,192,451
2025-12-12 15:19:03.271,CKKS,16384,40,8,658284,9.451,82285.500,192,275
2025-12-12 15:19:03.328,CKKS,16384,40,8,657388,9.197,82173.500,192,467
2025-12-12 15:19:03.346,CKKS,16384,40,8,657593,8.899,82199.125,192,145
2025-12-12 15:19:03.372,CKKS,16384,40,8,657429,9.318,82178.625,192,194
2025-12-12 15:19:03.416,CKKS,16384,40,8,657973,9.292,82246.625,192,259
2025-12-12 15:19:03.499,CKKS,16384,40,8,657279,9.131,82159.875,192,63
2025-12-12 15:19:03.525,CKKS,16384,40,8,657934,13.917,82241.750,192,483
2025-12-12 15:19:03.556,CKKS,16384,40,8,657318,9.572,82164.750,192,30
2025-12-12 15:19:03.571,CKKS,16384,40,8,657881,14.484,82235.125,192,96
2025-12-12 15:19:03.699,CKKS,16384,40,8,657314,12.061,82164.250,192,243
2025-12-12 15:19:03.723,CKKS,16384,40,8,657875,13.004,82234.375,192,178
2025-12-12 15:19:03.801,CKKS,16384,40,8,657308,9.122,82163.500,192,129
2025-12-12 15:19:03.823,CKKS,16384,40,8,657944,9.088,82243.000,192,499
2025-12-12 15:19:03.840,CKKS,16384,40,8,657889,9.321,82236.125,192,356
2025-12-12 15:19:03.871,CKKS,16384,40,8,657322,9.370,82165.250,192,372
2025-12-12 15:19:03.892,CKKS,16384,40,8,657392,8.754,82174.000,192,340
2025-12-12 15:19:03.972,CKKS,16384,40,8,657329,9.168,82166.125,192,227
2025-12-12 15:19:03.982,CKKS,16384,40,8,657381,11.876,82172.625,192,324
2025-12-12 15:19:03.989,CKKS,16384,40,8,657384,14.437,82173.000,192,388
2025-12-12 15:19:04.025,CKKS,16384,40,8,657392,9.030,82174.000,192,47
2025-12-12 15:19:04.148,CKKS,16384,40,8,657519,9.038,82189.875,192,404
2025-12-12 15:19:04.171,CKKS,16384,40,8,657322,9.126,82165.250,192,80
2025-12-12 15:19:04.249,CKKS,16384,40,8,658179,12.626,82272.375,192,420
2025-12-12 15:19:04.252,CKKS,16384,40,8,657933,14.560,82241.625,192,308
2025-12-12 15:19:04.253,CKKS,16384,40,8,656954,9.121,82119.250,192,162
2025-12-12 15:19:04.273,CKKS,16384,40,8,657100,9.439,82137.500,192,14
2025-12-12 15:19:04.284,CKKS,16384,40,8,657851,12.113,82231.375,192,113
2025-12-12 15:19:04.288,CKKS,16384,40,8,657595,14.589,82199.375,192,436
2025-12-12 15:19:04.297,CKKS,16384,40,8,657599,11.661,82199.875,192,292
2025-12-12 15:19:04.304,CKKS,16384,40,8,658083,14.728,82260.375,192,211
2025-12-12 15:19:04.492,CKKS,16384,40,8,658122,9.349,82265.250,192,452
2025-12-12 15:19:04.513,CKKS,16384,40,8,657586,8.931,82198.250,192,276
2025-12-12 15:19:04.578,CKKS,16384,40,8,658141,12.424,82267.625,192,146
2025-12-12 15:19:04.585,CKKS,16384,40,8,658128,14.997,82266.000,192,195
2025-12-12 15:19:04.596,CKKS,16384,40,8,658122,11.247,82265.250,192,468
2025-12-12 15:19:04.646,CKKS,16384,40,8,657521,9.228,82190.125,192,31
2025-12-12 15:19:04.713,CKKS,16384,40,8,658027,9.226,82253.375,192,64
2025-12-12 15:19:04.721,CKKS,16384,40,8,657829,9.544,82228.625,192,260
2025-12-12 15:19:04.732,CKKS,16384,40,8,657425,8.872,82178.125,192,97
2025-12-12 15:19:04.749,CKKS,16384,40,8,658055,9.003,82256.875,192,484
2025-12-12 15:19:04.966,CKKS,16384,40,8,656925,9.108,82115.625,192,244
2025-12-12 15:19:04.983,CKKS,16384,40,8,656045,8.820,82005.625,192,179
2025-12-12 15:19:05.034,CKKS,16384,40,8,658109,9.950,82263.625,192,130
2025-12-12 15:19:05.058,CKKS,16384,40,8,657288,8.938,82161.000,192,500
2025-12-12 15:19:05.128,CKKS,16384,40,8,658202,8.693,82275.250,192,357
2025-12-12 15:19:05.201,CKKS,16384,40,8,657398,9.318,82174.750,192,373
2025-12-12 15:19:05.253,CKKS,16384,40,8,657956,9.011,82244.500,192,341
2025-12-12 15:19:05.296,CKKS,16384,40,8,657448,11.051,82181.000,192,48
2025-12-12 15:19:05.319,CKKS,16384,40,8,657908,10.032,82238.500,192,325
2025-12-12 15:19:05.323,CKKS,16384,40,8,658172,13.359,82271.500,192,228
2025-12-12 15:19:05.331,CKKS,16384,40,8,657013,14.390,82126.625,192,15
2025-12-12 15:19:05.354,CKKS,16384,40,8,658208,8.836,82276.000,192,389
2025-12-12 15:19:05.389,CKKS,16384,40,8,657507,9.426,82188.375,192,309
2025-12-12 15:19:05.410,CKKS,16384,40,8,657347,8.939,82168.375,192,81
2025-12-12 15:19:05.428,CKKS,16384,40,8,657455,13.922,82181.875,192,405
2025-12-12 15:19:05.440,CKKS,16384,40,8,657592,13.352,82199.000,192,163
2025-12-12 15:19:05.442,CKKS,16384,40,8,657267,10.689,82158.375,192,421
2025-12-12 15:19:05.480,CKKS,16384,40,8,657376,9.184,82172.000,192,114
2025-12-12 15:19:05.537,CKKS,16384,40,8,658212,9.544,82276.500,192,293
2025-12-12 15:19:05.584,CKKS,16384,40,8,658204,9.970,82275.500,192,212
2025-12-12 15:19:05.588,CKKS,16384,40,8,657805,12.602,82225.625,192,437
2025-12-12 15:19:05.721,CKKS,16384,40,8,657426,10.161,82178.250,192,453
2025-12-12 15:19:05.739,CKKS,16384,40,8,657358,9.756,82169.750,192,277
2025-12-12 15:19:05.762,CKKS,16384,40,8,657181,9.640,82147.625,192,147
2025-12-12 15:19:05.829,CKKS,16384,40,8,657365,15.183,82170.625,192,32
2025-12-12 15:19:05.830,CKKS,16384,40,8,658170,15.229,82271.250,192,196
2025-12-12 15:19:05.835,CKKS,16384,40,8,658201,13.683,82275.125,192,65
2025-12-12 15:19:05.850,CKKS,16384,40,8,657422,9.433,82177.750,192,469
2025-12-12 15:19:05.880,CKKS,16384,40,8,657734,9.302,82216.750,192,261
2025-12-12 15:19:05.934,CKKS,16384,40,8,658011,9.346,82251.375,192,98
2025-12-12 15:19:06.022,CKKS,16384,40,8,657982,10.174,82247.750,192,485
2025-12-12 15:19:06.158,CKKS,16384,40,8,658169,9.894,82271.125,192,180
2025-12-12 15:19:06.190,CKKS,16384,40,8,657456,8.953,82182.000,192,245
2025-12-12 15:19:06.246,CKKS,16384,40,8,657163,10.065,82145.375,192,131
2025-12-12 15:19:06.360,CKKS,16384,40,8,657810,9.082,82226.250,192,358
2025-12-12 15:19:06.445,CKKS,16384,40,8,658255,9.306,82281.875,192,374
2025-12-12 15:19:06.454,CKKS,16384,40,8,658199,9.191,82274.875,192,342
2025-12-12 15:19:06.482,CKKS,16384,40,8,658192,9.232,82274.000,192,49
2025-12-12 15:19:06.507,CKKS,16384,40,8,657427,8.871,82178.375,192,229
2025-12-12 15:19:06.520,CKKS,16384,40,8,657810,9.274,82226.250,192,16
2025-12-12 15:19:06.557,CKKS,16384,40,8,658229,11.753,82278.625,192,82
2025-12-12 15:19:06.640,CKKS,16384,40,8,657709,12.221,82213.625,192,390
2025-12-12 15:19:06.645,CKKS,16384,40,8,657106,13.877,82138.250,192,326
2025-12-12 15:19:06.653,CKKS,16384,40,8,658249,10.821,82281.125,192,164
2025-12-12 15:19:06.696,CKKS,16384,40,8,657982,13.260,82247.750,192,310
2025-12-12 15:19:06.724,CKKS,16384,40,8,657960,13.267,82245.000,192,406
2025-12-12 15:19:06.749,CKKS,16384,40,8,657230,12.983,82153.750,192,422
2025-12-12 15:19:06.753,CKKS,16384,40,8,657177,13.995,82147.125,192,115
2025-12-12 15:19:06.813,CKKS,16384,40,8,658222,8.995,82277.750,192,213
2025-12-12 15:19:06.868,CKKS,16384,40,8,657302,9.390,82162.750,192,294
2025-12-12 15:19:06.876,CKKS,16384,40,8,657009,9.469,82126.125,192,438
2025-12-12 15:19:06.972,CKKS,16384,40,8,657239,9.402,82154.875,192,278
2025-12-12 15:19:07.043,CKKS,16384,40,8,657289,11.057,82161.125,192,454
2025-12-12 15:19:07.059,CKKS,16384,40,8,657497,12.955,82187.125,192,148
2025-12-12 15:19:07.092,CKKS,16384,40,8,658010,9.261,82251.250,192,197
2025-12-12 15:19:07.114,CKKS,16384,40,8,657921,9.602,82240.125,192,66
2025-12-12 15:19:07.152,CKKS,16384,40,8,658181,10.755,82272.625,192,33
2025-12-12 15:19:07.163,CKKS,16384,40,8,657883,11.626,82235.375,192,470
2025-12-12 15:19:07.173,CKKS,16384,40,8,658017,12.531,82252.125,192,262
2025-12-12 15:19:07.196,CKKS,16384,40,8,657845,9.378,82230.625,192,99
2025-12-12 15:19:07.307,CKKS,16384,40,8,657770,9.496,82221.250,192,486
2025-12-12 15:19:07.369,CKKS,16384,40,8,657688,9.309,82211.000,192,246
2025-12-12 15:19:07.439,CKKS,16384,40,8,658184,10.002,82273.000,192,181
2025-12-12 15:19:07.531,CKKS,16384,40,8,658090,11.638,82261.250,192,132
2025-12-12 15:19:07.581,CKKS,16384,40,8,657570,9.796,82196.250,192,359
2025-12-12 15:19:07.656,CKKS,16384,40,8,658209,13.769,82276.125,192,375
2025-12-12 15:19:07.661,CKKS,16384,40,8,657546,14.675,82193.250,192,50
2025-12-12 15:19:07.676,CKKS,16384,40,8,657436,10.841,82179.500,192,343
2025-12-12 15:19:07.736,CKKS,16384,40,8,657620,9.591,82202.500,192,83
2025-12-12 15:19:07.761,CKKS,16384,40,8,657224,12.931,82153.000,192,17
2025-12-12 15:19:07.791,CKKS,16384,40,8,658219,16.742,82277.375,192,327
2025-12-12 15:19:07.793,CKKS,16384,40,8,658099,21.360,82262.375,192,391
2025-12-12 15:19:07.795,CKKS,16384,40,8,658197,29.043,82274.625,192,230
2025-12-12 15:19:07.807,CKKS,16384,40,8,657325,23.211,82165.625,192,165
2025-12-12 15:19:07.829,CKKS,16384,40,8,657465,14.804,82183.125,192,311
2025-12-12 15:19:07.857,CKKS,16384,40,8,658227,13.524,82278.375,192,407
2025-12-12 15:19:07.942,CKKS,16384,40,8,657653,9.373,82206.625,192,423
2025-12-12 15:19:08.014,CKKS,16384,40,8,657331,9.804,82166.375,192,214
2025-12-12 15:19:08.093,CKKS,16384,40,8,657518,14.968,82189.750,192,439
2025-12-12 15:19:08.120,CKKS,16384,40,8,657164,17.707,82145.500,192,116
2025-12-12 15:19:08.124,CKKS,16384,40,8,658158,19.883,82269.750,192,295
2025-12-12 15:19:08.225,CKKS,16384,40,8,657347,12.071,82168.375,192,279
2025-12-12 15:19:08.258,CKKS,16384,40,8,657820,12.541,82227.500,192,455
2025-12-12 15:19:08.273,CKKS,16384,40,8,658090,9.172,82261.250,192,149
2025-12-12 15:19:08.316,CKKS,16384,40,8,658112,9.209,82264.000,192,198
2025-12-12 15:19:08.318,CKKS,16384,40,8,658328,13.203,82291.000,192,34
2025-12-12 15:19:08.329,CKKS,16384,40,8,657128,10.841,82141.000,192,67
2025-12-12 15:19:08.380,CKKS,16384,40,8,657348,9.800,82168.500,192,263
2025-12-12 15:19:08.392,CKKS,16384,40,8,657209,9.993,82151.125,192,471
2025-12-12 15:19:08.495,CKKS,16384,40,8,657580,8.844,82197.500,192,100
2025-12-12 15:19:08.498,CKKS,16384,40,8,658095,9.016,82261.875,192,1
2025-12-12 15:19:08.610,CKKS,16384,40,8,657432,9.171,82179.000,192,487
2025-12-12 15:19:08.616,CKKS,16384,40,8,657344,9.388,82168.000,192,247
2025-12-12 15:19:08.654,CKKS,16384,40,8,657416,9.212,82177.000,192,182
2025-12-12 15:19:08.681,CKKS,16384,40,8,657374,9.245,82171.750,192,133
2025-12-12 15:19:08.850,CKKS,16384,40,8,657389,9.554,82173.625,192,360
2025-12-12 15:19:08.887,CKKS,16384,40,8,658282,9.101,82285.250,192,51
2025-12-12 15:19:08.912,CKKS,16384,40,8,658193,8.944,82274.125,192,376
2025-12-12 15:19:08.929,CKKS,16384,40,8,657940,9.174,82242.500,192,231
2025-12-12 15:19:08.935,CKKS,16384,40,8,657393,9.022,82174.125,192,18
2025-12-12 15:19:08.960,CKKS,16384,40,8,658292,8.952,82286.500,192,344
2025-12-12 15:19:08.977,CKKS,16384,40,8,657394,9.090,82174.250,192,84
2025-12-12 15:19:09.014,CKKS,16384,40,8,657844,9.043,82230.500,192,328
2025-12-12 15:19:09.089,CKKS,16384,40,8,657434,9.033,82179.250,192,392
2025-12-12 15:19:09.104,CKKS,16384,40,8,658166,9.172,82270.750,192,166
2025-12-12 15:19:09.116,CKKS,16384,40,8,658126,8.947,82265.750,192,312
2025-12-12 15:19:09.127,CKKS,16384,40,8,657400,11.091,82175.000,192,408
2025-12-12 15:19:09.166,CKKS,16384,40,8,658257,9.258,82282.125,192,117
2025-12-12 15:19:09.205,CKKS,16384,40,8,657961,9.090,82245.125,192,424
2025-12-12 15:19:09.226,CKKS,16384,40,8,657978,9.158,82247.250,192,215
2025-12-12 15:19:09.260,CKKS,16384,40,8,657503,9.064,82187.875,192,296
2025-12-12 15:19:09.350,CKKS,16384,40,8,658145,9.256,82268.125,192,440
2025-12-12 15:19:09.399,CKKS,16384,40,8,657873,9.654,82234.125,192,280
2025-12-12 15:19:09.423,CKKS,16384,40,8,657446,9.156,82180.750,192,150
2025-12-12 15:19:09.465,CKKS,16384,40,8,657190,9.195,82148.750,192,456
2025-12-12 15:19:09.486,CKKS,16384,40,8,657978,9.114,82247.250,192,35
2025-12-12 15:19:09.513,CKKS,16384,40,8,657319,9.170,82164.875,192,68
2025-12-12 15:19:09.576,CKKS,16384,40,8,657436,9.436,82179.500,192,199
2025-12-12 15:19:09.584,CKKS,16384,40,8,658120,9.342,82265.000,192,2
2025-12-12 15:19:09.691,CKKS,16384,40,8,658247,9.078,82280.875,192,472
2025-12-12 15:19:09.735,CKKS,16384,40,8,657438,9.303,82179.750,192,101
2025-12-12 15:19:09.743,CKKS,16384,40,8,657560,9.530,82195.000,192,264
2025-12-12 15:19:09.833,CKKS,16384,40,8,658049,9.157,82256.125,192,248
2025-12-12 15:19:09.844,CKKS,16384,40,8,658129,9.547,82266.125,192,183
2025-12-12 15:19:09.855,CKKS,16384,40,8,658244,12.393,82280.500,192,488
2025-12-12 15:19:09.872,CKKS,16384,40,8,657841,9.263,82230.125,192,134
2025-12-12 15:19:10.054,CKKS,16384,40,8,658229,9.077,82278.625,192,52
2025-12-12 15:19:10.167,CKKS,16384,40,8,656771,10.258,82096.375,192,361
2025-12-12 15:19:10.223,CKKS,16384,40,8,657429,9.328,82178.625,192,19
2025-12-12 15:19:10.242,CKKS,16384,40,8,656055,9.492,82006.875,192,232
2025-12-12 15:19:10.252,CKKS,16384,40,8,658264,12.392,82283.000,192,85
2025-12-12 15:19:10.256,CKKS,16384,40,8,657598,9.262,82199.750,192,377
2025-12-12 15:19:10.273,CKKS,16384,40,8,657305,8.798,82163.125,192,329
2025-12-12 15:19:10.294,CKKS,16384,40,8,657654,8.919,82206.750,192,345
2025-12-12 15:19:10.301,CKKS,16384,40,8,658224,12.145,82278.000,192,393
2025-12-12 15:19:10.305,CKKS,16384,40,8,657361,14.666,82170.125,192,167
2025-12-12 15:19:10.329,CKKS,16384,40,8,657499,9.244,82187.375,192,313
2025-12-12 15:19:10.375,CKKS,16384,40,8,657370,9.261,82171.250,192,409
2025-12-12 15:19:10.379,CKKS,16384,40,8,658181,9.520,82272.625,192,118
2025-12-12 15:19:10.412,CKKS,16384,40,8,658177,8.979,82272.125,192,216
2025-12-12 15:19:10.426,CKKS,16384,40,8,658032,9.301,82254.000,192,425
2025-12-12 15:19:10.461,CKKS,16384,40,8,657344,9.127,82168.000,192,297
2025-12-12 15:19:10.616,CKKS,16384,40,8,658099,9.035,82262.375,192,441
2025-12-12 15:19:10.630,CKKS,16384,40,8,658225,9.617,82278.125,192,281
2025-12-12 15:19:10.676,CKKS,16384,40,8,658104,9.258,82263.000,192,151
2025-12-12 15:19:10.688,CKKS,16384,40,8,657295,10.411,82161.875,192,36
2025-12-12 15:19:10.773,CKKS,16384,40,8,657537,9.180,82192.125,192,69
2025-12-12 15:19:10.781,CKKS,16384,40,8,657464,9.465,82183.000,192,457
2025-12-12 15:19:10.840,CKKS,16384,40,8,657448,9.168,82181.000,192,3
2025-12-12 15:19:10.882,CKKS,16384,40,8,657037,9.301,82129.625,192,265
2025-12-12 15:19:10.937,CKKS,16384,40,8,657363,9.412,82170.375,192,102
2025-12-12 15:19:10.940,CKKS,16384,40,8,658106,9.526,82263.250,192,200
2025-12-12 15:19:10.954,CKKS,16384,40,8,658288,8.963,82286.000,192,473
2025-12-12 15:19:11.075,CKKS,16384,40,8,658183,9.240,82272.875,192,184
2025-12-12 15:19:11.092,CKKS,16384,40,8,658138,8.809,82267.250,192,249
2025-12-12 15:19:11.140,CKKS,16384,40,8,657381,9.381,82172.625,192,135
2025-12-12 15:19:11.149,CKKS,16384,40,8,658193,9.436,82274.125,192,489
2025-12-12 15:19:11.253,CKKS,16384,40,8,658038,9.309,82254.750,192,53
2025-12-12 15:19:11.301,CKKS,16384,40,8,657969,9.151,82246.125,192,20
2025-12-12 15:19:11.363,CKKS,16384,40,8,658227,9.143,82278.375,192,362
2025-12-12 15:19:11.381,CKKS,16384,40,8,657966,9.073,82245.750,192,233
2025-12-12 15:19:11.397,CKKS,16384,40,8,658190,9.018,82273.750,192,86
2025-12-12 15:19:11.442,CKKS,16384,40,8,657571,9.559,82196.375,192,346
2025-12-12 15:19:11.499,CKKS,16384,40,8,657930,9.420,82241.250,192,378
2025-12-12 15:19:11.518,CKKS,16384,40,8,656852,8.980,82106.500,192,330
2025-12-12 15:19:11.532,CKKS,16384,40,8,658294,9.030,82286.750,192,168
2025-12-12 15:19:11.568,CKKS,16384,40,8,658351,9.194,82293.875,192,394
2025-12-12 15:19:11.582,CKKS,16384,40,8,657303,10.180,82162.875,192,314
2025-12-12 15:19:11.606,CKKS,16384,40,8,657417,9.425,82177.125,192,119
2025-12-12 15:19:11.630,CKKS,16384,40,8,657408,8.911,82176.000,192,410
2025-12-12 15:19:11.664,CKKS,16384,40,8,657965,9.057,82245.625,192,217
2025-12-12 15:19:11.719,CKKS,16384,40,8,655848,9.286,81981.000,192,426
2025-12-12 15:19:11.756,CKKS,16384,40,8,657334,9.217,82166.750,192,298
2025-12-12 15:19:11.846,CKKS,16384,40,8,657373,10.248,82171.625,192,442
2025-12-12 15:19:11.884,CKKS,16384,40,8,657305,9.390,82163.125,192,282
2025-12-12 15:19:11.909,CKKS,16384,40,8,657372,8.998,82171.500,192,152
2025-12-12 15:19:12.038,CKKS,16384,40,8,658163,9.240,82270.375,192,70
2025-12-12 15:19:12.045,CKKS,16384,40,8,657341,10.122,82167.625,192,37
2025-12-12 15:19:12.070,CKKS,16384,40,8,657334,12.057,82166.750,192,201
2025-12-12 15:19:12.075,CKKS,16384,40,8,658322,14.718,82290.250,192,458
2025-12-12 15:19:12.080,CKKS,16384,40,8,657315,9.520,82164.375,192,4
2025-12-12 15:19:12.140,CKKS,16384,40,8,657360,9.056,82170.000,192,103
2025-12-12 15:19:12.223,CKKS,16384,40,8,658188,9.681,82273.500,192,266
2025-12-12 15:19:12.236,CKKS,16384,40,8,658024,11.143,82253.000,192,474
2025-12-12 15:19:12.355,CKKS,16384,40,8,657330,9.067,82166.250,192,250
2025-12-12 15:19:12.368,CKKS,16384,40,8,657640,9.960,82205.000,192,185
2025-12-12 15:19:12.378,CKKS,16384,40,8,658141,13.162,82267.625,192,136
2025-12-12 15:19:12.381,CKKS,16384,40,8,657986,9.317,82248.250,192,490
2025-12-12 15:19:12.536,CKKS,16384,40,8,657999,9.231,82249.875,192,54
2025-12-12 15:19:12.573,CKKS,16384,40,8,657306,9.255,82163.250,192,21
2025-12-12 15:19:12.585,CKKS,16384,40,8,657718,9.431,82214.750,192,363
2025-12-12 15:19:12.596,CKKS,16384,40,8,657836,8.905,82229.500,192,234
2025-12-12 15:19:12.642,CKKS,16384,40,8,657467,9.207,82183.375,192,87
2025-12-12 15:19:12.655,CKKS,16384,40,8,657682,9.776,82210.250,192,347
2025-12-12 15:19:12.661,CKKS,16384,40,8,657379,9.091,82172.375,192,379
2025-12-12 15:19:12.709,CKKS,16384,40,8,655937,9.165,81992.125,192,331
2025-12-12 15:19:12.723,CKKS,16384,40,8,657319,9.323,82164.875,192,169
2025-12-12 15:19:12.800,CKKS,16384,40,8,657959,9.001,82244.875,192,395
2025-12-12 15:19:12.829,CKKS,16384,40,8,658158,8.844,82269.750,192,315
2025-12-12 15:19:12.848,CKKS,16384,40,8,658029,8.924,82253.625,192,120
2025-12-12 15:19:12.867,CKKS,16384,40,8,658112,9.539,82264.000,192,218
2025-12-12 15:19:12.870,CKKS,16384,40,8,657419,9.622,82177.375,192,411
2025-12-12 15:19:12.965,CKKS,16384,40,8,658149,9.144,82268.625,192,427
2025-12-12 15:19:12.974,CKKS,16384,40,8,658065,12.203,82258.125,192,299
2025-12-12 15:19:13.171,CKKS,16384,40,8,658306,9.267,82288.250,192,443
2025-12-12 15:19:13.182,CKKS,16384,40,8,657993,9.259,82249.125,192,283
2025-12-12 15:19:13.193,CKKS,16384,40,8,657852,9.614,82231.500,192,153
2025-12-12 15:19:13.231,CKKS,16384,40,8,657382,11.376,82172.750,192,38
2025-12-12 15:19:13.236,CKKS,16384,40,8,658037,12.704,82254.625,192,71
2025-12-12 15:19:13.261,CKKS,16384,40,8,658091,8.847,82261.375,192,202
2025-12-12 15:19:13.270,CKKS,16384,40,8,657527,12.280,82190.875,192,5
2025-12-12 15:19:13.284,CKKS,16384,40,8,656073,9.097,82009.125,192,459
2025-12-12 15:19:13.307,CKKS,16384,40,8,658270,9.258,82283.750,192,104
2025-12-12 15:19:13.316,CKKS,16384,40,8,657264,9.122,82158.000,192,267
2025-12-12 15:19:13.467,CKKS,16384,40,8,658052,11.622,82256.500,192,475
2025-12-12 15:19:13.658,CKKS,16384,40,8,657320,9.137,82165.000,192,186
2025-12-12 15:19:13.688,CKKS,16384,40,8,658102,8.985,82262.750,192,137
2025-12-12 15:19:13.719,CKKS,16384,40,8,657283,12.906,82160.375,192,251
2025-12-12 15:19:13.722,CKKS,16384,40,8,656011,14.686,82001.375,192,491
2025-12-12 15:19:13.773,CKKS,16384,40,8,658170,12.679,82271.250,192,55
2025-12-12 15:19:13.791,CKKS,16384,40,8,658328,13.912,82291.000,192,22
2025-12-12 15:19:13.839,CKKS,16384,40,8,657406,14.070,82175.750,192,235
2025-12-12 15:19:13.867,CKKS,16384,40,8,657460,9.741,82182.500,192,364
2025-12-12 15:19:13.883,CKKS,16384,40,8,657437,11.635,82179.625,192,88
2025-12-12 15:19:13.890,CKKS,16384,40,8,657146,13.438,82143.250,192,348
2025-12-12 15:19:13.961,CKKS,16384,40,8,658228,11.338,82278.500,192,380
2025-12-12 15:19:13.980,CKKS,16384,40,8,657446,14.088,82180.750,192,170
2025-12-12 15:19:13.993,CKKS,16384,40,8,656437,13.895,82054.625,192,332
2025-12-12 15:19:14.032,CKKS,16384,40,8,657638,10.630,82204.750,192,121
2025-12-12 15:19:14.057,CKKS,16384,40,8,658289,11.434,82286.125,192,396
2025-12-12 15:19:14.081,CKKS,16384,40,8,657626,9.486,82203.250,192,316
2025-12-12 15:19:14.459,CKKS,16384,40,8,657383,9.107,82172.875,192,219
2025-12-12 15:19:14.508,CKKS,16384,40,8,658049,9.229,82256.125,192,300
2025-12-12 15:19:14.518,CKKS,16384,40,8,658184,9.778,82273.000,192,412
2025-12-12 15:19:14.526,CKKS,16384,40,8,658019,13.339,82252.375,192,105
2025-12-12 15:19:14.544,CKKS,16384,40,8,657386,9.094,82173.250,192,72
2025-12-12 15:19:14.556,CKKS,16384,40,8,658148,11.309,82268.500,192,428
2025-12-12 15:19:14.568,CKKS,16384,40,8,657367,9.029,82170.875,192,444
2025-12-12 15:19:14.662,CKKS,16384,40,8,656812,8.968,82101.500,192,460
2025-12-12 15:19:14.667,CKKS,16384,40,8,658211,8.903,82276.375,192,268
2025-12-12 15:19:14.675,CKKS,16384,40,8,657345,12.795,82168.125,192,154
2025-12-12 15:19:14.695,CKKS,16384,40,8,657249,10.298,82156.125,192,39
2025-12-12 15:19:14.704,CKKS,16384,40,8,656860,13.782,82107.500,192,284
2025-12-12 15:19:14.714,CKKS,16384,40,8,658116,11.756,82264.500,192,6
2025-12-12 15:19:14.731,CKKS,16384,40,8,657979,9.090,82247.375,192,476
2025-12-12 15:19:14.740,CKKS,16384,40,8,657366,12.138,82170.750,192,203
2025-12-12 15:19:14.758,CKKS,16384,40,8,658222,8.698,82277.750,192,187
2025-12-12 15:19:14.783,CKKS,16384,40,8,658311,9.106,82288.875,192,138
2025-12-12 15:19:14.811,CKKS,16384,40,8,658043,9.358,82255.375,192,252
2025-12-12 15:19:14.924,CKKS,16384,40,8,658117,9.355,82264.625,192,56
2025-12-12 15:19:14.952,CKKS,16384,40,8,658198,9.741,82274.750,192,492
2025-12-12 15:19:14.964,CKKS,16384,40,8,657991,9.230,82248.875,192,23
2025-12-12 15:19:15.001,CKKS,16384,40,8,657494,8.982,82186.750,192,89
2025-12-12 15:19:15.018,CKKS,16384,40,8,657428,9.225,82178.500,192,236
2025-12-12 15:19:15.116,CKKS,16384,40,8,658224,9.180,82278.000,192,349
2025-12-12 15:19:15.131,CKKS,16384,40,8,658031,9.310,82253.875,192,365
2025-12-12 15:19:15.172,CKKS,16384,40,8,658188,9.598,82273.500,192,171
2025-12-12 15:19:15.218,CKKS,16384,40,8,657405,13.900,82175.625,192,333
2025-12-12 15:19:15.220,CKKS,16384,40,8,657404,14.887,82175.500,192,381
2025-12-12 15:19:15.287,CKKS,16384,40,8,657550,9.342,82193.750,192,122
2025-12-12 15:19:15.352,CKKS,16384,40,8,657329,9.227,82166.125,192,397
2025-12-12 15:19:15.377,CKKS,16384,40,8,658126,9.513,82265.750,192,317
2025-12-12 15:19:15.383,CKKS,16384,40,8,657894,9.361,82236.750,192,220
2025-12-12 15:19:15.419,CKKS,16384,40,8,657318,8.927,82164.750,192,413
2025-12-12 15:19:15.444,CKKS,16384,40,8,657122,9.364,82140.250,192,301
2025-12-12 15:19:15.461,CKKS,16384,40,8,657983,8.837,82247.875,192,429
2025-12-12 15:19:15.551,CKKS,16384,40,8,657527,9.338,82190.875,192,40
2025-12-12 15:19:15.631,CKKS,16384,40,8,657554,9.302,82194.250,192,445
2025-12-12 15:19:15.654,CKKS,16384,40,8,658290,9.061,82286.250,192,7
2025-12-12 15:19:15.679,CKKS,16384,40,8,657988,8.890,82248.500,192,155
2025-12-12 15:19:15.709,CKKS,16384,40,8,657927,9.389,82240.875,192,285
2025-12-12 15:19:15.775,CKKS,16384,40,8,658184,9.166,82273.000,192,204
2025-12-12 15:19:15.815,CKKS,16384,40,8,657456,9.235,82182.000,192,73
2025-12-12 15:19:15.823,CKKS,16384,40,8,657338,9.302,82167.250,192,106
2025-12-12 15:19:15.842,CKKS,16384,40,8,658155,9.064,82269.375,192,461
2025-12-12 15:19:15.845,CKKS,16384,40,8,658084,9.847,82260.500,192,269
2025-12-12 15:19:15.977,CKKS,16384,40,8,657890,9.305,82236.250,192,477
2025-12-12 15:19:15.991,CKKS,16384,40,8,657406,8.969,82175.750,192,188
2025-12-12 15:19:16.059,CKKS,16384,40,8,657371,9.195,82171.375,192,139
2025-12-12 15:19:16.069,CKKS,16384,40,8,657750,9.162,82218.750,192,253
2025-12-12 15:19:16.229,CKKS,16384,40,8,658186,9.171,82273.250,192,24
2025-12-12 15:19:16.236,CKKS,16384,40,8,657413,9.393,82176.625,192,57
2025-12-12 15:19:16.250,CKKS,16384,40,8,656910,9.666,82113.750,192,90
2025-12-12 15:19:16.280,CKKS,16384,40,8,658231,9.045,82278.875,192,493
2025-12-12 15:19:16.298,CKKS,16384,40,8,658200,12.781,82275.000,192,237
2025-12-12 15:19:16.374,CKKS,16384,40,8,658208,9.198,82276.000,192,350
2025-12-12 15:19:16.393,CKKS,16384,40,8,657208,9.116,82151.000,192,366
2025-12-12 15:19:16.435,CKKS,16384,40,8,657425,9.332,82178.125,192,172
2025-12-12 15:19:16.462,CKKS,16384,40,8,657344,9.064,82168.000,192,382
2025-12-12 15:19:16.496,CKKS,16384,40,8,658273,9.035,82284.125,192,334
2025-12-12 15:19:16.531,CKKS,16384,40,8,657986,9.161,82248.250,192,123
2025-12-12 15:19:16.592,CKKS,16384,40,8,656963,9.191,82120.375,192,318
2025-12-12 15:19:16.638,CKKS,16384,40,8,658204,15.284,82275.500,192,398
2025-12-12 15:19:16.638,CKKS,16384,40,8,657850,15.598,82231.250,192,221
2025-12-12 15:19:16.664,CKKS,16384,40,8,657992,9.252,82249.000,192,414
2025-12-12 15:19:16.699,CKKS,16384,40,8,657647,9.173,82205.875,192,302
2025-12-12 15:19:16.750,CKKS,16384,40,8,657320,9.943,82165.000,192,41
2025-12-12 15:19:16.761,CKKS,16384,40,8,657962,11.902,82245.250,192,430
2025-12-12 15:19:16.808,CKKS,16384,40,8,657338,9.180,82167.250,192,74
2025-12-12 15:19:16.861,CKKS,16384,40,8,658342,9.154,82292.750,192,156
2025-12-12 15:19:16.884,CKKS,16384,40,8,658171,10.779,82271.375,192,8
2025-12-12 15:19:16.909,CKKS,16384,40,8,657174,12.875,82146.750,192,286
2025-12-12 15:19:16.941,CKKS,16384,40,8,657477,13.277,82184.625,192,205
2025-12-12 15:19:16.955,CKKS,16384,40,8,658321,15.712,82290.125,192,446
2025-12-12 15:19:16.997,CKKS,16384,40,8,658074,12.910,82259.250,192,107
2025-12-12 15:19:17.045,CKKS,16384,40,8,657331,9.027,82166.375,192,462
2025-12-12 15:19:17.064,CKKS,16384,40,8,658159,8.924,82269.875,192,270
2025-12-12 15:19:17.208,CKKS,16384,40,8,656009,9.226,82001.125,192,478
2025-12-12 15:19:17.330,CKKS,16384,40,8,657322,9.508,82165.250,192,189
2025-12-12 15:19:17.369,CKKS,16384,40,8,657963,8.992,82245.375,192,140
2025-12-12 15:19:17.383,CKKS,16384,40,8,658064,9.574,82258.000,192,254
2025-12-12 15:19:17.411,CKKS,16384,40,8,658093,9.337,82261.625,192,58
2025-12-12 15:19:17.415,CKKS,16384,40,8,658187,9.121,82273.375,192,25
2025-12-12 15:19:17.443,CKKS,16384,40,8,658117,9.084,82264.625,192,91
2025-12-12 15:19:17.493,CKKS,16384,40,8,658040,9.379,82255.000,192,494
2025-12-12 15:19:17.515,CKKS,16384,40,8,657796,8.935,82224.500,192,238
2025-12-12 15:19:17.625,CKKS,16384,40,8,657328,9.541,82166.000,192,367
2025-12-12 15:19:17.648,CKKS,16384,40,8,658215,8.939,82276.875,192,351
2025-12-12 15:19:17.672,CKKS,16384,40,8,657389,9.401,82173.625,192,173
2025-12-12 15:19:17.687,CKKS,16384,40,8,658278,9.333,82284.750,192,335
2025-12-12 15:19:17.765,CKKS,16384,40,8,657347,10.588,82168.375,192,383
2025-12-12 15:19:17.766,CKKS,16384,40,8,658251,9.105,82281.375,192,124
2025-12-12 15:19:17.774,CKKS,16384,40,8,658177,13.797,82272.125,192,319
2025-12-12 15:19:17.794,CKKS,16384,40,8,658239,9.120,82279.875,192,222
2025-12-12 15:19:17.807,CKKS,16384,40,8,658146,9.098,82268.250,192,399
2025-12-12 15:19:17.897,CKKS,16384,40,8,657260,8.909,82157.500,192,303
2025-12-12 15:19:17.955,CKKS,16384,40,8,658150,9.070,82268.750,192,415
2025-12-12 15:19:17.959,CKKS,16384,40,8,656641,9.218,82080.125,192,42
2025-12-12 15:19:17.997,CKKS,16384,40,8,657918,9.043,82239.750,192,431
2025-12-12 15:19:18.030,CKKS,16384,40,8,657401,9.145,82175.125,192,157
2025-12-12 15:19:18.102,CKKS,16384,40,8,657034,8.909,82129.250,192,9
2025-12-12 15:19:18.135,CKKS,16384,40,8,657462,9.228,82182.750,192,75
2025-12-12 15:19:18.244,CKKS,16384,40,8,657520,9.196,82190.000,192,447
2025-12-12 15:19:18.250,CKKS,16384,40,8,657560,9.319,82195.000,192,287
2025-12-12 15:19:18.293,CKKS,16384,40,8,658035,9.166,82254.375,192,108
2025-12-12 15:19:18.304,CKKS,16384,40,8,657528,11.660,82191.000,192,206
2025-12-12 15:19:18.322,CKKS,16384,40,8,657312,9.138,82164.000,192,463
2025-12-12 15:19:18.325,CKKS,16384,40,8,657611,9.153,82201.375,192,271
2025-12-12 15:19:18.490,CKKS,16384,40,8,657142,9.607,82142.750,192,479
2025-12-12 15:19:18.511,CKKS,16384,40,8,657911,10.905,82238.875,192,190
2025-12-12 15:19:18.598,CKKS,16384,40,8,658014,9.051,82251.750,192,141
2025-12-12 15:19:18.607,CKKS,16384,40,8,658281,13.000,82285.125,192,255
2025-12-12 15:19:18.657,CKKS,16384,40,8,657910,10.042,82238.750,192,59
2025-12-12 15:19:18.696,CKKS,16384,40,8,657320,9.107,82165.000,192,26
2025-12-12 15:19:18.728,CKKS,16384,40,8,658022,9.192,82252.750,192,92
2025-12-12 15:19:18.754,CKKS,16384,40,8,658115,9.142,82264.375,192,239
2025-12-12 15:19:18.779,CKKS,16384,40,8,658258,9.023,82282.250,192,495
2025-12-12 15:19:18.922,CKKS,16384,40,8,657109,9.624,82138.625,192,352
2025-12-12 15:19:18.926,CKKS,16384,40,8,658062,14.055,82257.750,192,174
2025-12-12 15:19:18.929,CKKS,16384,40,8,657380,14.861,82172.500,192,368
2025-12-12 15:19:18.976,CKKS,16384,40,8,657154,9.343,82144.250,192,336
2025-12-12 15:19:19.009,CKKS,16384,40,8,657146,9.444,82143.250,192,384
2025-12-12 15:19:19.033,CKKS,16384,40,8,658197,9.258,82274.625,192,125
2025-12-12 15:19:19.034,CKKS,16384,40,8,657788,9.369,82223.500,192,320
2025-12-12 15:19:19.065,CKKS,16384,40,8,658171,9.003,82271.375,192,223
2025-12-12 15:19:19.080,CKKS,16384,40,8,657949,9.462,82243.625,192,400
2025-12-12 15:19:19.201,CKKS,16384,40,8,657595,13.344,82199.375,192,416
2025-12-12 15:19:19.223,CKKS,16384,40,8,658065,10.544,82258.125,192,43
2025-12-12 15:19:19.258,CKKS,16384,40,8,658188,13.712,82273.500,192,304
2025-12-12 15:19:19.260,CKKS,16384,40,8,658113,14.943,82264.125,192,432
2025-12-12 15:19:19.312,CKKS,16384,40,8,657151,9.062,82143.875,192,158
2025-12-12 15:19:19.346,CKKS,16384,40,8,658086,13.241,82260.750,192,10
2025-12-12 15:19:19.348,CKKS,16384,40,8,657475,15.268,82184.375,192,76
2025-12-12 15:19:19.364,CKKS,16384,40,8,658220,12.476,82277.500,192,288
2025-12-12 15:19:19.384,CKKS,16384,40,8,657323,10.490,82165.375,192,207
2025-12-12 15:19:19.437,CKKS,16384,40,8,658008,12.040,82251.000,192,109
2025-12-12 15:19:19.453,CKKS,16384,40,8,657670,13.511,82208.750,192,448
2025-12-12 15:19:19.510,CKKS,16384,40,8,657298,8.985,82162.250,192,272
2025-12-12 15:19:19.537,CKKS,16384,40,8,657870,8.869,82233.750,192,464
2025-12-12 15:19:19.717,CKKS,16384,40,8,658207,9.239,82275.875,192,191
2025-12-12 15:19:19.759,CKKS,16384,40,8,658275,9.285,82284.375,192,256
2025-12-12 15:19:19.812,CKKS,16384,40,8,657150,9.285,82143.750,192,142
2025-12-12 15:19:19.820,CKKS,16384,40,8,658190,10.952,82273.750,192,480
2025-12-12 15:19:19.827,CKKS,16384,40,8,657810,14.119,82226.250,192,60
2025-12-12 15:19:19.834,CKKS,16384,40,8,658198,9.240,82274.750,192,27
2025-12-12 15:19:19.888,CKKS,16384,40,8,657403,9.198,82175.375,192,93
2025-12-12 15:19:20.000,CKKS,16384,40,8,657279,8.998,82159.875,192,240
2025-12-12 15:19:20.041,CKKS,16384,40,8,657447,9.016,82180.875,192,496
2025-12-12 15:19:20.131,CKKS,16384,40,8,657326,9.029,82165.750,192,369
2025-12-12 15:19:20.138,CKKS,16384,40,8,657620,9.286,82202.500,192,175
2025-12-12 15:19:20.208,CKKS,16384,40,8,657896,9.037,82237.000,192,385
2025-12-12 15:19:20.236,CKKS,16384,40,8,656871,9.189,82108.875,192,126
2025-12-12 15:19:20.264,CKKS,16384,40,8,657824,13.984,82228.000,192,337
2025-12-12 15:19:20.266,CKKS,16384,40,8,658056,14.953,82257.000,192,353
2025-12-12 15:19:20.297,CKKS,16384,40,8,657824,9.086,82228.000,192,224
2025-12-12 15:19:20.308,CKKS,16384,40,8,657523,11.976,82190.375,192,321
2025-12-12 15:19:20.315,CKKS,16384,40,8,658395,14.695,82299.375,192,401
2025-12-12 15:19:20.385,CKKS,16384,40,8,658270,9.519,82283.750,192,305
2025-12-12 15:19:20.427,CKKS,16384,40,8,657570,9.133,82196.250,192,417
2025-12-12 15:19:20.490,CKKS,16384,40,8,657335,9.286,82166.875,192,433
2025-12-12 15:19:20.535,CKKS,16384,40,8,657267,9.307,82158.375,192,44
2025-12-12 15:19:20.578,CKKS,16384,40,8,658046,9.260,82255.750,192,11
2025-12-12 15:19:20.584,CKKS,16384,40,8,657871,9.476,82233.875,192,159
2025-12-12 15:19:20.615,CKKS,16384,40,8,657922,9.289,82240.250,192,289
2025-12-12 15:19:20.620,CKKS,16384,40,8,657996,9.280,82249.500,192,77
2025-12-12 15:19:20.630,CKKS,16384,40,8,657310,12.559,82163.750,192,208
2025-12-12 15:19:20.631,CKKS,16384,40,8,657886,9.547,82235.750,192,110
2025-12-12 15:19:20.685,CKKS,16384,40,8,657400,9.166,82175.000,192,449
2025-12-12 15:19:20.753,CKKS,16384,40,8,658008,9.217,82251.000,192,273
2025-12-12 15:19:20.844,CKKS,16384,40,8,658200,9.091,82275.000,192,465
2025-12-12 15:19:20.919,CKKS,16384,40,8,655923,8.933,81990.375,192,143
2025-12-12 15:19:20.960,CKKS,16384,40,8,657410,9.081,82176.250,192,192
2025-12-12 15:19:20.994,CKKS,16384,40,8,658000,9.146,82250.000,192,257
2025-12-12 15:19:21.036,CKKS,16384,40,8,657380,9.314,82172.500,192,61
2025-12-12 15:19:21.054,CKKS,16384,40,8,657238,11.844,82154.750,192,28
2025-12-12 15:19:21.061,CKKS,16384,40,8,658228,14.368,82278.500,192,481
2025-12-12 15:19:21.087,CKKS,16384,40,8,658286,8.965,82285.750,192,94
2025-12-12 15:19:21.203,CKKS,16384,40,8,657735,9.085,82216.875,192,241
2025-12-12 15:19:21.310,CKKS,16384,40,8,657301,8.924,82162.625,192,497
2025-12-12 15:19:21.334,CKKS,16384,40,8,657590,9.266,82198.750,192,176
2025-12-12 15:19:21.379,CKKS,16384,40,8,657776,9.111,82222.000,192,127
2025-12-12 15:19:21.423,CKKS,16384,40,8,657342,12.839,82167.750,192,354
2025-12-12 15:19:21.432,CKKS,16384,40,8,658085,13.801,82260.625,192,338
2025-12-12 15:19:21.434,CKKS,16384,40,8,657966,14.908,82245.750,192,370
2025-12-12 15:19:21.440,CKKS,16384,40,8,658095,9.434,82261.875,192,386
2025-12-12 15:19:21.558,CKKS,16384,40,8,657340,9.163,82167.500,192,322
2025-12-12 15:19:21.574,CKKS,16384,40,8,658231,9.971,82278.875,192,225
2025-12-12 15:19:21.589,CKKS,16384,40,8,658219,10.205,82277.375,192,45
2025-12-12 15:19:21.602,CKKS,16384,40,8,657242,9.119,82155.250,192,402
2025-12-12 15:19:21.656,CKKS,16384,40,8,658060,9.242,82257.500,192,306
2025-12-12 15:19:21.680,CKKS,16384,40,8,657875,9.040,82234.375,192,418
2025-12-12 15:19:21.693,CKKS,16384,40,8,658135,9.231,82266.875,192,12
2025-12-12 15:19:21.806,CKKS,16384,40,8,657339,9.120,82167.375,192,160
2025-12-12 15:19:21.830,CKKS,16384,40,8,657355,9.076,82169.375,192,434
2025-12-12 15:19:21.844,CKKS,16384,40,8,657267,10.145,82158.375,192,290
2025-12-12 15:19:21.851,CKKS,16384,40,8,658049,9.123,82256.125,192,78
2025-12-12 15:19:21.860,CKKS,16384,40,8,658114,12.656,82264.250,192,111
2025-12-12 15:19:21.868,CKKS,16384,40,8,658341,8.855,82292.625,192,209
2025-12-12 15:19:21.930,CKKS,16384,40,8,658186,9.334,82273.250,192,450
2025-12-12 15:19:21.994,CKKS,16384,40,8,657371,9.339,82171.375,192,274
2025-12-12 15:19:22.088,CKKS,16384,40,8,657355,13.311,82169.375,192,466
2025-12-12 15:19:22.242,CKKS,16384,40,8,658343,9.173,82292.875,192,258
2025-12-12 15:19:22.269,CKKS,16384,40,8,658262,8.888,82282.750,192,144
2025-12-12 15:19:22.277,CKKS,16384,40,8,655933,12.551,81991.625,192,193
2025-12-12 15:19:22.285,CKKS,16384,40,8,658151,9.455,82268.875,192,482
2025-12-12 15:19:22.304,CKKS,16384,40,8,658108,8.804,82263.500,192,62
2025-12-12 15:19:22.314,CKKS,16384,40,8,658076,9.356,82259.500,192,29
2025-12-12 15:19:22.327,CKKS,16384,40,8,657419,8.950,82177.375,192,95
2025-12-12 15:19:22.509,CKKS,16384,40,8,658184,8.781,82273.000,192,242
2025-12-12 15:19:22.528,CKKS,16384,40,8,657896,9.099,82237.000,192,177
2025-12-12 15:19:22.549,CKKS,16384,40,8,657678,9.363,82209.750,192,371
2025-12-12 15:19:22.573,CKKS,16384,40,8,658217,8.914,82277.125,192,498
2025-12-12 15:19:22.639,CKKS,16384,40,8,657411,9.174,82176.375,192,128
2025-12-12 15:19:22.643,CKKS,16384,40,8,658189,9.256,82273.625,192,355
2025-12-12 15:19:22.668,CKKS,16384,40,8,658051,8.812,82256.375,192,339
2025-12-12 15:19:22.715,CKKS,16384,40,8,657387,9.298,82173.375,192,387
2025-12-12 15:19:22.770,CKKS,16384,40,8,658043,8.914,82255.375,192,226
2025-12-12 15:19:22.783,CKKS,16384,40,8,658182,9.482,82272.750,192,323
2025-12-12 15:19:22.808,CKKS,16384,40,8,658096,8.801,82262.000,192,46
2025-12-12 15:19:22.872,CKKS,16384,40,8,657576,8.964,82197.000,192,403
2025-12-12 15:19:22.963,CKKS,16384,40,8,658233,9.082,82279.125,192,79
2025-12-12 15:19:22.977,CKKS,16384,40,8,657337,10.069,82167.125,192,419
2025-12-12 15:19:23.003,CKKS,16384,40,8,657882,8.805,82235.250,192,307
2025-12-12 15:19:23.024,CKKS,16384,40,8,657854,8.853,82231.750,192,13
2025-12-12 15:19:23.042,CKKS,16384,40,8,657397,9.195,82174.625,192,435
2025-12-12 15:19:23.059,CKKS,16384,40,8,657691,11.525,82211.375,192,161
2025-12-12 15:19:23.065,CKKS,16384,40,8,657411,14.307,82176.375,192,291
2025-12-12 15:19:23.169,CKKS,16384,40,8,658230,9.020,82278.750,192,210
2025-12-12 15:19:23.176,CKKS,16384,40,8,657590,9.409,82198.750,192,112
2025-12-12 15:19:23.228,CKKS,16384,40,8,658086,9.114,82260.750,192,451
2025-12-12 15:19:23.288,CKKS,16384,40,8,657260,9.540,82157.500,192,275
2025-12-12 15:19:23.344,CKKS,16384,40,8,658134,9.150,82266.750,192,467
2025-12-12 15:19:23.362,CKKS,16384,40,8,657414,9.312,82176.750,192,145
2025-12-12 15:19:23.390,CKKS,16384,40,8,658188,9.359,82273.500,192,194
2025-12-12 15:19:23.432,CKKS,16384,40,8,656119,9.098,82014.875,192,259
2025-12-12 15:19:23.515,CKKS,16384,40,8,657366,9.084,82170.750,192,63
2025-12-12 15:19:23.541,CKKS,16384,40,8,658219,9.415,82277.375,192,483
2025-12-12 15:19:23.572,CKKS,16384,40,8,657940,9.084,82242.500,192,30
2025-12-12 15:19:23.589,CKKS,16384,40,8,657732,9.503,82216.500,192,96
2025-12-12 15:19:23.716,CKKS,16384,40,8,657296,9.401,82162.000,192,243
2025-12-12 15:19:23.738,CKKS,16384,40,8,657387,9.192,82173.375,192,178
2025-12-12 15:19:23.819,CKKS,16384,40,8,657604,9.130,82200.500,192,129
2025-12-12 15:19:23.842,CKKS,16384,40,8,658273,9.085,82284.125,192,499
2025-12-12 15:19:23.858,CKKS,16384,40,8,657947,9.733,82243.375,192,356
2025-12-12 15:19:23.889,CKKS,16384,40,8,658083,9.362,82260.375,192,372
2025-12-12 15:19:23.909,CKKS,16384,40,8,657583,9.176,82197.875,192,340
2025-12-12 15:19:23.988,CKKS,16384,40,8,657440,9.283,82180.000,192,227
2025-12-12 15:19:24.000,CKKS,16384,40,8,658141,9.212,82267.625,192,324
2025-12-12 15:19:24.004,CKKS,16384,40,8,657407,8.854,82175.875,192,388
2025-12-12 15:19:24.041,CKKS,16384,40,8,657776,9.391,82222.000,192,47
2025-12-12 15:19:24.171,CKKS,16384,40,8,658096,14.257,82262.000,192,404
2025-12-12 15:19:24.188,CKKS,16384,40,8,658257,9.005,82282.125,192,80
2025-12-12 15:19:24.272,CKKS,16384,40,8,657384,13.813,82173.000,192,420
2025-12-12 15:19:24.280,CKKS,16384,40,8,657998,15.058,82249.750,192,308
2025-12-12 15:19:24.285,CKKS,16384,40,8,658107,22.911,82263.375,192,162
2025-12-12 15:19:24.303,CKKS,16384,40,8,658091,14.806,82261.375,192,14
2025-12-12 15:19:24.327,CKKS,16384,40,8,658127,24.852,82265.875,192,113
2025-12-12 15:19:24.330,CKKS,16384,40,8,658276,23.920,82284.500,192,436
2025-12-12 15:19:24.340,CKKS,16384,40,8,658039,24.674,82254.875,192,292
2025-12-12 15:19:24.340,CKKS,16384,40,8,657990,26.383,82248.750,192,211
2025-12-12 15:19:24.512,CKKS,16384,40,8,658090,10.067,82261.250,192,452
2025-12-12 15:19:24.531,CKKS,16384,40,8,658231,9.751,82278.875,192,276
2025-12-12 15:19:24.597,CKKS,16384,40,8,657353,10.522,82169.125,192,146
2025-12-12 15:19:24.607,CKKS,16384,40,8,658099,13.061,82262.375,192,195
2025-12-12 15:19:24.612,CKKS,16384,40,8,658103,9.296,82262.875,192,468
2025-12-12 15:19:24.662,CKKS,16384,40,8,656022,9.391,82002.750,192,31
2025-12-12 15:19:24.733,CKKS,16384,40,8,657820,10.536,82227.500,192,64
2025-12-12 15:19:24.741,CKKS,16384,40,8,658255,13.543,82281.875,192,260
2025-12-12 15:19:24.748,CKKS,16384,40,8,657743,9.415,82217.875,192,97
2025-12-12 15:19:24.766,CKKS,16384,40,8,657458,9.045,82182.250,192,484
2025-12-12 15:19:24.982,CKKS,16384,40,8,658222,9.163,82277.750,192,244
2025-12-12 15:19:24.998,CKKS,16384,40,8,657954,9.012,82244.250,192,179
2025-12-12 15:19:25.055,CKKS,16384,40,8,657373,13.533,82171.625,192,130
2025-12-12 15:19:25.084,CKKS,16384,40,8,658163,13.503,82270.375,192,500
2025-12-12 15:19:25.146,CKKS,16384,40,8,657321,10.145,82165.125,192,357
2025-12-12 15:19:25.219,CKKS,16384,40,8,657920,9.533,82240.000,192,373
2025-12-12 15:19:25.270,CKKS,16384,40,8,657386,9.023,82173.250,192,341
2025-12-12 15:19:25.312,CKKS,16384,40,8,658292,9.009,82286.500,192,48
2025-12-12 15:19:25.342,CKKS,16384,40,8,657700,13.153,82212.500,192,325
2025-12-12 15:19:25.346,CKKS,16384,40,8,658056,14.720,82257.000,192,228
2025-12-12 15:19:25.348,CKKS,16384,40,8,658181,9.534,82272.625,192,15
2025-12-12 15:19:25.370,CKKS,16384,40,8,658001,8.842,82250.125,192,389
2025-12-12 15:19:25.405,CKKS,16384,40,8,658330,9.039,82291.250,192,309
2025-12-12 15:19:25.426,CKKS,16384,40,8,657924,9.054,82240.500,192,81
2025-12-12 15:19:25.443,CKKS,16384,40,8,656985,9.271,82123.125,192,405
2025-12-12 15:19:25.463,CKKS,16384,40,8,657363,13.535,82170.375,192,163
2025-12-12 15:19:25.467,CKKS,16384,40,8,658222,15.029,82277.750,192,421
2025-12-12 15:19:25.496,CKKS,16384,40,8,657733,9.603,82216.625,192,114
2025-12-12 15:19:25.553,CKKS,16384,40,8,658179,9.358,82272.375,192,293
2025-12-12 15:19:25.600,CKKS,16384,40,8,658264,9.338,82283.000,192,212
2025-12-12 15:19:25.605,CKKS,16384,40,8,658112,9.158,82264.000,192,437
2025-12-12 15:19:25.737,CKKS,16384,40,8,658131,9.473,82266.375,192,453
2025-12-12 15:19:25.756,CKKS,16384,40,8,657426,9.184,82178.250,192,277
2025-12-12 15:19:25.777,CKKS,16384,40,8,657344,8.848,82168.000,192,147
2025-12-12 15:19:25.849,CKKS,16384,40,8,658106,9.764,82263.250,192,196
2025-12-12 15:19:25.852,CKKS,16384,40,8,656067,13.077,82008.375,192,32
2025-12-12 15:19:25.857,CKKS,16384,40,8,657605,14.858,82200.625,192,65
2025-12-12 15:19:25.866,CKKS,16384,40,8,658166,9.238,82270.750,192,469
2025-12-12 15:19:25.897,CKKS,16384,40,8,657739,9.289,82217.375,192,261
2025-12-12 15:19:25.951,CKKS,16384,40,8,658176,9.902,82272.000,192,98
2025-12-12 15:19:26.038,CKKS,16384,40,8,658095,9.564,82261.875,192,485
2025-12-12 15:19:26.174,CKKS,16384,40,8,657432,9.589,82179.000,192,180
2025-12-12 15:19:26.207,CKKS,16384,40,8,657339,8.898,82167.375,192,245
2025-12-12 15:19:26.263,CKKS,16384,40,8,658116,10.491,82264.500,192,131
2025-12-12 15:19:26.376,CKKS,16384,40,8,658261,9.092,82282.625,192,358
2025-12-12 15:19:26.467,CKKS,16384,40,8,658123,10.174,82265.375,192,374
2025-12-12 15:19:26.474,CKKS,16384,40,8,657833,13.447,82229.125,192,342
2025-12-12 15:19:26.499,CKKS,16384,40,8,658090,9.021,82261.250,192,49
2025-12-12 15:19:26.524,CKKS,16384,40,8,657843,8.928,82230.375,192,229
2025-12-12 15:19:26.536,CKKS,16384,40,8,657416,10.460,82177.000,192,16
2025-12-12 15:19:26.573,CKKS,16384,40,8,657920,9.024,82240.000,192,82
2025-12-12 15:19:26.659,CKKS,16384,40,8,658034,10.862,82254.250,192,390
2025-12-12 15:19:26.661,CKKS,16384,40,8,657374,10.465,82171.750,192,326
2025-12-12 15:19:26.671,CKKS,16384,40,8,657383,10.733,82172.875,192,164
2025-12-12 15:19:26.715,CKKS,16384,40,8,658149,9.635,82268.625,192,310
2025-12-12 15:19:26.742,CKKS,16384,40,8,657512,9.299,82189.000,192,406
2025-12-12 15:19:26.771,CKKS,16384,40,8,658095,12.289,82261.875,192,422
2025-12-12 15:19:26.775,CKKS,16384,40,8,658077,14.664,82259.625,192,115
2025-12-12 15:19:26.829,CKKS,16384,40,8,657252,9.071,82156.500,192,213
2025-12-12 15:19:26.887,CKKS,16384,40,8,658201,9.677,82275.125,192,294
2025-12-12 15:19:26.896,CKKS,16384,40,8,657404,13.298,82175.500,192,438
2025-12-12 15:19:26.987,CKKS,16384,40,8,657333,9.197,82166.625,192,278
2025-12-12 15:19:27.061,CKKS,16384,40,8,657806,9.975,82225.750,192,454
2025-12-12 15:19:27.077,CKKS,16384,40,8,657680,9.185,82210.000,192,148
2025-12-12 15:19:27.108,CKKS,16384,40,8,658034,8.950,82254.250,192,197
2025-12-12 15:19:27.132,CKKS,16384,40,8,658021,8.958,82252.625,192,66
2025-12-12 15:19:27.172,CKKS,16384,40,8,657964,11.538,82245.500,192,33
2025-12-12 15:19:27.182,CKKS,16384,40,8,658075,11.418,82259.375,192,470
2025-12-12 15:19:27.197,CKKS,16384,40,8,658269,12.912,82283.625,192,262
2025-12-12 15:19:27.217,CKKS,16384,40,8,658099,12.366,82262.375,192,99
2025-12-12 15:19:27.325,CKKS,16384,40,8,658228,9.194,82278.500,192,486
2025-12-12 15:19:27.386,CKKS,16384,40,8,658243,9.258,82280.375,192,246
2025-12-12 15:19:27.454,CKKS,16384,40,8,657534,9.373,82191.750,192,181
2025-12-12 15:19:27.546,CKKS,16384,40,8,657337,9.225,82167.125,192,132
2025-12-12 15:19:27.596,CKKS,16384,40,8,657114,9.627,82139.250,192,359
2025-12-12 15:19:27.678,CKKS,16384,40,8,657753,12.207,82219.125,192,375
2025-12-12 15:19:27.684,CKKS,16384,40,8,658020,14.834,82252.500,192,50
2025-12-12 15:19:27.692,CKKS,16384,40,8,658170,9.497,82271.250,192,343
2025-12-12 15:19:27.753,CKKS,16384,40,8,657486,9.445,82185.750,192,83
2025-12-12 15:19:27.777,CKKS,16384,40,8,658157,8.987,82269.625,192,17
2025-12-12 15:19:27.809,CKKS,16384,40,8,658242,9.057,82280.250,192,327
2025-12-12 15:19:27.813,CKKS,16384,40,8,657432,11.906,82179.000,192,391
2025-12-12 15:19:27.820,CKKS,16384,40,8,658012,14.756,82251.500,192,230
2025-12-12 15:19:27.826,CKKS,16384,40,8,658150,9.781,82268.750,192,165
2025-12-12 15:19:27.844,CKKS,16384,40,8,657348,8.936,82168.500,192,311
2025-12-12 15:19:27.874,CKKS,16384,40,8,657874,9.201,82234.250,192,407
2025-12-12 15:19:27.957,CKKS,16384,40,8,657670,9.198,82208.750,192,423
2025-12-12 15:19:28.032,CKKS,16384,40,8,658098,9.236,82262.250,192,214
2025-12-12 15:19:28.109,CKKS,16384,40,8,657342,9.011,82167.750,192,439
2025-12-12 15:19:28.141,CKKS,16384,40,8,657083,13.033,82135.375,192,116
2025-12-12 15:19:28.145,CKKS,16384,40,8,657303,14.683,82162.875,192,295
2025-12-12 15:19:28.241,CKKS,16384,40,8,657468,9.344,82183.500,192,279
2025-12-12 15:19:28.279,CKKS,16384,40,8,657379,9.346,82172.375,192,455
2025-12-12 15:19:28.288,CKKS,16384,40,8,657368,9.107,82171.000,192,149
2025-12-12 15:19:28.337,CKKS,16384,40,8,658131,9.460,82266.375,192,198
2025-12-12 15:19:28.338,CKKS,16384,40,8,657465,9.234,82183.125,192,34
2025-12-12 15:19:28.347,CKKS,16384,40,8,656018,11.612,82002.250,192,67
2025-12-12 15:19:28.396,CKKS,16384,40,8,657705,9.203,82213.125,192,263
2025-12-12 15:19:28.408,CKKS,16384,40,8,657228,9.212,82153.500,192,471
2025-12-12 15:19:28.517,CKKS,16384,40,8,657392,13.393,82174.000,192,100
2025-12-12 15:19:28.520,CKKS,16384,40,8,657317,14.784,82164.625,192,1
2025-12-12 15:19:28.631,CKKS,16384,40,8,657272,11.147,82159.000,192,487
2025-12-12 15:19:28.638,CKKS,16384,40,8,657387,14.405,82173.375,192,247
2025-12-12 15:19:28.670,CKKS,16384,40,8,658255,8.873,82281.875,192,182
2025-12-12 15:19:28.697,CKKS,16384,40,8,657484,9.299,82185.500,192,133
2025-12-12 15:19:28.871,CKKS,16384,40,8,658236,12.065,82279.500,192,360
2025-12-12 15:19:28.904,CKKS,16384,40,8,657293,9.501,82161.625,192,51
2025-12-12 15:19:28.934,CKKS,16384,40,8,657545,13.171,82193.125,192,376
2025-12-12 15:19:28.947,CKKS,16384,40,8,657551,9.822,82193.875,192,231
2025-12-12 15:19:28.957,CKKS,16384,40,8,657804,13.195,82225.500,192,18
2025-12-12 15:19:28.977,CKKS,16384,40,8,658191,10.232,82273.875,192,344
2025-12-12 15:19:28.995,CKKS,16384,40,8,658178,9.109,82272.250,192,84
2025-12-12 15:19:29.030,CKKS,16384,40,8,658100,9.180,82262.500,192,328
2025-12-12 15:19:29.103,CKKS,16384,40,8,655987,9.157,81998.375,192,392
2025-12-12 15:19:29.118,CKKS,16384,40,8,657261,9.080,82157.625,192,166
2025-12-12 15:19:29.132,CKKS,16384,40,8,658287,9.028,82285.875,192,312
2025-12-12 15:19:29.144,CKKS,16384,40,8,657162,9.173,82145.250,192,408
2025-12-12 15:19:29.183,CKKS,16384,40,8,657381,9.233,82172.625,192,117
2025-12-12 15:19:29.223,CKKS,16384,40,8,657721,9.503,82215.125,192,424
2025-12-12 15:19:29.242,CKKS,16384,40,8,658114,9.237,82264.250,192,215
2025-12-12 15:19:29.276,CKKS,16384,40,8,658258,9.091,82282.250,192,296
2025-12-12 15:19:29.365,CKKS,16384,40,8,657507,9.391,82188.375,192,440
2025-12-12 15:19:29.415,CKKS,16384,40,8,657314,9.822,82164.250,192,280
2025-12-12 15:19:29.440,CKKS,16384,40,8,657962,10.283,82245.250,192,150
2025-12-12 15:19:29.489,CKKS,16384,40,8,658193,13.135,82274.125,192,456
2025-12-12 15:19:29.507,CKKS,16384,40,8,657260,13.295,82157.500,192,35
2025-12-12 15:19:29.530,CKKS,16384,40,8,657673,9.135,82209.125,192,68
2025-12-12 15:19:29.595,CKKS,16384,40,8,658207,11.261,82275.875,192,199
2025-12-12 15:19:29.605,CKKS,16384,40,8,657363,12.926,82170.375,192,2
2025-12-12 15:19:29.713,CKKS,16384,40,8,658197,13.005,82274.625,192,472
2025-12-12 15:19:29.753,CKKS,16384,40,8,657377,9.608,82172.125,192,101
2025-12-12 15:19:29.767,CKKS,16384,40,8,657499,13.307,82187.375,192,264
2025-12-12 15:19:29.849,CKKS,16384,40,8,657475,9.183,82184.375,192,248
2025-12-12 15:19:29.869,CKKS,16384,40,8,658283,13.079,82285.375,192,183
2025-12-12 15:19:29.871,CKKS,16384,40,8,657432,9.057,82179.000,192,488
2025-12-12 15:19:29.890,CKKS,16384,40,8,657791,10.691,82223.875,192,134
2025-12-12 15:19:30.076,CKKS,16384,40,8,657991,13.047,82248.875,192,52
2025-12-12 15:19:30.191,CKKS,16384,40,8,657353,10.726,82169.125,192,361
2025-12-12 15:19:30.248,CKKS,16384,40,8,658191,13.173,82273.875,192,19
2025-12-12 15:19:30.261,CKKS,16384,40,8,657932,9.753,82241.500,192,232
2025-12-12 15:19:30.273,CKKS,16384,40,8,657985,12.378,82248.125,192,85
2025-12-12 15:19:30.285,CKKS,16384,40,8,657970,13.048,82246.250,192,377
2025-12-12 15:19:30.292,CKKS,16384,40,8,657711,9.155,82213.875,192,329
2025-12-12 15:19:30.316,CKKS,16384,40,8,658144,12.750,82268.000,192,345
2025-12-12 15:19:30.325,CKKS,16384,40,8,657858,13.115,82232.250,192,393
2025-12-12 15:19:30.330,CKKS,16384,40,8,657970,12.395,82246.250,192,167
2025-12-12 15:19:30.347,CKKS,16384,40,8,658030,9.053,82253.750,192,313
2025-12-12 15:19:30.395,CKKS,16384,40,8,657399,9.702,82174.875,192,118
2025-12-12 15:19:30.399,CKKS,16384,40,8,658226,13.042,82278.250,192,409
2025-12-12 15:19:30.438,CKKS,16384,40,8,658154,13.711,82269.250,192,216
2025-12-12 15:19:30.454,CKKS,16384,40,8,657713,16.134,82214.125,192,425
2025-12-12 15:19:30.483,CKKS,16384,40,8,658169,13.135,82271.125,192,297
2025-12-12 15:19:30.638,CKKS,16384,40,8,658278,13.123,82284.750,192,441
2025-12-12 15:19:30.646,CKKS,16384,40,8,657936,9.640,82242.000,192,281
2025-12-12 15:19:30.694,CKKS,16384,40,8,657265,9.463,82158.125,192,151
2025-12-12 15:19:30.710,CKKS,16384,40,8,657229,12.859,82153.625,192,36
2025-12-12 15:19:30.796,CKKS,16384,40,8,658153,13.302,82269.125,192,69
2025-12-12 15:19:30.813,CKKS,16384,40,8,658183,22.729,82272.875,192,457
2025-12-12 15:19:30.855,CKKS,16384,40,8,657273,9.008,82159.125,192,3
2025-12-12 15:19:30.902,CKKS,16384,40,8,657399,12.613,82174.875,192,265
2025-12-12 15:19:30.958,CKKS,16384,40,8,657312,13.077,82164.000,192,102
2025-12-12 15:19:30.959,CKKS,16384,40,8,658227,9.458,82278.375,192,200
2025-12-12 15:19:30.972,CKKS,16384,40,8,657602,10.599,82200.250,192,473
2025-12-12 15:19:31.098,CKKS,16384,40,8,658120,13.410,82265.000,192,184
2025-12-12 15:19:31.108,CKKS,16384,40,8,657926,9.418,82240.750,192,249
2025-12-12 15:19:31.162,CKKS,16384,40,8,658206,10.013,82275.750,192,135
2025-12-12 15:19:31.170,CKKS,16384,40,8,657531,13.422,82191.375,192,489
2025-12-12 15:19:31.269,CKKS,16384,40,8,657694,9.545,82211.750,192,53
2025-12-12 15:19:31.318,CKKS,16384,40,8,657345,9.173,82168.125,192,20
2025-12-12 15:19:31.380,CKKS,16384,40,8,657742,9.257,82217.750,192,362
2025-12-12 15:19:31.398,CKKS,16384,40,8,658267,9.359,82283.375,192,233
2025-12-12 15:19:31.412,CKKS,16384,40,8,657191,9.083,82148.875,192,86
2025-12-12 15:19:31.463,CKKS,16384,40,8,657253,13.051,82156.625,192,346
2025-12-12 15:19:31.515,CKKS,16384,40,8,657608,9.115,82201.000,192,378
2025-12-12 15:19:31.536,CKKS,16384,40,8,658322,9.162,82290.250,192,330
2025-12-12 15:19:31.554,CKKS,16384,40,8,658013,13.137,82251.625,192,168
2025-12-12 15:19:31.584,CKKS,16384,40,8,657547,9.244,82193.375,192,394
2025-12-12 15:19:31.603,CKKS,16384,40,8,657351,12.911,82168.875,192,314
2025-12-12 15:19:31.628,CKKS,16384,40,8,658229,12.959,82278.625,192,119
2025-12-12 15:19:31.648,CKKS,16384,40,8,657999,9.690,82249.875,192,410
2025-12-12 15:19:31.679,CKKS,16384,40,8,657218,8.994,82152.250,192,217
2025-12-12 15:19:31.741,CKKS,16384,40,8,657386,13.176,82173.250,192,426
2025-12-12 15:19:31.778,CKKS,16384,40,8,657377,13.115,82172.125,192,298
2025-12-12 15:19:31.863,CKKS,16384,40,8,658223,9.533,82277.875,192,442
2025-12-12 15:19:31.900,CKKS,16384,40,8,658308,9.409,82288.500,192,282
2025-12-12 15:19:31.930,CKKS,16384,40,8,658144,11.658,82268.000,192,152
2025-12-12 15:19:32.055,CKKS,16384,40,8,657504,9.427,82188.000,192,70
2025-12-12 15:19:32.067,CKKS,16384,40,8,658149,13.501,82268.625,192,37
2025-12-12 15:19:32.093,CKKS,16384,40,8,658126,12.117,82265.750,192,201
2025-12-12 15:19:32.099,CKKS,16384,40,8,657513,15.249,82189.125,192,458
2025-12-12 15:19:32.103,CKKS,16384,40,8,657390,13.523,82173.750,192,4
2025-12-12 15:19:32.162,CKKS,16384,40,8,658036,13.059,82254.500,192,103
2025-12-12 15:19:32.244,CKKS,16384,40,8,657957,10.253,82244.625,192,266
2025-12-12 15:19:32.254,CKKS,16384,40,8,656870,11.905,82108.750,192,474
2025-12-12 15:19:32.379,CKKS,16384,40,8,658053,13.794,82256.625,192,250
2025-12-12 15:19:32.406,CKKS,16384,40,8,657913,23.912,82239.125,192,185
2025-12-12 15:19:32.415,CKKS,16384,40,8,657717,24.924,82214.625,192,490
2025-12-12 15:19:32.415,CKKS,16384,40,8,657754,25.052,82219.250,192,136
2025-12-12 15:19:32.553,CKKS,16384,40,8,657408,10.721,82176.000,192,54
2025-12-12 15:19:32.594,CKKS,16384,40,8,657387,13.096,82173.375,192,21
2025-12-12 15:19:32.603,CKKS,16384,40,8,656969,9.764,82121.125,192,363
2025-12-12 15:19:32.615,CKKS,16384,40,8,658109,11.079,82263.625,192,234
2025-12-12 15:19:32.662,CKKS,16384,40,8,658251,9.411,82281.375,192,87
2025-12-12 15:19:32.675,CKKS,16384,40,8,657874,11.223,82234.250,192,347
2025-12-12 15:19:32.681,CKKS,16384,40,8,657379,12.799,82172.375,192,379
2025-12-12 15:19:32.726,CKKS,16384,40,8,658076,9.415,82259.500,192,331
2025-12-12 15:19:32.742,CKKS,16384,40,8,658102,10.106,82262.750,192,169
2025-12-12 15:19:32.818,CKKS,16384,40,8,658213,9.296,82276.625,192,395
2025-12-12 15:19:32.853,CKKS,16384,40,8,658055,12.947,82256.875,192,315
2025-12-12 15:19:32.870,CKKS,16384,40,8,657573,13.654,82196.625,192,120
2025-12-12 15:19:32.892,CKKS,16384,40,8,657962,15.203,82245.250,192,218
2025-12-12 15:19:32.897,CKKS,16384,40,8,657344,16.132,82168.000,192,411
2025-12-12 15:19:32.982,CKKS,16384,40,8,657344,9.096,82168.000,192,427
2025-12-12 15:19:32.992,CKKS,16384,40,8,657893,11.754,82236.625,192,299
2025-12-12 15:19:33.193,CKKS,16384,40,8,657909,13.351,82238.625,192,443
2025-12-12 15:19:33.200,CKKS,16384,40,8,657499,9.825,82187.375,192,283
2025-12-12 15:19:33.214,CKKS,16384,40,8,658131,12.898,82266.375,192,153
2025-12-12 15:19:33.252,CKKS,16384,40,8,657343,13.270,82167.875,192,38
2025-12-12 15:19:33.255,CKKS,16384,40,8,658090,9.463,82261.250,192,71
2025-12-12 15:19:33.286,CKKS,16384,40,8,658023,13.256,82252.875,192,202
2025-12-12 15:19:33.294,CKKS,16384,40,8,658184,14.594,82273.000,192,5
2025-12-12 15:19:33.305,CKKS,16384,40,8,657815,13.016,82226.875,192,459
2025-12-12 15:19:33.330,CKKS,16384,40,8,657828,13.075,82228.500,192,104
2025-12-12 15:19:33.333,CKKS,16384,40,8,656576,9.593,82072.000,192,267
2025-12-12 15:19:33.489,CKKS,16384,40,8,658183,13.038,82272.875,192,475
2025-12-12 15:19:33.675,CKKS,16384,40,8,658160,9.435,82270.000,192,186
2025-12-12 15:19:33.704,CKKS,16384,40,8,657459,9.601,82182.375,192,137
2025-12-12 15:19:33.736,CKKS,16384,40,8,657782,9.215,82222.750,192,251
2025-12-12 15:19:33.743,CKKS,16384,40,8,657474,12.973,82184.250,192,491
2025-12-12 15:19:33.789,CKKS,16384,40,8,658043,9.425,82255.375,192,55
2025-12-12 15:19:33.812,CKKS,16384,40,8,657197,13.003,82149.625,192,22
2025-12-12 15:19:33.857,CKKS,16384,40,8,657239,9.415,82154.875,192,235
2025-12-12 15:19:33.886,CKKS,16384,40,8,657994,10.979,82249.250,192,364
2025-12-12 15:19:33.908,CKKS,16384,40,8,657307,9.439,82163.375,192,348
2025-12-12 15:19:33.908,CKKS,16384,40,8,658247,13.291,82280.875,192,88
2025-12-12 15:19:33.982,CKKS,16384,40,8,658270,13.104,82283.750,192,380
2025-12-12 15:19:34.001,CKKS,16384,40,8,657059,12.864,82132.375,192,170
2025-12-12 15:19:34.011,CKKS,16384,40,8,658268,11.704,82283.500,192,332
2025-12-12 15:19:34.049,CKKS,16384,40,8,657510,9.788,82188.750,192,121
2025-12-12 15:19:34.073,CKKS,16384,40,8,658229,9.108,82278.625,192,396
2025-12-12 15:19:34.097,CKKS,16384,40,8,658246,8.838,82280.750,192,316
2025-12-12 15:19:34.484,CKKS,16384,40,8,657377,14.381,82172.125,192,219
2025-12-12 15:19:34.531,CKKS,16384,40,8,657404,13.883,82175.500,192,300
2025-12-12 15:19:34.550,CKKS,16384,40,8,657373,21.608,82171.625,192,412
2025-12-12 15:19:34.553,CKKS,16384,40,8,657394,17.259,82174.250,192,105
2025-12-12 15:19:34.571,CKKS,16384,40,8,658247,16.611,82280.875,192,72
2025-12-12 15:19:34.595,CKKS,16384,40,8,658237,13.315,82279.625,192,444
2025-12-12 15:19:34.599,CKKS,16384,40,8,658206,26.765,82275.750,192,428
2025-12-12 15:19:34.709,CKKS,16384,40,8,658034,22.972,82254.250,192,154
2025-12-12 15:19:34.711,CKKS,16384,40,8,657770,21.259,82221.250,192,460
2025-12-12 15:19:34.713,CKKS,16384,40,8,658157,23.981,82269.625,192,268
2025-12-12 15:19:34.732,CKKS,16384,40,8,657767,23.309,82220.875,192,39
2025-12-12 15:19:34.736,CKKS,16384,40,8,658135,19.418,82266.875,192,284
2025-12-12 15:19:34.738,CKKS,16384,40,8,658201,13.822,82275.125,192,6
2025-12-12 15:19:34.749,CKKS,16384,40,8,657870,10.915,82233.750,192,476
2025-12-12 15:19:34.762,CKKS,16384,40,8,657365,13.695,82170.625,192,203
2025-12-12 15:19:34.781,CKKS,16384,40,8,657415,13.062,82176.875,192,187
2025-12-12 15:19:34.804,CKKS,16384,40,8,657334,12.980,82166.750,192,138
2025-12-12 15:19:34.830,CKKS,16384,40,8,658238,12.289,82279.750,192,252
2025-12-12 15:19:34.940,CKKS,16384,40,8,657279,9.882,82159.875,192,56
2025-12-12 15:19:34.969,CKKS,16384,40,8,657432,9.511,82179.000,192,492
2025-12-12 15:19:34.980,CKKS,16384,40,8,656639,10.759,82079.875,192,23
2025-12-12 15:19:35.017,CKKS,16384,40,8,657350,8.967,82168.750,192,89
2025-12-12 15:19:35.040,CKKS,16384,40,8,657948,13.160,82243.500,192,236
2025-12-12 15:19:35.134,CKKS,16384,40,8,657752,9.372,82219.000,192,349
2025-12-12 15:19:35.147,CKKS,16384,40,8,655986,9.755,81998.250,192,365
2025-12-12 15:19:35.190,CKKS,16384,40,8,658169,9.212,82271.125,192,171
2025-12-12 15:19:35.238,CKKS,16384,40,8,657868,9.272,82233.500,192,381
2025-12-12 15:19:35.244,CKKS,16384,40,8,658207,13.554,82275.875,192,333
2025-12-12 15:19:35.303,CKKS,16384,40,8,655979,9.308,81997.375,192,122
2025-12-12 15:19:35.369,CKKS,16384,40,8,657281,11.375,82160.125,192,397
2025-12-12 15:19:35.399,CKKS,16384,40,8,657424,9.372,82178.000,192,220
2025-12-12 15:19:35.400,CKKS,16384,40,8,657901,13.164,82237.625,192,317
2025-12-12 15:19:35.434,CKKS,16384,40,8,657463,9.153,82182.875,192,413
2025-12-12 15:19:35.459,CKKS,16384,40,8,657327,8.725,82165.875,192,301
2025-12-12 15:19:35.478,CKKS,16384,40,8,657860,8.798,82232.500,192,429
2025-12-12 15:19:35.567,CKKS,16384,40,8,656942,9.497,82117.750,192,40
2025-12-12 15:19:35.647,CKKS,16384,40,8,657435,10.213,82179.375,192,445
2025-12-12 15:19:35.670,CKKS,16384,40,8,657387,8.947,82173.375,192,7
2025-12-12 15:19:35.697,CKKS,16384,40,8,657425,9.327,82178.125,192,155
2025-12-12 15:19:35.725,CKKS,16384,40,8,657208,9.553,82151.000,192,285
2025-12-12 15:19:35.791,CKKS,16384,40,8,658204,9.254,82275.500,192,204
2025-12-12 15:19:35.836,CKKS,16384,40,8,657463,12.502,82182.875,192,73
2025-12-12 15:19:35.846,CKKS,16384,40,8,658232,13.763,82279.000,192,106
2025-12-12 15:19:35.867,CKKS,16384,40,8,657748,15.422,82218.500,192,461
2025-12-12 15:19:35.873,CKKS,16384,40,8,657417,16.520,82177.125,192,269
2025-12-12 15:19:35.993,CKKS,16384,40,8,658134,9.476,82266.750,192,477
2025-12-12 15:19:36.014,CKKS,16384,40,8,657194,13.079,82149.250,192,188
2025-12-12 15:19:36.079,CKKS,16384,40,8,657313,9.647,82164.125,192,139
2025-12-12 15:19:36.088,CKKS,16384,40,8,657679,12.394,82209.875,192,253
2025-12-12 15:19:36.252,CKKS,16384,40,8,658189,13.437,82273.625,192,24
2025-12-12 15:19:36.254,CKKS,16384,40,8,658104,9.552,82263.000,192,57
2025-12-12 15:19:36.269,CKKS,16384,40,8,658102,10.250,82262.750,192,90
2025-12-12 15:19:36.304,CKKS,16384,40,8,657973,13.262,82246.625,192,493
2025-12-12 15:19:36.317,CKKS,16384,40,8,658107,9.334,82263.375,192,237
2025-12-12 15:19:36.410,CKKS,16384,40,8,658208,16.435,82276.000,192,350
2025-12-12 15:19:36.423,CKKS,16384,40,8,657421,21.479,82177.625,192,366
2025-12-12 15:19:36.460,CKKS,16384,40,8,657716,13.015,82214.500,192,172
2025-12-12 15:19:36.486,CKKS,16384,40,8,657320,13.318,82165.000,192,382
2025-12-12 15:19:36.515,CKKS,16384,40,8,658051,12.004,82256.375,192,334
2025-12-12 15:19:36.550,CKKS,16384,40,8,657318,12.260,82164.750,192,123
2025-12-12 15:19:36.616,CKKS,16384,40,8,657255,13.456,82156.875,192,318
2025-12-12 15:19:36.653,CKKS,16384,40,8,656084,9.677,82010.500,192,221
2025-12-12 15:19:36.660,CKKS,16384,40,8,657366,13.552,82170.750,192,398
2025-12-12 15:19:36.680,CKKS,16384,40,8,658113,8.889,82264.125,192,414
2025-12-12 15:19:36.719,CKKS,16384,40,8,658079,9.567,82259.875,192,302
2025-12-12 15:19:36.772,CKKS,16384,40,8,658210,13.104,82276.250,192,41
2025-12-12 15:19:36.778,CKKS,16384,40,8,658141,10.035,82267.625,192,430
2025-12-12 15:19:36.826,CKKS,16384,40,8,658344,9.223,82293.000,192,74
2025-12-12 15:19:36.877,CKKS,16384,40,8,657593,9.341,82199.125,192,156
2025-12-12 15:19:36.899,CKKS,16384,40,8,657351,9.278,82168.875,192,8
2025-12-12 15:19:36.930,CKKS,16384,40,8,656068,12.870,82008.500,192,286
2025-12-12 15:19:36.959,CKKS,16384,40,8,657970,9.506,82246.250,192,205
2025-12-12 15:19:36.974,CKKS,16384,40,8,657389,10.786,82173.625,192,446
2025-12-12 15:19:37.013,CKKS,16384,40,8,658116,9.412,82264.500,192,107
2025-12-12 15:19:37.060,CKKS,16384,40,8,656481,9.812,82060.125,192,462
2025-12-12 15:19:37.087,CKKS,16384,40,8,657212,13.183,82151.500,192,270
2025-12-12 15:19:37.227,CKKS,16384,40,8,658221,9.859,82277.625,192,478
2025-12-12 15:19:37.355,CKKS,16384,40,8,657812,13.453,82226.500,192,189
2025-12-12 15:19:37.386,CKKS,16384,40,8,657059,9.174,82132.375,192,140
2025-12-12 15:19:37.399,CKKS,16384,40,8,657409,10.347,82176.125,192,254
2025-12-12 15:19:37.433,CKKS,16384,40,8,656839,13.247,82104.875,192,58
2025-12-12 15:19:37.434,CKKS,16384,40,8,658235,9.298,82279.375,192,25
2025-12-12 15:19:37.465,CKKS,16384,40,8,658170,12.766,82271.250,192,91
2025-12-12 15:19:37.515,CKKS,16384,40,8,657317,13.464,82164.625,192,494
2025-12-12 15:19:37.541,CKKS,16384,40,8,658109,14.387,82263.625,192,238
2025-12-12 15:19:37.643,CKKS,16384,40,8,657969,9.363,82246.125,192,367
2025-12-12 15:19:37.670,CKKS,16384,40,8,657883,13.037,82235.375,192,351
2025-12-12 15:19:37.693,CKKS,16384,40,8,657385,12.987,82173.125,192,173
2025-12-12 15:19:37.704,CKKS,16384,40,8,658113,9.528,82264.125,192,335
2025-12-12 15:19:37.787,CKKS,16384,40,8,657262,12.791,82157.750,192,124
2025-12-12 15:19:37.795,CKKS,16384,40,8,658095,16.432,82261.875,192,383
2025-12-12 15:19:37.802,CKKS,16384,40,8,657840,17.332,82230.000,192,319
2025-12-12 15:19:37.813,CKKS,16384,40,8,657847,9.577,82230.875,192,222
2025-12-12 15:19:37.825,CKKS,16384,40,8,657359,10.854,82169.875,192,399
2025-12-12 15:19:37.921,CKKS,16384,40,8,657983,12.398,82247.875,192,303
2025-12-12 15:19:37.970,CKKS,16384,40,8,657092,9.283,82136.500,192,415
2025-12-12 15:19:37.980,CKKS,16384,40,8,657928,13.179,82241.000,192,42
2025-12-12 15:19:38.015,CKKS,16384,40,8,657988,9.658,82248.500,192,431
2025-12-12 15:19:38.047,CKKS,16384,40,8,658174,9.545,82271.750,192,157
2025-12-12 15:19:38.119,CKKS,16384,40,8,658217,9.137,82277.125,192,9
2025-12-12 15:19:38.152,CKKS,16384,40,8,657811,10.793,82226.375,192,75
2025-12-12 15:19:38.261,CKKS,16384,40,8,657369,9.297,82171.125,192,447
2025-12-12 15:19:38.273,CKKS,16384,40,8,657419,13.160,82177.375,192,287
2025-12-12 15:19:38.309,CKKS,16384,40,8,656036,9.522,82004.500,192,108
2025-12-12 15:19:38.328,CKKS,16384,40,8,658254,12.952,82281.750,192,206
2025-12-12 15:19:38.352,CKKS,16384,40,8,657398,15.719,82174.750,192,463
2025-12-12 15:19:38.353,CKKS,16384,40,8,658019,15.495,82252.375,192,271
2025-12-12 15:19:38.506,CKKS,16384,40,8,658199,9.396,82274.875,192,479
2025-12-12 15:19:38.526,CKKS,16384,40,8,657335,8.967,82166.875,192,190
2025-12-12 15:19:38.621,CKKS,16384,40,8,658062,10.438,82257.750,192,141
2025-12-12 15:19:38.627,CKKS,16384,40,8,657410,13.906,82176.250,192,255
2025-12-12 15:19:38.674,CKKS,16384,40,8,658087,9.241,82260.875,192,59
2025-12-12 15:19:38.714,CKKS,16384,40,8,657601,9.276,82200.125,192,26
2025-12-12 15:19:38.755,CKKS,16384,40,8,658171,13.335,82271.375,192,92
2025-12-12 15:19:38.772,CKKS,16384,40,8,657186,9.550,82148.250,192,239
2025-12-12 15:19:38.796,CKKS,16384,40,8,658179,9.210,82272.375,192,495
2025-12-12 15:19:38.947,CKKS,16384,40,8,657943,12.994,82242.875,192,352
2025-12-12 15:19:38.953,CKKS,16384,40,8,658123,14.370,82265.375,192,174
2025-12-12 15:19:38.955,CKKS,16384,40,8,658166,15.541,82270.750,192,368
2025-12-12 15:19:38.998,CKKS,16384,40,8,658117,13.747,82264.625,192,336
2025-12-12 15:19:39.028,CKKS,16384,40,8,657452,10.908,82181.500,192,384
2025-12-12 15:19:39.055,CKKS,16384,40,8,657219,13.792,82152.375,192,125
2025-12-12 15:19:39.062,CKKS,16384,40,8,658376,15.140,82297.000,192,320
2025-12-12 15:19:39.085,CKKS,16384,40,8,656994,12.944,82124.250,192,223
2025-12-12 15:19:39.103,CKKS,16384,40,8,658132,13.340,82266.500,192,400
2025-12-12 15:19:39.222,CKKS,16384,40,8,657477,13.227,82184.625,192,416
2025-12-12 15:19:39.242,CKKS,16384,40,8,656425,13.103,82053.125,192,43
2025-12-12 15:19:39.276,CKKS,16384,40,8,658064,9.500,82258.000,192,304
2025-12-12 15:19:39.281,CKKS,16384,40,8,657940,12.786,82242.500,192,432
2025-12-12 15:19:39.330,CKKS,16384,40,8,657339,11.438,82167.375,192,158
2025-12-12 15:19:39.370,CKKS,16384,40,8,657490,13.599,82186.250,192,10
2025-12-12 15:19:39.374,CKKS,16384,40,8,658243,15.110,82280.375,192,76
2025-12-12 15:19:39.383,CKKS,16384,40,8,657402,13.145,82175.250,192,288
2025-12-12 15:19:39.401,CKKS,16384,40,8,657828,9.364,82228.500,192,207
2025-12-12 15:19:39.454,CKKS,16384,40,8,657925,9.738,82240.625,192,109
2025-12-12 15:19:39.470,CKKS,16384,40,8,658081,9.703,82260.125,192,448
2025-12-12 15:19:39.529,CKKS,16384,40,8,657879,9.226,82234.875,192,272
2025-12-12 15:19:39.559,CKKS,16384,40,8,657453,13.403,82181.625,192,464
2025-12-12 15:19:39.733,CKKS,16384,40,8,657911,9.260,82238.875,192,191
2025-12-12 15:19:39.775,CKKS,16384,40,8,657902,9.405,82237.750,192,256
2025-12-12 15:19:39.844,CKKS,16384,40,8,658123,13.081,82265.375,192,480
2025-12-12 15:19:39.844,CKKS,16384,40,8,658113,13.030,82264.125,192,142
2025-12-12 15:19:39.859,CKKS,16384,40,8,658186,18.883,82273.250,192,60
2025-12-12 15:19:39.861,CKKS,16384,40,8,657134,19.523,82141.750,192,27
2025-12-12 15:19:39.912,CKKS,16384,40,8,658205,13.187,82275.625,192,93
2025-12-12 15:19:40.016,CKKS,16384,40,8,657543,9.285,82192.875,192,240
2025-12-12 15:19:40.060,CKKS,16384,40,8,657629,9.743,82203.625,192,496
2025-12-12 15:19:40.148,CKKS,16384,40,8,657588,9.594,82198.500,192,369
2025-12-12 15:19:40.161,CKKS,16384,40,8,656965,13.609,82120.625,192,175
2025-12-12 15:19:40.225,CKKS,16384,40,8,657869,9.120,82233.625,192,385
2025-12-12 15:19:40.254,CKKS,16384,40,8,658043,10.752,82255.375,192,126
2025-12-12 15:19:40.292,CKKS,16384,40,8,658010,14.501,82251.250,192,337
2025-12-12 15:19:40.293,CKKS,16384,40,8,658133,15.126,82266.625,192,353
2025-12-12 15:19:40.321,CKKS,16384,40,8,657318,12.931,82164.750,192,224
2025-12-12 15:19:40.329,CKKS,16384,40,8,658051,11.184,82256.375,192,321
2025-12-12 15:19:40.336,CKKS,16384,40,8,657946,14.520,82243.250,192,401
2025-12-12 15:19:40.405,CKKS,16384,40,8,658282,9.540,82285.250,192,305
2025-12-12 15:19:40.451,CKKS,16384,40,8,657689,13.439,82211.125,192,417
2025-12-12 15:19:40.514,CKKS,16384,40,8,657759,13.162,82219.875,192,433
2025-12-12 15:19:40.560,CKKS,16384,40,8,658075,13.186,82259.375,192,44
2025-12-12 15:19:40.599,CKKS,16384,40,8,657233,10.842,82154.125,192,11
2025-12-12 15:19:40.608,CKKS,16384,40,8,657468,14.177,82183.500,192,159
2025-12-12 15:19:40.636,CKKS,16384,40,8,657318,13.283,82164.750,192,289
2025-12-12 15:19:40.641,CKKS,16384,40,8,658301,9.165,82287.625,192,77
2025-12-12 15:19:40.652,CKKS,16384,40,8,657259,15.017,82157.375,192,208
2025-12-12 15:19:40.655,CKKS,16384,40,8,657910,13.557,82238.750,192,110
2025-12-12 15:19:40.704,CKKS,16384,40,8,658345,9.282,82293.125,192,449
2025-12-12 15:19:40.775,CKKS,16384,40,8,658204,13.441,82275.500,192,273
2025-12-12 15:19:40.861,CKKS,16384,40,8,658217,9.768,82277.125,192,465
2025-12-12 15:19:40.937,CKKS,16384,40,8,658166,9.264,82270.750,192,143
2025-12-12 15:19:40.978,CKKS,16384,40,8,657840,11.465,82230.000,192,192
2025-12-12 15:19:41.012,CKKS,16384,40,8,657957,9.445,82244.625,192,257
2025-12-12 15:19:41.052,CKKS,16384,40,8,657844,9.643,82230.500,192,61
2025-12-12 15:19:41.072,CKKS,16384,40,8,657990,9.547,82248.750,192,28
2025-12-12 15:19:41.083,CKKS,16384,40,8,657308,13.220,82163.500,192,481
2025-12-12 15:19:41.105,CKKS,16384,40,8,657936,9.205,82242.000,192,94
2025-12-12 15:19:41.222,CKKS,16384,40,8,658268,9.214,82283.500,192,241
2025-12-12 15:19:41.326,CKKS,16384,40,8,657309,9.160,82163.625,192,497
2025-12-12 15:19:41.352,CKKS,16384,40,8,657763,9.138,82220.375,192,176
2025-12-12 15:19:41.396,CKKS,16384,40,8,658117,9.119,82264.625,192,127
2025-12-12 15:19:41.445,CKKS,16384,40,8,657447,10.093,82180.875,192,354
2025-12-12 15:19:41.456,CKKS,16384,40,8,658120,14.067,82265.000,192,338
2025-12-12 15:19:41.457,CKKS,16384,40,8,657332,14.131,82166.500,192,370
2025-12-12 15:19:41.464,CKKS,16384,40,8,658193,15.690,82274.125,192,386
2025-12-12 15:19:41.577,CKKS,16384,40,8,657439,9.243,82179.875,192,322
2025-12-12 15:19:41.591,CKKS,16384,40,8,658073,9.701,82259.125,192,225
2025-12-12 15:19:41.607,CKKS,16384,40,8,658216,10.346,82277.000,192,45
2025-12-12 15:19:41.625,CKKS,16384,40,8,657415,13.118,82176.875,192,402
2025-12-12 15:19:41.672,CKKS,16384,40,8,658279,9.699,82284.875,192,306
2025-12-12 15:19:41.695,CKKS,16384,40,8,657380,8.917,82172.500,192,418
2025-12-12 15:19:41.711,CKKS,16384,40,8,657681,9.814,82210.125,192,12
2025-12-12 15:19:41.828,CKKS,16384,40,8,658088,13.018,82261.000,192,160
2025-12-12 15:19:41.870,CKKS,16384,40,8,657427,13.705,82178.375,192,434
2025-12-12 15:19:41.878,CKKS,16384,40,8,658066,19.856,82258.250,192,290
2025-12-12 15:19:41.886,CKKS,16384,40,8,657454,22.409,82181.750,192,78
2025-12-12 15:19:41.900,CKKS,16384,40,8,657276,22.537,82159.500,192,209
2025-12-12 15:19:41.905,CKKS,16384,40,8,657426,29.544,82178.250,192,111
2025-12-12 15:19:41.945,CKKS,16384,40,8,657444,9.374,82180.500,192,450
2025-12-12 15:19:42.010,CKKS,16384,40,8,658016,9.276,82252.000,192,274
2025-12-12 15:19:42.112,CKKS,16384,40,8,657518,13.399,82189.750,192,466
2025-12-12 15:19:42.263,CKKS,16384,40,8,657356,13.219,82169.500,192,258
2025-12-12 15:19:42.292,CKKS,16384,40,8,658216,10.835,82277.000,192,144
2025-12-12 15:19:42.300,CKKS,16384,40,8,658153,14.304,82269.125,192,193
2025-12-12 15:19:42.308,CKKS,16384,40,8,658158,13.024,82269.750,192,482
2025-12-12 15:19:42.326,CKKS,16384,40,8,658237,9.166,82279.625,192,62
2025-12-12 15:19:42.336,CKKS,16384,40,8,657769,12.864,82221.125,192,29
2025-12-12 15:19:42.346,CKKS,16384,40,8,657663,12.144,82207.875,192,95
2025-12-12 15:19:42.530,CKKS,16384,40,8,657254,13.135,82156.750,192,242
2025-12-12 15:19:42.545,CKKS,16384,40,8,658178,9.251,82272.250,192,177
2025-12-12 15:19:42.573,CKKS,16384,40,8,657761,13.017,82220.125,192,371
2025-12-12 15:19:42.591,CKKS,16384,40,8,657330,10.127,82166.250,192,498
2025-12-12 15:19:42.666,CKKS,16384,40,8,657212,13.076,82151.500,192,355
2025-12-12 15:19:42.680,CKKS,16384,40,8,657908,25.849,82238.500,192,128
2025-12-12 15:19:42.698,CKKS,16384,40,8,657944,18.167,82243.000,192,339
2025-12-12 15:19:42.740,CKKS,16384,40,8,657253,13.390,82156.625,192,387
2025-12-12 15:19:42.788,CKKS,16384,40,8,657735,9.427,82216.875,192,226
2025-12-12 15:19:42.800,CKKS,16384,40,8,657338,10.474,82167.250,192,323
2025-12-12 15:19:42.824,CKKS,16384,40,8,658167,8.909,82270.875,192,46
2025-12-12 15:19:42.894,CKKS,16384,40,8,657337,13.020,82167.125,192,403
