timestamp,node_type,operation,data_size_bytes,latency_ms,throughput_mbps,success,error_type,connection_id
2025-12-12 17:50:32.684,smart_meter,send_encrypted_data,334433,0.382,7003.832,true,none,2
2025-12-12 17:50:32.689,smart_meter,send_encrypted_data,334379,0.368,7269.109,true,none,45
2025-12-12 17:50:32.693,smart_meter,send_encrypted_data,334420,1.546,1730.505,true,none,14
2025-12-12 17:50:32.693,smart_meter,send_encrypted_data,334353,0.344,7775.651,true,none,16
2025-12-12 17:50:32.694,smart_meter,send_encrypted_data,334296,0.446,5996.341,true,none,115
2025-12-12 17:50:32.694,smart_meter,send_encrypted_data,334418,0.493,5426.661,true,none,92
2025-12-12 17:50:32.696,smart_meter,send_encrypted_data,334301,0.325,8228.948,true,none,174
2025-12-12 17:50:32.699,smart_meter,send_encrypted_data,334259,0.378,7074.265,true,none,152
2025-12-12 17:50:32.701,smart_meter,send_encrypted_data,334274,0.396,6753.010,true,none,6
2025-12-12 17:50:32.701,smart_meter,send_encrypted_data,334156,0.375,7128.661,true,none,50
2025-12-12 17:50:32.701,smart_meter,send_encrypted_data,334478,0.369,7251.556,true,none,137
2025-12-12 17:50:32.702,smart_meter,send_encrypted_data,334097,0.358,7465.855,true,none,124
2025-12-12 17:50:32.703,smart_meter,send_encrypted_data,333796,0.889,3003.789,true,none,114
2025-12-12 17:50:32.703,smart_meter,send_encrypted_data,334181,2.511,1064.695,true,none,162
2025-12-12 17:50:32.705,smart_meter,send_encrypted_data,334196,0.345,7749.472,true,none,79
2025-12-12 17:50:32.705,smart_meter,send_encrypted_data,334283,0.349,7662.648,true,none,260
2025-12-12 17:50:32.706,smart_meter,send_encrypted_data,334097,0.372,7184.882,true,none,197
2025-12-12 17:50:32.707,smart_meter,send_encrypted_data,334402,0.412,6493.243,true,none,44
2025-12-12 17:50:32.707,smart_meter,send_encrypted_data,334354,0.374,7151.957,true,none,53
2025-12-12 17:50:32.707,smart_meter,send_encrypted_data,334265,0.395,6769.924,true,none,147
2025-12-12 17:50:32.707,smart_meter,send_encrypted_data,334357,0.379,7057.668,true,none,85
2025-12-12 17:50:32.708,smart_meter,send_encrypted_data,334078,0.376,7108.043,true,none,217
2025-12-12 17:50:32.709,smart_meter,send_encrypted_data,334140,0.352,7594.091,true,none,30
2025-12-12 17:50:32.709,smart_meter,send_encrypted_data,334457,0.369,7251.100,true,none,104
2025-12-12 17:50:32.710,smart_meter,send_encrypted_data,334084,0.358,7465.564,true,none,36
2025-12-12 17:50:32.710,smart_meter,send_encrypted_data,334443,0.354,7558.034,true,none,52
2025-12-12 17:50:32.711,smart_meter,send_encrypted_data,334343,0.353,7577.178,true,none,116
2025-12-12 17:50:32.711,smart_meter,send_encrypted_data,334447,0.343,7800.513,true,none,175
2025-12-12 17:50:32.713,smart_meter,send_encrypted_data,334176,0.353,7573.394,true,none,266
2025-12-12 17:50:32.714,smart_meter,send_encrypted_data,334398,2.943,908.999,true,none,182
2025-12-12 17:50:32.714,smart_meter,send_encrypted_data,334314,0.353,7576.521,true,none,129
2025-12-12 17:50:32.715,smart_meter,send_encrypted_data,333291,0.384,6943.562,true,none,7
2025-12-12 17:50:32.715,smart_meter,send_encrypted_data,334294,0.344,7774.279,true,none,268
2025-12-12 17:50:32.717,smart_meter,send_encrypted_data,334190,0.367,7284.796,true,none,135
2025-12-12 17:50:32.718,smart_meter,send_encrypted_data,334238,0.368,7266.043,true,none,99
2025-12-12 17:50:32.719,smart_meter,send_encrypted_data,334196,6.659,401.497,true,none,138
2025-12-12 17:50:32.719,smart_meter,send_encrypted_data,334252,0.353,7575.116,true,none,183
2025-12-12 17:50:32.720,smart_meter,send_encrypted_data,334335,6.764,395.429,true,none,55
2025-12-12 17:50:32.720,smart_meter,send_encrypted_data,334258,6.489,412.092,true,none,4
2025-12-12 17:50:32.721,smart_meter,send_encrypted_data,334370,0.339,7890.737,true,none,273
2025-12-12 17:50:32.721,smart_meter,send_encrypted_data,334369,0.378,7076.593,true,none,255
2025-12-12 17:50:32.721,smart_meter,send_encrypted_data,334162,4.286,623.727,true,none,63
2025-12-12 17:50:32.722,smart_meter,send_encrypted_data,334414,0.384,6966.958,true,none,28
2025-12-12 17:50:32.722,smart_meter,send_encrypted_data,333879,0.415,6436.222,true,none,202
2025-12-12 17:50:32.719,smart_meter,send_encrypted_data,334243,4.191,638.021,true,none,329
2025-12-12 17:50:32.722,smart_meter,send_encrypted_data,334057,7.042,379.502,true,none,54
2025-12-12 17:50:32.722,smart_meter,send_encrypted_data,334309,6.919,386.540,true,none,5
2025-12-12 17:50:32.724,smart_meter,send_encrypted_data,334364,0.361,7409.729,true,none,38
2025-12-12 17:50:32.724,smart_meter,send_encrypted_data,334164,0.377,7091.013,true,none,286
2025-12-12 17:50:32.721,smart_meter,send_encrypted_data,334407,4.265,627.258,true,none,26
2025-12-12 17:50:32.725,smart_meter,send_encrypted_data,334410,0.375,7134.080,true,none,198
2025-12-12 17:50:32.725,smart_meter,send_encrypted_data,334324,0.374,7151.316,true,none,120
2025-12-12 17:50:32.725,smart_meter,send_encrypted_data,334244,6.568,407.118,true,none,35
2025-12-12 17:50:32.725,smart_meter,send_encrypted_data,334358,0.403,6637.380,true,none,106
2025-12-12 17:50:32.725,smart_meter,send_encrypted_data,334420,0.403,6638.610,true,none,320
2025-12-12 17:50:32.726,smart_meter,send_encrypted_data,334327,0.403,6636.764,true,none,163
2025-12-12 17:50:32.726,smart_meter,send_encrypted_data,333941,0.387,6903.173,true,none,125
2025-12-12 17:50:32.727,smart_meter,send_encrypted_data,334407,0.399,6704.902,true,none,105
2025-12-12 17:50:32.727,smart_meter,send_encrypted_data,334305,0.378,7075.238,true,none,46
2025-12-12 17:50:32.727,smart_meter,send_encrypted_data,334121,0.357,7487.305,true,none,288
2025-12-12 17:50:32.728,smart_meter,send_encrypted_data,334391,0.375,7133.675,true,none,68
2025-12-12 17:50:32.728,smart_meter,send_encrypted_data,334178,0.366,7304.437,true,none,247
2025-12-12 17:50:32.729,smart_meter,send_encrypted_data,334454,0.347,7710.755,true,none,17
2025-12-12 17:50:32.729,smart_meter,send_encrypted_data,334150,0.391,6836.829,true,none,191
2025-12-12 17:50:32.729,smart_meter,send_encrypted_data,333355,0.340,7843.647,true,none,244
2025-12-12 17:50:32.729,smart_meter,send_encrypted_data,334329,0.393,6805.679,true,none,34
2025-12-12 17:50:32.730,smart_meter,send_encrypted_data,334180,0.347,7704.438,true,none,134
2025-12-12 17:50:32.730,smart_meter,send_encrypted_data,334325,4.455,600.359,true,none,178
2025-12-12 17:50:32.730,smart_meter,send_encrypted_data,334025,0.358,7464.246,true,none,62
2025-12-12 17:50:32.731,smart_meter,send_encrypted_data,334190,0.390,6855.179,true,none,81
2025-12-12 17:50:32.731,smart_meter,send_encrypted_data,334173,11.479,232.893,true,none,303
2025-12-12 17:50:32.731,smart_meter,send_encrypted_data,334461,0.354,7558.441,true,none,8
2025-12-12 17:50:32.732,smart_meter,send_encrypted_data,334302,3.472,770.281,true,none,87
2025-12-12 17:50:32.732,smart_meter,send_encrypted_data,334090,0.381,7015.013,true,none,156
2025-12-12 17:50:32.732,smart_meter,send_encrypted_data,334397,28.445,94.047,true,none,171
2025-12-12 17:50:32.732,smart_meter,send_encrypted_data,334053,0.339,7883.257,true,none,258
2025-12-12 17:50:32.733,smart_meter,send_encrypted_data,334320,0.377,7094.324,true,none,291
2025-12-12 17:50:32.733,smart_meter,send_encrypted_data,334293,0.386,6928.352,true,none,19
2025-12-12 17:50:32.733,smart_meter,send_encrypted_data,334472,0.357,7495.171,true,none,295
2025-12-12 17:50:32.733,smart_meter,send_encrypted_data,333309,0.397,6716.554,true,none,37
2025-12-12 17:50:32.733,smart_meter,send_encrypted_data,334161,0.391,6837.054,true,none,216
2025-12-12 17:50:32.733,smart_meter,send_encrypted_data,334397,0.359,7451.744,true,none,121
2025-12-12 17:50:32.734,smart_meter,send_encrypted_data,334363,0.381,7020.745,true,none,94
2025-12-12 17:50:32.734,smart_meter,send_encrypted_data,334255,0.368,7266.413,true,none,222
2025-12-12 17:50:32.734,smart_meter,send_encrypted_data,334220,0.367,7285.450,true,none,261
2025-12-12 17:50:32.729,smart_meter,send_encrypted_data,334186,0.391,6837.565,true,none,368
2025-12-12 17:50:32.734,smart_meter,send_encrypted_data,334202,4.158,643.005,true,none,231
2025-12-12 17:50:32.735,smart_meter,send_encrypted_data,334388,0.340,7867.953,true,none,61
2025-12-12 17:50:32.735,smart_meter,send_encrypted_data,334319,21.380,125.096,true,none,298
2025-12-12 17:50:32.735,smart_meter,send_encrypted_data,334278,0.349,7662.533,true,none,296
2025-12-12 17:50:32.735,smart_meter,send_encrypted_data,334374,0.386,6930.031,true,none,250
2025-12-12 17:50:32.736,smart_meter,send_encrypted_data,334211,0.419,6381.117,true,none,127
2025-12-12 17:50:32.736,smart_meter,send_encrypted_data,334387,0.391,6841.678,true,none,300
2025-12-12 17:50:32.737,smart_meter,send_encrypted_data,334372,7.558,353.926,true,none,370
2025-12-12 17:50:32.737,smart_meter,send_encrypted_data,334432,0.374,7153.626,true,none,130
2025-12-12 17:50:32.737,smart_meter,send_encrypted_data,334309,0.390,6857.621,true,none,285
2025-12-12 17:50:32.737,smart_meter,send_encrypted_data,334306,4.065,657.921,true,none,187
2025-12-12 17:50:32.737,smart_meter,send_encrypted_data,334321,10.166,263.090,true,none,149
2025-12-12 17:50:32.737,smart_meter,send_encrypted_data,334373,0.354,7556.452,true,none,215
2025-12-12 17:50:32.738,smart_meter,send_encrypted_data,334424,0.375,7134.379,true,none,271
2025-12-12 17:50:32.738,smart_meter,send_encrypted_data,334379,0.369,7249.409,true,none,101
2025-12-12 17:50:32.738,smart_meter,send_encrypted_data,334012,3.532,756.539,true,none,110
2025-12-12 17:50:32.738,smart_meter,send_encrypted_data,334269,0.360,7428.200,true,none,276
2025-12-12 17:50:32.738,smart_meter,send_encrypted_data,334347,0.366,7308.131,true,none,49
2025-12-12 17:50:32.739,smart_meter,send_encrypted_data,334343,0.367,7288.131,true,none,293
2025-12-12 17:50:32.739,smart_meter,send_encrypted_data,334434,4.058,659.308,true,none,82
2025-12-12 17:50:32.739,smart_meter,send_encrypted_data,334374,0.375,7133.312,true,none,148
2025-12-12 17:50:32.739,smart_meter,send_encrypted_data,333926,0.592,4512.514,true,none,31
2025-12-12 17:50:32.739,smart_meter,send_encrypted_data,334418,10.234,261.417,true,none,234
2025-12-12 17:50:32.740,smart_meter,send_encrypted_data,334279,0.358,7469.922,true,none,263
2025-12-12 17:50:32.740,smart_meter,send_encrypted_data,334265,0.342,7819.064,true,none,253
2025-12-12 17:50:32.740,smart_meter,send_encrypted_data,334265,0.360,7428.111,true,none,56
2025-12-12 17:50:32.740,smart_meter,send_encrypted_data,334195,0.336,7957.024,true,none,167
2025-12-12 17:50:32.740,smart_meter,send_encrypted_data,334493,0.367,7291.401,true,none,111
2025-12-12 17:50:32.741,smart_meter,send_encrypted_data,334067,6.827,391.466,true,none,59
2025-12-12 17:50:32.741,smart_meter,send_encrypted_data,334422,2.955,905.373,true,none,24
2025-12-12 17:50:32.740,smart_meter,send_encrypted_data,334319,12.272,217.939,true,none,93
2025-12-12 17:50:32.741,smart_meter,send_encrypted_data,334209,9.301,287.461,true,none,376
2025-12-12 17:50:32.741,smart_meter,send_encrypted_data,333895,0.384,6956.146,true,none,176
2025-12-12 17:50:32.741,smart_meter,send_encrypted_data,333579,8.786,303.737,true,none,208
2025-12-12 17:50:32.742,smart_meter,send_encrypted_data,334147,0.350,7637.646,true,none,278
2025-12-12 17:50:32.742,smart_meter,send_encrypted_data,334319,0.392,6822.837,true,none,275
2025-12-12 17:50:32.742,smart_meter,send_encrypted_data,334321,0.400,6686.420,true,none,377
2025-12-12 17:50:32.742,smart_meter,send_encrypted_data,334132,0.375,7128.149,true,none,76
2025-12-12 17:50:32.743,smart_meter,send_encrypted_data,334278,11.071,241.552,true,none,10
2025-12-12 17:50:32.743,smart_meter,send_encrypted_data,334168,13.396,199.563,true,none,256
2025-12-12 17:50:32.743,smart_meter,send_encrypted_data,334185,0.357,7488.739,true,none,165
2025-12-12 17:50:32.744,smart_meter,send_encrypted_data,334449,0.371,7211.838,true,none,308
2025-12-12 17:50:32.744,smart_meter,send_encrypted_data,334162,0.441,6061.896,true,none,226
2025-12-12 17:50:32.744,smart_meter,send_encrypted_data,334407,0.373,7172.268,true,none,70
2025-12-12 17:50:32.745,smart_meter,send_encrypted_data,334191,11.202,238.665,true,none,331
2025-12-12 17:50:32.745,smart_meter,send_encrypted_data,334436,0.378,7078.011,true,none,304
2025-12-12 17:50:32.745,smart_meter,send_encrypted_data,334102,10.872,245.844,true,none,219
2025-12-12 17:50:32.745,smart_meter,send_encrypted_data,334188,14.623,182.829,true,none,153
2025-12-12 17:50:32.745,smart_meter,send_encrypted_data,334431,0.345,7754.922,true,none,145
2025-12-12 17:50:32.746,smart_meter,send_encrypted_data,334234,0.358,7468.916,true,none,160
2025-12-12 17:50:32.746,smart_meter,send_encrypted_data,334443,0.402,6655.582,true,none,281
2025-12-12 17:50:32.746,smart_meter,send_encrypted_data,334077,0.352,7592.659,true,none,29
2025-12-12 17:50:32.746,smart_meter,send_encrypted_data,334324,0.370,7228.627,true,none,238
2025-12-12 17:50:32.747,smart_meter,send_encrypted_data,334205,0.341,7840.587,true,none,112
2025-12-12 17:50:32.747,smart_meter,send_encrypted_data,333817,5.215,512.087,true,none,159
2025-12-12 17:50:32.747,smart_meter,send_encrypted_data,334338,0.371,7209.445,true,none,213
2025-12-12 17:50:32.747,smart_meter,send_encrypted_data,334167,0.388,6890.041,true,none,228
2025-12-12 17:50:32.747,smart_meter,send_encrypted_data,334285,4.783,559.122,true,none,221
2025-12-12 17:50:32.748,smart_meter,send_encrypted_data,334475,6.655,402.074,true,none,358
2025-12-12 17:50:32.748,smart_meter,send_encrypted_data,334277,0.404,6619.347,true,none,356
2025-12-12 17:50:32.748,smart_meter,send_encrypted_data,334247,0.358,7469.207,true,none,89
2025-12-12 17:50:32.748,smart_meter,send_encrypted_data,334399,3.257,821.367,true,none,264
2025-12-12 17:50:32.748,smart_meter,send_encrypted_data,334458,0.385,6949.777,true,none,47
2025-12-12 17:50:32.748,smart_meter,send_encrypted_data,334197,0.384,6962.438,true,none,274
2025-12-12 17:50:32.749,smart_meter,send_encrypted_data,334145,0.380,7034.632,true,none,91
2025-12-12 17:50:32.749,smart_meter,send_encrypted_data,334347,0.372,7190.258,true,none,332
2025-12-12 17:50:32.749,smart_meter,send_encrypted_data,334412,0.368,7269.826,true,none,188
2025-12-12 17:50:32.751,smart_meter,send_encrypted_data,334486,0.357,7495.485,true,none,225
2025-12-12 17:50:32.752,smart_meter,send_encrypted_data,333967,0.382,6994.073,true,none,172
2025-12-12 17:50:32.750,smart_meter,send_encrypted_data,334385,1.880,1422.915,true,none,78
2025-12-12 17:50:32.752,smart_meter,send_encrypted_data,334443,0.339,7892.460,true,none,336
2025-12-12 17:50:32.749,smart_meter,send_encrypted_data,334236,1.175,2275.649,true,none,195
2025-12-12 17:50:32.753,smart_meter,send_encrypted_data,334460,3.919,682.746,true,none,71
2025-12-12 17:50:32.753,smart_meter,send_encrypted_data,334279,0.369,7247.241,true,none,212
2025-12-12 17:50:32.753,smart_meter,send_encrypted_data,334204,0.912,2931.614,true,none,267
2025-12-12 17:50:32.753,smart_meter,send_encrypted_data,334404,0.378,7077.333,true,none,289
2025-12-12 17:50:32.746,smart_meter,send_encrypted_data,334325,0.334,8007.784,true,none,310
2025-12-12 17:50:32.754,smart_meter,send_encrypted_data,334359,0.360,7430.200,true,none,139
2025-12-12 17:50:32.754,smart_meter,send_encrypted_data,334160,0.376,7109.787,true,none,72
2025-12-12 17:50:32.754,smart_meter,send_encrypted_data,334466,10.722,249.555,true,none,318
2025-12-12 17:50:32.754,smart_meter,send_encrypted_data,334341,0.357,7492.235,true,none,339
2025-12-12 17:50:32.755,smart_meter,send_encrypted_data,334178,0.360,7426.178,true,none,39
2025-12-12 17:50:32.755,smart_meter,send_encrypted_data,334392,1.558,1717.032,true,none,272
2025-12-12 17:50:32.755,smart_meter,send_encrypted_data,334241,3.593,744.205,true,none,88
2025-12-12 17:50:32.756,smart_meter,send_encrypted_data,334150,0.370,7224.865,true,none,362
2025-12-12 17:50:32.756,smart_meter,send_encrypted_data,334371,0.347,7708.841,true,none,9
2025-12-12 17:50:32.756,smart_meter,send_encrypted_data,334099,0.355,7528.992,true,none,241
2025-12-12 17:50:32.757,smart_meter,send_encrypted_data,334269,0.369,7247.024,true,none,229
2025-12-12 17:50:32.757,smart_meter,send_encrypted_data,334173,0.379,7053.784,true,none,32
2025-12-12 17:50:32.757,smart_meter,send_encrypted_data,334172,0.361,7405.474,true,none,107
2025-12-12 17:50:32.757,smart_meter,send_encrypted_data,334347,0.389,6876.031,true,none,23
2025-12-12 17:50:32.757,smart_meter,send_encrypted_data,334369,0.366,7308.612,true,none,199
2025-12-12 17:50:32.758,smart_meter,send_encrypted_data,334405,0.354,7557.175,true,none,311
2025-12-12 17:50:32.758,smart_meter,send_encrypted_data,334135,0.382,6997.592,true,none,75
2025-12-12 17:50:32.758,smart_meter,send_encrypted_data,334208,0.364,7345.231,true,none,347
2025-12-12 17:50:32.759,smart_meter,send_encrypted_data,334366,0.354,7556.294,true,none,95
2025-12-12 17:50:32.759,smart_meter,send_encrypted_data,334301,0.359,7449.604,true,none,316
2025-12-12 17:50:32.759,smart_meter,send_encrypted_data,334250,0.368,7266.304,true,none,117
2025-12-12 17:50:32.760,smart_meter,send_encrypted_data,333909,0.372,7180.839,true,none,345
2025-12-12 17:50:32.760,smart_meter,send_encrypted_data,333857,0.383,6973.514,true,none,57
2025-12-12 17:50:32.760,smart_meter,send_encrypted_data,334057,23.234,115.024,true,none,201
2025-12-12 17:50:32.760,smart_meter,send_encrypted_data,334328,0.366,7307.716,true,none,43
2025-12-12 17:50:32.761,smart_meter,send_encrypted_data,334366,5.782,462.630,true,none,209
2025-12-12 17:50:32.762,smart_meter,send_encrypted_data,334129,0.349,7659.117,true,none,20
2025-12-12 17:50:32.762,smart_meter,send_encrypted_data,334296,0.376,7112.681,true,none,239
2025-12-12 17:50:32.763,smart_meter,send_encrypted_data,334148,1.861,1436.423,true,none,353
2025-12-12 17:50:32.763,smart_meter,send_encrypted_data,334142,0.396,6750.343,true,none,177
2025-12-12 17:50:32.764,smart_meter,send_encrypted_data,334318,0.369,7248.087,true,none,192
2025-12-12 17:50:32.764,smart_meter,send_encrypted_data,334287,5.570,480.125,true,none,357
2025-12-12 17:50:32.764,smart_meter,send_encrypted_data,334358,3.544,754.758,true,none,254
2025-12-12 17:50:32.764,smart_meter,send_encrypted_data,334425,0.384,6967.188,true,none,64
2025-12-12 17:50:32.765,smart_meter,send_encrypted_data,334451,0.362,7391.182,true,none,131
2025-12-12 17:50:32.765,smart_meter,send_encrypted_data,334239,1.669,1602.104,true,none,13
2025-12-12 17:50:32.765,smart_meter,send_encrypted_data,334427,0.377,7096.594,true,none,77
2025-12-12 17:50:32.766,smart_meter,send_encrypted_data,333379,0.350,7620.091,true,none,142
2025-12-12 17:50:32.766,smart_meter,send_encrypted_data,334338,0.363,7368.331,true,none,287
2025-12-12 17:50:32.766,smart_meter,send_encrypted_data,334430,0.361,7411.191,true,none,11
2025-12-12 17:50:32.767,smart_meter,send_encrypted_data,334319,0.414,6460.271,true,none,21
2025-12-12 17:50:32.767,smart_meter,send_encrypted_data,334200,0.386,6926.425,true,none,203
2025-12-12 17:50:32.768,smart_meter,send_encrypted_data,334409,0.386,6930.756,true,none,84
2025-12-12 17:50:32.768,smart_meter,send_encrypted_data,334130,0.381,7015.853,true,none,161
2025-12-12 17:50:32.768,smart_meter,send_encrypted_data,334373,0.347,7708.888,true,none,102
2025-12-12 17:50:32.769,smart_meter,send_encrypted_data,334098,2.176,1228.301,true,none,155
2025-12-12 17:50:32.769,smart_meter,send_encrypted_data,334264,0.430,6218.865,true,none,269
2025-12-12 17:50:32.769,smart_meter,send_encrypted_data,334065,0.413,6470.993,true,none,259
2025-12-12 17:50:32.770,smart_meter,send_encrypted_data,334491,0.392,6826.347,true,none,33
2025-12-12 17:50:32.770,smart_meter,send_encrypted_data,334445,0.370,7231.243,true,none,206
2025-12-12 17:50:32.770,smart_meter,send_encrypted_data,334517,2.794,957.815,true,none,299
2025-12-12 17:50:32.771,smart_meter,send_encrypted_data,334036,0.349,7656.986,true,none,367
2025-12-12 17:50:32.771,smart_meter,send_encrypted_data,334321,0.343,7797.574,true,none,25
2025-12-12 17:50:32.771,smart_meter,send_encrypted_data,334279,16.398,163.083,true,none,375
2025-12-12 17:50:32.771,smart_meter,send_encrypted_data,334386,0.337,7937.947,true,none,168
2025-12-12 17:50:32.771,smart_meter,send_encrypted_data,333707,0.350,7627.589,true,none,328
2025-12-12 17:50:32.772,smart_meter,send_encrypted_data,334310,0.375,7131.947,true,none,248
2025-12-12 17:50:32.773,smart_meter,send_encrypted_data,334171,0.351,7616.433,true,none,73
2025-12-12 17:50:32.773,smart_meter,send_encrypted_data,334061,5.887,453.964,true,none,42
2025-12-12 17:50:32.773,smart_meter,send_encrypted_data,334258,0.350,7640.183,true,none,374
2025-12-12 17:50:32.774,smart_meter,send_encrypted_data,334392,5.887,454.414,true,none,96
2025-12-12 17:50:32.775,smart_meter,send_encrypted_data,334266,0.375,7131.008,true,none,48
2025-12-12 17:50:32.775,smart_meter,send_encrypted_data,333993,0.341,7835.613,true,none,144
2025-12-12 17:50:32.775,smart_meter,send_encrypted_data,334292,0.340,7865.694,true,none,113
2025-12-12 17:50:32.775,smart_meter,send_encrypted_data,334461,14.753,181.366,true,none,360
2025-12-12 17:50:32.776,smart_meter,send_encrypted_data,334373,0.389,6876.566,true,none,41
2025-12-12 17:50:32.776,smart_meter,send_encrypted_data,334419,0.355,7536.203,true,none,118
2025-12-12 17:50:32.777,smart_meter,send_encrypted_data,334213,0.360,7426.956,true,none,297
2025-12-12 17:50:32.777,smart_meter,send_encrypted_data,334119,0.396,6749.879,true,none,133
2025-12-12 17:50:32.777,smart_meter,send_encrypted_data,334406,0.396,6755.677,true,none,22
2025-12-12 17:50:32.778,smart_meter,send_encrypted_data,334181,6.232,428.987,true,none,214
2025-12-12 17:50:32.778,smart_meter,send_encrypted_data,334264,0.411,6506.355,true,none,83
2025-12-12 17:50:32.776,smart_meter,send_encrypted_data,334125,4.937,541.422,true,none,361
2025-12-12 17:50:32.779,smart_meter,send_encrypted_data,334373,0.399,6704.221,true,none,146
2025-12-12 17:50:32.779,smart_meter,send_encrypted_data,334014,3.919,681.835,true,none,335
2025-12-12 17:50:32.779,smart_meter,send_encrypted_data,334407,0.393,6807.267,true,none,240
2025-12-12 17:50:32.779,smart_meter,send_encrypted_data,334387,0.340,7867.929,true,none,67
2025-12-12 17:50:32.780,smart_meter,send_encrypted_data,334361,0.344,7775.837,true,none,157
2025-12-12 17:50:32.780,smart_meter,send_encrypted_data,334201,0.396,6751.535,true,none,136
2025-12-12 17:50:32.780,smart_meter,send_encrypted_data,334479,0.396,6757.152,true,none,169
2025-12-12 17:50:32.781,smart_meter,send_encrypted_data,334506,0.339,7893.947,true,none,235
2025-12-12 17:50:32.781,smart_meter,send_encrypted_data,334397,0.415,6446.207,true,none,58
2025-12-12 17:50:32.781,smart_meter,send_encrypted_data,334339,0.389,6875.866,true,none,90
2025-12-12 17:50:32.782,smart_meter,send_encrypted_data,334185,0.360,7426.333,true,none,366
2025-12-12 17:50:32.782,smart_meter,send_encrypted_data,334545,0.373,7175.228,true,none,369
2025-12-12 17:50:32.782,smart_meter,send_encrypted_data,334133,4.999,534.720,true,none,108
2025-12-12 17:50:32.782,smart_meter,send_encrypted_data,334293,0.363,7367.339,true,none,150
2025-12-12 17:50:32.779,smart_meter,send_encrypted_data,334414,1.031,2594.871,true,none,302
2025-12-12 17:50:32.783,smart_meter,send_encrypted_data,334439,0.377,7096.849,true,none,306
2025-12-12 17:50:32.783,smart_meter,send_encrypted_data,334571,0.386,6934.114,true,none,330
2025-12-12 17:50:32.783,smart_meter,send_encrypted_data,334312,0.357,7491.585,true,none,270
2025-12-12 17:50:32.784,smart_meter,send_encrypted_data,334357,0.366,7308.350,true,none,100
2025-12-12 17:50:32.784,smart_meter,send_encrypted_data,334328,0.345,7752.533,true,none,164
2025-12-12 17:50:32.784,smart_meter,send_encrypted_data,334070,0.400,6681.400,true,none,363
2025-12-12 17:50:32.784,smart_meter,send_encrypted_data,334425,5.411,494.437,true,none,279
2025-12-12 17:50:32.785,smart_meter,send_encrypted_data,334002,0.393,6799.023,true,none,51
2025-12-12 17:50:32.785,smart_meter,send_encrypted_data,334429,0.407,6573.543,true,none,40
2025-12-12 17:50:32.785,smart_meter,send_encrypted_data,334427,0.344,7777.372,true,none,126
2025-12-12 17:50:32.786,smart_meter,send_encrypted_data,334441,0.384,6967.521,true,none,282
2025-12-12 17:50:32.786,smart_meter,send_encrypted_data,334391,12.409,215.580,true,none,66
2025-12-12 17:50:32.786,smart_meter,send_encrypted_data,334163,0.340,7862.659,true,none,207
2025-12-12 17:50:32.787,smart_meter,send_encrypted_data,334225,0.361,7406.648,true,none,27
2025-12-12 17:50:32.786,smart_meter,send_encrypted_data,334361,3.619,739.124,true,none,343
2025-12-12 17:50:32.787,smart_meter,send_encrypted_data,333899,0.381,7011.003,true,none,205
2025-12-12 17:50:32.787,smart_meter,send_encrypted_data,334385,0.366,7308.962,true,none,103
2025-12-12 17:50:32.788,smart_meter,send_encrypted_data,334312,3.807,702.521,true,none,294
2025-12-12 17:50:32.788,smart_meter,send_encrypted_data,334325,0.396,6754.040,true,none,12
2025-12-12 17:50:32.788,smart_meter,send_encrypted_data,334419,0.380,7040.400,true,none,400
2025-12-12 17:50:32.788,smart_meter,send_encrypted_data,334166,0.388,6890.021,true,none,185
2025-12-12 17:50:32.789,smart_meter,send_encrypted_data,334197,0.363,7365.223,true,none,262
2025-12-12 17:50:32.789,smart_meter,send_encrypted_data,334457,0.361,7411.789,true,none,371
2025-12-12 17:50:32.789,smart_meter,send_encrypted_data,334465,0.366,7310.710,true,none,193
2025-12-12 17:50:32.789,smart_meter,send_encrypted_data,334431,0.359,7452.501,true,none,246
2025-12-12 17:50:32.790,smart_meter,send_encrypted_data,334181,2.734,977.852,true,none,314
2025-12-12 17:50:32.790,smart_meter,send_encrypted_data,334254,0.387,6909.643,true,none,60
2025-12-12 17:50:32.791,smart_meter,send_encrypted_data,334222,0.391,6838.302,true,none,74
2025-12-12 17:50:32.791,smart_meter,send_encrypted_data,334012,0.362,7381.481,true,none,154
2025-12-12 17:50:32.791,smart_meter,send_encrypted_data,334282,5.198,514.478,true,none,218
2025-12-12 17:50:32.789,smart_meter,send_encrypted_data,334103,3.063,872.616,true,none,257
2025-12-12 17:50:32.791,smart_meter,send_encrypted_data,334463,0.370,7231.632,true,none,140
2025-12-12 17:50:32.791,smart_meter,send_encrypted_data,334179,0.361,7405.629,true,none,132
2025-12-12 17:50:32.792,smart_meter,send_encrypted_data,334405,0.401,6671.421,true,none,223
2025-12-12 17:50:32.792,smart_meter,send_encrypted_data,334028,0.421,6347.325,true,none,390
2025-12-12 17:50:32.792,smart_meter,send_encrypted_data,334282,2.140,1249.652,true,none,200
2025-12-12 17:50:32.792,smart_meter,send_encrypted_data,334557,0.374,7156.299,true,none,283
2025-12-12 17:50:32.793,smart_meter,send_encrypted_data,334410,0.391,6842.148,true,none,122
2025-12-12 17:50:32.793,smart_meter,send_encrypted_data,334543,0.371,7213.865,true,none,305
2025-12-12 17:50:32.793,smart_meter,send_encrypted_data,334102,6.739,396.619,true,none,340
2025-12-12 17:50:32.793,smart_meter,send_encrypted_data,334364,0.425,6293.911,true,none,292
2025-12-12 17:50:32.794,smart_meter,send_encrypted_data,334505,0.361,7412.853,true,none,173
2025-12-12 17:50:32.793,smart_meter,send_encrypted_data,334106,2.200,1214.931,true,none,98
2025-12-12 17:50:32.794,smart_meter,send_encrypted_data,334125,0.380,7034.211,true,none,141
2025-12-12 17:50:32.795,smart_meter,send_encrypted_data,334429,0.346,7732.462,true,none,313
2025-12-12 17:50:32.795,smart_meter,send_encrypted_data,334397,17.420,153.569,true,none,15
2025-12-12 17:50:32.796,smart_meter,send_encrypted_data,334233,0.350,7639.611,true,none,170
2025-12-12 17:50:32.796,smart_meter,send_encrypted_data,334464,0.342,7823.719,true,none,307
2025-12-12 17:50:32.796,smart_meter,send_encrypted_data,334139,25.426,105.133,true,none,211
2025-12-12 17:50:32.796,smart_meter,send_encrypted_data,334244,0.340,7864.565,true,none,151
2025-12-12 17:50:32.797,smart_meter,send_encrypted_data,334365,0.383,6984.125,true,none,65
2025-12-12 17:50:32.797,smart_meter,send_encrypted_data,334516,0.391,6844.317,true,none,220
2025-12-12 17:50:32.798,smart_meter,send_encrypted_data,334065,10.125,263.953,true,none,123
2025-12-12 17:50:32.798,smart_meter,send_encrypted_data,334577,9.397,284.837,true,none,143
2025-12-12 17:50:32.799,smart_meter,send_encrypted_data,334356,0.354,7556.068,true,none,109
2025-12-12 17:50:32.799,smart_meter,send_encrypted_data,334190,0.370,7225.730,true,none,128
2025-12-12 17:50:32.799,smart_meter,send_encrypted_data,334310,13.273,201.498,true,none,1
2025-12-12 17:50:32.800,smart_meter,send_encrypted_data,334315,0.357,7491.653,true,none,227
2025-12-12 17:50:32.800,smart_meter,send_encrypted_data,334436,0.353,7579.286,true,none,158
2025-12-12 17:50:32.800,smart_meter,send_encrypted_data,334384,0.373,7171.775,true,none,378
2025-12-12 17:50:32.801,smart_meter,send_encrypted_data,334420,0.366,7309.727,true,none,230
2025-12-12 17:50:32.801,smart_meter,send_encrypted_data,334128,6.427,415.905,true,none,224
2025-12-12 17:50:32.801,smart_meter,send_encrypted_data,334326,0.348,7685.655,true,none,69
2025-12-12 17:50:32.802,smart_meter,send_encrypted_data,334364,26.398,101.330,true,none,18
2025-12-12 17:50:32.802,smart_meter,send_encrypted_data,334144,0.341,7839.155,true,none,181
2025-12-12 17:50:32.803,smart_meter,send_encrypted_data,334243,0.329,8127.489,true,none,350
2025-12-12 17:50:32.804,smart_meter,send_encrypted_data,333590,10.844,246.101,true,none,3
2025-12-12 17:50:32.804,smart_meter,send_encrypted_data,334429,0.349,7665.994,true,none,194
2025-12-12 17:50:32.805,smart_meter,send_encrypted_data,334003,0.383,6976.564,true,none,189
2025-12-12 17:50:32.806,smart_meter,send_encrypted_data,334333,0.368,7268.109,true,none,119
2025-12-12 17:50:32.806,smart_meter,send_encrypted_data,334531,0.342,7825.287,true,none,242
2025-12-12 17:50:32.806,smart_meter,send_encrypted_data,333637,0.335,7967.451,true,none,317
2025-12-12 17:50:32.807,smart_meter,send_encrypted_data,334229,14.260,187.506,true,none,86
2025-12-12 17:50:32.807,smart_meter,send_encrypted_data,334211,33.262,80.383,true,none,232
2025-12-12 17:50:32.807,smart_meter,send_encrypted_data,334311,0.333,8031.495,true,none,237
2025-12-12 17:50:32.808,smart_meter,send_encrypted_data,334336,0.357,7492.123,true,none,204
2025-12-12 17:50:32.808,smart_meter,send_encrypted_data,334145,0.336,7955.833,true,none,280
2025-12-12 17:50:32.809,smart_meter,send_encrypted_data,334383,0.373,7171.753,true,none,290
2025-12-12 17:50:32.809,smart_meter,send_encrypted_data,333952,0.354,7546.938,true,none,319
2025-12-12 17:50:32.810,smart_meter,send_encrypted_data,333871,0.330,8093.842,true,none,326
2025-12-12 17:50:32.810,smart_meter,send_encrypted_data,334442,0.492,5438.081,true,none,321
2025-12-12 17:50:32.810,smart_meter,send_encrypted_data,334108,0.363,7363.262,true,none,396
2025-12-12 17:50:32.810,smart_meter,send_encrypted_data,333277,0.350,7617.760,true,none,186
2025-12-12 17:50:32.811,smart_meter,send_encrypted_data,334287,0.398,6719.337,true,none,249
2025-12-12 17:50:32.811,smart_meter,send_encrypted_data,334329,0.378,7075.746,true,none,394
2025-12-12 17:50:32.812,smart_meter,send_encrypted_data,334469,6.251,428.052,true,none,309
2025-12-12 17:50:32.812,smart_meter,send_encrypted_data,334352,12.449,214.862,true,none,80
2025-12-12 17:50:32.812,smart_meter,send_encrypted_data,334307,2.123,1259.753,true,none,409
2025-12-12 17:50:32.812,smart_meter,send_encrypted_data,334395,0.365,7329.205,true,none,338
2025-12-12 17:50:32.813,smart_meter,send_encrypted_data,334344,1.421,1882.303,true,none,333
2025-12-12 17:50:32.813,smart_meter,send_encrypted_data,334380,0.388,6894.433,true,none,312
2025-12-12 17:50:32.813,smart_meter,send_encrypted_data,334371,0.388,6894.247,true,none,324
2025-12-12 17:50:32.814,smart_meter,send_encrypted_data,334455,19.131,139.859,true,none,97
2025-12-12 17:50:32.814,smart_meter,send_encrypted_data,334453,7.263,368.391,true,none,265
2025-12-12 17:50:32.814,smart_meter,send_encrypted_data,334401,0.373,7172.139,true,none,315
2025-12-12 17:50:32.814,smart_meter,send_encrypted_data,334468,4.712,567.857,true,none,233
2025-12-12 17:50:32.815,smart_meter,send_encrypted_data,334436,0.790,3386.694,true,none,403
2025-12-12 17:50:32.815,smart_meter,send_encrypted_data,334231,5.785,462.204,true,none,277
2025-12-12 17:50:32.815,smart_meter,send_encrypted_data,334141,0.681,3925.298,true,none,245
2025-12-12 17:50:32.816,smart_meter,send_encrypted_data,334378,0.339,7890.926,true,none,349
2025-12-12 17:50:32.817,smart_meter,send_encrypted_data,333742,0.361,7395.945,true,none,352
2025-12-12 17:50:32.818,smart_meter,send_encrypted_data,334346,0.708,3777.921,true,none,354
2025-12-12 17:50:32.818,smart_meter,send_encrypted_data,334163,0.340,7862.659,true,none,407
2025-12-12 17:50:32.819,smart_meter,send_encrypted_data,334170,0.331,8076.616,true,none,413
2025-12-12 17:50:32.820,smart_meter,send_encrypted_data,334519,0.355,7538.456,true,none,342
2025-12-12 17:50:32.821,smart_meter,send_encrypted_data,334255,3.327,803.739,true,none,365
2025-12-12 17:50:32.821,smart_meter,send_encrypted_data,333873,0.464,5756.431,true,none,389
2025-12-12 17:50:32.822,smart_meter,send_encrypted_data,334372,3.001,891.362,true,none,373
2025-12-12 17:50:32.822,smart_meter,send_encrypted_data,334331,3.922,681.960,true,none,325
2025-12-12 17:50:32.822,smart_meter,send_encrypted_data,334316,0.375,7132.075,true,none,323
2025-12-12 17:50:32.825,smart_meter,send_encrypted_data,334116,0.359,7445.482,true,none,382
2025-12-12 17:50:32.828,smart_meter,send_encrypted_data,334346,0.418,6398.967,true,none,364
2025-12-12 17:50:32.828,smart_meter,send_encrypted_data,334178,0.351,7616.593,true,none,399
2025-12-12 17:50:32.830,smart_meter,send_encrypted_data,334430,2.492,1073.612,true,none,380
2025-12-12 17:50:32.831,smart_meter,send_encrypted_data,334347,0.347,7708.288,true,none,397
2025-12-12 17:50:32.831,smart_meter,send_encrypted_data,334465,2.460,1087.691,true,none,401
2025-12-12 17:50:32.835,smart_meter,send_encrypted_data,334477,0.351,7623.407,true,none,379
2025-12-12 17:50:32.836,smart_meter,send_encrypted_data,334238,0.343,7795.638,true,none,179
2025-12-12 17:50:32.837,smart_meter,send_encrypted_data,334468,0.374,7154.396,true,none,405
2025-12-12 17:50:32.841,smart_meter,send_encrypted_data,334397,1.057,2530.914,true,none,351
2025-12-12 17:50:32.842,smart_meter,send_encrypted_data,334321,4.364,612.871,true,none,391
2025-12-12 17:50:32.842,smart_meter,send_encrypted_data,334086,0.360,7424.133,true,none,334
2025-12-12 17:50:32.842,smart_meter,send_encrypted_data,334513,0.379,7060.960,true,none,251
2025-12-12 17:50:32.843,smart_meter,send_encrypted_data,334188,0.348,7682.483,true,none,243
2025-12-12 17:50:32.844,smart_meter,send_encrypted_data,334398,0.369,7249.821,true,none,180
2025-12-12 17:50:32.846,smart_meter,send_encrypted_data,334184,0.340,7863.153,true,none,429
2025-12-12 17:50:32.847,smart_meter,send_encrypted_data,334062,0.347,7701.718,true,none,284
2025-12-12 17:50:32.847,smart_meter,send_encrypted_data,334255,2.197,1217.132,true,none,423
2025-12-12 17:50:32.848,smart_meter,send_encrypted_data,334464,0.343,7800.910,true,none,427
2025-12-12 17:50:32.848,smart_meter,send_encrypted_data,334393,3.407,785.190,true,none,451
2025-12-12 17:50:32.848,smart_meter,send_encrypted_data,334471,0.348,7688.989,true,none,166
2025-12-12 17:50:32.851,smart_meter,send_encrypted_data,334465,0.341,7846.686,true,none,393
2025-12-12 17:50:32.853,smart_meter,send_encrypted_data,334411,5.739,466.159,true,none,196
2025-12-12 17:50:32.854,smart_meter,send_encrypted_data,334293,1.948,1372.867,true,none,425
2025-12-12 17:50:32.854,smart_meter,send_encrypted_data,334034,0.363,7361.631,true,none,442
2025-12-12 17:50:32.857,smart_meter,send_encrypted_data,334091,0.341,7837.912,true,none,411
2025-12-12 17:50:32.861,smart_meter,send_encrypted_data,334124,0.863,3097.326,true,none,395
2025-12-12 17:50:32.863,smart_meter,send_encrypted_data,334187,0.350,7638.560,true,none,210
2025-12-12 17:50:32.864,smart_meter,send_encrypted_data,334352,0.357,7492.482,true,none,408
2025-12-12 17:50:32.864,smart_meter,send_encrypted_data,334445,0.685,3905.927,true,none,388
2025-12-12 17:50:32.865,smart_meter,send_encrypted_data,334246,0.356,7511.146,true,none,406
2025-12-12 17:50:32.867,smart_meter,send_encrypted_data,334185,10.186,262.466,true,none,252
2025-12-12 17:50:32.867,smart_meter,send_encrypted_data,334253,2.972,899.739,true,none,455
2025-12-12 17:50:32.868,smart_meter,send_encrypted_data,334312,0.398,6719.839,true,none,392
2025-12-12 17:50:32.868,smart_meter,send_encrypted_data,334361,3.555,752.430,true,none,404
2025-12-12 17:50:32.869,smart_meter,send_encrypted_data,334394,1.261,2121.453,true,none,448
2025-12-12 17:50:32.870,smart_meter,send_encrypted_data,334258,0.341,7841.830,true,none,355
2025-12-12 17:50:32.870,smart_meter,send_encrypted_data,334360,0.347,7708.588,true,none,346
2025-12-12 17:50:32.872,smart_meter,send_encrypted_data,334457,0.339,7892.791,true,none,337
2025-12-12 17:50:32.873,smart_meter,send_encrypted_data,334421,10.147,263.661,true,none,465
2025-12-12 17:50:32.873,smart_meter,send_encrypted_data,334118,9.729,274.740,true,none,472
2025-12-12 17:50:32.873,smart_meter,send_encrypted_data,334334,0.357,7492.078,true,none,418
2025-12-12 17:50:32.873,smart_meter,send_encrypted_data,334359,0.351,7620.718,true,none,414
2025-12-12 17:50:32.874,smart_meter,send_encrypted_data,334409,0.366,7309.486,true,none,383
2025-12-12 17:50:32.874,smart_meter,send_encrypted_data,334298,8.621,310.217,true,none,433
2025-12-12 17:50:32.875,smart_meter,send_encrypted_data,334345,5.626,475.428,true,none,398
2025-12-12 17:50:32.875,smart_meter,send_encrypted_data,334372,0.359,7451.187,true,none,412
2025-12-12 17:50:32.876,smart_meter,send_encrypted_data,334406,0.368,7269.696,true,none,381
2025-12-12 17:50:32.877,smart_meter,send_encrypted_data,333896,0.791,3376.951,true,none,424
2025-12-12 17:50:32.878,smart_meter,send_encrypted_data,334475,0.344,7778.488,true,none,344
2025-12-12 17:50:32.878,smart_meter,send_encrypted_data,334329,0.355,7534.175,true,none,440
2025-12-12 17:50:32.878,smart_meter,send_encrypted_data,334469,5.768,463.896,true,none,327
2025-12-12 17:50:32.879,smart_meter,send_encrypted_data,333423,0.348,7664.897,true,none,416
2025-12-12 17:50:32.880,smart_meter,send_encrypted_data,334423,0.382,7003.623,true,none,422
2025-12-12 17:50:32.883,smart_meter,send_encrypted_data,334180,1.741,1535.577,true,none,469
2025-12-12 17:50:32.883,smart_meter,send_encrypted_data,334364,3.274,817.016,true,none,386
2025-12-12 17:50:32.884,smart_meter,send_encrypted_data,334418,8.198,326.341,true,none,402
2025-12-12 17:50:32.884,smart_meter,send_encrypted_data,334332,2.311,1157.359,true,none,341
2025-12-12 17:50:32.885,smart_meter,send_encrypted_data,334398,2.409,1110.496,true,none,460
2025-12-12 17:50:32.885,smart_meter,send_encrypted_data,334182,0.332,8052.578,true,none,435
2025-12-12 17:50:32.886,smart_meter,send_encrypted_data,334186,0.329,8126.103,true,none,444
2025-12-12 17:50:32.887,smart_meter,send_encrypted_data,334324,0.362,7388.376,true,none,348
2025-12-12 17:50:32.887,smart_meter,send_encrypted_data,334139,0.339,7885.286,true,none,387
2025-12-12 17:50:32.888,smart_meter,send_encrypted_data,334399,3.327,804.085,true,none,467
2025-12-12 17:50:32.888,smart_meter,send_encrypted_data,334066,0.343,7791.627,true,none,301
2025-12-12 17:50:32.889,smart_meter,send_encrypted_data,334118,2.304,1160.132,true,none,431
2025-12-12 17:50:32.889,smart_meter,send_encrypted_data,334118,0.375,7127.851,true,none,441
2025-12-12 17:50:32.890,smart_meter,send_encrypted_data,334344,1.484,1802.394,true,none,452
2025-12-12 17:50:32.891,smart_meter,send_encrypted_data,334059,0.327,8172.697,true,none,410
2025-12-12 17:50:32.891,smart_meter,send_encrypted_data,334350,3.113,859.235,true,none,184
2025-12-12 17:50:32.893,smart_meter,send_encrypted_data,334084,40.546,65.917,true,none,463
2025-12-12 17:50:32.894,smart_meter,send_encrypted_data,334364,0.366,7308.503,true,none,420
2025-12-12 17:50:32.894,smart_meter,send_encrypted_data,334266,0.352,7596.955,true,none,437
2025-12-12 17:50:32.895,smart_meter,send_encrypted_data,334264,0.336,7958.667,true,none,446
2025-12-12 17:50:32.896,smart_meter,send_encrypted_data,334236,2.216,1206.628,true,none,462
2025-12-12 17:50:32.899,smart_meter,send_encrypted_data,334409,1.697,1576.471,true,none,478
2025-12-12 17:50:32.900,smart_meter,send_encrypted_data,334449,0.346,7732.925,true,none,190
2025-12-12 17:50:32.890,smart_meter,send_encrypted_data,334383,0.355,7535.392,true,none,236
2025-12-12 17:50:32.901,smart_meter,send_encrypted_data,334439,0.669,3999.271,true,none,359
2025-12-12 17:50:32.902,smart_meter,send_encrypted_data,334196,0.340,7863.435,true,none,384
2025-12-12 17:50:32.903,smart_meter,send_encrypted_data,334333,1.149,2327.819,true,none,450
2025-12-12 17:50:32.903,smart_meter,send_encrypted_data,334210,0.694,3852.565,true,none,458
2025-12-12 17:50:32.903,smart_meter,send_encrypted_data,334123,0.343,7792.956,true,none,385
2025-12-12 17:50:32.903,smart_meter,send_encrypted_data,334388,0.360,7430.844,true,none,426
2025-12-12 17:50:32.905,smart_meter,send_encrypted_data,333927,0.326,8194.528,true,none,322
2025-12-12 17:50:32.908,smart_meter,send_encrypted_data,334388,0.722,3705.130,true,none,486
2025-12-12 17:50:32.909,smart_meter,send_encrypted_data,334252,0.352,7596.636,true,none,454
2025-12-12 17:50:32.911,smart_meter,send_encrypted_data,334369,5.676,471.274,true,none,464
2025-12-12 17:50:32.912,smart_meter,send_encrypted_data,333889,2.319,1151.838,true,none,491
2025-12-12 17:50:32.913,smart_meter,send_encrypted_data,334281,1.731,1544.915,true,none,428
2025-12-12 17:50:32.913,smart_meter,send_encrypted_data,334297,0.349,7662.968,true,none,445
2025-12-12 17:50:32.914,smart_meter,send_encrypted_data,334243,1.306,2047.430,true,none,456
2025-12-12 17:50:32.915,smart_meter,send_encrypted_data,334274,0.336,7958.905,true,none,432
2025-12-12 17:50:32.915,smart_meter,send_encrypted_data,334307,3.330,803.140,true,none,476
2025-12-12 17:50:32.916,smart_meter,send_encrypted_data,334377,0.343,7798.880,true,none,443
2025-12-12 17:50:32.917,smart_meter,send_encrypted_data,334184,0.358,7467.799,true,none,430
2025-12-12 17:50:32.918,smart_meter,send_encrypted_data,334410,0.904,2959.381,true,none,466
2025-12-12 17:50:32.919,smart_meter,send_encrypted_data,334491,0.354,7559.119,true,none,453
2025-12-12 17:50:32.920,smart_meter,send_encrypted_data,334198,13.510,197.897,true,none,473
2025-12-12 17:50:32.920,smart_meter,send_encrypted_data,334191,6.427,415.984,true,none,481
2025-12-12 17:50:32.921,smart_meter,send_encrypted_data,334134,0.329,8124.839,true,none,434
2025-12-12 17:50:32.922,smart_meter,send_encrypted_data,334057,0.348,7679.471,true,none,447
2025-12-12 17:50:32.923,smart_meter,send_encrypted_data,334511,0.337,7940.914,true,none,372
2025-12-12 17:50:32.926,smart_meter,send_encrypted_data,334353,12.597,212.338,true,none,471
2025-12-12 17:50:32.927,smart_meter,send_encrypted_data,334156,0.354,7551.548,true,none,415
2025-12-12 17:50:32.928,smart_meter,send_encrypted_data,334412,0.344,7777.023,true,none,436
2025-12-12 17:50:32.929,smart_meter,send_encrypted_data,334180,1.094,2443.729,true,none,419
2025-12-12 17:50:32.929,smart_meter,send_encrypted_data,333660,0.743,3592.571,true,none,483
2025-12-12 17:50:32.932,smart_meter,send_encrypted_data,334417,0.349,7665.719,true,none,421
2025-12-12 17:50:32.931,smart_meter,send_encrypted_data,333995,0.817,3270.453,true,none,457
2025-12-12 17:50:32.933,smart_meter,send_encrypted_data,334245,16.621,160.878,true,none,480
2025-12-12 17:50:32.934,smart_meter,send_encrypted_data,334503,0.439,6095.727,true,none,449
2025-12-12 17:50:32.934,smart_meter,send_encrypted_data,334370,0.389,6876.504,true,none,439
2025-12-12 17:50:32.937,smart_meter,send_encrypted_data,334257,2.550,1048.649,true,none,490
2025-12-12 17:50:32.938,smart_meter,send_encrypted_data,334106,0.392,6818.490,true,none,417
2025-12-12 17:50:32.944,smart_meter,send_encrypted_data,334301,0.339,7889.109,true,none,438
2025-12-12 17:50:32.945,smart_meter,send_encrypted_data,334064,14.926,179.051,true,none,461
2025-12-12 17:50:32.946,smart_meter,send_encrypted_data,334410,8.056,332.085,true,none,475
2025-12-12 17:50:32.947,smart_meter,send_encrypted_data,334368,3.492,766.021,true,none,470
2025-12-12 17:50:32.950,smart_meter,send_encrypted_data,334308,0.656,4076.927,true,none,487
2025-12-12 17:50:32.951,smart_meter,send_encrypted_data,334303,12.130,220.480,true,none,459
2025-12-12 17:50:32.951,smart_meter,send_encrypted_data,333872,25.885,103.186,true,none,485
2025-12-12 17:50:32.952,smart_meter,send_encrypted_data,334297,15.274,175.093,true,none,468
2025-12-12 17:50:32.954,smart_meter,send_encrypted_data,334271,15.279,175.022,true,none,488
2025-12-12 17:50:32.958,smart_meter,send_encrypted_data,334295,1.192,2243.591,true,none,482
2025-12-12 17:50:32.958,smart_meter,send_encrypted_data,334240,10.080,265.270,true,none,477
2025-12-12 17:50:32.962,smart_meter,send_encrypted_data,334349,3.389,789.257,true,none,479
2025-12-12 17:50:32.967,smart_meter,send_encrypted_data,334176,0.693,3857.732,true,none,484
2025-12-12 17:50:32.970,smart_meter,send_encrypted_data,334450,0.945,2831.323,true,none,489
2025-12-12 17:50:32.971,smart_meter,send_encrypted_data,334176,0.708,3776.000,true,none,474
2025-12-12 17:50:33.451,smart_meter,send_encrypted_data,334452,0.761,3515.921,true,none,492
2025-12-12 17:50:34.724,smart_meter,send_encrypted_data,334156,0.722,3702.560,true,none,493
2025-12-12 17:50:35.967,smart_meter,send_encrypted_data,334418,0.789,3390.804,true,none,494
2025-12-12 17:50:37.234,smart_meter,send_encrypted_data,334367,0.694,3854.375,true,none,495
2025-12-12 17:50:38.525,smart_meter,send_encrypted_data,334423,0.726,3685.102,true,none,496
2025-12-12 17:50:39.748,smart_meter,send_encrypted_data,334242,0.763,3504.503,true,none,497
2025-12-12 17:50:41.011,smart_meter,send_encrypted_data,334331,0.739,3619.280,true,none,498
2025-12-12 17:50:42.275,smart_meter,send_encrypted_data,334112,0.747,3578.174,true,none,499
2025-12-12 17:50:43.551,smart_meter,send_encrypted_data,334349,0.769,3478.273,true,none,500
2025-12-12 17:51:38.633,smart_meter,send_encrypted_data,334443,0.370,7231.200,true,none,1
2025-12-12 17:51:38.641,smart_meter,send_encrypted_data,333960,0.359,7442.006,true,none,98
2025-12-12 17:51:38.641,smart_meter,send_encrypted_data,334284,0.354,7554.441,true,none,86
2025-12-12 17:51:38.642,smart_meter,send_encrypted_data,334139,0.351,7615.704,true,none,65
2025-12-12 17:51:38.648,smart_meter,send_encrypted_data,334289,1.185,2256.803,true,none,158
2025-12-12 17:51:38.642,smart_meter,send_encrypted_data,334450,0.349,7666.476,true,none,2
2025-12-12 17:51:38.649,smart_meter,send_encrypted_data,334432,0.376,7115.574,true,none,14
2025-12-12 17:51:38.649,smart_meter,send_encrypted_data,334454,1.148,2330.690,true,none,151
2025-12-12 17:51:38.644,smart_meter,send_encrypted_data,334419,0.984,2718.854,true,none,80
2025-12-12 17:51:38.645,smart_meter,send_encrypted_data,334125,0.386,6924.870,true,none,115
2025-12-12 17:51:38.651,smart_meter,send_encrypted_data,334407,0.368,7269.717,true,none,230
2025-12-12 17:51:38.653,smart_meter,send_encrypted_data,334285,0.327,8178.226,true,none,171
2025-12-12 17:51:38.646,smart_meter,send_encrypted_data,334427,0.351,7622.268,true,none,45
2025-12-12 17:51:38.646,smart_meter,send_encrypted_data,334404,0.345,7754.296,true,none,109
2025-12-12 17:51:38.654,smart_meter,send_encrypted_data,334255,0.342,7818.830,true,none,79
2025-12-12 17:51:38.654,smart_meter,send_encrypted_data,334394,0.361,7410.393,true,none,265
2025-12-12 17:51:38.654,smart_meter,send_encrypted_data,334507,0.439,6095.800,true,none,92
2025-12-12 17:51:38.654,smart_meter,send_encrypted_data,334055,0.693,3856.335,true,none,204
2025-12-12 17:51:38.647,smart_meter,send_encrypted_data,334030,0.341,7836.481,true,none,128
2025-12-12 17:51:38.657,smart_meter,send_encrypted_data,334208,0.318,8407.748,true,none,224
2025-12-12 17:51:38.658,smart_meter,send_encrypted_data,334213,0.366,7305.202,true,none,242
2025-12-12 17:51:38.658,smart_meter,send_encrypted_data,334084,0.343,7792.047,true,none,277
2025-12-12 17:51:38.659,smart_meter,send_encrypted_data,334369,0.361,7409.839,true,none,104
2025-12-12 17:51:38.660,smart_meter,send_encrypted_data,334307,0.451,5930.058,true,none,237
2025-12-12 17:51:38.661,smart_meter,send_encrypted_data,333974,0.422,6331.261,true,none,309
2025-12-12 17:51:38.661,smart_meter,send_encrypted_data,333331,0.348,7662.782,true,none,190
2025-12-12 17:51:38.662,smart_meter,send_encrypted_data,334342,0.356,7513.303,true,none,16
2025-12-12 17:51:38.662,smart_meter,send_encrypted_data,334094,0.372,7184.817,true,none,317
2025-12-12 17:51:38.662,smart_meter,send_encrypted_data,334392,0.350,7643.246,true,none,53
2025-12-12 17:51:38.663,smart_meter,send_encrypted_data,334327,1.595,1676.875,true,none,220
2025-12-12 17:51:38.663,smart_meter,send_encrypted_data,334427,0.380,7040.568,true,none,194
2025-12-12 17:51:38.663,smart_meter,send_encrypted_data,334338,0.373,7170.788,true,none,124
2025-12-12 17:51:38.663,smart_meter,send_encrypted_data,334408,2.217,1206.705,true,none,119
2025-12-12 17:51:38.663,smart_meter,send_encrypted_data,334451,0.342,7823.415,true,none,326
2025-12-12 17:51:38.664,smart_meter,send_encrypted_data,334523,0.359,7454.552,true,none,290
2025-12-12 17:51:38.664,smart_meter,send_encrypted_data,334461,0.365,7330.652,true,none,85
2025-12-12 17:51:38.664,smart_meter,send_encrypted_data,334443,0.392,6825.367,true,none,338
2025-12-12 17:51:38.664,smart_meter,send_encrypted_data,334414,0.388,6895.134,true,none,315
2025-12-12 17:51:38.664,smart_meter,send_encrypted_data,334290,2.554,1047.110,true,none,174
2025-12-12 17:51:38.665,smart_meter,send_encrypted_data,334351,0.357,7492.459,true,none,186
2025-12-12 17:51:38.666,smart_meter,send_encrypted_data,334127,0.338,7908.331,true,none,260
2025-12-12 17:51:38.667,smart_meter,send_encrypted_data,334286,0.342,7819.556,true,none,69
2025-12-12 17:51:38.667,smart_meter,send_encrypted_data,334164,0.389,6872.267,true,none,233
2025-12-12 17:51:38.667,smart_meter,send_encrypted_data,334418,0.378,7077.630,true,none,127
2025-12-12 17:51:38.667,smart_meter,send_encrypted_data,334410,0.367,7289.591,true,none,52
2025-12-12 17:51:38.668,smart_meter,send_encrypted_data,334505,0.362,7392.376,true,none,252
2025-12-12 17:51:38.668,smart_meter,send_encrypted_data,334469,5.983,447.226,true,none,189
2025-12-12 17:51:38.668,smart_meter,send_encrypted_data,334213,0.359,7447.643,true,none,240
2025-12-12 17:51:38.669,smart_meter,send_encrypted_data,334285,0.362,7387.514,true,none,217
2025-12-12 17:51:38.669,smart_meter,send_encrypted_data,334127,0.348,7681.080,true,none,179
2025-12-12 17:51:38.670,smart_meter,send_encrypted_data,334428,0.387,6913.240,true,none,55
2025-12-12 17:51:38.670,smart_meter,send_encrypted_data,334083,0.387,6906.109,true,none,44
2025-12-12 17:51:38.670,smart_meter,send_encrypted_data,334223,0.367,7285.515,true,none,249
2025-12-12 17:51:38.670,smart_meter,send_encrypted_data,334208,0.391,6838.015,true,none,114
2025-12-12 17:51:38.671,smart_meter,send_encrypted_data,334147,0.334,8003.521,true,none,236
2025-12-12 17:51:38.671,smart_meter,send_encrypted_data,334297,0.344,7774.349,true,none,245
2025-12-12 17:51:38.671,smart_meter,send_encrypted_data,334182,0.334,8004.359,true,none,182
2025-12-12 17:51:38.671,smart_meter,send_encrypted_data,334419,0.361,7410.947,true,none,137
2025-12-12 17:51:38.672,smart_meter,send_encrypted_data,334351,0.369,7248.802,true,none,116
2025-12-12 17:51:38.672,smart_meter,send_encrypted_data,334404,0.355,7535.865,true,none,6
2025-12-12 17:51:38.672,smart_meter,send_encrypted_data,334383,0.356,7514.225,true,none,54
2025-12-12 17:51:38.673,smart_meter,send_encrypted_data,334422,0.623,4294.343,true,none,147
2025-12-12 17:51:38.673,smart_meter,send_encrypted_data,334170,0.343,7794.052,true,none,329
2025-12-12 17:51:38.674,smart_meter,send_encrypted_data,334400,0.381,7021.522,true,none,202
2025-12-12 17:51:38.674,smart_meter,send_encrypted_data,334465,0.392,6825.816,true,none,35
2025-12-12 17:51:38.674,smart_meter,send_encrypted_data,334407,5.222,512.305,true,none,197
2025-12-12 17:51:38.674,smart_meter,send_encrypted_data,334328,9.114,293.463,true,none,166
2025-12-12 17:51:38.674,smart_meter,send_encrypted_data,334214,0.348,7683.080,true,none,312
2025-12-12 17:51:38.675,smart_meter,send_encrypted_data,334142,0.386,6925.223,true,none,4
2025-12-12 17:51:38.675,smart_meter,send_encrypted_data,334402,0.407,6573.012,true,none,403
2025-12-12 17:51:38.675,smart_meter,send_encrypted_data,334266,5.915,452.093,true,none,319
2025-12-12 17:51:38.675,smart_meter,send_encrypted_data,334482,0.353,7580.329,true,none,36
2025-12-12 17:51:38.676,smart_meter,send_encrypted_data,334197,6.002,445.448,true,none,322
2025-12-12 17:51:38.676,smart_meter,send_encrypted_data,334218,0.356,7510.517,true,none,99
2025-12-12 17:51:38.677,smart_meter,send_encrypted_data,333846,7.056,378.510,true,none,211
2025-12-12 17:51:38.677,smart_meter,send_encrypted_data,334422,0.359,7452.301,true,none,331
2025-12-12 17:51:38.677,smart_meter,send_encrypted_data,334446,7.930,337.398,true,none,162
2025-12-12 17:51:38.677,smart_meter,send_encrypted_data,334146,6.875,388.824,true,none,50
2025-12-12 17:51:38.677,smart_meter,send_encrypted_data,334500,7.712,346.992,true,none,7
2025-12-12 17:51:38.677,smart_meter,send_encrypted_data,334153,0.368,7264.196,true,none,380
2025-12-12 17:51:38.678,smart_meter,send_encrypted_data,334149,0.560,4773.557,true,none,288
2025-12-12 17:51:38.673,smart_meter,send_encrypted_data,334264,6.937,385.485,true,none,181
2025-12-12 17:51:38.678,smart_meter,send_encrypted_data,334354,0.343,7798.344,true,none,81
2025-12-12 17:51:38.678,smart_meter,send_encrypted_data,334348,7.814,342.307,true,none,266
2025-12-12 17:51:38.675,smart_meter,send_encrypted_data,334151,6.642,402.470,true,none,138
2025-12-12 17:51:38.679,smart_meter,send_encrypted_data,334337,0.343,7797.948,true,none,125
2025-12-12 17:51:38.679,smart_meter,send_encrypted_data,334158,0.365,7324.011,true,none,273
2025-12-12 17:51:38.679,smart_meter,send_encrypted_data,334434,0.368,7270.304,true,none,163
2025-12-12 17:51:38.679,smart_meter,send_encrypted_data,334270,8.706,307.163,true,none,152
2025-12-12 17:51:38.680,smart_meter,send_encrypted_data,334409,0.338,7915.006,true,none,17
2025-12-12 17:51:38.681,smart_meter,send_encrypted_data,334005,0.343,7790.204,true,none,38
2025-12-12 17:51:38.681,smart_meter,send_encrypted_data,334174,10.261,260.539,true,none,175
2025-12-12 17:51:38.681,smart_meter,send_encrypted_data,334446,0.409,6541.731,true,none,178
2025-12-12 17:51:38.681,smart_meter,send_encrypted_data,334142,5.461,489.496,true,none,210
2025-12-12 17:51:38.681,smart_meter,send_encrypted_data,334448,0.359,7452.880,true,none,293
2025-12-12 17:51:38.682,smart_meter,send_encrypted_data,334347,0.335,7984.406,true,none,135
2025-12-12 17:51:38.682,smart_meter,send_encrypted_data,334286,0.369,7247.393,true,none,198
2025-12-12 17:51:38.682,smart_meter,send_encrypted_data,334270,0.376,7112.128,true,none,205
2025-12-12 17:51:38.682,smart_meter,send_encrypted_data,334269,0.360,7428.200,true,none,63
2025-12-12 17:51:38.682,smart_meter,send_encrypted_data,334444,6.521,410.298,true,none,34
2025-12-12 17:51:38.683,smart_meter,send_encrypted_data,334152,0.365,7323.879,true,none,341
2025-12-12 17:51:38.683,smart_meter,send_encrypted_data,334112,0.390,6853.579,true,none,261
2025-12-12 17:51:38.683,smart_meter,send_encrypted_data,334419,13.377,199.996,true,none,26
2025-12-12 17:51:38.672,smart_meter,send_encrypted_data,334224,0.342,7818.105,true,none,120
2025-12-12 17:51:38.684,smart_meter,send_encrypted_data,334200,0.355,7531.268,true,none,219
2025-12-12 17:51:38.684,smart_meter,send_encrypted_data,334437,1.051,2545.667,true,none,59
2025-12-12 17:51:38.684,smart_meter,send_encrypted_data,334080,8.013,333.538,true,none,30
2025-12-12 17:51:38.685,smart_meter,send_encrypted_data,334361,0.403,6637.439,true,none,346
2025-12-12 17:51:38.685,smart_meter,send_encrypted_data,334309,0.350,7641.349,true,none,144
2025-12-12 17:51:38.685,smart_meter,send_encrypted_data,334191,5.325,502.071,true,none,295
2025-12-12 17:51:38.686,smart_meter,send_encrypted_data,334416,0.377,7096.361,true,none,374
2025-12-12 17:51:38.686,smart_meter,send_encrypted_data,334453,7.058,379.091,true,none,359
2025-12-12 17:51:38.686,smart_meter,send_encrypted_data,334311,0.351,7619.624,true,none,286
2025-12-12 17:51:38.687,smart_meter,send_encrypted_data,334100,0.337,7931.157,true,none,389
2025-12-12 17:51:38.687,smart_meter,send_encrypted_data,334451,0.361,7411.657,true,none,268
2025-12-12 17:51:38.687,smart_meter,send_encrypted_data,334386,5.557,481.391,true,none,313
2025-12-12 17:51:38.688,smart_meter,send_encrypted_data,334365,0.376,7114.149,true,none,255
2025-12-12 17:51:38.688,smart_meter,send_encrypted_data,334436,0.359,7452.613,true,none,187
2025-12-12 17:51:38.688,smart_meter,send_encrypted_data,333916,4.282,623.851,true,none,149
2025-12-12 17:51:38.688,smart_meter,send_encrypted_data,334387,2.643,1012.144,true,none,234
2025-12-12 17:51:38.688,smart_meter,send_encrypted_data,334181,0.365,7324.515,true,none,256
2025-12-12 17:51:38.689,smart_meter,send_encrypted_data,334418,0.381,7021.900,true,none,68
2025-12-12 17:51:38.689,smart_meter,send_encrypted_data,334287,0.378,7074.857,true,none,296
2025-12-12 17:51:38.689,smart_meter,send_encrypted_data,334365,0.371,7210.027,true,none,93
2025-12-12 17:51:38.690,smart_meter,send_encrypted_data,334456,0.407,6574.074,true,none,28
2025-12-12 17:51:38.690,smart_meter,send_encrypted_data,334270,0.395,6770.025,true,none,387
2025-12-12 17:51:38.691,smart_meter,send_encrypted_data,334334,0.377,7094.621,true,none,320
2025-12-12 17:51:38.692,smart_meter,send_encrypted_data,334385,0.386,6930.259,true,none,111
2025-12-12 17:51:38.692,smart_meter,send_encrypted_data,334229,0.397,6735.093,true,none,247
2025-12-12 17:51:38.692,smart_meter,send_encrypted_data,334356,0.340,7867.200,true,none,201
2025-12-12 17:51:38.693,smart_meter,send_encrypted_data,334176,0.365,7324.405,true,none,376
2025-12-12 17:51:38.693,smart_meter,send_encrypted_data,334163,0.376,7109.851,true,none,278
2025-12-12 17:51:38.693,smart_meter,send_encrypted_data,334485,0.341,7847.155,true,none,191
2025-12-12 17:51:38.694,smart_meter,send_encrypted_data,334023,0.392,6816.796,true,none,24
2025-12-12 17:51:38.694,smart_meter,send_encrypted_data,334297,0.358,7470.324,true,none,370
2025-12-12 17:51:38.695,smart_meter,send_encrypted_data,334520,0.352,7602.727,true,none,397
2025-12-12 17:51:38.695,smart_meter,send_encrypted_data,334439,0.382,7003.958,true,none,70
2025-12-12 17:51:38.695,smart_meter,send_encrypted_data,334278,0.339,7888.566,true,none,243
2025-12-12 17:51:38.695,smart_meter,send_encrypted_data,334381,0.399,6704.381,true,none,276
2025-12-12 17:51:38.696,smart_meter,send_encrypted_data,334203,0.386,6926.487,true,none,208
2025-12-12 17:51:38.696,smart_meter,send_encrypted_data,334056,2.257,1184.071,true,none,19
2025-12-12 17:51:38.696,smart_meter,send_encrypted_data,334424,0.392,6824.980,true,none,401
2025-12-12 17:51:38.697,smart_meter,send_encrypted_data,334446,0.378,7078.222,true,none,10
2025-12-12 17:51:38.698,smart_meter,send_encrypted_data,334343,0.371,7209.553,true,none,46
2025-12-12 17:51:38.698,smart_meter,send_encrypted_data,334414,0.375,7134.165,true,none,226
2025-12-12 17:51:38.699,smart_meter,send_encrypted_data,334145,0.337,7932.226,true,none,121
2025-12-12 17:51:38.697,smart_meter,send_encrypted_data,334411,3.938,679.352,true,none,258
2025-12-12 17:51:38.699,smart_meter,send_encrypted_data,334340,0.360,7429.778,true,none,324
2025-12-12 17:51:38.699,smart_meter,send_encrypted_data,334309,8.384,318.997,true,none,300
2025-12-12 17:51:38.699,smart_meter,send_encrypted_data,334086,0.359,7444.813,true,none,271
2025-12-12 17:51:38.699,smart_meter,send_encrypted_data,334367,4.947,540.719,true,none,263
2025-12-12 17:51:38.700,smart_meter,send_encrypted_data,334445,10.588,252.697,true,none,291
2025-12-12 17:51:38.700,smart_meter,send_encrypted_data,334358,0.395,6771.808,true,none,31
2025-12-12 17:51:38.700,smart_meter,send_encrypted_data,334272,0.379,7055.873,true,none,82
2025-12-12 17:51:38.701,smart_meter,send_encrypted_data,333979,0.383,6976.063,true,none,379
2025-12-12 17:51:38.701,smart_meter,send_encrypted_data,334306,0.377,7094.027,true,none,134
2025-12-12 17:51:38.701,smart_meter,send_encrypted_data,334491,0.372,7193.355,true,none,87
2025-12-12 17:51:38.697,smart_meter,send_encrypted_data,334223,3.619,738.818,true,none,37
2025-12-12 17:51:38.701,smart_meter,send_encrypted_data,334445,0.391,6842.864,true,none,153
2025-12-12 17:51:38.701,smart_meter,send_encrypted_data,334157,0.391,6836.972,true,none,222
2025-12-12 17:51:38.702,smart_meter,send_encrypted_data,334018,8.073,330.998,true,none,327
2025-12-12 17:51:38.702,smart_meter,send_encrypted_data,334127,0.358,7466.525,true,none,56
2025-12-12 17:51:38.702,smart_meter,send_encrypted_data,334458,1.045,2560.444,true,none,264
2025-12-12 17:51:38.702,smart_meter,send_encrypted_data,334438,0.390,6860.267,true,none,336
2025-12-12 17:51:38.702,smart_meter,send_encrypted_data,334207,16.092,166.148,true,none,231
2025-12-12 17:51:38.702,smart_meter,send_encrypted_data,334346,0.379,7057.435,true,none,167
2025-12-12 17:51:38.703,smart_meter,send_encrypted_data,334308,0.374,7150.973,true,none,184
2025-12-12 17:51:38.703,smart_meter,send_encrypted_data,334481,0.374,7154.674,true,none,360
2025-12-12 17:51:38.704,smart_meter,send_encrypted_data,334374,0.332,8057.205,true,none,368
2025-12-12 17:51:38.704,smart_meter,send_encrypted_data,334065,0.374,7145.775,true,none,308
2025-12-12 17:51:38.704,smart_meter,send_encrypted_data,334523,0.371,7213.434,true,none,372
2025-12-12 17:51:38.705,smart_meter,send_encrypted_data,334198,0.358,7468.112,true,none,399
2025-12-12 17:51:38.706,smart_meter,send_encrypted_data,334361,0.377,7095.194,true,none,62
2025-12-12 17:51:38.706,smart_meter,send_encrypted_data,334549,0.390,6862.544,true,none,253
2025-12-12 17:51:38.706,smart_meter,send_encrypted_data,334090,0.380,7033.474,true,none,188
2025-12-12 17:51:38.707,smart_meter,send_encrypted_data,334367,21.939,121.926,true,none,250
2025-12-12 17:51:38.702,smart_meter,send_encrypted_data,334322,3.348,798.858,true,none,215
2025-12-12 17:51:38.707,smart_meter,send_encrypted_data,334440,0.430,6222.140,true,none,71
2025-12-12 17:51:38.707,smart_meter,send_encrypted_data,334462,0.414,6463.034,true,none,148
2025-12-12 17:51:38.707,smart_meter,send_encrypted_data,334266,0.362,7387.094,true,none,334
2025-12-12 17:51:38.708,smart_meter,send_encrypted_data,334225,0.355,7531.831,true,none,332
2025-12-12 17:51:38.708,smart_meter,send_encrypted_data,334173,0.361,7405.496,true,none,275
2025-12-12 17:51:38.708,smart_meter,send_encrypted_data,334149,0.406,6584.217,true,none,318
2025-12-12 17:51:38.708,smart_meter,send_encrypted_data,334391,0.396,6755.374,true,none,183
2025-12-12 17:51:38.709,smart_meter,send_encrypted_data,334199,0.395,6768.587,true,none,176
2025-12-12 17:51:38.709,smart_meter,send_encrypted_data,334477,0.373,7173.769,true,none,117
2025-12-12 17:51:38.710,smart_meter,send_encrypted_data,334493,0.362,7392.110,true,none,180
2025-12-12 17:51:38.710,smart_meter,send_encrypted_data,334414,0.340,7868.565,true,none,393
2025-12-12 17:51:38.711,smart_meter,send_encrypted_data,334421,6.280,426.014,true,none,101
2025-12-12 17:51:38.711,smart_meter,send_encrypted_data,334273,0.373,7169.394,true,none,351
2025-12-12 17:51:38.711,smart_meter,send_encrypted_data,334292,7.359,363.410,true,none,228
2025-12-12 17:51:38.711,smart_meter,send_encrypted_data,334247,4.705,568.326,true,none,339
2025-12-12 17:51:38.712,smart_meter,send_encrypted_data,334258,0.340,7864.894,true,none,168
2025-12-12 17:51:38.712,smart_meter,send_encrypted_data,334386,20.433,130.920,true,none,61
2025-12-12 17:51:38.712,smart_meter,send_encrypted_data,334361,25.526,104.791,true,none,106
2025-12-12 17:51:38.712,smart_meter,send_encrypted_data,334410,0.367,7289.591,true,none,375
2025-12-12 17:51:38.712,smart_meter,send_encrypted_data,333976,31.876,83.819,true,none,129
2025-12-12 17:51:38.713,smart_meter,send_encrypted_data,334150,4.813,555.412,true,none,72
2025-12-12 17:51:38.713,smart_meter,send_encrypted_data,334310,0.358,7470.615,true,none,110
2025-12-12 17:51:38.714,smart_meter,send_encrypted_data,334107,0.370,7223.935,true,none,172
2025-12-12 17:51:38.706,smart_meter,send_encrypted_data,334440,3.143,851.263,true,none,160
2025-12-12 17:51:38.714,smart_meter,send_encrypted_data,334210,0.370,7226.162,true,none,165
2025-12-12 17:51:38.706,smart_meter,send_encrypted_data,334514,1.850,1446.547,true,none,8
2025-12-12 17:51:38.714,smart_meter,send_encrypted_data,334443,0.347,7710.501,true,none,216
2025-12-12 17:51:38.713,smart_meter,send_encrypted_data,334449,7.926,337.572,true,none,47
2025-12-12 17:51:38.715,smart_meter,send_encrypted_data,334421,0.363,7370.160,true,none,75
2025-12-12 17:51:38.715,smart_meter,send_encrypted_data,334391,0.353,7578.266,true,none,306
2025-12-12 17:51:38.715,smart_meter,send_encrypted_data,334265,8.053,332.065,true,none,225
2025-12-12 17:51:38.715,smart_meter,send_encrypted_data,334339,0.345,7752.788,true,none,238
2025-12-12 17:51:38.716,smart_meter,send_encrypted_data,334501,0.357,7495.821,true,none,29
2025-12-12 17:51:38.716,smart_meter,send_encrypted_data,334400,0.399,6704.762,true,none,342
2025-12-12 17:51:38.716,smart_meter,send_encrypted_data,334212,6.867,389.354,true,none,89
2025-12-12 17:51:38.716,smart_meter,send_encrypted_data,334415,8.068,331.596,true,none,362
2025-12-12 17:51:38.716,smart_meter,send_encrypted_data,334139,0.348,7681.356,true,none,274
2025-12-12 17:51:38.716,smart_meter,send_encrypted_data,334426,0.353,7579.059,true,none,195
2025-12-12 17:51:38.716,smart_meter,send_encrypted_data,333706,0.365,7314.104,true,none,269
2025-12-12 17:51:38.717,smart_meter,send_encrypted_data,334141,0.373,7166.563,true,none,23
2025-12-12 17:51:38.717,smart_meter,send_encrypted_data,334377,7.182,372.461,true,none,272
2025-12-12 17:51:38.717,smart_meter,send_encrypted_data,334355,0.378,7076.296,true,none,383
2025-12-12 17:51:38.717,smart_meter,send_encrypted_data,334151,6.377,419.195,true,none,78
2025-12-12 17:51:38.717,smart_meter,send_encrypted_data,334347,0.376,7113.766,true,none,159
2025-12-12 17:51:38.718,smart_meter,send_encrypted_data,334169,0.373,7167.164,true,none,267
2025-12-12 17:51:38.717,smart_meter,send_encrypted_data,334178,5.450,490.537,true,none,301
2025-12-12 17:51:38.718,smart_meter,send_encrypted_data,334368,0.354,7556.339,true,none,244
2025-12-12 17:51:38.718,smart_meter,send_encrypted_data,334330,0.356,7513.034,true,none,377
2025-12-12 17:51:38.719,smart_meter,send_encrypted_data,334230,44.078,60.662,true,none,5
2025-12-12 17:51:38.690,smart_meter,send_encrypted_data,334242,2.510,1065.313,true,none,94
2025-12-12 17:51:38.719,smart_meter,send_encrypted_data,334493,0.387,6914.584,true,none,281
2025-12-12 17:51:38.719,smart_meter,send_encrypted_data,334267,32.417,82.492,true,none,105
2025-12-12 17:51:38.720,smart_meter,send_encrypted_data,334266,0.342,7819.088,true,none,39
2025-12-12 17:51:38.720,smart_meter,send_encrypted_data,334084,0.408,6550.667,true,none,48
2025-12-12 17:51:38.720,smart_meter,send_encrypted_data,334263,0.348,7684.207,true,none,325
2025-12-12 17:51:38.718,smart_meter,send_encrypted_data,334301,4.887,547.249,true,none,310
2025-12-12 17:51:38.721,smart_meter,send_encrypted_data,334366,4.819,555.079,true,none,212
2025-12-12 17:51:38.721,smart_meter,send_encrypted_data,334355,0.357,7492.549,true,none,221
2025-12-12 17:51:38.721,smart_meter,send_encrypted_data,334350,0.362,7388.950,true,none,76
2025-12-12 17:51:38.717,smart_meter,send_encrypted_data,334358,8.193,326.482,true,none,284
2025-12-12 17:51:38.722,smart_meter,send_encrypted_data,334293,0.363,7367.339,true,none,311
2025-12-12 17:51:38.722,smart_meter,send_encrypted_data,333310,0.370,7206.703,true,none,304
2025-12-12 17:51:38.722,smart_meter,send_encrypted_data,334364,13.394,199.710,true,none,241
2025-12-12 17:51:38.722,smart_meter,send_encrypted_data,334142,5.903,452.844,true,none,356
2025-12-12 17:51:38.723,smart_meter,send_encrypted_data,334465,0.351,7623.134,true,none,91
2025-12-12 17:51:38.723,smart_meter,send_encrypted_data,334250,0.414,6458.937,true,none,139
2025-12-12 17:51:38.724,smart_meter,send_encrypted_data,334345,0.358,7471.397,true,none,95
2025-12-12 17:51:38.724,smart_meter,send_encrypted_data,334368,0.377,7095.342,true,none,213
2025-12-12 17:51:38.725,smart_meter,send_encrypted_data,334214,3.786,706.210,true,none,229
2025-12-12 17:51:38.725,smart_meter,send_encrypted_data,334316,13.551,197.368,true,none,49
2025-12-12 17:51:38.725,smart_meter,send_encrypted_data,334332,0.385,6947.158,true,none,107
2025-12-12 17:51:38.725,smart_meter,send_encrypted_data,334354,0.343,7798.344,true,none,13
2025-12-12 17:51:38.726,smart_meter,send_encrypted_data,334101,0.342,7815.228,true,none,88
2025-12-12 17:51:38.726,smart_meter,send_encrypted_data,334393,0.401,6671.182,true,none,77
2025-12-12 17:51:38.726,smart_meter,send_encrypted_data,334297,0.358,7470.324,true,none,402
2025-12-12 17:51:38.726,smart_meter,send_encrypted_data,334417,7.674,348.623,true,none,209
2025-12-12 17:51:38.727,smart_meter,send_encrypted_data,334152,0.413,6472.678,true,none,294
2025-12-12 17:51:38.724,smart_meter,send_encrypted_data,334389,4.955,539.881,true,none,239
2025-12-12 17:51:38.727,smart_meter,send_encrypted_data,334352,0.364,7348.396,true,none,21
2025-12-12 17:51:38.727,smart_meter,send_encrypted_data,334299,0.345,7751.861,true,none,84
2025-12-12 17:51:38.728,smart_meter,send_encrypted_data,334194,0.354,7552.407,true,none,323
2025-12-12 17:51:38.728,smart_meter,send_encrypted_data,334400,0.364,7349.451,true,none,251
2025-12-12 17:51:38.711,smart_meter,send_encrypted_data,334207,0.334,8004.958,true,none,145
2025-12-12 17:51:38.728,smart_meter,send_encrypted_data,334478,0.385,6950.192,true,none,206
2025-12-12 17:51:38.728,smart_meter,send_encrypted_data,334431,8.220,325.480,true,none,57
2025-12-12 17:51:38.729,smart_meter,send_encrypted_data,334139,0.354,7551.164,true,none,25
2025-12-12 17:51:38.729,smart_meter,send_encrypted_data,334086,0.334,8002.060,true,none,142
2025-12-12 17:51:38.729,smart_meter,send_encrypted_data,333944,2.938,909.310,true,none,203
2025-12-12 17:51:38.729,smart_meter,send_encrypted_data,334105,0.363,7363.196,true,none,381
2025-12-12 17:51:38.730,smart_meter,send_encrypted_data,334213,0.361,7406.382,true,none,64
2025-12-12 17:51:38.730,smart_meter,send_encrypted_data,334403,4.809,556.295,true,none,131
2025-12-12 17:51:38.730,smart_meter,send_encrypted_data,334369,6.474,413.184,true,none,373
2025-12-12 17:51:38.730,smart_meter,send_encrypted_data,333925,0.368,7259.239,true,none,347
2025-12-12 17:51:38.730,smart_meter,send_encrypted_data,334279,0.366,7306.645,true,none,367
2025-12-12 17:51:38.731,smart_meter,send_encrypted_data,334244,1.214,2202.596,true,none,41
2025-12-12 17:51:38.731,smart_meter,send_encrypted_data,334328,6.460,414.028,true,none,96
2025-12-12 17:51:38.731,smart_meter,send_encrypted_data,334333,0.366,7307.825,true,none,232
2025-12-12 17:51:38.731,smart_meter,send_encrypted_data,334290,0.365,7326.904,true,none,345
2025-12-12 17:51:38.731,smart_meter,send_encrypted_data,334440,0.337,7939.228,true,none,11
2025-12-12 17:51:38.732,smart_meter,send_encrypted_data,334413,3.857,693.623,true,none,330
2025-12-12 17:51:38.732,smart_meter,send_encrypted_data,334240,0.380,7036.632,true,none,113
2025-12-12 17:51:38.732,smart_meter,send_encrypted_data,334039,28.826,92.705,true,none,130
2025-12-12 17:51:38.759,smart_meter,send_encrypted_data,334075,0.422,6333.175,true,none,343
2025-12-12 17:51:38.760,smart_meter,send_encrypted_data,334144,0.458,5836.576,true,none,411
2025-12-12 17:51:38.732,smart_meter,send_encrypted_data,334205,6.402,417.626,true,none,235
2025-12-12 17:51:38.761,smart_meter,send_encrypted_data,334226,0.351,7617.687,true,none,354
2025-12-12 17:51:38.732,smart_meter,send_encrypted_data,334030,2.107,1268.268,true,none,126
2025-12-12 17:51:38.732,smart_meter,send_encrypted_data,334280,0.367,7286.757,true,none,66
2025-12-12 17:51:38.733,smart_meter,send_encrypted_data,334085,7.013,381.104,true,none,155
2025-12-12 17:51:38.733,smart_meter,send_encrypted_data,334282,0.367,7286.801,true,none,199
2025-12-12 17:51:38.733,smart_meter,send_encrypted_data,334301,0.362,7387.867,true,none,214
2025-12-12 17:51:38.762,smart_meter,send_encrypted_data,334311,1.138,2350.165,true,none,394
2025-12-12 17:51:38.762,smart_meter,send_encrypted_data,334333,0.347,7707.965,true,none,396
2025-12-12 17:51:38.762,smart_meter,send_encrypted_data,334203,0.359,7447.421,true,none,412
2025-12-12 17:51:38.733,smart_meter,send_encrypted_data,334161,0.351,7616.205,true,none,398
2025-12-12 17:51:38.764,smart_meter,send_encrypted_data,334409,0.882,3033.188,true,none,407
2025-12-12 17:51:38.734,smart_meter,send_encrypted_data,334235,0.344,7772.907,true,none,404
2025-12-12 17:51:38.734,smart_meter,send_encrypted_data,334453,0.341,7846.405,true,none,365
2025-12-12 17:51:38.734,smart_meter,send_encrypted_data,334485,3.023,885.174,true,none,146
2025-12-12 17:51:38.765,smart_meter,send_encrypted_data,334302,1.169,2287.781,true,none,400
2025-12-12 17:51:38.767,smart_meter,send_encrypted_data,333360,0.463,5760.000,true,none,282
2025-12-12 17:51:38.767,smart_meter,send_encrypted_data,334365,1.963,1362.669,true,none,408
2025-12-12 17:51:38.734,smart_meter,send_encrypted_data,333478,0.374,7133.219,true,none,32
2025-12-12 17:51:38.768,smart_meter,send_encrypted_data,334249,0.377,7092.817,true,none,344
2025-12-12 17:51:38.734,smart_meter,send_encrypted_data,334207,7.566,353.378,true,none,40
2025-12-12 17:51:38.734,smart_meter,send_encrypted_data,334110,0.365,7322.959,true,none,321
2025-12-12 17:51:38.734,smart_meter,send_encrypted_data,334288,0.362,7387.580,true,none,20
2025-12-12 17:51:38.735,smart_meter,send_encrypted_data,334308,0.373,7170.145,true,none,177
2025-12-12 17:51:38.735,smart_meter,send_encrypted_data,334382,0.339,7891.021,true,none,297
2025-12-12 17:51:38.769,smart_meter,send_encrypted_data,334234,1.695,1577.506,true,none,353
2025-12-12 17:51:38.735,smart_meter,send_encrypted_data,334356,4.170,641.450,true,none,18
2025-12-12 17:51:38.735,smart_meter,send_encrypted_data,334373,0.350,7642.811,true,none,192
2025-12-12 17:51:38.769,smart_meter,send_encrypted_data,334386,0.365,7329.008,true,none,410
2025-12-12 17:51:38.736,smart_meter,send_encrypted_data,334469,17.982,148.802,true,none,100
2025-12-12 17:51:38.736,smart_meter,send_encrypted_data,334182,0.380,7035.411,true,none,307
2025-12-12 17:51:38.736,smart_meter,send_encrypted_data,334458,0.388,6896.041,true,none,33
2025-12-12 17:51:38.735,smart_meter,send_encrypted_data,334103,5.233,510.763,true,none,58
2025-12-12 17:51:38.770,smart_meter,send_encrypted_data,334080,0.567,4713.651,true,none,392
2025-12-12 17:51:38.771,smart_meter,send_encrypted_data,334448,0.341,7846.287,true,none,298
2025-12-12 17:51:38.737,smart_meter,send_encrypted_data,334188,0.387,6908.279,true,none,388
2025-12-12 17:51:38.738,smart_meter,send_encrypted_data,334126,0.338,7908.308,true,none,328
2025-12-12 17:51:38.738,smart_meter,send_encrypted_data,334328,0.344,7775.070,true,none,287
2025-12-12 17:51:38.738,smart_meter,send_encrypted_data,334435,2.135,1253.152,true,none,361
2025-12-12 17:51:38.738,smart_meter,send_encrypted_data,334401,0.348,7687.379,true,none,42
2025-12-12 17:51:38.739,smart_meter,send_encrypted_data,334139,0.332,8051.542,true,none,259
2025-12-12 17:51:38.739,smart_meter,send_encrypted_data,334460,0.375,7135.147,true,none,90
2025-12-12 17:51:38.739,smart_meter,send_encrypted_data,334134,0.366,7303.475,true,none,15
2025-12-12 17:51:38.739,smart_meter,send_encrypted_data,334293,0.387,6910.450,true,none,302
2025-12-12 17:51:38.739,smart_meter,send_encrypted_data,334369,0.358,7471.933,true,none,316
2025-12-12 17:51:38.738,smart_meter,send_encrypted_data,333804,4.954,539.046,true,none,9
2025-12-12 17:51:38.740,smart_meter,send_encrypted_data,334437,2.402,1113.862,true,none,74
2025-12-12 17:51:38.740,smart_meter,send_encrypted_data,334100,11.964,223.404,true,none,289
2025-12-12 17:51:38.740,smart_meter,send_encrypted_data,334343,0.370,7229.038,true,none,164
2025-12-12 17:51:38.740,smart_meter,send_encrypted_data,334425,1.881,1422.329,true,none,384
2025-12-12 17:51:38.740,smart_meter,send_encrypted_data,334286,0.351,7619.054,true,none,150
2025-12-12 17:51:38.735,smart_meter,send_encrypted_data,334253,0.355,7532.462,true,none,193
2025-12-12 17:51:38.741,smart_meter,send_encrypted_data,334430,0.397,6739.144,true,none,118
2025-12-12 17:51:38.741,smart_meter,send_encrypted_data,333289,5.479,486.642,true,none,140
2025-12-12 17:51:38.742,smart_meter,send_encrypted_data,334439,0.343,7800.327,true,none,133
2025-12-12 17:51:38.739,smart_meter,send_encrypted_data,333906,3.915,682.311,true,none,12
2025-12-12 17:51:38.742,smart_meter,send_encrypted_data,334364,0.347,7708.680,true,none,73
2025-12-12 17:51:38.742,smart_meter,send_encrypted_data,334323,7.301,366.331,true,none,371
2025-12-12 17:51:38.743,smart_meter,send_encrypted_data,334261,7.740,345.489,true,none,136
2025-12-12 17:51:38.743,smart_meter,send_encrypted_data,334233,0.348,7683.517,true,none,196
2025-12-12 17:51:38.743,smart_meter,send_encrypted_data,334307,0.355,7533.679,true,none,67
2025-12-12 17:51:38.743,smart_meter,send_encrypted_data,334294,0.353,7576.068,true,none,292
2025-12-12 17:51:38.774,smart_meter,send_encrypted_data,334134,0.361,7404.632,true,none,357
2025-12-12 17:51:38.743,smart_meter,send_encrypted_data,334182,9.439,283.235,true,none,248
2025-12-12 17:51:38.776,smart_meter,send_encrypted_data,334070,1.811,1475.737,true,none,358
2025-12-12 17:51:38.744,smart_meter,send_encrypted_data,334022,0.358,7464.179,true,none,108
2025-12-12 17:51:38.744,smart_meter,send_encrypted_data,334051,0.870,3071.733,true,none,283
2025-12-12 17:51:38.777,smart_meter,send_encrypted_data,334418,0.400,6688.360,true,none,391
2025-12-12 17:51:38.778,smart_meter,send_encrypted_data,334332,0.361,7409.019,true,none,385
2025-12-12 17:51:38.744,smart_meter,send_encrypted_data,334350,0.350,7642.286,true,none,97
2025-12-12 17:51:38.779,smart_meter,send_encrypted_data,334192,0.384,6962.333,true,none,413
2025-12-12 17:51:38.744,smart_meter,send_encrypted_data,333924,4.253,628.119,true,none,207
2025-12-12 17:51:38.782,smart_meter,send_encrypted_data,334427,0.354,7557.672,true,none,303
2025-12-12 17:51:38.744,smart_meter,send_encrypted_data,334244,0.364,7346.022,true,none,60
2025-12-12 17:51:38.745,smart_meter,send_encrypted_data,334240,0.354,7553.446,true,none,123
2025-12-12 17:51:38.782,smart_meter,send_encrypted_data,334229,0.538,4969.948,true,none,406
2025-12-12 17:51:38.745,smart_meter,send_encrypted_data,333820,0.399,6693.133,true,none,279
2025-12-12 17:51:38.745,smart_meter,send_encrypted_data,334399,0.391,6841.923,true,none,27
2025-12-12 17:51:38.745,smart_meter,send_encrypted_data,333351,0.371,7188.162,true,none,143
2025-12-12 17:51:38.746,smart_meter,send_encrypted_data,334377,0.362,7389.547,true,none,254
2025-12-12 17:51:38.746,smart_meter,send_encrypted_data,334069,0.397,6731.869,true,none,340
2025-12-12 17:51:38.746,smart_meter,send_encrypted_data,334252,0.377,7092.881,true,none,132
2025-12-12 17:51:38.746,smart_meter,send_encrypted_data,334341,0.379,7057.330,true,none,83
2025-12-12 17:51:38.783,smart_meter,send_encrypted_data,334314,0.785,3407.022,true,none,409
2025-12-12 17:51:38.746,smart_meter,send_encrypted_data,334140,0.361,7404.765,true,none,22
2025-12-12 17:51:38.747,smart_meter,send_encrypted_data,334336,0.365,7327.912,true,none,335
2025-12-12 17:51:38.747,smart_meter,send_encrypted_data,334393,0.379,7058.427,true,none,103
2025-12-12 17:51:38.747,smart_meter,send_encrypted_data,334083,0.345,7746.852,true,none,102
2025-12-12 17:51:38.748,smart_meter,send_encrypted_data,334109,0.353,7571.875,true,none,349
2025-12-12 17:51:38.748,smart_meter,send_encrypted_data,334357,0.379,7057.668,true,none,386
2025-12-12 17:51:38.748,smart_meter,send_encrypted_data,334391,2.962,903.149,true,none,218
2025-12-12 17:51:38.748,smart_meter,send_encrypted_data,334030,0.347,7700.980,true,none,51
2025-12-12 17:51:38.749,smart_meter,send_encrypted_data,334249,0.388,6891.732,true,none,350
2025-12-12 17:51:38.749,smart_meter,send_encrypted_data,334039,0.379,7050.955,true,none,262
2025-12-12 17:51:38.749,smart_meter,send_encrypted_data,334203,0.343,7794.822,true,none,122
2025-12-12 17:51:38.750,smart_meter,send_encrypted_data,333247,0.341,7818.111,true,none,246
2025-12-12 17:51:38.750,smart_meter,send_encrypted_data,334400,13.742,194.673,true,none,366
2025-12-12 17:51:38.750,smart_meter,send_encrypted_data,334372,7.345,364.190,true,none,43
2025-12-12 17:51:38.750,smart_meter,send_encrypted_data,334208,23.811,112.287,true,none,395
2025-12-12 17:51:38.751,smart_meter,send_encrypted_data,334181,0.350,7638.423,true,none,200
2025-12-12 17:51:38.751,smart_meter,send_encrypted_data,334475,3.261,820.546,true,none,352
2025-12-12 17:51:38.751,smart_meter,send_encrypted_data,334457,0.438,6108.804,true,none,173
2025-12-12 17:51:38.751,smart_meter,send_encrypted_data,334479,0.428,6251.944,true,none,157
2025-12-12 17:51:38.752,smart_meter,send_encrypted_data,334346,1.691,1581.767,true,none,170
2025-12-12 17:51:38.752,smart_meter,send_encrypted_data,334404,0.361,7410.615,true,none,141
2025-12-12 17:51:38.752,smart_meter,send_encrypted_data,334400,46.369,57.694,true,none,156
2025-12-12 17:51:38.752,smart_meter,send_encrypted_data,334042,26.137,102.243,true,none,112
2025-12-12 17:51:38.752,smart_meter,send_encrypted_data,334377,0.379,7058.090,true,none,355
2025-12-12 17:51:38.752,smart_meter,send_encrypted_data,334408,0.403,6638.372,true,none,390
2025-12-12 17:51:38.752,smart_meter,send_encrypted_data,334307,24.196,110.533,true,none,314
2025-12-12 17:51:38.715,smart_meter,send_encrypted_data,334277,0.369,7247.198,true,none,285
2025-12-12 17:51:38.753,smart_meter,send_encrypted_data,334513,2.219,1205.995,true,none,3
2025-12-12 17:51:38.753,smart_meter,send_encrypted_data,334100,17.073,156.551,true,none,161
2025-12-12 17:51:38.750,smart_meter,send_encrypted_data,334388,0.354,7556.791,true,none,185
2025-12-12 17:51:38.753,smart_meter,send_encrypted_data,334040,0.452,5912.212,true,none,227
2025-12-12 17:51:38.753,smart_meter,send_encrypted_data,334338,14.221,188.081,true,none,169
2025-12-12 17:51:38.754,smart_meter,send_encrypted_data,334252,0.365,7326.071,true,none,333
2025-12-12 17:51:38.754,smart_meter,send_encrypted_data,334398,0.337,7938.231,true,none,378
2025-12-12 17:51:38.755,smart_meter,send_encrypted_data,334455,0.374,7154.118,true,none,154
2025-12-12 17:51:38.756,smart_meter,send_encrypted_data,334246,0.368,7266.217,true,none,257
2025-12-12 17:51:38.756,smart_meter,send_encrypted_data,334152,0.349,7659.645,true,none,223
2025-12-12 17:51:38.757,smart_meter,send_encrypted_data,334177,12.196,219.204,true,none,363
2025-12-12 17:51:38.753,smart_meter,send_encrypted_data,334161,0.401,6666.554,true,none,337
2025-12-12 17:51:38.758,smart_meter,send_encrypted_data,334120,2.661,1004.495,true,none,348
2025-12-12 17:51:38.745,smart_meter,send_encrypted_data,334302,0.362,7387.890,true,none,369
2025-12-12 17:51:38.759,smart_meter,send_encrypted_data,334163,1.504,1777.463,true,none,305
2025-12-12 17:51:38.759,smart_meter,send_encrypted_data,334197,19.194,139.292,true,none,270
2025-12-12 17:51:38.801,smart_meter,send_encrypted_data,334383,0.475,5631.714,true,none,468
2025-12-12 17:51:38.801,smart_meter,send_encrypted_data,334284,0.770,3473.081,true,none,461
2025-12-12 17:51:38.802,smart_meter,send_encrypted_data,334346,0.485,5514.986,true,none,425
2025-12-12 17:51:38.802,smart_meter,send_encrypted_data,334013,0.375,7125.611,true,none,466
2025-12-12 17:51:38.802,smart_meter,send_encrypted_data,334360,0.355,7534.873,true,none,470
2025-12-12 17:51:38.804,smart_meter,send_encrypted_data,334388,1.055,2535.644,true,none,419
2025-12-12 17:51:38.804,smart_meter,send_encrypted_data,334398,0.381,7021.480,true,none,438
2025-12-12 17:51:38.805,smart_meter,send_encrypted_data,334210,1.048,2551.221,true,none,436
2025-12-12 17:51:38.805,smart_meter,send_encrypted_data,334439,1.391,1923.445,true,none,434
2025-12-12 17:51:38.805,smart_meter,send_encrypted_data,334534,0.727,3681.254,true,none,427
2025-12-12 17:51:38.806,smart_meter,send_encrypted_data,334380,0.855,3128.702,true,none,432
2025-12-12 17:51:38.807,smart_meter,send_encrypted_data,334351,0.361,7409.440,true,none,485
2025-12-12 17:51:38.809,smart_meter,send_encrypted_data,333971,0.402,6646.189,true,none,453
2025-12-12 17:51:38.809,smart_meter,send_encrypted_data,334254,0.385,6945.538,true,none,454
2025-12-12 17:51:38.809,smart_meter,send_encrypted_data,334167,1.265,2113.309,true,none,447
2025-12-12 17:51:38.809,smart_meter,send_encrypted_data,334177,1.287,2077.246,true,none,475
2025-12-12 17:51:38.810,smart_meter,send_encrypted_data,334429,1.635,1636.350,true,none,473
2025-12-12 17:51:38.810,smart_meter,send_encrypted_data,334326,0.311,8600.026,true,none,480
2025-12-12 17:51:38.811,smart_meter,send_encrypted_data,334391,0.334,8009.365,true,none,417
2025-12-12 17:51:38.811,smart_meter,send_encrypted_data,334410,1.748,1530.481,true,none,457
2025-12-12 17:51:38.812,smart_meter,send_encrypted_data,334153,1.010,2646.756,true,none,423
2025-12-12 17:51:38.812,smart_meter,send_encrypted_data,334487,0.333,8035.724,true,none,482
2025-12-12 17:51:38.813,smart_meter,send_encrypted_data,334148,2.166,1234.157,true,none,471
2025-12-12 17:51:38.814,smart_meter,send_encrypted_data,334091,0.399,6698.566,true,none,487
2025-12-12 17:51:38.815,smart_meter,send_encrypted_data,334387,2.434,1099.053,true,none,497
2025-12-12 17:51:38.814,smart_meter,send_encrypted_data,334164,1.195,2237.081,true,none,465
2025-12-12 17:51:38.814,smart_meter,send_encrypted_data,334480,0.452,5920.000,true,none,442
2025-12-12 17:51:38.815,smart_meter,send_encrypted_data,334393,1.000,2675.144,true,none,479
2025-12-12 17:51:38.816,smart_meter,send_encrypted_data,334497,0.353,7580.669,true,none,415
2025-12-12 17:51:38.816,smart_meter,send_encrypted_data,334335,2.708,987.696,true,none,493
2025-12-12 17:51:38.818,smart_meter,send_encrypted_data,334429,0.445,6012.207,true,none,495
2025-12-12 17:51:38.818,smart_meter,send_encrypted_data,334432,1.365,1960.041,true,none,472
2025-12-12 17:51:38.818,smart_meter,send_encrypted_data,334403,2.831,944.975,true,none,483
2025-12-12 17:51:38.819,smart_meter,send_encrypted_data,334363,0.362,7389.238,true,none,499
2025-12-12 17:51:38.820,smart_meter,send_encrypted_data,334292,0.348,7684.874,true,none,431
2025-12-12 17:51:38.824,smart_meter,send_encrypted_data,334074,0.806,3315.871,true,none,280
2025-12-12 17:51:38.824,smart_meter,send_encrypted_data,334421,0.773,3461.019,true,none,494
2025-12-12 17:51:38.825,smart_meter,send_encrypted_data,334296,0.799,3347.144,true,none,405
2025-12-12 17:51:38.825,smart_meter,send_encrypted_data,334351,0.591,4525.902,true,none,440
2025-12-12 17:51:38.825,smart_meter,send_encrypted_data,334184,0.561,4765.547,true,none,433
2025-12-12 17:51:38.825,smart_meter,send_encrypted_data,334539,0.930,2877.755,true,none,444
2025-12-12 17:51:38.826,smart_meter,send_encrypted_data,334457,0.354,7558.350,true,none,455
2025-12-12 17:51:38.826,smart_meter,send_encrypted_data,334329,0.838,3191.685,true,none,299
2025-12-12 17:51:38.827,smart_meter,send_encrypted_data,334180,0.538,4969.219,true,none,484
2025-12-12 17:51:38.828,smart_meter,send_encrypted_data,334416,0.988,2707.822,true,none,467
2025-12-12 17:51:38.829,smart_meter,send_encrypted_data,334053,0.455,5873.459,true,none,424
2025-12-12 17:51:38.829,smart_meter,send_encrypted_data,334108,0.748,3573.348,true,none,489
2025-12-12 17:51:38.832,smart_meter,send_encrypted_data,334463,0.342,7823.696,true,none,448
2025-12-12 17:51:38.835,smart_meter,send_encrypted_data,334382,0.380,7039.621,true,none,421
2025-12-12 17:51:38.835,smart_meter,send_encrypted_data,333524,2.575,1036.191,true,none,382
2025-12-12 17:51:38.836,smart_meter,send_encrypted_data,334367,0.342,7821.450,true,none,458
2025-12-12 17:51:38.836,smart_meter,send_encrypted_data,334396,0.484,5527.207,true,none,456
2025-12-12 17:51:38.836,smart_meter,send_encrypted_data,334259,0.356,7511.438,true,none,429
2025-12-12 17:51:38.836,smart_meter,send_encrypted_data,334091,1.646,1623.772,true,none,428
2025-12-12 17:51:38.836,smart_meter,send_encrypted_data,334206,2.406,1111.242,true,none,414
2025-12-12 17:51:38.836,smart_meter,send_encrypted_data,334445,0.353,7579.490,true,none,437
2025-12-12 17:51:38.837,smart_meter,send_encrypted_data,334444,2.873,931.275,true,none,418
2025-12-12 17:51:38.837,smart_meter,send_encrypted_data,334271,2.429,1100.934,true,none,459
2025-12-12 17:51:38.839,smart_meter,send_encrypted_data,334383,0.330,8106.255,true,none,490
2025-12-12 17:51:38.839,smart_meter,send_encrypted_data,334400,1.223,2187.408,true,none,445
2025-12-12 17:51:38.839,smart_meter,send_encrypted_data,334159,0.328,8150.220,true,none,469
2025-12-12 17:51:38.840,smart_meter,send_encrypted_data,334067,0.882,3030.086,true,none,443
2025-12-12 17:51:38.840,smart_meter,send_encrypted_data,334268,0.544,4915.706,true,none,416
2025-12-12 17:51:38.840,smart_meter,send_encrypted_data,334480,0.351,7623.476,true,none,474
2025-12-12 17:51:38.841,smart_meter,send_encrypted_data,334087,0.350,7636.274,true,none,364
2025-12-12 17:51:38.841,smart_meter,send_encrypted_data,334346,0.334,8008.287,true,none,481
2025-12-12 17:51:38.842,smart_meter,send_encrypted_data,334271,0.376,7112.149,true,none,476
2025-12-12 17:51:38.842,smart_meter,send_encrypted_data,334377,1.143,2340.346,true,none,435
2025-12-12 17:51:38.843,smart_meter,send_encrypted_data,334119,3.449,774.993,true,none,500
2025-12-12 17:51:38.843,smart_meter,send_encrypted_data,334444,1.930,1386.296,true,none,488
2025-12-12 17:51:38.843,smart_meter,send_encrypted_data,334401,0.362,7390.077,true,none,496
2025-12-12 17:51:38.843,smart_meter,send_encrypted_data,334296,0.366,7307.016,true,none,420
2025-12-12 17:51:38.845,smart_meter,send_encrypted_data,334314,0.461,5801.544,true,none,462
2025-12-12 17:51:38.846,smart_meter,send_encrypted_data,333913,3.615,738.950,true,none,422
2025-12-12 17:51:38.846,smart_meter,send_encrypted_data,334359,0.376,7114.021,true,none,441
2025-12-12 17:51:38.848,smart_meter,send_encrypted_data,334244,0.356,7511.101,true,none,498
2025-12-12 17:51:38.849,smart_meter,send_encrypted_data,334121,0.372,7185.398,true,none,464
2025-12-12 17:51:38.850,smart_meter,send_encrypted_data,334393,0.355,7535.617,true,none,430
2025-12-12 17:51:38.851,smart_meter,send_encrypted_data,334424,0.521,5135.109,true,none,426
2025-12-12 17:51:38.852,smart_meter,send_encrypted_data,334466,1.590,1682.848,true,none,446
2025-12-12 17:51:38.852,smart_meter,send_encrypted_data,334140,0.465,5748.645,true,none,478
2025-12-12 17:51:38.852,smart_meter,send_encrypted_data,334440,0.362,7390.939,true,none,477
2025-12-12 17:51:38.853,smart_meter,send_encrypted_data,334187,1.437,1860.470,true,none,492
2025-12-12 17:51:38.853,smart_meter,send_encrypted_data,334122,1.715,1558.587,true,none,452
2025-12-12 17:51:38.853,smart_meter,send_encrypted_data,334438,2.764,967.983,true,none,486
2025-12-12 17:51:38.854,smart_meter,send_encrypted_data,334404,1.856,1441.397,true,none,449
2025-12-12 17:51:38.854,smart_meter,send_encrypted_data,334384,0.339,7891.068,true,none,439
2025-12-12 17:51:38.857,smart_meter,send_encrypted_data,334314,0.382,7001.340,true,none,451
2025-12-12 17:51:38.857,smart_meter,send_encrypted_data,334398,1.482,1805.117,true,none,460
2025-12-12 17:51:38.858,smart_meter,send_encrypted_data,334109,0.401,6665.516,true,none,450
2025-12-12 17:51:38.858,smart_meter,send_encrypted_data,334250,1.462,1829.001,true,none,463
2025-12-12 17:51:38.860,smart_meter,send_encrypted_data,334089,1.003,2664.718,true,none,491
2025-12-12 17:52:43.888,smart_meter,send_encrypted_data,334317,0.349,7663.427,true,none,9
2025-12-12 17:52:43.889,smart_meter,send_encrypted_data,334392,0.354,7556.881,true,none,83
2025-12-12 17:52:43.890,smart_meter,send_encrypted_data,334015,0.366,7300.874,true,none,15
2025-12-12 17:52:43.891,smart_meter,send_encrypted_data,334484,0.364,7351.297,true,none,73
2025-12-12 17:52:43.892,smart_meter,send_encrypted_data,334263,0.312,8570.846,true,none,27
2025-12-12 17:52:43.893,smart_meter,send_encrypted_data,334153,0.349,7659.668,true,none,18
2025-12-12 17:52:43.893,smart_meter,send_encrypted_data,334373,0.596,4488.228,true,none,22
2025-12-12 17:52:43.894,smart_meter,send_encrypted_data,334468,0.373,7173.576,true,none,103
2025-12-12 17:52:43.895,smart_meter,send_encrypted_data,334379,0.352,7599.523,true,none,118
2025-12-12 17:52:43.895,smart_meter,send_encrypted_data,334388,0.351,7621.379,true,none,20
2025-12-12 17:52:43.896,smart_meter,send_encrypted_data,334419,3.787,706.457,true,none,12
2025-12-12 17:52:43.896,smart_meter,send_encrypted_data,333969,0.349,7655.450,true,none,97
2025-12-12 17:52:43.897,smart_meter,send_encrypted_data,334384,0.433,6177.995,true,none,3
2025-12-12 17:52:43.898,smart_meter,send_encrypted_data,334390,0.355,7535.549,true,none,67
2025-12-12 17:52:43.898,smart_meter,send_encrypted_data,334374,0.340,7867.624,true,none,74
2025-12-12 17:52:43.899,smart_meter,send_encrypted_data,334389,0.351,7621.402,true,none,58
2025-12-12 17:52:43.899,smart_meter,send_encrypted_data,334440,0.399,6705.564,true,none,80
2025-12-12 17:52:43.899,smart_meter,send_encrypted_data,334453,0.379,7059.694,true,none,42
2025-12-12 17:52:43.900,smart_meter,send_encrypted_data,334463,0.343,7800.886,true,none,109
2025-12-12 17:52:43.901,smart_meter,send_encrypted_data,334374,0.330,8106.036,true,none,108
2025-12-12 17:52:43.902,smart_meter,send_encrypted_data,334506,0.340,7870.729,true,none,14
2025-12-12 17:52:43.903,smart_meter,send_encrypted_data,334340,0.362,7388.729,true,none,60
2025-12-12 17:52:43.903,smart_meter,send_encrypted_data,334266,0.339,7888.283,true,none,1
2025-12-12 17:52:43.910,smart_meter,send_encrypted_data,334407,0.355,7535.932,true,none,65
2025-12-12 17:52:43.911,smart_meter,send_encrypted_data,334422,0.363,7370.182,true,none,98
2025-12-12 17:52:43.911,smart_meter,send_encrypted_data,334421,0.379,7059.018,true,none,104
2025-12-12 17:52:43.913,smart_meter,send_encrypted_data,334118,0.370,7224.173,true,none,53
2025-12-12 17:52:43.914,smart_meter,send_encrypted_data,334341,0.350,7642.080,true,none,69
2025-12-12 17:52:43.916,smart_meter,send_encrypted_data,333958,0.344,7766.465,true,none,45
2025-12-12 17:52:43.916,smart_meter,send_encrypted_data,334333,16.337,163.718,true,none,115
2025-12-12 17:52:43.917,smart_meter,send_encrypted_data,334236,0.349,7661.570,true,none,2
2025-12-12 17:52:43.921,smart_meter,send_encrypted_data,334120,0.365,7323.178,true,none,79
2025-12-12 17:52:43.922,smart_meter,send_encrypted_data,334451,0.360,7432.244,true,none,92
2025-12-12 17:52:43.923,smart_meter,send_encrypted_data,334402,0.355,7535.820,true,none,16
2025-12-12 17:52:43.923,smart_meter,send_encrypted_data,334479,0.357,7495.328,true,none,119
2025-12-12 17:52:43.924,smart_meter,send_encrypted_data,334122,0.361,7404.366,true,none,85
2025-12-12 17:52:43.925,smart_meter,send_encrypted_data,333943,7.815,341.848,true,none,86
2025-12-12 17:52:43.925,smart_meter,send_encrypted_data,333987,0.391,6833.494,true,none,7
2025-12-12 17:52:43.927,smart_meter,send_encrypted_data,334141,0.350,7637.509,true,none,4
2025-12-12 17:52:43.927,smart_meter,send_encrypted_data,334416,0.355,7536.135,true,none,44
2025-12-12 17:52:43.928,smart_meter,send_encrypted_data,334133,0.365,7323.463,true,none,63
2025-12-12 17:52:43.929,smart_meter,send_encrypted_data,333928,0.355,7525.138,true,none,116
2025-12-12 17:52:43.930,smart_meter,send_encrypted_data,333979,0.336,7951.881,true,none,52
2025-12-12 17:52:43.930,smart_meter,send_encrypted_data,334049,0.350,7635.406,true,none,26
2025-12-12 17:52:43.931,smart_meter,send_encrypted_data,334243,0.701,3814.471,true,none,55
2025-12-12 17:52:43.931,smart_meter,send_encrypted_data,334197,0.353,7573.870,true,none,6
2025-12-12 17:52:43.932,smart_meter,send_encrypted_data,334236,0.358,7468.961,true,none,50
2025-12-12 17:52:43.933,smart_meter,send_encrypted_data,333308,0.360,7406.844,true,none,17
2025-12-12 17:52:43.934,smart_meter,send_encrypted_data,334310,0.368,7267.609,true,none,36
2025-12-12 17:52:43.934,smart_meter,send_encrypted_data,334042,0.345,7745.901,true,none,30
2025-12-12 17:52:43.935,smart_meter,send_encrypted_data,334278,0.359,7449.092,true,none,114
2025-12-12 17:52:43.935,smart_meter,send_encrypted_data,334157,0.338,7909.041,true,none,81
2025-12-12 17:52:43.936,smart_meter,send_encrypted_data,334266,0.373,7169.244,true,none,5
2025-12-12 17:52:43.936,smart_meter,send_encrypted_data,334303,0.368,7267.457,true,none,34
2025-12-12 17:52:43.937,smart_meter,send_encrypted_data,334486,0.333,8035.700,true,none,35
2025-12-12 17:52:43.937,smart_meter,send_encrypted_data,334232,0.332,8053.783,true,none,99
2025-12-12 17:52:43.938,smart_meter,send_encrypted_data,334352,0.432,6191.704,true,none,28
2025-12-12 17:52:43.938,smart_meter,send_encrypted_data,334417,6.794,393.779,true,none,54
2025-12-12 17:52:43.938,smart_meter,send_encrypted_data,334479,0.642,4167.963,true,none,93
2025-12-12 17:52:43.940,smart_meter,send_encrypted_data,334213,0.390,6855.651,true,none,68
2025-12-12 17:52:43.941,smart_meter,send_encrypted_data,334363,1.741,1536.418,true,none,38
2025-12-12 17:52:43.941,smart_meter,send_encrypted_data,334309,0.350,7641.349,true,none,10
2025-12-12 17:52:43.943,smart_meter,send_encrypted_data,334251,0.368,7266.326,true,none,82
2025-12-12 17:52:43.944,smart_meter,send_encrypted_data,334113,0.374,7146.802,true,none,59
2025-12-12 17:52:43.944,smart_meter,send_encrypted_data,334176,2.578,1037.009,true,none,46
2025-12-12 17:52:43.946,smart_meter,send_encrypted_data,333861,0.362,7378.144,true,none,37
2025-12-12 17:52:43.947,smart_meter,send_encrypted_data,334361,0.375,7133.035,true,none,111
2025-12-12 17:52:43.948,smart_meter,send_encrypted_data,334288,0.377,7093.645,true,none,62
2025-12-12 17:52:43.949,smart_meter,send_encrypted_data,334190,3.684,725.711,true,none,51
2025-12-12 17:52:43.951,smart_meter,send_encrypted_data,334321,0.346,7729.965,true,none,70
2025-12-12 17:52:43.951,smart_meter,send_encrypted_data,334266,0.355,7532.755,true,none,19
2025-12-12 17:52:43.955,smart_meter,send_encrypted_data,334213,0.352,7595.750,true,none,24
2025-12-12 17:52:43.955,smart_meter,send_encrypted_data,334316,0.345,7752.255,true,none,8
2025-12-12 17:52:43.957,smart_meter,send_encrypted_data,334441,1.550,1726.147,true,none,56
2025-12-12 17:52:43.957,smart_meter,send_encrypted_data,333359,0.346,7707.723,true,none,117
2025-12-12 17:52:43.958,smart_meter,send_encrypted_data,334422,0.341,7845.677,true,none,121
2025-12-12 17:52:43.959,smart_meter,send_encrypted_data,334407,0.345,7754.365,true,none,120
2025-12-12 17:52:43.961,smart_meter,send_encrypted_data,334412,0.349,7665.605,true,none,101
2025-12-12 17:52:43.961,smart_meter,send_encrypted_data,334330,0.371,7209.272,true,none,71
2025-12-12 17:52:43.962,smart_meter,send_encrypted_data,334405,0.363,7369.807,true,none,89
2025-12-12 17:52:43.963,smart_meter,send_encrypted_data,334315,0.389,6875.373,true,none,94
2025-12-12 17:52:43.964,smart_meter,send_encrypted_data,334246,0.354,7553.582,true,none,75
2025-12-12 17:52:43.965,smart_meter,send_encrypted_data,334176,0.357,7488.538,true,none,124
2025-12-12 17:52:43.966,smart_meter,send_encrypted_data,334386,0.343,7799.090,true,none,48
2025-12-12 17:52:43.966,smart_meter,send_encrypted_data,334324,2.914,917.842,true,none,61
2025-12-12 17:52:43.967,smart_meter,send_encrypted_data,334242,0.513,5212.351,true,none,105
2025-12-12 17:52:43.968,smart_meter,send_encrypted_data,334440,0.347,7710.432,true,none,125
2025-12-12 17:52:43.968,smart_meter,send_encrypted_data,333274,0.387,6889.385,true,none,106
2025-12-12 17:52:43.970,smart_meter,send_encrypted_data,334349,0.346,7730.613,true,none,23
2025-12-12 17:52:43.971,smart_meter,send_encrypted_data,334163,0.353,7573.099,true,none,100
2025-12-12 17:52:43.972,smart_meter,send_encrypted_data,334367,0.337,7937.496,true,none,110
2025-12-12 17:52:43.973,smart_meter,send_encrypted_data,334412,0.373,7172.375,true,none,87
2025-12-12 17:52:43.973,smart_meter,send_encrypted_data,334444,0.414,6462.686,true,none,78
2025-12-12 17:52:43.974,smart_meter,send_encrypted_data,334205,0.369,7245.637,true,none,95
2025-12-12 17:52:43.974,smart_meter,send_encrypted_data,334427,0.435,6150.382,true,none,107
2025-12-12 17:52:43.974,smart_meter,send_encrypted_data,334434,0.335,7986.484,true,none,112
2025-12-12 17:52:43.975,smart_meter,send_encrypted_data,334431,0.354,7557.763,true,none,72
2025-12-12 17:52:43.976,smart_meter,send_encrypted_data,334442,0.373,7173.019,true,none,31
2025-12-12 17:52:43.977,smart_meter,send_encrypted_data,334451,0.355,7536.924,true,none,91
2025-12-12 17:52:43.978,smart_meter,send_encrypted_data,334399,0.373,7172.097,true,none,29
2025-12-12 17:52:43.979,smart_meter,send_encrypted_data,334055,0.355,7528.000,true,none,76
2025-12-12 17:52:43.979,smart_meter,send_encrypted_data,334392,0.348,7687.172,true,none,21
2025-12-12 17:52:43.982,smart_meter,send_encrypted_data,334533,0.406,6591.783,true,none,96
2025-12-12 17:52:43.984,smart_meter,send_encrypted_data,334366,12.470,214.509,true,none,39
2025-12-12 17:52:43.986,smart_meter,send_encrypted_data,334315,0.370,7228.432,true,none,13
2025-12-12 17:52:43.986,smart_meter,send_encrypted_data,334315,11.452,233.542,true,none,88
2025-12-12 17:52:43.982,smart_meter,send_encrypted_data,334524,0.385,6951.148,true,none,233
2025-12-12 17:52:43.987,smart_meter,send_encrypted_data,334067,0.380,7032.989,true,none,25
2025-12-12 17:52:43.987,smart_meter,send_encrypted_data,334461,0.343,7800.840,true,none,84
2025-12-12 17:52:43.987,smart_meter,send_encrypted_data,334400,0.384,6966.667,true,none,11
2025-12-12 17:52:43.988,smart_meter,send_encrypted_data,334200,0.396,6751.515,true,none,33
2025-12-12 17:52:43.989,smart_meter,send_encrypted_data,334460,0.338,7916.213,true,none,40
2025-12-12 17:52:43.991,smart_meter,send_encrypted_data,334079,0.356,7507.393,true,none,102
2025-12-12 17:52:43.991,smart_meter,send_encrypted_data,334460,0.372,7192.688,true,none,32
2025-12-12 17:52:43.991,smart_meter,send_encrypted_data,334149,5.755,464.499,true,none,64
2025-12-12 17:52:43.992,smart_meter,send_encrypted_data,334335,7.301,366.344,true,none,77
2025-12-12 17:52:43.992,smart_meter,send_encrypted_data,334543,0.354,7560.294,true,none,113
2025-12-12 17:52:43.993,smart_meter,send_encrypted_data,334305,2.883,927.659,true,none,90
2025-12-12 17:52:43.994,smart_meter,send_encrypted_data,334463,0.364,7350.835,true,none,66
2025-12-12 17:52:43.995,smart_meter,send_encrypted_data,334419,18.678,143.235,true,none,57
2025-12-12 17:52:43.996,smart_meter,send_encrypted_data,334302,20.348,131.434,true,none,47
2025-12-12 17:52:43.996,smart_meter,send_encrypted_data,334421,16.574,161.420,true,none,41
2025-12-12 17:52:43.997,smart_meter,send_encrypted_data,334385,0.347,7709.164,true,none,127
2025-12-12 17:52:43.998,smart_meter,send_encrypted_data,334393,0.356,7514.449,true,none,130
2025-12-12 17:52:43.998,smart_meter,send_encrypted_data,334435,0.315,8493.587,true,none,129
2025-12-12 17:52:43.999,smart_meter,send_encrypted_data,334307,0.319,8383.875,true,none,252
2025-12-12 17:52:44.000,smart_meter,send_encrypted_data,334297,0.377,7093.836,true,none,133
2025-12-12 17:52:44.000,smart_meter,send_encrypted_data,334342,0.310,8628.181,true,none,135
2025-12-12 17:52:44.001,smart_meter,send_encrypted_data,334366,0.297,9006.492,true,none,136
2025-12-12 17:52:44.002,smart_meter,send_encrypted_data,334104,0.331,8075.021,true,none,142
2025-12-12 17:52:44.002,smart_meter,send_encrypted_data,334158,0.367,7284.098,true,none,141
2025-12-12 17:52:44.003,smart_meter,send_encrypted_data,334469,0.987,2710.995,true,none,131
2025-12-12 17:52:44.004,smart_meter,send_encrypted_data,334216,0.367,7285.362,true,none,139
2025-12-12 17:52:44.004,smart_meter,send_encrypted_data,334199,1.665,1605.761,true,none,128
2025-12-12 17:52:44.005,smart_meter,send_encrypted_data,334097,4.615,579.150,true,none,134
2025-12-12 17:52:44.000,smart_meter,send_encrypted_data,334248,0.371,7207.504,true,none,132
2025-12-12 17:52:44.005,smart_meter,send_encrypted_data,334314,0.346,7729.803,true,none,253
2025-12-12 17:52:44.006,smart_meter,send_encrypted_data,334193,0.335,7980.728,true,none,175
2025-12-12 17:52:44.007,smart_meter,send_encrypted_data,334214,1.914,1396.924,true,none,143
2025-12-12 17:52:44.007,smart_meter,send_encrypted_data,334057,0.390,6852.451,true,none,147
2025-12-12 17:52:44.008,smart_meter,send_encrypted_data,334194,3.887,687.819,true,none,144
2025-12-12 17:52:44.008,smart_meter,send_encrypted_data,334227,1.213,2204.300,true,none,138
2025-12-12 17:52:44.010,smart_meter,send_encrypted_data,333992,0.336,7952.190,true,none,140
2025-12-12 17:52:44.011,smart_meter,send_encrypted_data,334424,0.340,7868.800,true,none,255
2025-12-12 17:52:44.012,smart_meter,send_encrypted_data,333975,0.371,7201.617,true,none,148
2025-12-12 17:52:44.012,smart_meter,send_encrypted_data,334377,0.360,7430.600,true,none,146
2025-12-12 17:52:44.013,smart_meter,send_encrypted_data,334349,0.383,6983.791,true,none,179
2025-12-12 17:52:44.013,smart_meter,send_encrypted_data,334390,2.628,1017.930,true,none,256
2025-12-12 17:52:44.015,smart_meter,send_encrypted_data,333457,0.352,7578.568,true,none,149
2025-12-12 17:52:44.015,smart_meter,send_encrypted_data,334366,1.731,1545.308,true,none,257
2025-12-12 17:52:44.017,smart_meter,send_encrypted_data,334192,0.342,7817.357,true,none,159
2025-12-12 17:52:44.018,smart_meter,send_encrypted_data,334177,0.351,7616.570,true,none,158
2025-12-12 17:52:44.019,smart_meter,send_encrypted_data,334418,0.665,4023.074,true,none,156
2025-12-12 17:52:44.020,smart_meter,send_encrypted_data,334385,2.054,1302.376,true,none,157
2025-12-12 17:52:44.023,smart_meter,send_encrypted_data,334148,0.310,8623.174,true,none,162
2025-12-12 17:52:44.023,smart_meter,send_encrypted_data,334266,0.351,7618.598,true,none,281
2025-12-12 17:52:44.024,smart_meter,send_encrypted_data,334330,0.355,7534.197,true,none,163
2025-12-12 17:52:44.025,smart_meter,send_encrypted_data,334038,0.351,7613.402,true,none,282
2025-12-12 17:52:44.026,smart_meter,send_encrypted_data,333399,0.880,3030.900,true,none,283
2025-12-12 17:52:44.027,smart_meter,send_encrypted_data,334278,0.405,6603.022,true,none,285
2025-12-12 17:52:44.027,smart_meter,send_encrypted_data,334284,0.830,3222.014,true,none,284
2025-12-12 17:52:44.029,smart_meter,send_encrypted_data,333281,1.224,2178.307,true,none,286
2025-12-12 17:52:44.030,smart_meter,send_encrypted_data,333728,0.464,5753.931,true,none,289
2025-12-12 17:52:44.031,smart_meter,send_encrypted_data,334070,1.021,2617.591,true,none,290
2025-12-12 17:52:44.032,smart_meter,send_encrypted_data,334283,0.307,8710.958,true,none,272
2025-12-12 17:52:44.033,smart_meter,send_encrypted_data,334322,1.490,1795.017,true,none,303
2025-12-12 17:52:44.033,smart_meter,send_encrypted_data,334439,0.310,8630.684,true,none,294
2025-12-12 17:52:44.035,smart_meter,send_encrypted_data,334435,0.353,7579.263,true,none,296
2025-12-12 17:52:44.035,smart_meter,send_encrypted_data,334351,1.838,1455.282,true,none,293
2025-12-12 17:52:44.035,smart_meter,send_encrypted_data,334416,2.723,982.493,true,none,292
2025-12-12 17:52:44.036,smart_meter,send_encrypted_data,334527,0.387,6915.287,true,none,295
2025-12-12 17:52:44.036,smart_meter,send_encrypted_data,334299,0.385,6946.473,true,none,298
2025-12-12 17:52:44.039,smart_meter,send_encrypted_data,334312,0.373,7170.231,true,none,301
2025-12-12 17:52:44.039,smart_meter,send_encrypted_data,334318,0.336,7959.952,true,none,364
2025-12-12 17:52:44.041,smart_meter,send_encrypted_data,334411,2.045,1308.209,true,none,363
2025-12-12 17:52:44.041,smart_meter,send_encrypted_data,334179,0.331,8076.834,true,none,337
2025-12-12 17:52:44.042,smart_meter,send_encrypted_data,333386,3.547,751.928,true,none,302
2025-12-12 17:52:44.043,smart_meter,send_encrypted_data,334281,0.357,7490.891,true,none,334
2025-12-12 17:52:44.043,smart_meter,send_encrypted_data,334368,2.532,1056.455,true,none,335
2025-12-12 17:52:44.043,smart_meter,send_encrypted_data,334232,3.332,802.478,true,none,333
2025-12-12 17:52:44.043,smart_meter,send_encrypted_data,334096,4.065,657.508,true,none,336
2025-12-12 17:52:44.045,smart_meter,send_encrypted_data,334391,0.338,7914.580,true,none,345
2025-12-12 17:52:44.046,smart_meter,send_encrypted_data,334322,0.489,5469.481,true,none,347
2025-12-12 17:52:44.047,smart_meter,send_encrypted_data,334136,0.302,8851.285,true,none,349
2025-12-12 17:52:44.047,smart_meter,send_encrypted_data,334410,9.090,294.310,true,none,304
2025-12-12 17:52:44.048,smart_meter,send_encrypted_data,333834,0.332,8044.193,true,none,350
2025-12-12 17:52:44.050,smart_meter,send_encrypted_data,334312,0.351,7619.647,true,none,164
2025-12-12 17:52:44.051,smart_meter,send_encrypted_data,334375,0.323,8281.734,true,none,367
2025-12-12 17:52:44.051,smart_meter,send_encrypted_data,334128,0.541,4940.895,true,none,352
2025-12-12 17:52:44.052,smart_meter,send_encrypted_data,334080,0.352,7592.727,true,none,353
2025-12-12 17:52:44.052,smart_meter,send_encrypted_data,334410,2.105,1270.917,true,none,165
2025-12-12 17:52:44.053,smart_meter,send_encrypted_data,334409,1.389,1926.042,true,none,365
2025-12-12 17:52:44.053,smart_meter,send_encrypted_data,334165,2.270,1177.674,true,none,371
2025-12-12 17:52:44.054,smart_meter,send_encrypted_data,334423,2.743,975.350,true,none,369
2025-12-12 17:52:44.054,smart_meter,send_encrypted_data,334374,2.267,1179.970,true,none,368
2025-12-12 17:52:44.055,smart_meter,send_encrypted_data,334162,0.365,7324.099,true,none,372
2025-12-12 17:52:44.053,smart_meter,send_encrypted_data,334341,0.363,7368.397,true,none,167
2025-12-12 17:52:44.055,smart_meter,send_encrypted_data,334091,0.485,5510.779,true,none,169
2025-12-12 17:52:44.057,smart_meter,send_encrypted_data,334431,0.334,8010.323,true,none,375
2025-12-12 17:52:44.057,smart_meter,send_encrypted_data,334386,0.921,2904.547,true,none,374
2025-12-12 17:52:44.057,smart_meter,send_encrypted_data,334068,2.340,1142.113,true,none,373
2025-12-12 17:52:44.058,smart_meter,send_encrypted_data,334322,0.341,7843.331,true,none,388
2025-12-12 17:52:44.058,smart_meter,send_encrypted_data,334448,0.345,7755.316,true,none,387
2025-12-12 17:52:44.060,smart_meter,send_encrypted_data,334296,0.342,7819.789,true,none,390
2025-12-12 17:52:44.060,smart_meter,send_encrypted_data,334571,0.388,6898.371,true,none,391
2025-12-12 17:52:44.061,smart_meter,send_encrypted_data,334172,0.337,7932.866,true,none,377
2025-12-12 17:52:44.062,smart_meter,send_encrypted_data,334151,1.626,1644.039,true,none,393
2025-12-12 17:52:44.063,smart_meter,send_encrypted_data,334133,0.376,7109.213,true,none,394
2025-12-12 17:52:44.064,smart_meter,send_encrypted_data,334241,2.055,1301.182,true,none,395
2025-12-12 17:52:44.066,smart_meter,send_encrypted_data,334420,0.349,7665.788,true,none,399
2025-12-12 17:52:44.067,smart_meter,send_encrypted_data,333932,0.610,4379.436,true,none,402
2025-12-12 17:52:44.069,smart_meter,send_encrypted_data,334038,0.371,7202.976,true,none,401
2025-12-12 17:52:44.069,smart_meter,send_encrypted_data,334046,1.669,1601.179,true,none,385
2025-12-12 17:52:44.072,smart_meter,send_encrypted_data,334363,1.949,1372.449,true,none,404
2025-12-12 17:52:44.073,smart_meter,send_encrypted_data,334459,2.198,1217.321,true,none,406
2025-12-12 17:52:44.073,smart_meter,send_encrypted_data,334454,0.378,7078.392,true,none,411
2025-12-12 17:52:44.073,smart_meter,send_encrypted_data,334363,0.338,7913.917,true,none,412
2025-12-12 17:52:44.074,smart_meter,send_encrypted_data,334253,2.391,1118.371,true,none,407
2025-12-12 17:52:44.074,smart_meter,send_encrypted_data,334470,2.159,1239.352,true,none,409
2025-12-12 17:52:44.076,smart_meter,send_encrypted_data,334315,1.044,2561.801,true,none,413
2025-12-12 17:52:44.076,smart_meter,send_encrypted_data,334385,0.457,5853.567,true,none,415
2025-12-12 17:52:44.076,smart_meter,send_encrypted_data,334434,0.332,8058.651,true,none,416
2025-12-12 17:52:44.076,smart_meter,send_encrypted_data,334423,0.345,7754.736,true,none,418
2025-12-12 17:52:44.077,smart_meter,send_encrypted_data,334392,0.350,7643.246,true,none,421
2025-12-12 17:52:44.077,smart_meter,send_encrypted_data,334417,0.371,7211.148,true,none,419
2025-12-12 17:52:44.078,smart_meter,send_encrypted_data,334354,0.362,7389.039,true,none,422
2025-12-12 17:52:44.078,smart_meter,send_encrypted_data,334217,0.355,7531.651,true,none,432
2025-12-12 17:52:44.078,smart_meter,send_encrypted_data,334368,1.949,1372.470,true,none,420
2025-12-12 17:52:44.079,smart_meter,send_encrypted_data,334307,0.369,7247.848,true,none,429
2025-12-12 17:52:44.079,smart_meter,send_encrypted_data,334215,1.093,2446.221,true,none,423
2025-12-12 17:52:44.079,smart_meter,send_encrypted_data,334589,0.545,4911.398,true,none,430
2025-12-12 17:52:44.079,smart_meter,send_encrypted_data,334297,0.394,6787.756,true,none,425
2025-12-12 17:52:44.080,smart_meter,send_encrypted_data,334394,0.303,8828.884,true,none,427
2025-12-12 17:52:44.081,smart_meter,send_encrypted_data,334223,0.349,7661.272,true,none,170
2025-12-12 17:52:44.081,smart_meter,send_encrypted_data,334315,0.387,6910.904,true,none,436
2025-12-12 17:52:44.081,smart_meter,send_encrypted_data,334415,0.405,6605.728,true,none,177
2025-12-12 17:52:44.082,smart_meter,send_encrypted_data,334293,1.043,2564.088,true,none,173
2025-12-12 17:52:44.082,smart_meter,send_encrypted_data,334142,0.346,7725.827,true,none,437
2025-12-12 17:52:44.083,smart_meter,send_encrypted_data,334204,0.353,7574.028,true,none,439
2025-12-12 17:52:44.081,smart_meter,send_encrypted_data,334301,0.874,3059.963,true,none,176
2025-12-12 17:52:44.084,smart_meter,send_encrypted_data,334377,0.347,7708.980,true,none,444
2025-12-12 17:52:44.084,smart_meter,send_encrypted_data,334251,0.379,7055.430,true,none,445
2025-12-12 17:52:44.084,smart_meter,send_encrypted_data,334431,1.198,2233.262,true,none,178
2025-12-12 17:52:44.085,smart_meter,send_encrypted_data,334248,0.371,7207.504,true,none,446
2025-12-12 17:52:44.085,smart_meter,send_encrypted_data,334443,0.372,7192.323,true,none,447
2025-12-12 17:52:44.085,smart_meter,send_encrypted_data,334500,1.394,1919.656,true,none,443
2025-12-12 17:52:44.085,smart_meter,send_encrypted_data,334267,1.267,2110.605,true,none,180
2025-12-12 17:52:44.086,smart_meter,send_encrypted_data,334160,0.338,7909.112,true,none,451
2025-12-12 17:52:44.086,smart_meter,send_encrypted_data,334316,0.408,6555.216,true,none,449
2025-12-12 17:52:44.087,smart_meter,send_encrypted_data,333923,0.381,7011.507,true,none,456
2025-12-12 17:52:44.087,smart_meter,send_encrypted_data,334240,0.963,2776.656,true,none,455
2025-12-12 17:52:44.088,smart_meter,send_encrypted_data,334361,0.361,7409.662,true,none,454
2025-12-12 17:52:44.088,smart_meter,send_encrypted_data,334340,1.165,2295.897,true,none,453
2025-12-12 17:52:44.088,smart_meter,send_encrypted_data,334430,1.257,2128.433,true,none,457
2025-12-12 17:52:44.088,smart_meter,send_encrypted_data,334475,0.480,5574.583,true,none,463
2025-12-12 17:52:44.089,smart_meter,send_encrypted_data,333892,0.748,3571.037,true,none,462
2025-12-12 17:52:44.090,smart_meter,send_encrypted_data,334371,0.794,3368.977,true,none,467
2025-12-12 17:52:44.091,smart_meter,send_encrypted_data,334264,0.387,6909.850,true,none,469
2025-12-12 17:52:44.091,smart_meter,send_encrypted_data,334125,0.372,7185.484,true,none,466
2025-12-12 17:52:44.091,smart_meter,send_encrypted_data,334497,0.883,3030.550,true,none,471
2025-12-12 17:52:44.091,smart_meter,send_encrypted_data,334290,0.348,7684.828,true,none,473
2025-12-12 17:52:44.092,smart_meter,send_encrypted_data,334194,1.921,1391.750,true,none,468
2025-12-12 17:52:44.091,smart_meter,send_encrypted_data,333996,1.882,1419.749,true,none,465
2025-12-12 17:52:44.092,smart_meter,send_encrypted_data,333344,0.344,7752.186,true,none,472
2025-12-12 17:52:44.093,smart_meter,send_encrypted_data,334374,0.359,7451.231,true,none,480
2025-12-12 17:52:44.093,smart_meter,send_encrypted_data,334359,0.352,7599.068,true,none,479
2025-12-12 17:52:44.094,smart_meter,send_encrypted_data,334343,0.334,8008.216,true,none,478
2025-12-12 17:52:44.094,smart_meter,send_encrypted_data,334180,0.716,3733.855,true,none,481
2025-12-12 17:52:44.095,smart_meter,send_encrypted_data,334232,2.873,930.684,true,none,474
2025-12-12 17:52:44.095,smart_meter,send_encrypted_data,334401,2.136,1252.438,true,none,475
2025-12-12 17:52:44.095,smart_meter,send_encrypted_data,334397,2.939,910.233,true,none,477
2025-12-12 17:52:44.095,smart_meter,send_encrypted_data,334266,0.345,7751.096,true,none,485
2025-12-12 17:52:44.096,smart_meter,send_encrypted_data,334430,2.010,1331.065,true,none,484
2025-12-12 17:52:44.097,smart_meter,send_encrypted_data,334501,0.340,7870.612,true,none,499
2025-12-12 17:52:44.097,smart_meter,send_encrypted_data,334153,3.039,879.639,true,none,182
2025-12-12 17:52:44.097,smart_meter,send_encrypted_data,334376,0.388,6894.351,true,none,491
2025-12-12 17:52:44.097,smart_meter,send_encrypted_data,334120,1.483,1802.401,true,none,489
2025-12-12 17:52:44.097,smart_meter,send_encrypted_data,334488,0.370,7232.173,true,none,500
2025-12-12 17:52:44.098,smart_meter,send_encrypted_data,334411,3.942,678.663,true,none,483
2025-12-12 17:52:44.099,smart_meter,send_encrypted_data,334354,0.344,7775.674,true,none,187
2025-12-12 17:52:44.099,smart_meter,send_encrypted_data,334388,1.675,1597.077,true,none,183
2025-12-12 17:52:44.099,smart_meter,send_encrypted_data,334260,1.265,2113.897,true,none,490
2025-12-12 17:52:44.100,smart_meter,send_encrypted_data,334143,0.347,7703.585,true,none,192
2025-12-12 17:52:44.100,smart_meter,send_encrypted_data,334523,0.582,4598.254,true,none,190
2025-12-12 17:52:44.101,smart_meter,send_encrypted_data,334281,0.343,7796.641,true,none,188
2025-12-12 17:52:44.101,smart_meter,send_encrypted_data,334100,0.347,7702.594,true,none,497
2025-12-12 17:52:44.101,smart_meter,send_encrypted_data,334203,0.383,6980.742,true,none,495
2025-12-12 17:52:44.101,smart_meter,send_encrypted_data,334318,0.363,7367.890,true,none,194
2025-12-12 17:52:44.102,smart_meter,send_encrypted_data,334171,0.377,7091.162,true,none,196
2025-12-12 17:52:44.102,smart_meter,send_encrypted_data,333904,0.372,7180.731,true,none,200
2025-12-12 17:52:44.103,smart_meter,send_encrypted_data,334392,0.389,6876.956,true,none,197
2025-12-12 17:52:44.103,smart_meter,send_encrypted_data,334378,0.405,6604.998,true,none,201
2025-12-12 17:52:44.104,smart_meter,send_encrypted_data,334215,0.357,7489.412,true,none,202
2025-12-12 17:52:44.104,smart_meter,send_encrypted_data,334111,4.424,604.179,true,none,185
2025-12-12 17:52:44.104,smart_meter,send_encrypted_data,334168,0.340,7862.776,true,none,203
2025-12-12 17:52:44.105,smart_meter,send_encrypted_data,334311,0.352,7597.977,true,none,204
2025-12-12 17:52:44.105,smart_meter,send_encrypted_data,334146,0.354,7551.322,true,none,199
2025-12-12 17:52:44.105,smart_meter,send_encrypted_data,334472,0.335,7987.391,true,none,205
2025-12-12 17:52:44.106,smart_meter,send_encrypted_data,333665,0.342,7805.029,true,none,206
2025-12-12 17:52:44.106,smart_meter,send_encrypted_data,334218,6.742,396.580,true,none,193
2025-12-12 17:52:44.106,smart_meter,send_encrypted_data,334263,0.338,7911.550,true,none,210
2025-12-12 17:52:44.107,smart_meter,send_encrypted_data,334104,1.670,1600.498,true,none,214
2025-12-12 17:52:44.107,smart_meter,send_encrypted_data,334253,0.347,7706.121,true,none,211
2025-12-12 17:52:44.108,smart_meter,send_encrypted_data,334294,2.021,1323.282,true,none,212
2025-12-12 17:52:44.106,smart_meter,send_encrypted_data,334107,7.214,370.510,true,none,189
2025-12-12 17:52:44.109,smart_meter,send_encrypted_data,334448,2.473,1081.918,true,none,207
2025-12-12 17:52:44.110,smart_meter,send_encrypted_data,334043,0.389,6869.779,true,none,122
2025-12-12 17:52:44.110,smart_meter,send_encrypted_data,334413,0.387,6912.930,true,none,123
2025-12-12 17:52:44.113,smart_meter,send_encrypted_data,334073,0.362,7382.829,true,none,126
2025-12-12 17:52:44.113,smart_meter,send_encrypted_data,334343,0.343,7798.087,true,none,226
2025-12-12 17:52:44.114,smart_meter,send_encrypted_data,334230,0.415,6442.988,true,none,227
2025-12-12 17:52:44.115,smart_meter,send_encrypted_data,334024,0.362,7381.746,true,none,312
2025-12-12 17:52:44.115,smart_meter,send_encrypted_data,334409,0.345,7754.412,true,none,313
2025-12-12 17:52:44.115,smart_meter,send_encrypted_data,334141,0.400,6682.820,true,none,234
2025-12-12 17:52:44.116,smart_meter,send_encrypted_data,334343,0.330,8105.285,true,none,317
2025-12-12 17:52:44.116,smart_meter,send_encrypted_data,334283,0.390,6857.087,true,none,314
2025-12-12 17:52:44.117,smart_meter,send_encrypted_data,334340,1.146,2333.962,true,none,315
2025-12-12 17:52:44.116,smart_meter,send_encrypted_data,334525,2.088,1281.705,true,none,230
2025-12-12 17:52:44.117,smart_meter,send_encrypted_data,334461,0.442,6053.593,true,none,311
2025-12-12 17:52:44.117,smart_meter,send_encrypted_data,334291,1.596,1675.644,true,none,235
2025-12-12 17:52:44.118,smart_meter,send_encrypted_data,334289,1.161,2303.456,true,none,236
2025-12-12 17:52:44.118,smart_meter,send_encrypted_data,334399,0.372,7191.376,true,none,320
2025-12-12 17:52:44.119,smart_meter,send_encrypted_data,334409,0.911,2936.632,true,none,240
2025-12-12 17:52:44.119,smart_meter,send_encrypted_data,334215,0.363,7365.620,true,none,325
2025-12-12 17:52:44.120,smart_meter,send_encrypted_data,334434,0.385,6949.278,true,none,322
2025-12-12 17:52:44.120,smart_meter,send_encrypted_data,334392,2.403,1113.248,true,none,239
2025-12-12 17:52:44.120,smart_meter,send_encrypted_data,334321,0.352,7598.205,true,none,324
2025-12-12 17:52:44.121,smart_meter,send_encrypted_data,334122,1.299,2057.718,true,none,321
2025-12-12 17:52:44.121,smart_meter,send_encrypted_data,334358,2.582,1035.966,true,none,323
2025-12-12 17:52:44.121,smart_meter,send_encrypted_data,334118,0.353,7572.079,true,none,247
2025-12-12 17:52:44.122,smart_meter,send_encrypted_data,334414,1.155,2316.287,true,none,241
2025-12-12 17:52:44.122,smart_meter,send_encrypted_data,334493,0.882,3033.950,true,none,248
2025-12-12 17:52:44.122,smart_meter,send_encrypted_data,334102,2.602,1027.216,true,none,244
2025-12-12 17:52:44.122,smart_meter,send_encrypted_data,334400,0.758,3529.288,true,none,249
2025-12-12 17:52:44.124,smart_meter,send_encrypted_data,334418,0.394,6790.213,true,none,250
2025-12-12 17:52:44.125,smart_meter,send_encrypted_data,334466,0.492,5438.472,true,none,137
2025-12-12 17:52:44.126,smart_meter,send_encrypted_data,334447,0.366,7310.317,true,none,261
2025-12-12 17:52:44.127,smart_meter,send_encrypted_data,333997,0.365,7320.482,true,none,264
2025-12-12 17:52:44.127,smart_meter,send_encrypted_data,334105,0.340,7861.294,true,none,260
2025-12-12 17:52:44.127,smart_meter,send_encrypted_data,334421,0.350,7643.909,true,none,155
2025-12-12 17:52:44.128,smart_meter,send_encrypted_data,334273,0.352,7597.114,true,none,276
2025-12-12 17:52:44.129,smart_meter,send_encrypted_data,334402,0.374,7152.984,true,none,262
2025-12-12 17:52:44.129,smart_meter,send_encrypted_data,334326,1.590,1682.143,true,none,279
2025-12-12 17:52:44.129,smart_meter,send_encrypted_data,334115,0.356,7508.202,true,none,280
2025-12-12 17:52:44.130,smart_meter,send_encrypted_data,334443,0.341,7846.170,true,none,274
2025-12-12 17:52:44.130,smart_meter,send_encrypted_data,334408,2.036,1313.980,true,none,306
2025-12-12 17:52:44.130,smart_meter,send_encrypted_data,334424,0.342,7822.784,true,none,228
2025-12-12 17:52:44.130,smart_meter,send_encrypted_data,334395,0.398,6721.508,true,none,305
2025-12-12 17:52:44.131,smart_meter,send_encrypted_data,334120,0.340,7861.647,true,none,266
2025-12-12 17:52:44.132,smart_meter,send_encrypted_data,334301,0.372,7189.269,true,none,358
2025-12-12 17:52:44.132,smart_meter,send_encrypted_data,334295,0.373,7169.866,true,none,356
2025-12-12 17:52:44.132,smart_meter,send_encrypted_data,334110,0.349,7658.682,true,none,271
2025-12-12 17:52:44.133,smart_meter,send_encrypted_data,334291,0.368,7267.196,true,none,191
2025-12-12 17:52:44.133,smart_meter,send_encrypted_data,334341,0.381,7020.283,true,none,198
2025-12-12 17:52:44.133,smart_meter,send_encrypted_data,334240,0.390,6856.205,true,none,217
2025-12-12 17:52:44.134,smart_meter,send_encrypted_data,334418,0.382,7003.518,true,none,392
2025-12-12 17:52:44.134,smart_meter,send_encrypted_data,334370,8.796,304.111,true,none,151
2025-12-12 17:52:44.132,smart_meter,send_encrypted_data,334485,4.114,650.433,true,none,278
2025-12-12 17:52:44.135,smart_meter,send_encrypted_data,334072,8.445,316.468,true,none,268
2025-12-12 17:52:44.135,smart_meter,send_encrypted_data,334356,0.346,7730.775,true,none,494
2025-12-12 17:52:44.135,smart_meter,send_encrypted_data,334388,10.522,254.239,true,none,145
2025-12-12 17:52:44.136,smart_meter,send_encrypted_data,334365,0.359,7451.031,true,none,396
2025-12-12 17:52:44.136,smart_meter,send_encrypted_data,334437,0.359,7452.635,true,none,361
2025-12-12 17:52:44.131,smart_meter,send_encrypted_data,334407,0.374,7153.091,true,none,269
2025-12-12 17:52:44.136,smart_meter,send_encrypted_data,334249,11.306,236.511,true,none,150
2025-12-12 17:52:44.137,smart_meter,send_encrypted_data,334437,10.783,248.122,true,none,258
2025-12-12 17:52:44.137,smart_meter,send_encrypted_data,334128,0.296,9030.486,true,none,424
2025-12-12 17:52:44.138,smart_meter,send_encrypted_data,334068,0.370,7223.092,true,none,487
2025-12-12 17:52:44.138,smart_meter,send_encrypted_data,334292,0.365,7326.948,true,none,357
2025-12-12 17:52:44.139,smart_meter,send_encrypted_data,334329,0.387,6911.194,true,none,277
2025-12-12 17:52:44.139,smart_meter,send_encrypted_data,334326,0.395,6771.159,true,none,326
2025-12-12 17:52:44.139,smart_meter,send_encrypted_data,334459,0.379,7059.821,true,none,308
2025-12-12 17:52:44.139,smart_meter,send_encrypted_data,334455,0.333,8034.955,true,none,160
2025-12-12 17:52:44.139,smart_meter,send_encrypted_data,334457,0.368,7270.804,true,none,209
2025-12-12 17:52:44.139,smart_meter,send_encrypted_data,334182,0.510,5242.071,true,none,161
2025-12-12 17:52:44.140,smart_meter,send_encrypted_data,334362,0.342,7821.333,true,none,330
2025-12-12 17:52:44.141,smart_meter,send_encrypted_data,334441,0.424,6310.208,true,none,329
2025-12-12 17:52:44.141,smart_meter,send_encrypted_data,333276,8.607,309.772,true,none,223
2025-12-12 17:52:44.142,smart_meter,send_encrypted_data,334427,0.353,7579.082,true,none,328
2025-12-12 17:52:44.143,smart_meter,send_encrypted_data,334415,0.373,7172.440,true,none,486
2025-12-12 17:52:44.143,smart_meter,send_encrypted_data,334292,0.378,7074.963,true,none,213
2025-12-12 17:52:44.144,smart_meter,send_encrypted_data,334356,0.356,7513.618,true,none,355
2025-12-12 17:52:44.144,smart_meter,send_encrypted_data,334223,2.130,1255.298,true,none,287
2025-12-12 17:52:44.144,smart_meter,send_encrypted_data,334367,0.339,7890.667,true,none,291
2025-12-12 17:52:44.144,smart_meter,send_encrypted_data,334137,16.477,162.232,true,none,231
2025-12-12 17:52:44.145,smart_meter,send_encrypted_data,334401,5.137,520.772,true,none,362
2025-12-12 17:52:44.145,smart_meter,send_encrypted_data,334355,3.658,731.230,true,none,288
2025-12-12 17:52:44.145,smart_meter,send_encrypted_data,334189,7.298,366.335,true,none,218
2025-12-12 17:52:44.145,smart_meter,send_encrypted_data,334054,0.677,3947.462,true,none,339
2025-12-12 17:52:44.145,smart_meter,send_encrypted_data,334443,0.332,8058.867,true,none,208
2025-12-12 17:52:44.146,smart_meter,send_encrypted_data,334268,14.949,178.884,true,none,309
2025-12-12 17:52:44.146,smart_meter,send_encrypted_data,334476,11.497,232.740,true,none,360
2025-12-12 17:52:44.147,smart_meter,send_encrypted_data,334407,0.329,8131.477,true,none,224
2025-12-12 17:52:44.147,smart_meter,send_encrypted_data,334469,0.998,2681.114,true,none,343
2025-12-12 17:52:44.147,smart_meter,send_encrypted_data,334385,12.430,215.212,true,none,327
2025-12-12 17:52:44.147,smart_meter,send_encrypted_data,334413,0.350,7643.726,true,none,351
2025-12-12 17:52:44.149,smart_meter,send_encrypted_data,334120,0.358,7466.369,true,none,166
2025-12-12 17:52:44.149,smart_meter,send_encrypted_data,334220,0.344,7772.558,true,none,354
2025-12-12 17:52:44.150,smart_meter,send_encrypted_data,334141,0.338,7908.663,true,none,376
2025-12-12 17:52:44.151,smart_meter,send_encrypted_data,334438,0.352,7600.864,true,none,380
2025-12-12 17:52:44.151,smart_meter,send_encrypted_data,334391,7.240,369.493,true,none,221
2025-12-12 17:52:44.152,smart_meter,send_encrypted_data,334426,0.332,8058.458,true,none,383
2025-12-12 17:52:44.152,smart_meter,send_encrypted_data,334353,1.078,2481.284,true,none,381
2025-12-12 17:52:44.153,smart_meter,send_encrypted_data,334330,0.354,7555.480,true,none,382
2025-12-12 17:52:44.153,smart_meter,send_encrypted_data,334332,3.543,754.913,true,none,386
2025-12-12 17:52:44.153,smart_meter,send_encrypted_data,334420,0.360,7431.556,true,none,398
2025-12-12 17:52:44.153,smart_meter,send_encrypted_data,334343,0.383,6983.666,true,none,397
2025-12-12 17:52:44.154,smart_meter,send_encrypted_data,334078,2.384,1121.067,true,none,389
2025-12-12 17:52:44.154,smart_meter,send_encrypted_data,334402,0.398,6721.648,true,none,400
2025-12-12 17:52:44.155,smart_meter,send_encrypted_data,334467,0.342,7823.789,true,none,405
2025-12-12 17:52:44.156,smart_meter,send_encrypted_data,334387,0.362,7389.768,true,none,410
2025-12-12 17:52:44.156,smart_meter,send_encrypted_data,334122,0.384,6960.875,true,none,417
2025-12-12 17:52:44.156,smart_meter,send_encrypted_data,334445,0.361,7411.524,true,none,434
2025-12-12 17:52:44.158,smart_meter,send_encrypted_data,334524,0.357,7496.336,true,none,431
2025-12-12 17:52:44.158,smart_meter,send_encrypted_data,334458,0.464,5766.517,true,none,426
2025-12-12 17:52:44.158,smart_meter,send_encrypted_data,334415,3.390,789.180,true,none,408
2025-12-12 17:52:44.159,smart_meter,send_encrypted_data,334144,2.557,1045.425,true,none,435
2025-12-12 17:52:44.160,smart_meter,send_encrypted_data,334461,0.335,7987.128,true,none,171
2025-12-12 17:52:44.161,smart_meter,send_encrypted_data,334050,0.339,7883.186,true,none,181
2025-12-12 17:52:44.161,smart_meter,send_encrypted_data,334034,0.341,7836.575,true,none,174
2025-12-12 17:52:44.161,smart_meter,send_encrypted_data,334474,3.064,873.300,true,none,440
2025-12-12 17:52:44.162,smart_meter,send_encrypted_data,334352,0.385,6947.574,true,none,442
2025-12-12 17:52:44.162,smart_meter,send_encrypted_data,334259,5.445,491.106,true,none,414
2025-12-12 17:52:44.162,smart_meter,send_encrypted_data,334353,1.635,1635.978,true,none,459
2025-12-12 17:52:44.163,smart_meter,send_encrypted_data,334281,4.093,653.371,true,none,172
2025-12-12 17:52:44.163,smart_meter,send_encrypted_data,334143,0.332,8051.639,true,none,470
2025-12-12 17:52:44.164,smart_meter,send_encrypted_data,334153,0.387,6907.556,true,none,476
2025-12-12 17:52:44.165,smart_meter,send_encrypted_data,334451,0.332,8059.060,true,none,488
2025-12-12 17:52:44.165,smart_meter,send_encrypted_data,334181,0.343,7794.309,true,none,184
2025-12-12 17:52:44.166,smart_meter,send_encrypted_data,334345,0.370,7229.081,true,none,498
2025-12-12 17:52:44.166,smart_meter,send_encrypted_data,334428,0.353,7579.105,true,none,492
2025-12-12 17:52:44.167,smart_meter,send_encrypted_data,334375,0.366,7308.743,true,none,49
2025-12-12 17:52:44.168,smart_meter,send_encrypted_data,334359,1.296,2063.944,true,none,493
2025-12-12 17:52:44.168,smart_meter,send_encrypted_data,334359,0.335,7984.693,true,none,43
2025-12-12 17:52:44.171,smart_meter,send_encrypted_data,334344,1.423,1879.657,true,none,225
2025-12-12 17:52:44.171,smart_meter,send_encrypted_data,334391,0.629,4252.986,true,none,496
2025-12-12 17:52:44.171,smart_meter,send_encrypted_data,334363,0.552,4845.841,true,none,229
2025-12-12 17:52:44.173,smart_meter,send_encrypted_data,334306,0.334,8007.329,true,none,232
2025-12-12 17:52:44.173,smart_meter,send_encrypted_data,334377,0.343,7798.880,true,none,310
2025-12-12 17:52:44.174,smart_meter,send_encrypted_data,334122,0.740,3612.130,true,none,237
2025-12-12 17:52:44.174,smart_meter,send_encrypted_data,334451,0.334,8010.802,true,none,238
2025-12-12 17:52:44.175,smart_meter,send_encrypted_data,334296,0.378,7075.048,true,none,243
2025-12-12 17:52:44.175,smart_meter,send_encrypted_data,334449,0.378,7078.286,true,none,316
2025-12-12 17:52:44.176,smart_meter,send_encrypted_data,334064,0.392,6817.633,true,none,318
2025-12-12 17:52:44.176,smart_meter,send_encrypted_data,333986,1.470,1817.611,true,none,245
2025-12-12 17:52:44.177,smart_meter,send_encrypted_data,334101,0.392,6818.388,true,none,246
2025-12-12 17:52:44.177,smart_meter,send_encrypted_data,334307,1.778,1504.193,true,none,186
2025-12-12 17:52:44.178,smart_meter,send_encrypted_data,334220,0.361,7406.537,true,none,153
2025-12-12 17:52:44.180,smart_meter,send_encrypted_data,334424,0.311,8602.547,true,none,273
2025-12-12 17:52:44.181,smart_meter,send_encrypted_data,334028,0.683,3912.480,true,none,259
2025-12-12 17:52:44.182,smart_meter,send_encrypted_data,334225,0.347,7705.476,true,none,331
2025-12-12 17:52:44.183,smart_meter,send_encrypted_data,334256,0.335,7982.233,true,none,275
2025-12-12 17:52:44.183,smart_meter,send_encrypted_data,334432,0.382,7003.812,true,none,222
2025-12-12 17:52:44.183,smart_meter,send_encrypted_data,334379,0.354,7556.588,true,none,297
2025-12-12 17:52:44.184,smart_meter,send_encrypted_data,334358,0.370,7229.362,true,none,154
2025-12-12 17:52:44.185,smart_meter,send_encrypted_data,334279,0.897,2981.307,true,none,216
2025-12-12 17:52:44.185,smart_meter,send_encrypted_data,334314,1.569,1704.597,true,none,359
2025-12-12 17:52:44.185,smart_meter,send_encrypted_data,334219,5.100,524.265,true,none,220
2025-12-12 17:52:44.186,smart_meter,send_encrypted_data,334409,4.862,550.241,true,none,152
2025-12-12 17:52:44.186,smart_meter,send_encrypted_data,334439,3.957,676.147,true,none,342
2025-12-12 17:52:44.181,smart_meter,send_encrypted_data,334424,0.386,6931.067,true,none,299
2025-12-12 17:52:44.187,smart_meter,send_encrypted_data,334412,0.398,6721.849,true,none,332
2025-12-12 17:52:44.188,smart_meter,send_encrypted_data,333969,0.865,3088.731,true,none,348
2025-12-12 17:52:44.188,smart_meter,send_encrypted_data,334249,0.354,7553.650,true,none,366
2025-12-12 17:52:44.189,smart_meter,send_encrypted_data,334454,0.384,6967.792,true,none,346
2025-12-12 17:52:44.190,smart_meter,send_encrypted_data,334420,0.550,4864.291,true,none,370
2025-12-12 17:52:44.191,smart_meter,send_encrypted_data,334425,0.895,2989.274,true,none,344
2025-12-12 17:52:44.192,smart_meter,send_encrypted_data,334436,0.364,7350.242,true,none,403
2025-12-12 17:52:44.193,smart_meter,send_encrypted_data,334134,0.350,7637.349,true,none,448
2025-12-12 17:52:44.193,smart_meter,send_encrypted_data,334396,0.904,2959.257,true,none,464
2025-12-12 17:52:44.194,smart_meter,send_encrypted_data,334518,0.661,4048.629,true,none,458
2025-12-12 17:52:44.194,smart_meter,send_encrypted_data,334470,2.669,1002.533,true,none,379
2025-12-12 17:52:44.194,smart_meter,send_encrypted_data,334359,0.347,7708.565,true,none,450
2025-12-12 17:52:44.193,smart_meter,send_encrypted_data,333925,0.382,6993.194,true,none,433
2025-12-12 17:52:44.198,smart_meter,send_encrypted_data,334297,1.461,1830.511,true,none,195
2025-12-12 17:52:44.198,smart_meter,send_encrypted_data,334285,2.258,1184.358,true,none,482
2025-12-12 17:52:44.198,smart_meter,send_encrypted_data,334154,1.998,1337.954,true,none,452
2025-12-12 17:52:44.199,smart_meter,send_encrypted_data,334510,0.358,7475.084,true,none,242
2025-12-12 17:52:44.199,smart_meter,send_encrypted_data,334435,0.363,7370.468,true,none,263
2025-12-12 17:52:44.200,smart_meter,send_encrypted_data,334393,5.300,504.744,true,none,428
2025-12-12 17:52:44.201,smart_meter,send_encrypted_data,334311,2.597,1029.838,true,none,319
2025-12-12 17:52:44.202,smart_meter,send_encrypted_data,334375,0.379,7058.047,true,none,168
2025-12-12 17:52:44.202,smart_meter,send_encrypted_data,334480,0.334,8011.497,true,none,338
2025-12-12 17:52:44.203,smart_meter,send_encrypted_data,333309,2.159,1235.050,true,none,215
2025-12-12 17:52:44.203,smart_meter,send_encrypted_data,334210,0.390,6855.590,true,none,340
2025-12-12 17:52:44.205,smart_meter,send_encrypted_data,333937,3.837,696.246,true,none,267
2025-12-12 17:52:44.206,smart_meter,send_encrypted_data,334198,0.359,7447.309,true,none,461
2025-12-12 17:52:44.208,smart_meter,send_encrypted_data,334423,0.347,7710.040,true,none,341
2025-12-12 17:52:44.208,smart_meter,send_encrypted_data,334256,1.021,2619.048,true,none,251
2025-12-12 17:52:44.209,smart_meter,send_encrypted_data,334347,0.341,7843.918,true,none,254
2025-12-12 17:52:44.209,smart_meter,send_encrypted_data,334092,0.359,7444.947,true,none,270
2025-12-12 17:52:44.209,smart_meter,send_encrypted_data,334087,0.545,4904.029,true,none,384
2025-12-12 17:52:44.210,smart_meter,send_encrypted_data,334291,1.438,1859.755,true,none,307
2025-12-12 17:52:44.210,smart_meter,send_encrypted_data,334118,0.377,7090.037,true,none,438
2025-12-12 17:52:44.210,smart_meter,send_encrypted_data,334020,5.990,446.104,true,none,460
2025-12-12 17:52:44.211,smart_meter,send_encrypted_data,334322,5.909,452.628,true,none,378
2025-12-12 17:52:44.213,smart_meter,send_encrypted_data,334080,0.393,6800.611,true,none,300
2025-12-12 17:52:44.214,smart_meter,send_encrypted_data,334028,0.707,3779.666,true,none,265
2025-12-12 17:52:44.216,smart_meter,send_encrypted_data,334230,1.740,1536.690,true,none,219
2025-12-12 17:52:44.216,smart_meter,send_encrypted_data,334037,0.460,5809.339,true,none,441
2025-12-12 17:53:49.252,smart_meter,send_encrypted_data,334332,0.377,7094.578,true,none,43
2025-12-12 17:53:49.253,smart_meter,send_encrypted_data,334373,1.566,1708.163,true,none,3
2025-12-12 17:53:49.256,smart_meter,send_encrypted_data,334386,0.371,7210.480,true,none,20
2025-12-12 17:53:49.257,smart_meter,send_encrypted_data,334235,0.349,7661.547,true,none,60
2025-12-12 17:53:49.259,smart_meter,send_encrypted_data,334203,0.386,6926.487,true,none,14
2025-12-12 17:53:49.259,smart_meter,send_encrypted_data,334142,0.382,6997.738,true,none,45
2025-12-12 17:53:49.261,smart_meter,send_encrypted_data,334187,0.373,7167.550,true,none,109
2025-12-12 17:53:49.261,smart_meter,send_encrypted_data,334267,0.865,3091.487,true,none,1
2025-12-12 17:53:49.262,smart_meter,send_encrypted_data,334144,0.354,7551.277,true,none,80
2025-12-12 17:53:49.263,smart_meter,send_encrypted_data,334166,0.376,7109.915,true,none,171
2025-12-12 17:53:49.263,smart_meter,send_encrypted_data,334320,0.416,6429.231,true,none,65
2025-12-12 17:53:49.262,smart_meter,send_encrypted_data,334179,0.364,7344.593,true,none,151
2025-12-12 17:53:49.264,smart_meter,send_encrypted_data,334432,0.356,7515.326,true,none,86
2025-12-12 17:53:49.265,smart_meter,send_encrypted_data,334216,0.386,6926.756,true,none,115
2025-12-12 17:53:49.268,smart_meter,send_encrypted_data,334363,0.366,7308.481,true,none,189
2025-12-12 17:53:49.268,smart_meter,send_encrypted_data,334269,0.334,8006.443,true,none,53
2025-12-12 17:53:49.268,smart_meter,send_encrypted_data,334392,0.348,7687.172,true,none,104
2025-12-12 17:53:49.269,smart_meter,send_encrypted_data,334382,0.391,6841.575,true,none,79
2025-12-12 17:53:49.269,smart_meter,send_encrypted_data,334205,0.384,6962.604,true,none,98
2025-12-12 17:53:49.269,smart_meter,send_encrypted_data,334284,0.358,7470.034,true,none,85
2025-12-12 17:53:49.270,smart_meter,send_encrypted_data,334246,3.498,764.428,true,none,170
2025-12-12 17:53:49.271,smart_meter,send_encrypted_data,334164,0.350,7638.034,true,none,119
2025-12-12 17:53:49.270,smart_meter,send_encrypted_data,334209,0.400,6684.180,true,none,2
2025-12-12 17:53:49.272,smart_meter,send_encrypted_data,334418,0.348,7687.770,true,none,166
2025-12-12 17:53:49.274,smart_meter,send_encrypted_data,334353,0.401,6670.384,true,none,127
2025-12-12 17:53:49.275,smart_meter,send_encrypted_data,334158,0.602,4440.638,true,none,92
2025-12-12 17:53:49.275,smart_meter,send_encrypted_data,334440,0.357,7494.454,true,none,16
2025-12-12 17:53:49.275,smart_meter,send_encrypted_data,334160,0.359,7446.462,true,none,69
2025-12-12 17:53:49.276,smart_meter,send_encrypted_data,334400,0.385,6948.571,true,none,124
2025-12-12 17:53:49.277,smart_meter,send_encrypted_data,334283,0.781,3424.154,true,none,194
2025-12-12 17:53:49.278,smart_meter,send_encrypted_data,334263,0.336,7958.643,true,none,50
2025-12-12 17:53:49.279,smart_meter,send_encrypted_data,334432,0.367,7290.071,true,none,186
2025-12-12 17:53:49.280,smart_meter,send_encrypted_data,333663,3.219,829.234,true,none,181
2025-12-12 17:53:49.280,smart_meter,send_encrypted_data,334236,0.360,7427.467,true,none,174
2025-12-12 17:53:49.282,smart_meter,send_encrypted_data,334237,0.364,7345.868,true,none,52
2025-12-12 17:53:49.282,smart_meter,send_encrypted_data,334389,0.378,7077.016,true,none,17
2025-12-12 17:53:49.283,smart_meter,send_encrypted_data,334407,0.363,7369.851,true,none,217
2025-12-12 17:53:49.284,smart_meter,send_encrypted_data,334316,2.108,1268.751,true,none,162
2025-12-12 17:53:49.284,smart_meter,send_encrypted_data,334126,0.373,7166.241,true,none,179
2025-12-12 17:53:49.284,smart_meter,send_encrypted_data,334114,0.374,7146.824,true,none,138
2025-12-12 17:53:49.285,smart_meter,send_encrypted_data,334256,0.539,4961.128,true,none,154
2025-12-12 17:53:49.284,smart_meter,send_encrypted_data,334344,2.379,1124.318,true,none,7
2025-12-12 17:53:49.287,smart_meter,send_encrypted_data,334145,0.337,7932.226,true,none,211
2025-12-12 17:53:49.287,smart_meter,send_encrypted_data,334382,0.369,7249.474,true,none,55
2025-12-12 17:53:49.287,smart_meter,send_encrypted_data,334384,0.344,7776.372,true,none,30
2025-12-12 17:53:49.288,smart_meter,send_encrypted_data,334238,0.382,6999.749,true,none,129
2025-12-12 17:53:49.289,smart_meter,send_encrypted_data,334338,0.334,8008.096,true,none,178
2025-12-12 17:53:49.289,smart_meter,send_encrypted_data,334177,2.617,1021.558,true,none,116
2025-12-12 17:53:49.289,smart_meter,send_encrypted_data,334369,0.342,7821.497,true,none,6
2025-12-12 17:53:49.289,smart_meter,send_encrypted_data,334137,0.350,7637.417,true,none,120
2025-12-12 17:53:49.290,smart_meter,send_encrypted_data,334441,0.386,6931.420,true,none,135
2025-12-12 17:53:49.290,smart_meter,send_encrypted_data,334047,0.373,7164.547,true,none,163
2025-12-12 17:53:49.290,smart_meter,send_encrypted_data,334084,0.393,6800.692,true,none,137
2025-12-12 17:53:49.290,smart_meter,send_encrypted_data,334401,0.371,7210.803,true,none,152
2025-12-12 17:53:49.291,smart_meter,send_encrypted_data,334253,0.363,7366.457,true,none,38
2025-12-12 17:53:49.291,smart_meter,send_encrypted_data,334073,0.343,7791.790,true,none,202
2025-12-12 17:53:49.291,smart_meter,send_encrypted_data,334265,0.343,7796.268,true,none,5
2025-12-12 17:53:49.292,smart_meter,send_encrypted_data,334428,0.362,7390.674,true,none,210
2025-12-12 17:53:49.292,smart_meter,send_encrypted_data,334076,0.361,7403.346,true,none,114
2025-12-12 17:53:49.292,smart_meter,send_encrypted_data,334208,4.887,547.097,true,none,44
2025-12-12 17:53:49.293,smart_meter,send_encrypted_data,333288,0.355,7510.715,true,none,54
2025-12-12 17:53:49.293,smart_meter,send_encrypted_data,334162,0.388,6889.938,true,none,245
2025-12-12 17:53:49.294,smart_meter,send_encrypted_data,334415,0.344,7777.093,true,none,249
2025-12-12 17:53:49.294,smart_meter,send_encrypted_data,334472,0.351,7623.293,true,none,183
2025-12-12 17:53:49.294,smart_meter,send_encrypted_data,334436,3.404,785.984,true,none,205
2025-12-12 17:53:49.294,smart_meter,send_encrypted_data,334158,4.241,630.338,true,none,240
2025-12-12 17:53:49.294,smart_meter,send_encrypted_data,334356,5.062,528.417,true,none,81
2025-12-12 17:53:49.295,smart_meter,send_encrypted_data,334359,0.384,6965.812,true,none,34
2025-12-12 17:53:49.295,smart_meter,send_encrypted_data,334456,0.421,6355.458,true,none,125
2025-12-12 17:53:49.296,smart_meter,send_encrypted_data,333375,0.335,7961.194,true,none,93
2025-12-12 17:53:49.296,smart_meter,send_encrypted_data,333686,1.226,2177.396,true,none,198
2025-12-12 17:53:49.296,smart_meter,send_encrypted_data,334326,0.359,7450.162,true,none,28
2025-12-12 17:53:49.296,smart_meter,send_encrypted_data,333932,0.351,7610.986,true,none,197
2025-12-12 17:53:49.297,smart_meter,send_encrypted_data,334404,0.379,7058.660,true,none,26
2025-12-12 17:53:49.297,smart_meter,send_encrypted_data,334439,0.402,6655.502,true,none,68
2025-12-12 17:53:49.298,smart_meter,send_encrypted_data,334517,0.357,7496.179,true,none,99
2025-12-12 17:53:49.298,smart_meter,send_encrypted_data,334096,0.348,7680.368,true,none,36
2025-12-12 17:53:49.299,smart_meter,send_encrypted_data,334381,0.380,7039.600,true,none,149
2025-12-12 17:53:49.300,smart_meter,send_encrypted_data,334399,0.371,7210.760,true,none,46
2025-12-12 17:53:49.300,smart_meter,send_encrypted_data,334126,0.390,6853.867,true,none,4
2025-12-12 17:53:49.300,smart_meter,send_encrypted_data,334401,14.058,190.298,true,none,175
2025-12-12 17:53:49.300,smart_meter,send_encrypted_data,333764,11.710,228.020,true,none,147
2025-12-12 17:53:49.301,smart_meter,send_encrypted_data,334248,0.349,7661.845,true,none,10
2025-12-12 17:53:49.301,smart_meter,send_encrypted_data,334379,0.344,7776.256,true,none,37
2025-12-12 17:53:49.302,smart_meter,send_encrypted_data,334422,0.376,7115.362,true,none,62
2025-12-12 17:53:49.302,smart_meter,send_encrypted_data,334263,3.156,847.308,true,none,63
2025-12-12 17:53:49.302,smart_meter,send_encrypted_data,334516,0.363,7372.253,true,none,35
2025-12-12 17:53:49.303,smart_meter,send_encrypted_data,334421,9.017,296.703,true,none,182
2025-12-12 17:53:49.303,smart_meter,send_encrypted_data,334257,0.362,7386.895,true,none,255
2025-12-12 17:53:49.304,smart_meter,send_encrypted_data,334399,0.384,6966.646,true,none,111
2025-12-12 17:53:49.304,smart_meter,send_encrypted_data,334417,0.365,7329.688,true,none,106
2025-12-12 17:53:49.304,smart_meter,send_encrypted_data,334469,0.384,6968.104,true,none,219
2025-12-12 17:53:49.304,smart_meter,send_encrypted_data,334367,0.371,7210.070,true,none,148
2025-12-12 17:53:49.304,smart_meter,send_encrypted_data,334315,0.363,7367.824,true,none,256
2025-12-12 17:53:49.305,smart_meter,send_encrypted_data,334512,0.360,7433.600,true,none,191
2025-12-12 17:53:49.305,smart_meter,send_encrypted_data,333880,0.411,6498.881,true,none,94
2025-12-12 17:53:49.305,smart_meter,send_encrypted_data,334436,0.399,6705.484,true,none,105
2025-12-12 17:53:49.306,smart_meter,send_encrypted_data,334339,0.395,6771.423,true,none,258
2025-12-12 17:53:49.306,smart_meter,send_encrypted_data,334182,0.385,6944.042,true,none,59
2025-12-12 17:53:49.307,smart_meter,send_encrypted_data,334471,0.339,7893.121,true,none,82
2025-12-12 17:53:49.307,smart_meter,send_encrypted_data,334158,0.344,7771.116,true,none,187
2025-12-12 17:53:49.308,smart_meter,send_encrypted_data,334174,0.383,6980.136,true,none,208
2025-12-12 17:53:49.310,smart_meter,send_encrypted_data,334379,0.360,7430.644,true,none,261
2025-12-12 17:53:49.312,smart_meter,send_encrypted_data,334270,0.364,7346.593,true,none,263
2025-12-12 17:53:49.314,smart_meter,send_encrypted_data,334179,0.376,7110.191,true,none,130
2025-12-12 17:53:49.314,smart_meter,send_encrypted_data,334483,5.709,468.710,true,none,144
2025-12-12 17:53:49.315,smart_meter,send_encrypted_data,334495,0.372,7193.441,true,none,215
2025-12-12 17:53:49.315,smart_meter,send_encrypted_data,334406,0.349,7665.467,true,none,24
2025-12-12 17:53:49.315,smart_meter,send_encrypted_data,334504,0.356,7516.944,true,none,160
2025-12-12 17:53:49.315,smart_meter,send_encrypted_data,334388,0.358,7472.358,true,none,70
2025-12-12 17:53:49.316,smart_meter,send_encrypted_data,334373,0.361,7409.928,true,none,56
2025-12-12 17:53:49.316,smart_meter,send_encrypted_data,334253,0.387,6909.623,true,none,253
2025-12-12 17:53:49.316,smart_meter,send_encrypted_data,334489,0.340,7870.329,true,none,334
2025-12-12 17:53:49.317,smart_meter,send_encrypted_data,334258,0.353,7575.252,true,none,231
2025-12-12 17:53:49.317,smart_meter,send_encrypted_data,333724,0.350,7627.977,true,none,172
2025-12-12 17:53:49.317,smart_meter,send_encrypted_data,334334,0.407,6571.676,true,none,89
2025-12-12 17:53:49.317,smart_meter,send_encrypted_data,334192,0.384,6962.333,true,none,167
2025-12-12 17:53:49.318,smart_meter,send_encrypted_data,334075,0.340,7860.588,true,none,117
2025-12-12 17:53:49.318,smart_meter,send_encrypted_data,334356,0.376,7113.957,true,none,276
2025-12-12 17:53:49.318,smart_meter,send_encrypted_data,334368,11.515,232.301,true,none,19
2025-12-12 17:53:49.318,smart_meter,send_encrypted_data,334344,0.351,7620.376,true,none,362
2025-12-12 17:53:49.319,smart_meter,send_encrypted_data,334149,0.367,7283.902,true,none,184
2025-12-12 17:53:49.319,smart_meter,send_encrypted_data,334305,2.384,1121.829,true,none,296
2025-12-12 17:53:49.319,smart_meter,send_encrypted_data,334043,1.286,2078.028,true,none,284
2025-12-12 17:53:49.319,smart_meter,send_encrypted_data,334526,0.387,6915.266,true,none,278
2025-12-12 17:53:49.320,smart_meter,send_encrypted_data,334232,2.067,1293.593,true,none,225
2025-12-12 17:53:49.320,smart_meter,send_encrypted_data,334356,0.376,7113.957,true,none,121
2025-12-12 17:53:49.320,smart_meter,send_encrypted_data,334512,0.397,6740.796,true,none,201
2025-12-12 17:53:49.321,smart_meter,send_encrypted_data,334435,1.532,1746.397,true,none,272
2025-12-12 17:53:49.321,smart_meter,send_encrypted_data,334071,0.371,7203.687,true,none,100
2025-12-12 17:53:49.321,smart_meter,send_encrypted_data,334344,0.348,7686.069,true,none,101
2025-12-12 17:53:49.322,smart_meter,send_encrypted_data,334186,0.350,7638.537,true,none,61
2025-12-12 17:53:49.322,smart_meter,send_encrypted_data,334073,0.393,6800.468,true,none,228
2025-12-12 17:53:49.322,smart_meter,send_encrypted_data,334407,0.388,6894.990,true,none,349
2025-12-12 17:53:49.322,smart_meter,send_encrypted_data,334392,0.373,7171.946,true,none,226
2025-12-12 17:53:49.323,smart_meter,send_encrypted_data,333928,1.953,1367.857,true,none,49
2025-12-12 17:53:49.323,smart_meter,send_encrypted_data,334437,0.366,7310.098,true,none,308
2025-12-12 17:53:49.323,smart_meter,send_encrypted_data,334486,0.527,5077.586,true,none,234
2025-12-12 17:53:49.324,smart_meter,send_encrypted_data,334274,0.366,7306.536,true,none,168
2025-12-12 17:53:49.324,smart_meter,send_encrypted_data,333259,0.339,7864.519,true,none,221
2025-12-12 17:53:49.324,smart_meter,send_encrypted_data,334124,0.493,5421.890,true,none,212
2025-12-12 17:53:49.325,smart_meter,send_encrypted_data,334488,0.359,7453.772,true,none,250
2025-12-12 17:53:49.325,smart_meter,send_encrypted_data,333841,0.345,7741.241,true,none,48
2025-12-12 17:53:49.325,smart_meter,send_encrypted_data,334384,1.063,2516.531,true,none,314
2025-12-12 17:53:49.326,smart_meter,send_encrypted_data,334238,0.354,7553.401,true,none,153
2025-12-12 17:53:49.326,smart_meter,send_encrypted_data,334341,0.378,7076.000,true,none,176
2025-12-12 17:53:49.327,smart_meter,send_encrypted_data,334338,0.337,7936.807,true,none,145
2025-12-12 17:53:49.327,smart_meter,send_encrypted_data,334308,0.382,7001.215,true,none,241
2025-12-12 17:53:49.329,smart_meter,send_encrypted_data,334467,0.370,7231.719,true,none,107
2025-12-12 17:53:49.329,smart_meter,send_encrypted_data,334445,0.387,6913.592,true,none,216
2025-12-12 17:53:49.329,smart_meter,send_encrypted_data,334129,0.334,8003.090,true,none,110
2025-12-12 17:53:49.330,smart_meter,send_encrypted_data,334464,0.364,7350.857,true,none,264
2025-12-12 17:53:49.330,smart_meter,send_encrypted_data,333275,0.357,7468.347,true,none,134
2025-12-12 17:53:49.331,smart_meter,send_encrypted_data,334194,0.369,7245.398,true,none,91
2025-12-12 17:53:49.331,smart_meter,send_encrypted_data,334193,2.044,1307.996,true,none,195
2025-12-12 17:53:49.331,smart_meter,send_encrypted_data,334312,10.645,251.244,true,none,244
2025-12-12 17:53:49.332,smart_meter,send_encrypted_data,334542,0.353,7581.688,true,none,165
2025-12-12 17:53:49.332,smart_meter,send_encrypted_data,334427,3.178,841.855,true,none,156
2025-12-12 17:53:49.333,smart_meter,send_encrypted_data,334152,0.352,7594.364,true,none,71
2025-12-12 17:53:49.333,smart_meter,send_encrypted_data,334460,2.728,980.821,true,none,95
2025-12-12 17:53:49.333,smart_meter,send_encrypted_data,334431,5.592,478.442,true,none,8
2025-12-12 17:53:49.333,smart_meter,send_encrypted_data,334277,0.369,7247.198,true,none,222
2025-12-12 17:53:49.334,smart_meter,send_encrypted_data,334150,0.347,7703.746,true,none,306
2025-12-12 17:53:49.335,smart_meter,send_encrypted_data,334359,0.352,7599.068,true,none,47
2025-12-12 17:53:49.336,smart_meter,send_encrypted_data,334378,0.379,7058.111,true,none,339
2025-12-12 17:53:49.336,smart_meter,send_encrypted_data,334347,14.200,188.365,true,none,342
2025-12-12 17:53:49.336,smart_meter,send_encrypted_data,333976,0.354,7547.480,true,none,323
2025-12-12 17:53:49.337,smart_meter,send_encrypted_data,334274,0.372,7188.688,true,none,21
2025-12-12 17:53:49.337,smart_meter,send_encrypted_data,334350,0.381,7020.472,true,none,159
2025-12-12 17:53:49.337,smart_meter,send_encrypted_data,334249,0.345,7750.701,true,none,75
2025-12-12 17:53:49.338,smart_meter,send_encrypted_data,334413,0.367,7289.657,true,none,31
2025-12-12 17:53:49.338,smart_meter,send_encrypted_data,334334,0.352,7598.500,true,none,238
2025-12-12 17:53:49.339,smart_meter,send_encrypted_data,333835,0.471,5670.234,true,none,57
2025-12-12 17:53:49.339,smart_meter,send_encrypted_data,334270,0.362,7387.182,true,none,206
2025-12-12 17:53:49.339,smart_meter,send_encrypted_data,334117,0.365,7323.112,true,none,239
2025-12-12 17:53:49.340,smart_meter,send_encrypted_data,334391,0.388,6894.660,true,none,13
2025-12-12 17:53:49.340,smart_meter,send_encrypted_data,334336,0.352,7598.545,true,none,235
2025-12-12 17:53:49.341,smart_meter,send_encrypted_data,334328,0.370,7228.714,true,none,291
2025-12-12 17:53:49.341,smart_meter,send_encrypted_data,334205,0.377,7091.883,true,none,96
2025-12-12 17:53:49.342,smart_meter,send_encrypted_data,334359,3.379,791.616,true,none,23
2025-12-12 17:53:49.342,smart_meter,send_encrypted_data,334256,0.341,7841.783,true,none,347
2025-12-12 17:53:49.343,smart_meter,send_encrypted_data,334173,4.084,654.599,true,none,180
2025-12-12 17:53:49.343,smart_meter,send_encrypted_data,334390,0.350,7643.200,true,none,29
2025-12-12 17:53:49.343,smart_meter,send_encrypted_data,334204,0.356,7510.202,true,none,213
2025-12-12 17:53:49.344,smart_meter,send_encrypted_data,334253,0.359,7448.535,true,none,77
2025-12-12 17:53:49.344,smart_meter,send_encrypted_data,334138,0.394,6784.528,true,none,360
2025-12-12 17:53:49.344,smart_meter,send_encrypted_data,334100,0.354,7550.282,true,none,87
2025-12-12 17:53:49.345,smart_meter,send_encrypted_data,334412,0.359,7452.078,true,none,330
2025-12-12 17:53:49.345,smart_meter,send_encrypted_data,334440,0.371,7211.644,true,none,11
2025-12-12 17:53:49.345,smart_meter,send_encrypted_data,334426,9.215,290.332,true,none,311
2025-12-12 17:53:49.345,smart_meter,send_encrypted_data,334506,4.441,602.578,true,none,155
2025-12-12 17:53:49.346,smart_meter,send_encrypted_data,334268,0.374,7150.118,true,none,112
2025-12-12 17:53:49.346,smart_meter,send_encrypted_data,334098,5.438,491.501,true,none,131
2025-12-12 17:53:49.346,smart_meter,send_encrypted_data,334331,0.377,7094.557,true,none,25
2025-12-12 17:53:49.347,smart_meter,send_encrypted_data,334260,5.026,532.049,true,none,345
2025-12-12 17:53:49.344,smart_meter,send_encrypted_data,334244,3.375,792.282,true,none,64
2025-12-12 17:53:49.347,smart_meter,send_encrypted_data,334324,0.415,6444.800,true,none,199
2025-12-12 17:53:49.347,smart_meter,send_encrypted_data,334414,0.394,6790.132,true,none,139
2025-12-12 17:53:49.347,smart_meter,send_encrypted_data,334210,0.346,7727.399,true,none,367
2025-12-12 17:53:49.348,smart_meter,send_encrypted_data,334251,0.371,7207.569,true,none,40
2025-12-12 17:53:49.348,smart_meter,send_encrypted_data,334423,0.354,7557.582,true,none,188
2025-12-12 17:53:49.348,smart_meter,send_encrypted_data,334267,10.572,252.945,true,none,310
2025-12-12 17:53:49.348,smart_meter,send_encrypted_data,334375,0.373,7171.582,true,none,285
2025-12-12 17:53:49.348,smart_meter,send_encrypted_data,334412,0.391,6842.189,true,none,76
2025-12-12 17:53:49.349,smart_meter,send_encrypted_data,334445,0.365,7330.301,true,none,41
2025-12-12 17:53:49.349,smart_meter,send_encrypted_data,334171,6.899,387.501,true,none,368
2025-12-12 17:53:49.349,smart_meter,send_encrypted_data,334376,0.351,7621.105,true,none,318
2025-12-12 17:53:49.350,smart_meter,send_encrypted_data,334176,0.362,7385.105,true,none,33
2025-12-12 17:53:49.350,smart_meter,send_encrypted_data,334147,0.354,7551.345,true,none,304
2025-12-12 17:53:49.350,smart_meter,send_encrypted_data,333901,0.449,5949.238,true,none,361
2025-12-12 17:53:49.351,smart_meter,send_encrypted_data,334175,19.456,137.407,true,none,356
2025-12-12 17:53:49.352,smart_meter,send_encrypted_data,334359,0.371,7209.898,true,none,108
2025-12-12 17:53:49.353,smart_meter,send_encrypted_data,334114,0.381,7015.517,true,none,328
2025-12-12 17:53:49.353,smart_meter,send_encrypted_data,334393,11.861,225.541,true,none,78
2025-12-12 17:53:49.354,smart_meter,send_encrypted_data,334064,0.352,7592.364,true,none,287
2025-12-12 17:53:49.354,smart_meter,send_encrypted_data,334378,0.345,7753.693,true,none,84
2025-12-12 17:53:49.355,smart_meter,send_encrypted_data,334366,0.340,7867.435,true,none,42
2025-12-12 17:53:49.355,smart_meter,send_encrypted_data,334350,0.376,7113.830,true,none,103
2025-12-12 17:53:49.356,smart_meter,send_encrypted_data,334335,0.359,7450.362,true,none,177
2025-12-12 17:53:49.356,smart_meter,send_encrypted_data,334430,0.377,7096.658,true,none,27
2025-12-12 17:53:49.356,smart_meter,send_encrypted_data,334147,0.340,7862.282,true,none,15
2025-12-12 17:53:49.356,smart_meter,send_encrypted_data,334277,4.932,542.217,true,none,90
2025-12-12 17:53:49.356,smart_meter,send_encrypted_data,334431,0.366,7309.967,true,none,251
2025-12-12 17:53:49.356,smart_meter,send_encrypted_data,334316,0.345,7752.255,true,none,352
2025-12-12 17:53:49.356,smart_meter,send_encrypted_data,334356,5.612,476.630,true,none,18
2025-12-12 17:53:49.357,smart_meter,send_encrypted_data,334367,0.402,6654.070,true,none,281
2025-12-12 17:53:49.357,smart_meter,send_encrypted_data,334394,0.387,6912.537,true,none,246
2025-12-12 17:53:49.357,smart_meter,send_encrypted_data,334429,0.350,7644.091,true,none,363
2025-12-12 17:53:49.358,smart_meter,send_encrypted_data,334352,2.999,891.903,true,none,335
2025-12-12 17:53:49.358,smart_meter,send_encrypted_data,334416,22.484,118.988,true,none,72
2025-12-12 17:53:49.358,smart_meter,send_encrypted_data,334101,0.361,7403.900,true,none,66
2025-12-12 17:53:49.356,smart_meter,send_encrypted_data,334488,3.216,832.060,true,none,282
2025-12-12 17:53:49.358,smart_meter,send_encrypted_data,334408,3.789,706.061,true,none,12
2025-12-12 17:53:49.358,smart_meter,send_encrypted_data,334211,0.361,7406.338,true,none,214
2025-12-12 17:53:49.359,smart_meter,send_encrypted_data,334387,0.384,6966.396,true,none,113
2025-12-12 17:53:49.359,smart_meter,send_encrypted_data,334287,7.506,356.288,true,none,358
2025-12-12 17:53:49.360,smart_meter,send_encrypted_data,334470,0.351,7623.248,true,none,123
2025-12-12 17:53:49.360,smart_meter,send_encrypted_data,334359,0.340,7867.271,true,none,157
2025-12-12 17:53:49.361,smart_meter,send_encrypted_data,334178,11.997,222.841,true,none,209
2025-12-12 17:53:49.361,smart_meter,send_encrypted_data,334322,0.348,7685.563,true,none,283
2025-12-12 17:53:49.361,smart_meter,send_encrypted_data,334349,0.347,7708.334,true,none,279
2025-12-12 17:53:49.361,smart_meter,send_encrypted_data,334367,0.370,7229.557,true,none,97
2025-12-12 17:53:49.361,smart_meter,send_encrypted_data,334434,0.368,7270.304,true,none,232
2025-12-12 17:53:49.362,smart_meter,send_encrypted_data,334363,21.389,125.060,true,none,88
2025-12-12 17:53:49.363,smart_meter,send_encrypted_data,334348,0.359,7450.652,true,none,132
2025-12-12 17:53:49.363,smart_meter,send_encrypted_data,334352,0.390,6858.503,true,none,143
2025-12-12 17:53:49.363,smart_meter,send_encrypted_data,334290,0.460,5813.739,true,none,248
2025-12-12 17:53:49.364,smart_meter,send_encrypted_data,334547,0.368,7272.761,true,none,192
2025-12-12 17:53:49.364,smart_meter,send_encrypted_data,334406,0.354,7557.198,true,none,9
2025-12-12 17:53:49.364,smart_meter,send_encrypted_data,334081,0.346,7724.416,true,none,193
2025-12-12 17:53:49.365,smart_meter,send_encrypted_data,334383,9.568,279.584,true,none,32
2025-12-12 17:53:49.365,smart_meter,send_encrypted_data,334442,0.343,7800.397,true,none,58
2025-12-12 17:53:49.366,smart_meter,send_encrypted_data,334309,0.369,7247.892,true,none,164
2025-12-12 17:53:49.366,smart_meter,send_encrypted_data,334320,0.397,6736.927,true,none,218
2025-12-12 17:53:49.367,smart_meter,send_encrypted_data,334440,0.360,7432.000,true,none,169
2025-12-12 17:53:49.367,smart_meter,send_encrypted_data,334178,0.360,7426.178,true,none,118
2025-12-12 17:53:49.367,smart_meter,send_encrypted_data,334318,0.351,7619.783,true,none,158
2025-12-12 17:53:49.367,smart_meter,send_encrypted_data,334407,0.376,7115.043,true,none,365
2025-12-12 17:53:49.367,smart_meter,send_encrypted_data,334450,0.385,6949.610,true,none,140
2025-12-12 17:53:49.368,smart_meter,send_encrypted_data,334318,0.352,7598.136,true,none,136
2025-12-12 17:53:49.368,smart_meter,send_encrypted_data,334340,0.377,7094.748,true,none,354
2025-12-12 17:53:49.368,smart_meter,send_encrypted_data,334444,18.058,148.164,true,none,274
2025-12-12 17:53:49.369,smart_meter,send_encrypted_data,334280,0.345,7751.420,true,none,51
2025-12-12 17:53:49.369,smart_meter,send_encrypted_data,334096,0.914,2924.254,true,none,128
2025-12-12 17:53:49.369,smart_meter,send_encrypted_data,334411,0.396,6755.778,true,none,227
2025-12-12 17:53:49.370,smart_meter,send_encrypted_data,334289,0.367,7286.954,true,none,259
2025-12-12 17:53:49.370,smart_meter,send_encrypted_data,334190,0.346,7726.936,true,none,146
2025-12-12 17:53:49.371,smart_meter,send_encrypted_data,334203,0.358,7468.223,true,none,73
2025-12-12 17:53:49.371,smart_meter,send_encrypted_data,334087,0.386,6924.083,true,none,22
2025-12-12 17:53:49.333,smart_meter,send_encrypted_data,334077,0.383,6978.110,true,none,39
2025-12-12 17:53:49.372,smart_meter,send_encrypted_data,333427,0.371,7189.801,true,none,196
2025-12-12 17:53:49.373,smart_meter,send_encrypted_data,333264,0.366,7284.459,true,none,142
2025-12-12 17:53:49.373,smart_meter,send_encrypted_data,334363,0.386,6929.803,true,none,315
2025-12-12 17:53:49.374,smart_meter,send_encrypted_data,334262,0.376,7111.957,true,none,230
2025-12-12 17:53:49.374,smart_meter,send_encrypted_data,334147,0.388,6889.629,true,none,83
2025-12-12 17:53:49.374,smart_meter,send_encrypted_data,334402,0.365,7329.359,true,none,133
2025-12-12 17:53:49.374,smart_meter,send_encrypted_data,334088,0.362,7383.160,true,none,355
2025-12-12 17:53:49.375,smart_meter,send_encrypted_data,334108,29.141,91.722,true,none,271
2025-12-12 17:53:49.376,smart_meter,send_encrypted_data,334372,30.481,87.759,true,none,229
2025-12-12 17:53:49.377,smart_meter,send_encrypted_data,334279,0.337,7935.407,true,none,207
2025-12-12 17:53:49.378,smart_meter,send_encrypted_data,334039,0.352,7591.795,true,none,190
2025-12-12 17:53:49.378,smart_meter,send_encrypted_data,333943,0.393,6797.822,true,none,316
2025-12-12 17:53:49.378,smart_meter,send_encrypted_data,334459,0.393,6808.326,true,none,265
2025-12-12 17:53:49.378,smart_meter,send_encrypted_data,334278,13.003,205.662,true,none,161
2025-12-12 17:53:49.378,smart_meter,send_encrypted_data,334246,6.558,407.741,true,none,74
2025-12-12 17:53:49.378,smart_meter,send_encrypted_data,333988,0.376,7106.128,true,none,366
2025-12-12 17:53:49.378,smart_meter,send_encrypted_data,334397,0.376,7114.830,true,none,340
2025-12-12 17:53:49.343,smart_meter,send_encrypted_data,334416,0.341,7845.537,true,none,203
2025-12-12 17:53:49.347,smart_meter,send_encrypted_data,334007,0.358,7463.844,true,none,247
2025-12-12 17:53:49.379,smart_meter,send_encrypted_data,334165,0.386,6925.699,true,none,237
2025-12-12 17:53:49.379,smart_meter,send_encrypted_data,334313,20.931,127.777,true,none,325
2025-12-12 17:53:49.379,smart_meter,send_encrypted_data,333960,11.836,225.725,true,none,254
2025-12-12 17:53:49.380,smart_meter,send_encrypted_data,334412,40.014,66.859,true,none,289
2025-12-12 17:53:49.380,smart_meter,send_encrypted_data,334357,27.424,97.537,true,none,321
2025-12-12 17:53:49.380,smart_meter,send_encrypted_data,334363,5.205,513.910,true,none,141
2025-12-12 17:53:49.380,smart_meter,send_encrypted_data,334219,4.208,635.397,true,none,200
2025-12-12 17:53:49.380,smart_meter,send_encrypted_data,334495,23.672,113.043,true,none,102
2025-12-12 17:53:49.381,smart_meter,send_encrypted_data,334484,0.370,7232.086,true,none,290
2025-12-12 17:53:49.381,smart_meter,send_encrypted_data,334265,21.187,126.215,true,none,67
2025-12-12 17:53:49.381,smart_meter,send_encrypted_data,334059,5.823,458.951,true,none,220
2025-12-12 17:53:49.381,smart_meter,send_encrypted_data,334082,4.685,570.471,true,none,343
2025-12-12 17:53:49.381,smart_meter,send_encrypted_data,334331,0.341,7843.543,true,none,357
2025-12-12 17:53:49.381,smart_meter,send_encrypted_data,333785,8.998,296.764,true,none,122
2025-12-12 17:53:49.381,smart_meter,send_encrypted_data,334428,9.158,292.141,true,none,337
2025-12-12 17:53:49.381,smart_meter,send_encrypted_data,334410,0.335,7985.910,true,none,309
2025-12-12 17:53:49.382,smart_meter,send_encrypted_data,334239,24.153,110.707,true,none,173
2025-12-12 17:53:49.382,smart_meter,send_encrypted_data,334371,3.247,823.828,true,none,185
2025-12-12 17:53:49.383,smart_meter,send_encrypted_data,334380,1.038,2577.110,true,none,280
2025-12-12 17:53:49.384,smart_meter,send_encrypted_data,334107,0.353,7571.830,true,none,350
2025-12-12 17:53:49.385,smart_meter,send_encrypted_data,334367,0.348,7686.598,true,none,326
2025-12-12 17:53:49.385,smart_meter,send_encrypted_data,334086,0.367,7282.529,true,none,236
2025-12-12 17:53:49.386,smart_meter,send_encrypted_data,334480,0.355,7537.577,true,none,242
2025-12-12 17:53:49.387,smart_meter,send_encrypted_data,334278,15.055,177.630,true,none,150
2025-12-12 17:53:49.387,smart_meter,send_encrypted_data,334487,1.801,1485.783,true,none,305
2025-12-12 17:53:49.387,smart_meter,send_encrypted_data,334416,0.344,7777.116,true,none,317
2025-12-12 17:53:49.388,smart_meter,send_encrypted_data,334447,0.364,7350.484,true,none,359
2025-12-12 17:53:49.358,smart_meter,send_encrypted_data,334481,21.470,124.632,true,none,275
2025-12-12 17:53:49.388,smart_meter,send_encrypted_data,333347,0.362,7366.785,true,none,338
2025-12-12 17:53:49.388,smart_meter,send_encrypted_data,333903,0.357,7482.420,true,none,333
2025-12-12 17:53:49.389,smart_meter,send_encrypted_data,334242,0.336,7958.143,true,none,348
2025-12-12 17:53:49.388,smart_meter,send_encrypted_data,334322,2.685,996.118,true,none,266
2025-12-12 17:53:49.389,smart_meter,send_encrypted_data,333812,3.702,721.366,true,none,329
2025-12-12 17:53:49.389,smart_meter,send_encrypted_data,334340,6.885,388.485,true,none,224
2025-12-12 17:53:49.390,smart_meter,send_encrypted_data,334282,0.359,7449.181,true,none,204
2025-12-12 17:53:49.390,smart_meter,send_encrypted_data,334393,0.966,2769.300,true,none,252
2025-12-12 17:53:49.390,smart_meter,send_encrypted_data,334271,6.222,429.792,true,none,277
2025-12-12 17:53:49.391,smart_meter,send_encrypted_data,334525,0.615,4351.545,true,none,288
2025-12-12 17:53:49.391,smart_meter,send_encrypted_data,333292,0.336,7935.524,true,none,267
2025-12-12 17:53:49.391,smart_meter,send_encrypted_data,334357,0.351,7620.672,true,none,260
2025-12-12 17:53:49.392,smart_meter,send_encrypted_data,334340,0.340,7866.824,true,none,233
2025-12-12 17:53:49.392,smart_meter,send_encrypted_data,334061,15.233,175.441,true,none,223
2025-12-12 17:53:49.392,smart_meter,send_encrypted_data,334305,23.042,116.068,true,none,126
2025-12-12 17:53:49.392,smart_meter,send_encrypted_data,334453,0.342,7823.462,true,none,353
2025-12-12 17:53:49.393,smart_meter,send_encrypted_data,334363,3.636,735.672,true,none,319
2025-12-12 17:53:49.393,smart_meter,send_encrypted_data,334044,0.380,7032.505,true,none,273
2025-12-12 17:53:49.393,smart_meter,send_encrypted_data,334254,0.367,7286.191,true,none,344
2025-12-12 17:53:49.393,smart_meter,send_encrypted_data,334241,0.381,7018.184,true,none,295
2025-12-12 17:53:49.395,smart_meter,send_encrypted_data,334193,0.362,7385.481,true,none,341
2025-12-12 17:53:49.395,smart_meter,send_encrypted_data,334163,0.493,5422.523,true,none,262
2025-12-12 17:53:49.396,smart_meter,send_encrypted_data,334278,0.336,7959.000,true,none,268
2025-12-12 17:53:49.396,smart_meter,send_encrypted_data,334162,0.353,7573.076,true,none,243
2025-12-12 17:53:49.397,smart_meter,send_encrypted_data,333888,0.363,7358.413,true,none,257
2025-12-12 17:53:49.397,smart_meter,send_encrypted_data,334448,3.154,848.315,true,none,312
2025-12-12 17:53:49.397,smart_meter,send_encrypted_data,334432,0.333,8034.402,true,none,320
2025-12-12 17:53:49.399,smart_meter,send_encrypted_data,334339,0.341,7843.730,true,none,324
2025-12-12 17:53:49.358,smart_meter,send_encrypted_data,334367,1.062,2518.772,true,none,292
2025-12-12 17:53:49.403,smart_meter,send_encrypted_data,334235,0.356,7510.899,true,none,346
2025-12-12 17:53:49.403,smart_meter,send_encrypted_data,334287,0.528,5064.955,true,none,293
2025-12-12 17:53:49.403,smart_meter,send_encrypted_data,334391,0.399,6704.581,true,none,327
2025-12-12 17:53:49.396,smart_meter,send_encrypted_data,334243,2.396,1116.003,true,none,322
2025-12-12 17:53:49.406,smart_meter,send_encrypted_data,334372,0.348,7686.713,true,none,332
2025-12-12 17:53:49.407,smart_meter,send_encrypted_data,334167,9.293,287.672,true,none,331
2025-12-12 17:53:49.394,smart_meter,send_encrypted_data,334494,0.370,7232.303,true,none,286
2025-12-12 17:53:49.410,smart_meter,send_encrypted_data,334391,0.340,7868.024,true,none,336
2025-12-12 17:53:49.412,smart_meter,send_encrypted_data,334060,0.388,6887.835,true,none,313
2025-12-12 17:53:49.412,smart_meter,send_encrypted_data,334378,0.336,7961.381,true,none,351
2025-12-12 17:53:49.413,smart_meter,send_encrypted_data,334482,0.353,7580.329,true,none,364
2025-12-12 17:53:49.414,smart_meter,send_encrypted_data,334193,0.340,7863.365,true,none,269
2025-12-12 17:53:49.416,smart_meter,send_encrypted_data,334437,0.356,7515.438,true,none,294
2025-12-12 17:53:49.417,smart_meter,send_encrypted_data,334400,0.334,8009.581,true,none,301
2025-12-12 17:53:49.418,smart_meter,send_encrypted_data,334441,0.368,7270.457,true,none,307
2025-12-12 17:53:49.418,smart_meter,send_encrypted_data,334512,0.365,7331.770,true,none,299
2025-12-12 17:53:49.419,smart_meter,send_encrypted_data,333925,0.373,7161.930,true,none,300
2025-12-12 17:53:49.419,smart_meter,send_encrypted_data,333288,0.361,7385.884,true,none,298
2025-12-12 17:53:49.420,smart_meter,send_encrypted_data,334254,0.391,6838.957,true,none,303
2025-12-12 17:53:49.422,smart_meter,send_encrypted_data,333789,1.660,1608.622,true,none,302
2025-12-12 17:53:49.423,smart_meter,send_encrypted_data,334391,2.217,1206.643,true,none,270
2025-12-12 17:53:49.427,smart_meter,send_encrypted_data,334105,0.357,7486.947,true,none,297
2025-12-12 17:53:49.430,smart_meter,send_encrypted_data,334025,0.394,6782.234,true,none,385
2025-12-12 17:53:49.433,smart_meter,send_encrypted_data,334189,0.343,7794.496,true,none,381
2025-12-12 17:53:49.435,smart_meter,send_encrypted_data,334403,0.471,5679.881,true,none,379
2025-12-12 17:53:49.435,smart_meter,send_encrypted_data,334245,0.527,5073.928,true,none,408
2025-12-12 17:53:49.437,smart_meter,send_encrypted_data,333918,0.348,7676.276,true,none,377
2025-12-12 17:53:49.438,smart_meter,send_encrypted_data,334309,0.371,7208.819,true,none,444
2025-12-12 17:53:49.443,smart_meter,send_encrypted_data,334323,2.140,1249.806,true,none,433
2025-12-12 17:53:49.444,smart_meter,send_encrypted_data,334335,0.355,7534.310,true,none,458
2025-12-12 17:53:49.444,smart_meter,send_encrypted_data,334563,2.066,1295.500,true,none,398
2025-12-12 17:53:49.444,smart_meter,send_encrypted_data,334473,0.474,5645.114,true,none,404
2025-12-12 17:53:49.444,smart_meter,send_encrypted_data,334232,3.719,718.972,true,none,395
2025-12-12 17:53:49.444,smart_meter,send_encrypted_data,334246,2.700,990.359,true,none,474
2025-12-12 17:53:49.445,smart_meter,send_encrypted_data,334407,0.347,7709.671,true,none,448
2025-12-12 17:53:49.445,smart_meter,send_encrypted_data,334438,3.588,745.681,true,none,406
2025-12-12 17:53:49.447,smart_meter,send_encrypted_data,333327,0.330,8080.655,true,none,410
2025-12-12 17:53:49.447,smart_meter,send_encrypted_data,334182,0.380,7035.411,true,none,416
2025-12-12 17:53:49.447,smart_meter,send_encrypted_data,334107,0.358,7466.078,true,none,392
2025-12-12 17:53:49.448,smart_meter,send_encrypted_data,334398,1.549,1727.039,true,none,388
2025-12-12 17:53:49.449,smart_meter,send_encrypted_data,334102,0.692,3862.451,true,none,373
2025-12-12 17:53:49.450,smart_meter,send_encrypted_data,334466,1.397,1915.339,true,none,440
2025-12-12 17:53:49.451,smart_meter,send_encrypted_data,334097,2.671,1000.665,true,none,402
2025-12-12 17:53:49.451,smart_meter,send_encrypted_data,334078,0.370,7223.308,true,none,420
2025-12-12 17:53:49.452,smart_meter,send_encrypted_data,334395,1.316,2032.796,true,none,400
2025-12-12 17:53:49.453,smart_meter,send_encrypted_data,334359,0.339,7890.478,true,none,382
2025-12-12 17:53:49.453,smart_meter,send_encrypted_data,334351,3.161,846.190,true,none,462
2025-12-12 17:53:49.454,smart_meter,send_encrypted_data,334453,0.374,7154.075,true,none,418
2025-12-12 17:53:49.452,smart_meter,send_encrypted_data,334147,0.376,7109.511,true,none,371
2025-12-12 17:53:49.457,smart_meter,send_encrypted_data,334263,0.362,7387.028,true,none,414
2025-12-12 17:53:49.458,smart_meter,send_encrypted_data,334207,0.348,7682.920,true,none,489
2025-12-12 17:53:49.456,smart_meter,send_encrypted_data,334450,0.338,7915.976,true,none,469
2025-12-12 17:53:49.461,smart_meter,send_encrypted_data,334337,0.335,7984.167,true,none,481
2025-12-12 17:53:49.461,smart_meter,send_encrypted_data,334258,4.452,600.643,true,none,369
2025-12-12 17:53:49.461,smart_meter,send_encrypted_data,334464,3.074,870.433,true,none,460
2025-12-12 17:53:49.461,smart_meter,send_encrypted_data,334341,3.059,874.380,true,none,384
2025-12-12 17:53:49.461,smart_meter,send_encrypted_data,334323,0.355,7534.039,true,none,378
2025-12-12 17:53:49.462,smart_meter,send_encrypted_data,334463,0.395,6773.934,true,none,422
2025-12-12 17:53:49.462,smart_meter,send_encrypted_data,334469,0.374,7154.417,true,none,486
2025-12-12 17:53:49.463,smart_meter,send_encrypted_data,334243,0.391,6838.731,true,none,424
2025-12-12 17:53:49.466,smart_meter,send_encrypted_data,334130,0.377,7090.292,true,none,394
2025-12-12 17:53:49.467,smart_meter,send_encrypted_data,334379,0.383,6984.418,true,none,476
2025-12-12 17:53:49.467,smart_meter,send_encrypted_data,334046,0.359,7443.922,true,none,478
2025-12-12 17:53:49.467,smart_meter,send_encrypted_data,334368,1.151,2324.017,true,none,484
2025-12-12 17:53:49.469,smart_meter,send_encrypted_data,334426,0.347,7710.110,true,none,437
2025-12-12 17:53:49.470,smart_meter,send_encrypted_data,334333,3.067,872.078,true,none,491
2025-12-12 17:53:49.470,smart_meter,send_encrypted_data,334461,4.373,611.866,true,none,441
2025-12-12 17:53:49.471,smart_meter,send_encrypted_data,334380,0.355,7535.324,true,none,464
2025-12-12 17:53:49.471,smart_meter,send_encrypted_data,334452,0.342,7823.439,true,none,496
2025-12-12 17:53:49.472,smart_meter,send_encrypted_data,334442,0.430,6222.177,true,none,471
2025-12-12 17:53:49.473,smart_meter,send_encrypted_data,334334,0.366,7307.847,true,none,386
2025-12-12 17:53:49.476,smart_meter,send_encrypted_data,334071,6.703,398.712,true,none,455
2025-12-12 17:53:49.476,smart_meter,send_encrypted_data,334223,6.475,412.940,true,none,439
2025-12-12 17:53:49.476,smart_meter,send_encrypted_data,334207,5.378,497.147,true,none,435
2025-12-12 17:53:49.477,smart_meter,send_encrypted_data,334429,0.382,7003.749,true,none,452
2025-12-12 17:53:49.478,smart_meter,send_encrypted_data,333981,0.340,7858.376,true,none,498
2025-12-12 17:53:49.480,smart_meter,send_encrypted_data,334384,0.357,7493.199,true,none,390
2025-12-12 17:53:49.481,smart_meter,send_encrypted_data,334243,0.367,7285.951,true,none,450
2025-12-12 17:53:49.481,smart_meter,send_encrypted_data,334163,0.394,6785.036,true,none,480
2025-12-12 17:53:49.482,smart_meter,send_encrypted_data,334311,0.361,7408.554,true,none,493
2025-12-12 17:53:49.483,smart_meter,send_encrypted_data,334413,1.447,1848.862,true,none,426
2025-12-12 17:53:49.484,smart_meter,send_encrypted_data,334207,3.701,722.414,true,none,473
2025-12-12 17:53:49.485,smart_meter,send_encrypted_data,334296,1.160,2305.490,true,none,445
2025-12-12 17:53:49.486,smart_meter,send_encrypted_data,333912,0.350,7632.274,true,none,409
2025-12-12 17:53:49.487,smart_meter,send_encrypted_data,334424,0.390,6859.979,true,none,403
2025-12-12 17:53:49.488,smart_meter,send_encrypted_data,334167,0.366,7304.197,true,none,407
2025-12-12 17:53:49.488,smart_meter,send_encrypted_data,334306,0.378,7075.259,true,none,488
2025-12-12 17:53:49.488,smart_meter,send_encrypted_data,334243,0.385,6945.309,true,none,447
2025-12-12 17:53:49.489,smart_meter,send_encrypted_data,334129,0.371,7204.938,true,none,446
2025-12-12 17:53:49.489,smart_meter,send_encrypted_data,334374,4.788,558.687,true,none,454
2025-12-12 17:53:49.489,smart_meter,send_encrypted_data,334200,0.380,7035.789,true,none,396
2025-12-12 17:53:49.489,smart_meter,send_encrypted_data,334511,0.386,6932.870,true,none,500
2025-12-12 17:53:49.490,smart_meter,send_encrypted_data,334435,0.378,7077.989,true,none,421
2025-12-12 17:53:49.491,smart_meter,send_encrypted_data,333835,0.385,6936.831,true,none,443
2025-12-12 17:53:49.491,smart_meter,send_encrypted_data,334444,0.488,5482.689,true,none,415
2025-12-12 17:53:49.492,smart_meter,send_encrypted_data,334457,0.354,7558.350,true,none,380
2025-12-12 17:53:49.492,smart_meter,send_encrypted_data,334472,0.334,8011.305,true,none,468
2025-12-12 17:53:49.493,smart_meter,send_encrypted_data,334259,3.037,880.498,true,none,456
2025-12-12 17:53:49.494,smart_meter,send_encrypted_data,333441,0.368,7248.717,true,none,466
2025-12-12 17:53:49.494,smart_meter,send_encrypted_data,334236,0.374,7149.433,true,none,428
2025-12-12 17:53:49.495,smart_meter,send_encrypted_data,334119,0.368,7263.457,true,none,430
2025-12-12 17:53:49.496,smart_meter,send_encrypted_data,334207,4.294,622.649,true,none,459
2025-12-12 17:53:49.497,smart_meter,send_encrypted_data,334419,0.360,7431.533,true,none,374
2025-12-12 17:53:49.497,smart_meter,send_encrypted_data,334363,0.358,7471.799,true,none,413
2025-12-12 17:53:49.497,smart_meter,send_encrypted_data,334162,3.426,780.297,true,none,389
2025-12-12 17:53:49.497,smart_meter,send_encrypted_data,334451,1.763,1517.645,true,none,457
2025-12-12 17:53:49.498,smart_meter,send_encrypted_data,334330,1.750,1528.366,true,none,490
2025-12-12 17:53:49.498,smart_meter,send_encrypted_data,334105,0.897,2979.755,true,none,419
2025-12-12 17:53:49.498,smart_meter,send_encrypted_data,334336,5.513,485.160,true,none,405
2025-12-12 17:53:49.496,smart_meter,send_encrypted_data,334076,7.509,355.921,true,none,434
2025-12-12 17:53:49.499,smart_meter,send_encrypted_data,334302,0.337,7935.953,true,none,483
2025-12-12 17:53:49.499,smart_meter,send_encrypted_data,333983,0.359,7442.518,true,none,432
2025-12-12 17:53:49.500,smart_meter,send_encrypted_data,334420,0.377,7096.446,true,none,376
2025-12-12 17:53:49.501,smart_meter,send_encrypted_data,334451,1.792,1493.085,true,none,370
2025-12-12 17:53:49.502,smart_meter,send_encrypted_data,334403,0.880,3040.027,true,none,387
2025-12-12 17:53:49.503,smart_meter,send_encrypted_data,334446,0.659,4060.042,true,none,495
2025-12-12 17:53:49.503,smart_meter,send_encrypted_data,334412,0.910,2939.886,true,none,401
2025-12-12 17:53:49.503,smart_meter,send_encrypted_data,334432,0.388,6895.505,true,none,449
2025-12-12 17:53:49.504,smart_meter,send_encrypted_data,334252,1.337,2000.012,true,none,461
2025-12-12 17:53:49.504,smart_meter,send_encrypted_data,334305,2.136,1252.079,true,none,399
2025-12-12 17:53:49.509,smart_meter,send_encrypted_data,334493,0.339,7893.640,true,none,485
2025-12-12 17:53:49.510,smart_meter,send_encrypted_data,334345,0.503,5317.614,true,none,436
2025-12-12 17:53:49.510,smart_meter,send_encrypted_data,334483,0.345,7756.128,true,none,427
2025-12-12 17:53:49.511,smart_meter,send_encrypted_data,334412,0.401,6671.561,true,none,470
2025-12-12 17:53:49.511,smart_meter,send_encrypted_data,334265,1.194,2239.631,true,none,397
2025-12-12 17:53:49.512,smart_meter,send_encrypted_data,334059,0.372,7184.065,true,none,391
2025-12-12 17:53:49.514,smart_meter,send_encrypted_data,334249,0.468,5713.658,true,none,372
2025-12-12 17:53:49.517,smart_meter,send_encrypted_data,334159,0.495,5400.549,true,none,463
2025-12-12 17:53:49.517,smart_meter,send_encrypted_data,334365,0.715,3741.147,true,none,393
2025-12-12 17:53:49.518,smart_meter,send_encrypted_data,334402,0.422,6339.374,true,none,438
2025-12-12 17:53:49.519,smart_meter,send_encrypted_data,334374,0.374,7152.385,true,none,451
2025-12-12 17:53:49.519,smart_meter,send_encrypted_data,334428,0.762,3511.055,true,none,482
2025-12-12 17:53:49.520,smart_meter,send_encrypted_data,334480,0.564,4744.397,true,none,477
2025-12-12 17:53:49.523,smart_meter,send_encrypted_data,334370,0.389,6876.504,true,none,487
2025-12-12 17:53:49.526,smart_meter,send_encrypted_data,334010,0.554,4823.249,true,none,417
2025-12-12 17:53:49.527,smart_meter,send_encrypted_data,334369,0.469,5703.522,true,none,499
2025-12-12 17:53:49.528,smart_meter,send_encrypted_data,334275,0.383,6982.245,true,none,383
2025-12-12 17:53:49.528,smart_meter,send_encrypted_data,334398,0.342,7822.175,true,none,375
2025-12-12 17:53:49.530,smart_meter,send_encrypted_data,334070,0.405,6598.914,true,none,453
2025-12-12 17:53:49.530,smart_meter,send_encrypted_data,334460,0.511,5236.164,true,none,411
2025-12-12 17:53:49.530,smart_meter,send_encrypted_data,334340,0.698,3831.977,true,none,492
2025-12-12 17:53:49.532,smart_meter,send_encrypted_data,334233,0.338,7910.840,true,none,412
2025-12-12 17:53:49.532,smart_meter,send_encrypted_data,334193,0.553,4834.618,true,none,475
2025-12-12 17:53:49.533,smart_meter,send_encrypted_data,334393,0.391,6841.801,true,none,423
2025-12-12 17:53:49.533,smart_meter,send_encrypted_data,334153,0.391,6836.890,true,none,497
2025-12-12 17:53:49.534,smart_meter,send_encrypted_data,334219,0.382,6999.351,true,none,442
2025-12-12 17:53:49.535,smart_meter,send_encrypted_data,334162,0.414,6457.237,true,none,494
2025-12-12 17:53:49.535,smart_meter,send_encrypted_data,334293,0.497,5380.974,true,none,429
2025-12-12 17:53:49.535,smart_meter,send_encrypted_data,334378,0.416,6430.346,true,none,425
2025-12-12 17:53:49.535,smart_meter,send_encrypted_data,334243,1.170,2285.422,true,none,479
2025-12-12 17:53:49.536,smart_meter,send_encrypted_data,334118,0.344,7770.186,true,none,431
2025-12-12 17:53:49.537,smart_meter,send_encrypted_data,334401,0.372,7191.419,true,none,465
2025-12-12 17:53:49.537,smart_meter,send_encrypted_data,334363,0.366,7308.481,true,none,467
2025-12-12 17:53:49.537,smart_meter,send_encrypted_data,334426,0.357,7494.140,true,none,472
2025-12-12 17:54:54.612,smart_meter,send_encrypted_data,334174,2.470,1082.345,true,none,9
2025-12-12 17:54:54.613,smart_meter,send_encrypted_data,334340,0.347,7708.127,true,none,133
2025-12-12 17:54:54.613,smart_meter,send_encrypted_data,334399,0.414,6461.816,true,none,27
2025-12-12 17:54:54.615,smart_meter,send_encrypted_data,334406,0.374,7153.070,true,none,12
2025-12-12 17:54:54.615,smart_meter,send_encrypted_data,334428,0.408,6557.412,true,none,20
2025-12-12 17:54:54.616,smart_meter,send_encrypted_data,334300,0.486,5502.881,true,none,22
2025-12-12 17:54:54.617,smart_meter,send_encrypted_data,334303,0.384,6964.646,true,none,109
2025-12-12 17:54:54.618,smart_meter,send_encrypted_data,334177,0.367,7284.512,true,none,104
2025-12-12 17:54:54.618,smart_meter,send_encrypted_data,334454,0.360,7432.311,true,none,122
2025-12-12 17:54:54.619,smart_meter,send_encrypted_data,333978,0.348,7677.655,true,none,146
2025-12-12 17:54:54.619,smart_meter,send_encrypted_data,334331,0.395,6771.261,true,none,141
2025-12-12 17:54:54.619,smart_meter,send_encrypted_data,333341,3.570,746.983,true,none,126
2025-12-12 17:54:54.621,smart_meter,send_encrypted_data,334179,0.338,7909.562,true,none,65
2025-12-12 17:54:54.622,smart_meter,send_encrypted_data,334333,1.027,2604.347,true,none,3
2025-12-12 17:54:54.622,smart_meter,send_encrypted_data,334404,1.301,2056.289,true,none,45
2025-12-12 17:54:54.623,smart_meter,send_encrypted_data,334393,0.321,8333.782,true,none,80
2025-12-12 17:54:54.623,smart_meter,send_encrypted_data,334352,0.393,6806.148,true,none,115
2025-12-12 17:54:54.624,smart_meter,send_encrypted_data,334021,0.360,7422.689,true,none,151
2025-12-12 17:54:54.624,smart_meter,send_encrypted_data,334099,0.906,2950.102,true,none,86
2025-12-12 17:54:54.624,smart_meter,send_encrypted_data,334446,0.349,7666.384,true,none,128
2025-12-12 17:54:54.625,smart_meter,send_encrypted_data,334367,0.343,7798.647,true,none,74
2025-12-12 17:54:54.628,smart_meter,send_encrypted_data,334148,0.338,7908.828,true,none,73
2025-12-12 17:54:54.629,smart_meter,send_encrypted_data,334299,0.406,6587.172,true,none,98
2025-12-12 17:54:54.629,smart_meter,send_encrypted_data,334372,0.439,6093.339,true,none,60
2025-12-12 17:54:54.632,smart_meter,send_encrypted_data,334153,0.393,6802.097,true,none,69
2025-12-12 17:54:54.636,smart_meter,send_encrypted_data,334113,0.345,7747.548,true,none,166
2025-12-12 17:54:54.637,smart_meter,send_encrypted_data,333951,0.352,7589.795,true,none,79
2025-12-12 17:54:54.637,smart_meter,send_encrypted_data,334338,0.367,7288.022,true,none,50
2025-12-12 17:54:54.638,smart_meter,send_encrypted_data,334402,0.342,7822.269,true,none,7
2025-12-12 17:54:54.640,smart_meter,send_encrypted_data,334130,0.346,7725.549,true,none,190
2025-12-12 17:54:54.641,smart_meter,send_encrypted_data,334234,0.342,7818.339,true,none,236
2025-12-12 17:54:54.641,smart_meter,send_encrypted_data,334197,0.345,7749.496,true,none,186
2025-12-12 17:54:54.642,smart_meter,send_encrypted_data,334465,0.351,7623.134,true,none,1
2025-12-12 17:54:54.642,smart_meter,send_encrypted_data,334400,0.359,7451.811,true,none,194
2025-12-12 17:54:54.642,smart_meter,send_encrypted_data,334240,0.361,7406.981,true,none,16
2025-12-12 17:54:54.643,smart_meter,send_encrypted_data,334388,0.335,7985.385,true,none,329
2025-12-12 17:54:54.643,smart_meter,send_encrypted_data,334418,0.345,7754.620,true,none,17
2025-12-12 17:54:54.644,smart_meter,send_encrypted_data,334162,1.098,2434.696,true,none,154
2025-12-12 17:54:54.644,smart_meter,send_encrypted_data,334333,0.346,7730.243,true,none,124
2025-12-12 17:54:54.645,smart_meter,send_encrypted_data,334215,1.817,1471.502,true,none,138
2025-12-12 17:54:54.645,smart_meter,send_encrypted_data,334273,0.360,7428.289,true,none,280
2025-12-12 17:54:54.645,smart_meter,send_encrypted_data,334093,0.383,6978.444,true,none,14
2025-12-12 17:54:54.645,smart_meter,send_encrypted_data,334358,0.384,6965.792,true,none,2
2025-12-12 17:54:54.645,smart_meter,send_encrypted_data,334444,2.684,996.852,true,none,217
2025-12-12 17:54:54.648,smart_meter,send_encrypted_data,334350,0.365,7328.219,true,none,92
2025-12-12 17:54:54.649,smart_meter,send_encrypted_data,334372,0.412,6492.660,true,none,26
2025-12-12 17:54:54.649,smart_meter,send_encrypted_data,334502,0.401,6673.357,true,none,119
2025-12-12 17:54:54.649,smart_meter,send_encrypted_data,334541,0.370,7233.319,true,none,85
2025-12-12 17:54:54.649,smart_meter,send_encrypted_data,334428,0.353,7579.105,true,none,152
2025-12-12 17:54:54.650,smart_meter,send_encrypted_data,334289,0.364,7347.011,true,none,189
2025-12-12 17:54:54.651,smart_meter,send_encrypted_data,334347,1.428,1873.092,true,none,268
2025-12-12 17:54:54.651,smart_meter,send_encrypted_data,334296,0.353,7576.113,true,none,333
2025-12-12 17:54:54.651,smart_meter,send_encrypted_data,334361,0.346,7730.890,true,none,81
2025-12-12 17:54:54.652,smart_meter,send_encrypted_data,334340,0.362,7388.729,true,none,127
2025-12-12 17:54:54.652,smart_meter,send_encrypted_data,334334,0.394,6788.508,true,none,183
2025-12-12 17:54:54.654,smart_meter,send_encrypted_data,334438,0.368,7270.391,true,none,175
2025-12-12 17:54:54.654,smart_meter,send_encrypted_data,334474,0.376,7116.468,true,none,204
2025-12-12 17:54:54.654,smart_meter,send_encrypted_data,334122,0.393,6801.466,true,none,147
2025-12-12 17:54:54.655,smart_meter,send_encrypted_data,334397,4.260,627.976,true,none,68
2025-12-12 17:54:54.656,smart_meter,send_encrypted_data,334116,6.565,407.148,true,none,114
2025-12-12 17:54:54.656,smart_meter,send_encrypted_data,334360,0.379,7057.731,true,none,30
2025-12-12 17:54:54.656,smart_meter,send_encrypted_data,334437,0.367,7290.180,true,none,129
2025-12-12 17:54:54.656,smart_meter,send_encrypted_data,334461,0.357,7494.924,true,none,488
2025-12-12 17:54:54.657,smart_meter,send_encrypted_data,334340,0.375,7132.587,true,none,163
2025-12-12 17:54:54.657,smart_meter,send_encrypted_data,334332,0.338,7913.183,true,none,181
2025-12-12 17:54:54.658,smart_meter,send_encrypted_data,334385,0.365,7328.986,true,none,55
2025-12-12 17:54:54.658,smart_meter,send_encrypted_data,334250,0.377,7092.838,true,none,249
2025-12-12 17:54:54.658,smart_meter,send_encrypted_data,334206,0.368,7265.348,true,none,426
2025-12-12 17:54:54.659,smart_meter,send_encrypted_data,334441,0.344,7777.698,true,none,257
2025-12-12 17:54:54.659,smart_meter,send_encrypted_data,334253,0.345,7750.794,true,none,116
2025-12-12 17:54:54.655,smart_meter,send_encrypted_data,334421,5.239,510.664,true,none,415
2025-12-12 17:54:54.660,smart_meter,send_encrypted_data,334322,8.318,321.541,true,none,319
2025-12-12 17:54:54.660,smart_meter,send_encrypted_data,333258,10.118,263.497,true,none,295
2025-12-12 17:54:54.657,smart_meter,send_encrypted_data,334134,5.901,452.986,true,none,4
2025-12-12 17:54:54.661,smart_meter,send_encrypted_data,334186,0.336,7956.810,true,none,137
2025-12-12 17:54:54.661,smart_meter,send_encrypted_data,334091,0.353,7571.467,true,none,210
2025-12-12 17:54:54.661,smart_meter,send_encrypted_data,334413,0.353,7578.765,true,none,135
2025-12-12 17:54:54.658,smart_meter,send_encrypted_data,334417,5.105,524.062,true,none,36
2025-12-12 17:54:54.662,smart_meter,send_encrypted_data,334282,0.431,6204.770,true,none,44
2025-12-12 17:54:54.662,smart_meter,send_encrypted_data,334358,0.332,8056.819,true,none,38
2025-12-12 17:54:54.663,smart_meter,send_encrypted_data,334431,0.336,7962.643,true,none,298
2025-12-12 17:54:54.663,smart_meter,send_encrypted_data,334056,0.395,6765.691,true,none,288
2025-12-12 17:54:54.663,smart_meter,send_encrypted_data,334221,0.366,7305.377,true,none,162
2025-12-12 17:54:54.663,smart_meter,send_encrypted_data,334396,0.347,7709.418,true,none,258
2025-12-12 17:54:54.664,smart_meter,send_encrypted_data,334426,0.375,7134.421,true,none,93
2025-12-12 17:54:54.664,smart_meter,send_encrypted_data,334305,7.908,338.194,true,none,205
2025-12-12 17:54:54.664,smart_meter,send_encrypted_data,334486,0.332,8059.904,true,none,331
2025-12-12 17:54:54.665,smart_meter,send_encrypted_data,334312,0.361,7408.576,true,none,211
2025-12-12 17:54:54.665,smart_meter,send_encrypted_data,334218,0.344,7772.512,true,none,293
2025-12-12 17:54:54.665,smart_meter,send_encrypted_data,334377,0.378,7076.762,true,none,178
2025-12-12 17:54:54.665,smart_meter,send_encrypted_data,334381,0.408,6556.490,true,none,179
2025-12-12 17:54:54.666,smart_meter,send_encrypted_data,334300,0.350,7641.143,true,none,125
2025-12-12 17:54:54.666,smart_meter,send_encrypted_data,334381,0.352,7599.568,true,none,434
2025-12-12 17:54:54.667,smart_meter,send_encrypted_data,334523,4.425,604.787,true,none,37
2025-12-12 17:54:54.667,smart_meter,send_encrypted_data,334395,0.343,7799.300,true,none,260
2025-12-12 17:54:54.667,smart_meter,send_encrypted_data,334322,0.399,6703.198,true,none,409
2025-12-12 17:54:54.667,smart_meter,send_encrypted_data,334130,4.675,571.773,true,none,278
2025-12-12 17:54:54.668,smart_meter,send_encrypted_data,334361,0.357,7492.683,true,none,54
2025-12-12 17:54:54.668,smart_meter,send_encrypted_data,334315,2.316,1154.801,true,none,94
2025-12-12 17:54:54.666,smart_meter,send_encrypted_data,334214,0.365,7325.238,true,none,256
2025-12-12 17:54:54.668,smart_meter,send_encrypted_data,334192,5.712,468.056,true,none,106
2025-12-12 17:54:54.667,smart_meter,send_encrypted_data,334040,1.655,1614.695,true,none,19
2025-12-12 17:54:54.668,smart_meter,send_encrypted_data,334128,0.343,7793.073,true,none,273
2025-12-12 17:54:54.669,smart_meter,send_encrypted_data,334306,0.340,7866.024,true,none,276
2025-12-12 17:54:54.669,smart_meter,send_encrypted_data,334405,0.351,7621.766,true,none,322
2025-12-12 17:54:54.670,smart_meter,send_encrypted_data,334365,0.387,6911.938,true,none,197
2025-12-12 17:54:54.670,smart_meter,send_encrypted_data,334105,22.232,120.225,true,none,252
2025-12-12 17:54:54.671,smart_meter,send_encrypted_data,334406,0.382,7003.267,true,none,245
2025-12-12 17:54:54.670,smart_meter,send_encrypted_data,334282,0.633,4224.733,true,none,10
2025-12-12 17:54:54.671,smart_meter,send_encrypted_data,334435,1.398,1913.791,true,none,24
2025-12-12 17:54:54.672,smart_meter,send_encrypted_data,334377,0.345,7753.670,true,none,182
2025-12-12 17:54:54.672,smart_meter,send_encrypted_data,334395,0.413,6477.385,true,none,253
2025-12-12 17:54:54.673,smart_meter,send_encrypted_data,334365,0.381,7020.787,true,none,432
2025-12-12 17:54:54.673,smart_meter,send_encrypted_data,334131,0.362,7384.110,true,none,149
2025-12-12 17:54:54.674,smart_meter,send_encrypted_data,334418,0.339,7891.870,true,none,6
2025-12-12 17:54:54.674,smart_meter,send_encrypted_data,333902,24.548,108.816,true,none,52
2025-12-12 17:54:54.674,smart_meter,send_encrypted_data,334482,0.345,7756.104,true,none,198
2025-12-12 17:54:54.675,smart_meter,send_encrypted_data,334468,0.368,7271.043,true,none,399
2025-12-12 17:54:54.675,smart_meter,send_encrypted_data,334381,0.365,7328.899,true,none,5
2025-12-12 17:54:54.675,smart_meter,send_encrypted_data,334436,0.346,7732.624,true,none,62
2025-12-12 17:54:54.676,smart_meter,send_encrypted_data,334400,39.959,66.949,true,none,174
2025-12-12 17:54:54.676,smart_meter,send_encrypted_data,334202,0.341,7840.516,true,none,284
2025-12-12 17:54:54.676,smart_meter,send_encrypted_data,334146,1.964,1361.084,true,none,187
2025-12-12 17:54:54.678,smart_meter,send_encrypted_data,334428,0.354,7557.695,true,none,59
2025-12-12 17:54:54.678,smart_meter,send_encrypted_data,334182,0.329,8126.006,true,none,485
2025-12-12 17:54:54.678,smart_meter,send_encrypted_data,334068,0.343,7791.673,true,none,46
2025-12-12 17:54:54.679,smart_meter,send_encrypted_data,334295,0.376,7112.660,true,none,201
2025-12-12 17:54:54.680,smart_meter,send_encrypted_data,334298,0.377,7093.857,true,none,70
2025-12-12 17:54:54.680,smart_meter,send_encrypted_data,334226,0.344,7772.698,true,none,334
2025-12-12 17:54:54.673,smart_meter,send_encrypted_data,334419,0.363,7370.116,true,none,208
2025-12-12 17:54:54.680,smart_meter,send_encrypted_data,334281,50.552,52.901,true,none,53
2025-12-12 17:54:54.680,smart_meter,send_encrypted_data,333869,0.345,7741.890,true,none,35
2025-12-12 17:54:54.680,smart_meter,send_encrypted_data,334318,0.345,7752.301,true,none,216
2025-12-12 17:54:54.681,smart_meter,send_encrypted_data,334389,0.347,7709.256,true,none,56
2025-12-12 17:54:54.681,smart_meter,send_encrypted_data,334300,29.041,92.090,true,none,266
2025-12-12 17:54:54.681,smart_meter,send_encrypted_data,333942,0.346,7721.202,true,none,89
2025-12-12 17:54:54.681,smart_meter,send_encrypted_data,334433,0.343,7800.187,true,none,99
2025-12-12 17:54:54.682,smart_meter,send_encrypted_data,334161,0.351,7616.205,true,none,8
2025-12-12 17:54:54.682,smart_meter,send_encrypted_data,334152,5.653,472.884,true,none,145
2025-12-12 17:54:54.682,smart_meter,send_encrypted_data,334356,0.352,7599.000,true,none,234
2025-12-12 17:54:54.683,smart_meter,send_encrypted_data,334153,0.483,5534.625,true,none,263
2025-12-12 17:54:54.683,smart_meter,send_encrypted_data,334403,0.368,7269.630,true,none,121
2025-12-12 17:54:54.683,smart_meter,send_encrypted_data,334367,0.345,7753.438,true,none,495
2025-12-12 17:54:54.683,smart_meter,send_encrypted_data,334392,0.362,7389.878,true,none,82
2025-12-12 17:54:54.684,smart_meter,send_encrypted_data,334397,0.357,7493.490,true,none,168
2025-12-12 17:54:54.684,smart_meter,send_encrypted_data,334432,1.757,1522.741,true,none,312
2025-12-12 17:54:54.684,smart_meter,send_encrypted_data,334413,3.400,786.854,true,none,226
2025-12-12 17:54:54.684,smart_meter,send_encrypted_data,334065,0.339,7883.540,true,none,446
2025-12-12 17:54:54.684,smart_meter,send_encrypted_data,334143,0.366,7303.672,true,none,28
2025-12-12 17:54:54.685,smart_meter,send_encrypted_data,334104,0.344,7769.860,true,none,243
2025-12-12 17:54:54.685,smart_meter,send_encrypted_data,333829,0.344,7763.465,true,none,487
2025-12-12 17:54:54.685,smart_meter,send_encrypted_data,334540,0.348,7690.575,true,none,447
2025-12-12 17:54:54.686,smart_meter,send_encrypted_data,334389,0.382,7002.911,true,none,346
2025-12-12 17:54:54.686,smart_meter,send_encrypted_data,333820,8.401,317.886,true,none,176
2025-12-12 17:54:54.687,smart_meter,send_encrypted_data,334128,0.370,7224.389,true,none,148
2025-12-12 17:54:54.687,smart_meter,send_encrypted_data,334289,0.355,7533.273,true,none,100
2025-12-12 17:54:54.674,smart_meter,send_encrypted_data,334460,0.343,7800.816,true,none,49
2025-12-12 17:54:54.688,smart_meter,send_encrypted_data,334377,0.334,8009.030,true,none,339
2025-12-12 17:54:54.688,smart_meter,send_encrypted_data,334296,0.359,7449.493,true,none,107
2025-12-12 17:54:54.688,smart_meter,send_encrypted_data,334204,0.364,7345.143,true,none,255
2025-12-12 17:54:54.689,smart_meter,send_encrypted_data,334522,0.358,7475.352,true,none,336
2025-12-12 17:54:54.689,smart_meter,send_encrypted_data,333997,3.599,742.422,true,none,303
2025-12-12 17:54:54.690,smart_meter,send_encrypted_data,334419,0.356,7515.034,true,none,105
2025-12-12 17:54:54.690,smart_meter,send_encrypted_data,334180,1.668,1602.782,true,none,453
2025-12-12 17:54:54.690,smart_meter,send_encrypted_data,334306,0.362,7387.978,true,none,436
2025-12-12 17:54:54.690,smart_meter,send_encrypted_data,334335,30.711,87.092,true,none,202
2025-12-12 17:54:54.691,smart_meter,send_encrypted_data,334344,0.365,7328.088,true,none,267
2025-12-12 17:54:54.691,smart_meter,send_encrypted_data,334111,0.339,7884.625,true,none,167
2025-12-12 17:54:54.691,smart_meter,send_encrypted_data,334344,0.345,7752.904,true,none,332
2025-12-12 17:54:54.692,smart_meter,send_encrypted_data,334349,0.358,7471.486,true,none,454
2025-12-12 17:54:54.692,smart_meter,send_encrypted_data,334048,0.384,6959.333,true,none,130
2025-12-12 17:54:54.693,smart_meter,send_encrypted_data,334406,14.432,185.369,true,none,111
2025-12-12 17:54:54.693,smart_meter,send_encrypted_data,334386,10.619,251.915,true,none,191
2025-12-12 17:54:54.694,smart_meter,send_encrypted_data,334426,0.344,7777.349,true,none,428
2025-12-12 17:54:54.695,smart_meter,send_encrypted_data,334488,0.424,6311.094,true,none,233
2025-12-12 17:54:54.694,smart_meter,send_encrypted_data,334459,1.128,2372.050,true,none,238
2025-12-12 17:54:54.696,smart_meter,send_encrypted_data,333288,0.421,6333.264,true,none,75
2025-12-12 17:54:54.696,smart_meter,send_encrypted_data,334362,0.415,6445.533,true,none,160
2025-12-12 17:54:54.696,smart_meter,send_encrypted_data,334024,0.356,7506.157,true,none,417
2025-12-12 17:54:54.697,smart_meter,send_encrypted_data,334078,0.400,6681.560,true,none,244
2025-12-12 17:54:54.697,smart_meter,send_encrypted_data,334317,0.333,8031.640,true,none,72
2025-12-12 17:54:54.698,smart_meter,send_encrypted_data,334276,0.359,7449.047,true,none,308
2025-12-12 17:54:54.698,smart_meter,send_encrypted_data,333610,4.108,649.679,true,none,313
2025-12-12 17:54:54.699,smart_meter,send_encrypted_data,334157,0.417,6410.686,true,none,101
2025-12-12 17:54:54.700,smart_meter,send_encrypted_data,334477,0.415,6447.749,true,none,272
2025-12-12 17:54:54.700,smart_meter,send_encrypted_data,334355,0.424,6308.585,true,none,153
2025-12-12 17:54:54.700,smart_meter,send_encrypted_data,334391,0.383,6984.668,true,none,172
2025-12-12 17:54:54.699,smart_meter,send_encrypted_data,334390,1.976,1353.806,true,none,466
2025-12-12 17:54:54.701,smart_meter,send_encrypted_data,334464,13.465,198.716,true,none,225
2025-12-12 17:54:54.701,smart_meter,send_encrypted_data,334363,4.043,661.614,true,none,459
2025-12-12 17:54:54.702,smart_meter,send_encrypted_data,333318,0.355,7511.392,true,none,264
2025-12-12 17:54:54.702,smart_meter,send_encrypted_data,334397,0.349,7665.261,true,none,156
2025-12-12 17:54:54.703,smart_meter,send_encrypted_data,334229,0.366,7305.552,true,none,184
2025-12-12 17:54:54.703,smart_meter,send_encrypted_data,334339,0.346,7730.382,true,none,95
2025-12-12 17:54:54.703,smart_meter,send_encrypted_data,334266,0.341,7842.018,true,none,356
2025-12-12 17:54:54.704,smart_meter,send_encrypted_data,334413,0.432,6192.833,true,none,228
2025-12-12 17:54:54.704,smart_meter,send_encrypted_data,334396,0.363,7369.609,true,none,47
2025-12-12 17:54:54.705,smart_meter,send_encrypted_data,333973,0.348,7677.540,true,none,314
2025-12-12 17:54:54.705,smart_meter,send_encrypted_data,334196,0.372,7187.011,true,none,341
2025-12-12 17:54:54.705,smart_meter,send_encrypted_data,333647,0.352,7582.886,true,none,71
2025-12-12 17:54:54.705,smart_meter,send_encrypted_data,334165,0.345,7748.754,true,none,353
2025-12-12 17:54:54.701,smart_meter,send_encrypted_data,334101,0.366,7302.754,true,none,351
2025-12-12 17:54:54.705,smart_meter,send_encrypted_data,334133,0.346,7725.618,true,none,443
2025-12-12 17:54:54.706,smart_meter,send_encrypted_data,334102,0.355,7529.059,true,none,213
2025-12-12 17:54:54.707,smart_meter,send_encrypted_data,334368,0.357,7492.840,true,none,31
2025-12-12 17:54:54.708,smart_meter,send_encrypted_data,334399,0.368,7269.543,true,none,429
2025-12-12 17:54:54.708,smart_meter,send_encrypted_data,334352,0.353,7577.382,true,none,291
2025-12-12 17:54:54.709,smart_meter,send_encrypted_data,334138,0.428,6245.570,true,none,165
2025-12-12 17:54:54.709,smart_meter,send_encrypted_data,334316,9.778,273.525,true,none,419
2025-12-12 17:54:54.709,smart_meter,send_encrypted_data,334464,22.952,116.579,true,none,215
2025-12-12 17:54:54.709,smart_meter,send_encrypted_data,334410,0.350,7643.657,true,none,396
2025-12-12 17:54:54.710,smart_meter,send_encrypted_data,333806,0.371,7197.973,true,none,397
2025-12-12 17:54:54.710,smart_meter,send_encrypted_data,334313,0.420,6367.867,true,none,494
2025-12-12 17:54:54.710,smart_meter,send_encrypted_data,334328,0.438,6106.447,true,none,411
2025-12-12 17:54:54.711,smart_meter,send_encrypted_data,334363,0.362,7389.238,true,none,271
2025-12-12 17:54:54.711,smart_meter,send_encrypted_data,334497,0.365,7331.441,true,none,347
2025-12-12 17:54:54.711,smart_meter,send_encrypted_data,334420,0.356,7515.056,true,none,372
2025-12-12 17:54:54.712,smart_meter,send_encrypted_data,333452,11.176,238.691,true,none,117
2025-12-12 17:54:54.712,smart_meter,send_encrypted_data,334167,9.034,295.919,true,none,421
2025-12-12 17:54:54.712,smart_meter,send_encrypted_data,334276,0.392,6821.959,true,none,375
2025-12-12 17:54:54.712,smart_meter,send_encrypted_data,334371,0.405,6604.859,true,none,29
2025-12-12 17:54:54.712,smart_meter,send_encrypted_data,334007,0.372,7182.946,true,none,427
2025-12-12 17:54:54.713,smart_meter,send_encrypted_data,334373,5.480,488.136,true,none,364
2025-12-12 17:54:54.713,smart_meter,send_encrypted_data,334420,0.366,7309.727,true,none,492
2025-12-12 17:54:54.713,smart_meter,send_encrypted_data,334301,0.374,7150.824,true,none,91
2025-12-12 17:54:54.714,smart_meter,send_encrypted_data,334228,0.352,7596.091,true,none,206
2025-12-12 17:54:54.714,smart_meter,send_encrypted_data,334361,0.369,7249.019,true,none,203
2025-12-12 17:54:54.714,smart_meter,send_encrypted_data,334089,57.325,46.624,true,none,63
2025-12-12 17:54:54.714,smart_meter,send_encrypted_data,334354,0.351,7620.604,true,none,110
2025-12-12 17:54:54.715,smart_meter,send_encrypted_data,334116,0.360,7424.800,true,none,423
2025-12-12 17:54:54.715,smart_meter,send_encrypted_data,334440,0.345,7755.130,true,none,425
2025-12-12 17:54:54.716,smart_meter,send_encrypted_data,333838,24.430,109.321,true,none,134
2025-12-12 17:54:54.716,smart_meter,send_encrypted_data,334286,0.337,7935.573,true,none,374
2025-12-12 17:54:54.716,smart_meter,send_encrypted_data,333496,0.359,7431.666,true,none,294
2025-12-12 17:54:54.716,smart_meter,send_encrypted_data,334436,10.730,249.347,true,none,241
2025-12-12 17:54:54.717,smart_meter,send_encrypted_data,333606,0.371,7193.660,true,none,159
2025-12-12 17:54:54.717,smart_meter,send_encrypted_data,334467,0.364,7350.923,true,none,23
2025-12-12 17:54:54.717,smart_meter,send_encrypted_data,334329,0.357,7491.966,true,none,412
2025-12-12 17:54:54.718,smart_meter,send_encrypted_data,334182,7.521,355.465,true,none,370
2025-12-12 17:54:54.718,smart_meter,send_encrypted_data,334366,0.367,7288.632,true,none,470
2025-12-12 17:54:54.718,smart_meter,send_encrypted_data,334296,31.384,85.214,true,none,451
2025-12-12 17:54:54.718,smart_meter,send_encrypted_data,334140,8.923,299.576,true,none,430
2025-12-12 17:54:54.718,smart_meter,send_encrypted_data,334450,0.336,7963.095,true,none,323
2025-12-12 17:54:54.719,smart_meter,send_encrypted_data,334222,0.348,7683.264,true,none,330
2025-12-12 17:54:54.719,smart_meter,send_encrypted_data,334527,0.343,7802.379,true,none,391
2025-12-12 17:54:54.720,smart_meter,send_encrypted_data,334458,0.351,7622.974,true,none,442
2025-12-12 17:54:54.720,smart_meter,send_encrypted_data,334413,0.400,6688.260,true,none,41
2025-12-12 17:54:54.721,smart_meter,send_encrypted_data,334451,0.354,7558.215,true,none,239
2025-12-12 17:54:54.721,smart_meter,send_encrypted_data,334529,5.545,482.639,true,none,380
2025-12-12 17:54:54.722,smart_meter,send_encrypted_data,334400,0.366,7309.290,true,none,310
2025-12-12 17:54:54.722,smart_meter,send_encrypted_data,334322,0.365,7327.605,true,none,311
2025-12-12 17:54:54.723,smart_meter,send_encrypted_data,334202,0.342,7817.591,true,none,78
2025-12-12 17:54:54.723,smart_meter,send_encrypted_data,334505,0.403,6640.298,true,none,366
2025-12-12 17:54:54.724,smart_meter,send_encrypted_data,334386,0.417,6415.079,true,none,325
2025-12-12 17:54:54.724,smart_meter,send_encrypted_data,334224,0.410,6521.444,true,none,363
2025-12-12 17:54:54.724,smart_meter,send_encrypted_data,334137,18.735,142.679,true,none,195
2025-12-12 17:54:54.724,smart_meter,send_encrypted_data,334402,0.377,7096.064,true,none,232
2025-12-12 17:54:54.724,smart_meter,send_encrypted_data,334005,0.405,6597.630,true,none,368
2025-12-12 17:54:54.724,smart_meter,send_encrypted_data,334312,0.407,6571.243,true,none,345
2025-12-12 17:54:54.725,smart_meter,send_encrypted_data,334304,27.992,95.543,true,none,250
2025-12-12 17:54:54.725,smart_meter,send_encrypted_data,334462,0.380,7041.305,true,none,360
2025-12-12 17:54:54.725,smart_meter,send_encrypted_data,334464,0.376,7116.255,true,none,472
2025-12-12 17:54:54.726,smart_meter,send_encrypted_data,333786,6.157,433.700,true,none,171
2025-12-12 17:54:54.726,smart_meter,send_encrypted_data,334353,0.342,7821.123,true,none,462
2025-12-12 17:54:54.726,smart_meter,send_encrypted_data,334265,0.358,7469.609,true,none,97
2025-12-12 17:54:54.726,smart_meter,send_encrypted_data,334262,3.942,678.360,true,none,231
2025-12-12 17:54:54.726,smart_meter,send_encrypted_data,334395,5.013,533.645,true,none,300
2025-12-12 17:54:54.726,smart_meter,send_encrypted_data,334420,0.348,7687.816,true,none,158
2025-12-12 17:54:54.726,smart_meter,send_encrypted_data,334235,0.347,7705.706,true,none,229
2025-12-12 17:54:54.727,smart_meter,send_encrypted_data,333913,0.384,6956.521,true,none,286
2025-12-12 17:54:54.727,smart_meter,send_encrypted_data,334390,0.351,7621.425,true,none,433
2025-12-12 17:54:54.728,smart_meter,send_encrypted_data,334294,0.371,7208.496,true,none,328
2025-12-12 17:54:54.728,smart_meter,send_encrypted_data,334443,19.580,136.647,true,none,275
2025-12-12 17:54:54.728,smart_meter,send_encrypted_data,334276,0.383,6982.266,true,none,320
2025-12-12 17:54:54.728,smart_meter,send_encrypted_data,334365,0.367,7288.610,true,none,180
2025-12-12 17:54:54.724,smart_meter,send_encrypted_data,334053,1.908,1400.642,true,none,497
2025-12-12 17:54:54.729,smart_meter,send_encrypted_data,334302,0.375,7131.776,true,none,274
2025-12-12 17:54:54.729,smart_meter,send_encrypted_data,334400,0.373,7172.118,true,none,444
2025-12-12 17:54:54.729,smart_meter,send_encrypted_data,334144,22.691,117.807,true,none,289
2025-12-12 17:54:54.729,smart_meter,send_encrypted_data,334342,0.342,7820.865,true,none,398
2025-12-12 17:54:54.730,smart_meter,send_encrypted_data,334406,0.349,7665.467,true,none,465
2025-12-12 17:54:54.730,smart_meter,send_encrypted_data,334407,0.382,7003.288,true,none,361
2025-12-12 17:54:54.730,smart_meter,send_encrypted_data,334151,0.389,6872.000,true,none,87
2025-12-12 17:54:54.730,smart_meter,send_encrypted_data,334391,0.347,7709.303,true,none,318
2025-12-12 17:54:54.731,smart_meter,send_encrypted_data,334277,0.343,7796.548,true,none,193
2025-12-12 17:54:54.731,smart_meter,send_encrypted_data,334397,0.380,7039.937,true,none,404
2025-12-12 17:54:54.731,smart_meter,send_encrypted_data,334243,0.366,7305.858,true,none,281
2025-12-12 17:54:54.732,smart_meter,send_encrypted_data,334426,0.338,7915.408,true,none,199
2025-12-12 17:54:54.732,smart_meter,send_encrypted_data,334374,0.388,6894.309,true,none,140
2025-12-12 17:54:54.732,smart_meter,send_encrypted_data,334327,28.397,94.187,true,none,438
2025-12-12 17:54:54.732,smart_meter,send_encrypted_data,334134,38.900,68.717,true,none,222
2025-12-12 17:54:54.732,smart_meter,send_encrypted_data,334385,0.359,7451.476,true,none,40
2025-12-12 17:54:54.733,smart_meter,send_encrypted_data,334359,0.355,7534.851,true,none,64
2025-12-12 17:54:54.734,smart_meter,send_encrypted_data,334177,0.355,7530.749,true,none,468
2025-12-12 17:54:54.735,smart_meter,send_encrypted_data,334416,0.378,7077.587,true,none,139
2025-12-12 17:54:54.735,smart_meter,send_encrypted_data,334145,39.869,67.049,true,none,306
2025-12-12 17:54:54.735,smart_meter,send_encrypted_data,334062,0.337,7930.255,true,none,395
2025-12-12 17:54:54.736,smart_meter,send_encrypted_data,334446,0.372,7192.387,true,none,118
2025-12-12 17:54:54.736,smart_meter,send_encrypted_data,334400,0.330,8106.667,true,none,458
2025-12-12 17:54:54.737,smart_meter,send_encrypted_data,334081,0.345,7746.806,true,none,185
2025-12-12 17:54:54.737,smart_meter,send_encrypted_data,334433,0.342,7822.994,true,none,292
2025-12-12 17:54:54.737,smart_meter,send_encrypted_data,334142,36.364,73.511,true,none,349
2025-12-12 17:54:54.737,smart_meter,send_encrypted_data,334167,0.370,7225.232,true,none,112
2025-12-12 17:54:54.737,smart_meter,send_encrypted_data,333943,0.364,7339.407,true,none,173
2025-12-12 17:54:54.738,smart_meter,send_encrypted_data,334474,0.363,7371.328,true,none,220
2025-12-12 17:54:54.738,smart_meter,send_encrypted_data,334264,0.412,6490.563,true,none,57
2025-12-12 17:54:54.738,smart_meter,send_encrypted_data,334429,0.367,7290.005,true,none,416
2025-12-12 17:54:54.738,smart_meter,send_encrypted_data,334033,0.340,7859.600,true,none,223
2025-12-12 17:54:54.738,smart_meter,send_encrypted_data,334502,8.285,322.995,true,none,290
2025-12-12 17:54:54.739,smart_meter,send_encrypted_data,334133,0.340,7861.953,true,none,103
2025-12-12 17:54:54.739,smart_meter,send_encrypted_data,334460,44.234,60.489,true,none,88
2025-12-12 17:54:54.739,smart_meter,send_encrypted_data,334225,0.388,6891.237,true,none,90
2025-12-12 17:54:54.739,smart_meter,send_encrypted_data,333905,18.434,144.908,true,none,301
2025-12-12 17:54:54.739,smart_meter,send_encrypted_data,334476,0.343,7801.190,true,none,123
2025-12-12 17:54:54.740,smart_meter,send_encrypted_data,334271,0.390,6856.841,true,none,248
2025-12-12 17:54:54.741,smart_meter,send_encrypted_data,334302,0.347,7707.251,true,none,142
2025-12-12 17:54:54.741,smart_meter,send_encrypted_data,334402,4.874,548.875,true,none,277
2025-12-12 17:54:54.741,smart_meter,send_encrypted_data,334178,0.384,6962.042,true,none,270
2025-12-12 17:54:54.741,smart_meter,send_encrypted_data,334314,0.376,7113.064,true,none,96
2025-12-12 17:54:54.742,smart_meter,send_encrypted_data,334371,5.596,478.014,true,none,390
2025-12-12 17:54:54.742,smart_meter,send_encrypted_data,334214,5.248,509.473,true,none,452
2025-12-12 17:54:54.742,smart_meter,send_encrypted_data,334017,0.355,7527.144,true,none,209
2025-12-12 17:54:54.741,smart_meter,send_encrypted_data,334356,6.055,441.759,true,none,357
2025-12-12 17:54:54.742,smart_meter,send_encrypted_data,334333,3.939,679.021,true,none,493
2025-12-12 17:54:54.742,smart_meter,send_encrypted_data,334297,0.368,7267.326,true,none,33
2025-12-12 17:54:54.742,smart_meter,send_encrypted_data,334409,0.342,7822.433,true,none,67
2025-12-12 17:54:54.743,smart_meter,send_encrypted_data,334308,0.370,7228.281,true,none,58
2025-12-12 17:54:54.743,smart_meter,send_encrypted_data,334393,0.344,7776.581,true,none,297
2025-12-12 17:54:54.744,smart_meter,send_encrypted_data,334061,0.362,7382.564,true,none,51
2025-12-12 17:54:54.744,smart_meter,send_encrypted_data,333956,0.335,7975.069,true,none,188
2025-12-12 17:54:54.745,smart_meter,send_encrypted_data,334022,0.360,7422.711,true,none,15
2025-12-12 17:54:54.745,smart_meter,send_encrypted_data,334490,0.346,7733.873,true,none,18
2025-12-12 17:54:54.745,smart_meter,send_encrypted_data,333657,0.347,7692.380,true,none,218
2025-12-12 17:54:54.746,smart_meter,send_encrypted_data,334386,0.357,7493.244,true,none,237
2025-12-12 17:54:54.746,smart_meter,send_encrypted_data,334272,0.390,6856.862,true,none,32
2025-12-12 17:54:54.746,smart_meter,send_encrypted_data,334446,0.355,7536.811,true,none,437
2025-12-12 17:54:54.747,smart_meter,send_encrypted_data,334438,0.362,7390.895,true,none,251
2025-12-12 17:54:54.699,smart_meter,send_encrypted_data,334503,0.354,7559.390,true,none,61
2025-12-12 17:54:54.747,smart_meter,send_encrypted_data,334261,24.593,108.734,true,none,304
2025-12-12 17:54:54.747,smart_meter,send_encrypted_data,334136,0.339,7885.215,true,none,340
2025-12-12 17:54:54.748,smart_meter,send_encrypted_data,334396,0.341,7845.067,true,none,455
2025-12-12 17:54:54.748,smart_meter,send_encrypted_data,334319,0.356,7512.787,true,none,42
2025-12-12 17:54:54.748,smart_meter,send_encrypted_data,334360,0.360,7430.222,true,none,441
2025-12-12 17:54:54.749,smart_meter,send_encrypted_data,334083,33.788,79.101,true,none,48
2025-12-12 17:54:54.749,smart_meter,send_encrypted_data,334378,0.368,7269.087,true,none,491
2025-12-12 17:54:54.749,smart_meter,send_encrypted_data,334462,0.353,7579.875,true,none,394
2025-12-12 17:54:54.750,smart_meter,send_encrypted_data,334255,0.428,6247.757,true,none,259
2025-12-12 17:54:54.715,smart_meter,send_encrypted_data,334353,0.361,7409.485,true,none,11
2025-12-12 17:54:54.750,smart_meter,send_encrypted_data,334282,11.711,228.354,true,none,200
2025-12-12 17:54:54.750,smart_meter,send_encrypted_data,334199,0.356,7510.090,true,none,316
2025-12-12 17:54:54.751,smart_meter,send_encrypted_data,334257,0.333,8030.198,true,none,169
2025-12-12 17:54:54.751,smart_meter,send_encrypted_data,334376,0.407,6572.501,true,none,66
2025-12-12 17:54:54.751,smart_meter,send_encrypted_data,334168,24.784,107.866,true,none,307
2025-12-12 17:54:54.751,smart_meter,send_encrypted_data,334509,0.335,7988.275,true,none,265
2025-12-12 17:54:54.752,smart_meter,send_encrypted_data,334073,0.383,6978.026,true,none,365
2025-12-12 17:54:54.752,smart_meter,send_encrypted_data,334325,0.344,7775.000,true,none,378
2025-12-12 17:54:54.752,smart_meter,send_encrypted_data,333366,0.367,7266.834,true,none,299
2025-12-12 17:54:54.753,smart_meter,send_encrypted_data,334261,25.027,106.848,true,none,131
2025-12-12 17:54:54.753,smart_meter,send_encrypted_data,334272,0.380,7037.305,true,none,43
2025-12-12 17:54:54.753,smart_meter,send_encrypted_data,334521,0.422,6341.630,true,none,486
2025-12-12 17:54:54.753,smart_meter,send_encrypted_data,334363,0.365,7328.504,true,none,359
2025-12-12 17:54:54.754,smart_meter,send_encrypted_data,334346,0.342,7820.959,true,none,207
2025-12-12 17:54:54.754,smart_meter,send_encrypted_data,334107,0.362,7383.580,true,none,422
2025-12-12 17:54:54.754,smart_meter,send_encrypted_data,334231,0.348,7683.471,true,none,355
2025-12-12 17:54:54.755,smart_meter,send_encrypted_data,334274,74.005,36.135,true,none,144
2025-12-12 17:54:54.755,smart_meter,send_encrypted_data,334406,0.365,7329.447,true,none,410
2025-12-12 17:54:54.755,smart_meter,send_encrypted_data,334370,0.369,7249.214,true,none,282
2025-12-12 17:54:54.755,smart_meter,send_encrypted_data,334425,9.472,282.454,true,none,224
2025-12-12 17:54:54.756,smart_meter,send_encrypted_data,334314,0.400,6686.280,true,none,460
2025-12-12 17:54:54.756,smart_meter,send_encrypted_data,334238,0.394,6786.558,true,none,309
2025-12-12 17:54:54.756,smart_meter,send_encrypted_data,334318,24.408,109.577,true,none,155
2025-12-12 17:54:54.756,smart_meter,send_encrypted_data,334319,7.573,353.169,true,none,464
2025-12-12 17:54:54.757,smart_meter,send_encrypted_data,334430,20.887,128.091,true,none,403
2025-12-12 17:54:54.757,smart_meter,send_encrypted_data,334465,0.340,7869.765,true,none,262
2025-12-12 17:54:54.757,smart_meter,send_encrypted_data,334479,49.113,54.483,true,none,342
2025-12-12 17:54:54.757,smart_meter,send_encrypted_data,334337,0.394,6788.569,true,none,196
2025-12-12 17:54:54.757,smart_meter,send_encrypted_data,334245,0.366,7305.902,true,none,400
2025-12-12 17:54:54.758,smart_meter,send_encrypted_data,333937,0.429,6227.263,true,none,500
2025-12-12 17:54:54.758,smart_meter,send_encrypted_data,334330,0.340,7866.588,true,none,386
2025-12-12 17:54:54.759,smart_meter,send_encrypted_data,334486,0.342,7824.234,true,none,343
2025-12-12 17:54:54.759,smart_meter,send_encrypted_data,334114,0.368,7263.348,true,none,471
2025-12-12 17:54:54.759,smart_meter,send_encrypted_data,334377,84.762,31.559,true,none,240
2025-12-12 17:54:54.759,smart_meter,send_encrypted_data,334407,0.382,7003.288,true,none,242
2025-12-12 17:54:54.760,smart_meter,send_encrypted_data,334337,1.019,2624.824,true,none,413
2025-12-12 17:54:54.760,smart_meter,send_encrypted_data,334398,0.397,6738.499,true,none,108
2025-12-12 17:54:54.761,smart_meter,send_encrypted_data,334245,0.372,7188.065,true,none,83
2025-12-12 17:54:54.761,smart_meter,send_encrypted_data,334091,0.344,7769.558,true,none,136
2025-12-12 17:54:54.762,smart_meter,send_encrypted_data,334442,100.084,26.733,true,none,120
2025-12-12 17:54:54.762,smart_meter,send_encrypted_data,334367,0.355,7535.031,true,none,192
2025-12-12 17:54:54.763,smart_meter,send_encrypted_data,334429,0.417,6415.904,true,none,344
2025-12-12 17:54:54.764,smart_meter,send_encrypted_data,334339,0.346,7730.382,true,none,214
2025-12-12 17:54:54.764,smart_meter,send_encrypted_data,334366,24.606,108.710,true,none,402
2025-12-12 17:54:54.764,smart_meter,send_encrypted_data,334299,0.363,7367.471,true,none,420
2025-12-12 17:54:54.765,smart_meter,send_encrypted_data,334274,0.360,7428.311,true,none,132
2025-12-12 17:54:54.765,smart_meter,send_encrypted_data,334380,2.069,1292.914,true,none,327
2025-12-12 17:54:54.765,smart_meter,send_encrypted_data,334112,0.349,7658.728,true,none,113
2025-12-12 17:54:54.765,smart_meter,send_encrypted_data,334484,0.365,7331.156,true,none,164
2025-12-12 17:54:54.766,smart_meter,send_encrypted_data,334311,0.346,7729.734,true,none,317
2025-12-12 17:54:54.766,smart_meter,send_encrypted_data,334400,1.359,1968.506,true,none,377
2025-12-12 17:54:54.766,smart_meter,send_encrypted_data,334357,10.332,258.890,true,none,457
2025-12-12 17:54:54.766,smart_meter,send_encrypted_data,334300,59.934,44.622,true,none,77
2025-12-12 17:54:54.766,smart_meter,send_encrypted_data,334023,0.341,7836.317,true,none,150
2025-12-12 17:54:54.669,smart_meter,send_encrypted_data,334331,0.332,8056.169,true,none,324
2025-12-12 17:54:54.766,smart_meter,send_encrypted_data,334406,0.342,7822.363,true,none,498
2025-12-12 17:54:54.755,smart_meter,send_encrypted_data,334371,3.466,771.774,true,none,261
2025-12-12 17:54:54.767,smart_meter,send_encrypted_data,334264,0.384,6963.833,true,none,354
2025-12-12 17:54:54.767,smart_meter,send_encrypted_data,334108,12.629,211.645,true,none,463
2025-12-12 17:54:54.768,smart_meter,send_encrypted_data,334106,0.354,7550.418,true,none,369
2025-12-12 17:54:54.768,smart_meter,send_encrypted_data,334305,1.428,1872.857,true,none,445
2025-12-12 17:54:54.768,smart_meter,send_encrypted_data,334388,0.355,7535.504,true,none,479
2025-12-12 17:54:54.769,smart_meter,send_encrypted_data,334286,0.390,6857.149,true,none,230
2025-12-12 17:54:54.769,smart_meter,send_encrypted_data,334489,2.551,1048.966,true,none,450
2025-12-12 17:54:54.769,smart_meter,send_encrypted_data,334196,0.380,7035.705,true,none,177
2025-12-12 17:54:54.769,smart_meter,send_encrypted_data,334380,0.363,7369.256,true,none,161
2025-12-12 17:54:54.770,smart_meter,send_encrypted_data,334320,82.189,32.542,true,none,219
2025-12-12 17:54:54.770,smart_meter,send_encrypted_data,334070,86.614,30.856,true,none,34
2025-12-12 17:54:54.770,smart_meter,send_encrypted_data,334489,0.376,7116.787,true,none,143
2025-12-12 17:54:54.750,smart_meter,send_encrypted_data,334492,0.371,7212.765,true,none,227
2025-12-12 17:54:54.757,smart_meter,send_encrypted_data,334432,0.341,7845.912,true,none,348
2025-12-12 17:54:54.771,smart_meter,send_encrypted_data,334326,0.377,7094.451,true,none,389
2025-12-12 17:54:54.772,smart_meter,send_encrypted_data,334206,0.343,7794.892,true,none,418
2025-12-12 17:54:54.773,smart_meter,send_encrypted_data,334069,0.346,7724.139,true,none,476
2025-12-12 17:54:54.757,smart_meter,send_encrypted_data,334342,7.221,370.411,true,none,461
2025-12-12 17:54:54.773,smart_meter,send_encrypted_data,334245,44.412,60.208,true,none,76
2025-12-12 17:54:54.772,smart_meter,send_encrypted_data,334052,2.679,997.542,true,none,388
2025-12-12 17:54:54.775,smart_meter,send_encrypted_data,334141,0.371,7205.197,true,none,350
2025-12-12 17:54:54.775,smart_meter,send_encrypted_data,334145,9.575,279.181,true,none,247
2025-12-12 17:54:54.772,smart_meter,send_encrypted_data,334413,1.422,1881.367,true,none,387
2025-12-12 17:54:54.776,smart_meter,send_encrypted_data,334147,0.443,6034.257,true,none,406
2025-12-12 17:54:54.777,smart_meter,send_encrypted_data,333758,32.247,82.800,true,none,285
2025-12-12 17:54:54.777,smart_meter,send_encrypted_data,334440,58.934,45.399,true,none,235
2025-12-12 17:54:54.777,smart_meter,send_encrypted_data,334431,4.639,576.729,true,none,473
2025-12-12 17:54:54.778,smart_meter,send_encrypted_data,334172,0.348,7682.115,true,none,448
2025-12-12 17:54:54.778,smart_meter,send_encrypted_data,334283,38.099,70.192,true,none,287
2025-12-12 17:54:54.778,smart_meter,send_encrypted_data,334316,10.230,261.440,true,none,157
2025-12-12 17:54:54.778,smart_meter,send_encrypted_data,334359,72.489,36.900,true,none,221
2025-12-12 17:54:54.778,smart_meter,send_encrypted_data,334277,59.623,44.852,true,none,21
2025-12-12 17:54:54.709,smart_meter,send_encrypted_data,334351,0.367,7288.305,true,none,25
2025-12-12 17:54:54.779,smart_meter,send_encrypted_data,334492,62.081,43.104,true,none,39
2025-12-12 17:54:54.779,smart_meter,send_encrypted_data,334200,58.054,46.054,true,none,212
2025-12-12 17:54:54.777,smart_meter,send_encrypted_data,334264,29.487,90.688,true,none,439
2025-12-12 17:54:54.780,smart_meter,send_encrypted_data,334126,58.243,45.894,true,none,13
2025-12-12 17:54:54.781,smart_meter,send_encrypted_data,334387,39.566,67.611,true,none,84
2025-12-12 17:54:54.728,smart_meter,send_encrypted_data,334359,0.358,7471.709,true,none,352
2025-12-12 17:54:54.780,smart_meter,send_encrypted_data,334180,22.314,119.810,true,none,170
2025-12-12 17:54:54.782,smart_meter,send_encrypted_data,334416,36.597,73.102,true,none,440
2025-12-12 17:54:54.783,smart_meter,send_encrypted_data,334290,0.362,7387.624,true,none,296
2025-12-12 17:54:54.783,smart_meter,send_encrypted_data,334111,31.786,84.090,true,none,305
2025-12-12 17:54:54.784,smart_meter,send_encrypted_data,334211,3.908,684.158,true,none,407
2025-12-12 17:54:54.784,smart_meter,send_encrypted_data,334315,0.392,6822.755,true,none,469
2025-12-12 17:54:54.785,smart_meter,send_encrypted_data,334140,49.466,54.040,true,none,279
2025-12-12 17:54:54.785,smart_meter,send_encrypted_data,334394,8.501,314.687,true,none,321
2025-12-12 17:54:54.786,smart_meter,send_encrypted_data,334214,20.228,132.179,true,none,254
2025-12-12 17:54:54.786,smart_meter,send_encrypted_data,334439,0.337,7939.205,true,none,384
2025-12-12 17:54:54.786,smart_meter,send_encrypted_data,334482,21.727,123.158,true,none,478
2025-12-12 17:54:54.788,smart_meter,send_encrypted_data,334192,28.202,94.800,true,none,467
2025-12-12 17:54:54.788,smart_meter,send_encrypted_data,334116,19.478,137.228,true,none,302
2025-12-12 17:54:54.789,smart_meter,send_encrypted_data,334373,0.361,7409.928,true,none,382
2025-12-12 17:54:54.789,smart_meter,send_encrypted_data,334149,0.357,7487.933,true,none,385
2025-12-12 17:54:54.789,smart_meter,send_encrypted_data,334357,55.763,47.968,true,none,102
2025-12-12 17:54:54.790,smart_meter,send_encrypted_data,334373,3.625,737.927,true,none,335
2025-12-12 17:54:54.776,smart_meter,send_encrypted_data,334192,55.912,47.817,true,none,381
2025-12-12 17:54:54.791,smart_meter,send_encrypted_data,334344,54.100,49.441,true,none,246
2025-12-12 17:54:54.793,smart_meter,send_encrypted_data,334150,0.350,7637.714,true,none,326
2025-12-12 17:54:54.796,smart_meter,send_encrypted_data,334437,0.336,7962.786,true,none,405
2025-12-12 17:54:54.797,smart_meter,send_encrypted_data,334231,2.942,908.854,true,none,449
2025-12-12 17:54:54.800,smart_meter,send_encrypted_data,334105,0.533,5014.709,true,none,269
2025-12-12 17:54:54.801,smart_meter,send_encrypted_data,334407,0.341,7845.326,true,none,424
2025-12-12 17:54:54.801,smart_meter,send_encrypted_data,334167,0.506,5283.273,true,none,435
2025-12-12 17:54:54.801,smart_meter,send_encrypted_data,334320,3.608,741.286,true,none,338
2025-12-12 17:54:54.804,smart_meter,send_encrypted_data,334263,0.351,7618.530,true,none,482
2025-12-12 17:54:54.805,smart_meter,send_encrypted_data,334117,0.362,7383.801,true,none,283
2025-12-12 17:54:54.805,smart_meter,send_encrypted_data,334123,1.980,1349.992,true,none,480
2025-12-12 17:54:54.807,smart_meter,send_encrypted_data,334333,0.387,6911.276,true,none,475
2025-12-12 17:54:54.808,smart_meter,send_encrypted_data,334399,2.172,1231.672,true,none,456
2025-12-12 17:54:54.809,smart_meter,send_encrypted_data,334320,2.626,1018.492,true,none,483
2025-12-12 17:54:54.809,smart_meter,send_encrypted_data,334347,1.832,1460.031,true,none,373
2025-12-12 17:54:54.806,smart_meter,send_encrypted_data,334431,1.099,2434.439,true,none,499
2025-12-12 17:54:54.810,smart_meter,send_encrypted_data,334314,0.382,7001.340,true,none,371
2025-12-12 17:54:54.811,smart_meter,send_encrypted_data,334206,0.370,7226.076,true,none,401
2025-12-12 17:54:54.812,smart_meter,send_encrypted_data,334428,0.468,5716.718,true,none,393
2025-12-12 17:54:54.812,smart_meter,send_encrypted_data,334408,0.337,7938.469,true,none,376
2025-12-12 17:54:54.815,smart_meter,send_encrypted_data,334036,0.332,8049.060,true,none,315
2025-12-12 17:54:54.824,smart_meter,send_encrypted_data,333982,0.484,5520.364,true,none,489
2025-12-12 17:54:54.824,smart_meter,send_encrypted_data,334499,0.356,7516.831,true,none,337
2025-12-12 17:54:54.826,smart_meter,send_encrypted_data,334034,1.021,2617.309,true,none,496
2025-12-12 17:54:54.826,smart_meter,send_encrypted_data,334281,0.371,7208.216,true,none,392
2025-12-12 17:54:54.828,smart_meter,send_encrypted_data,334393,0.367,7289.221,true,none,474
2025-12-12 17:54:54.829,smart_meter,send_encrypted_data,334160,1.044,2560.613,true,none,481
2025-12-12 17:54:54.833,smart_meter,send_encrypted_data,334430,0.350,7644.114,true,none,477
2025-12-12 17:54:54.834,smart_meter,send_encrypted_data,334068,0.303,8820.277,true,none,484
2025-12-12 17:54:54.838,smart_meter,send_encrypted_data,334407,0.336,7962.071,true,none,362
2025-12-12 17:54:54.840,smart_meter,send_encrypted_data,334464,0.349,7666.797,true,none,379
2025-12-12 17:54:54.841,smart_meter,send_encrypted_data,334324,0.436,6134.385,true,none,414
2025-12-12 17:54:54.843,smart_meter,send_encrypted_data,334477,0.358,7474.346,true,none,408
2025-12-12 17:54:54.851,smart_meter,send_encrypted_data,334469,0.339,7893.074,true,none,490
2025-12-12 17:54:54.851,smart_meter,send_encrypted_data,334442,0.349,7666.292,true,none,383
2025-12-12 17:54:54.851,smart_meter,send_encrypted_data,334370,0.349,7664.642,true,none,431
2025-12-12 17:54:54.853,smart_meter,send_encrypted_data,334083,2.428,1100.768,true,none,358
2025-12-12 17:54:54.854,smart_meter,send_encrypted_data,334299,1.403,1906.195,true,none,367
2025-12-12 17:55:59.883,smart_meter,send_encrypted_data,334071,0.410,6518.459,true,none,12
2025-12-12 17:55:59.889,smart_meter,send_encrypted_data,334215,0.384,6962.812,true,none,73
2025-12-12 17:55:59.893,smart_meter,send_encrypted_data,333361,0.363,7346.799,true,none,52
2025-12-12 17:55:59.895,smart_meter,send_encrypted_data,334278,0.368,7266.913,true,none,9
2025-12-12 17:55:59.896,smart_meter,send_encrypted_data,333849,0.386,6919.150,true,none,20
2025-12-12 17:55:59.897,smart_meter,send_encrypted_data,334415,0.360,7431.444,true,none,14
2025-12-12 17:55:59.897,smart_meter,send_encrypted_data,334324,0.386,6928.995,true,none,108
2025-12-12 17:55:59.897,smart_meter,send_encrypted_data,333999,0.351,7612.513,true,none,17
2025-12-12 17:55:59.898,smart_meter,send_encrypted_data,334337,0.394,6788.569,true,none,85
2025-12-12 17:55:59.898,smart_meter,send_encrypted_data,334350,0.598,4472.910,true,none,83
2025-12-12 17:55:59.900,smart_meter,send_encrypted_data,334301,0.377,7093.920,true,none,65
2025-12-12 17:55:59.906,smart_meter,send_encrypted_data,334384,0.368,7269.217,true,none,36
2025-12-12 17:55:59.907,smart_meter,send_encrypted_data,333903,0.356,7503.438,true,none,319
2025-12-12 17:55:59.907,smart_meter,send_encrypted_data,334423,0.405,6605.886,true,none,81
2025-12-12 17:55:59.907,smart_meter,send_encrypted_data,334374,3.128,855.176,true,none,45
2025-12-12 17:55:59.908,smart_meter,send_encrypted_data,334350,0.357,7492.437,true,none,68
2025-12-12 17:55:59.908,smart_meter,send_encrypted_data,334412,0.364,7349.714,true,none,242
2025-12-12 17:55:59.909,smart_meter,send_encrypted_data,334394,0.359,7451.677,true,none,114
2025-12-12 17:55:59.909,smart_meter,send_encrypted_data,334143,0.505,5293.354,true,none,151
2025-12-12 17:55:59.910,smart_meter,send_encrypted_data,334351,0.365,7328.241,true,none,115
2025-12-12 17:55:59.910,smart_meter,send_encrypted_data,334353,0.461,5802.221,true,none,268
2025-12-12 17:55:59.912,smart_meter,send_encrypted_data,334430,0.352,7600.682,true,none,152
2025-12-12 17:55:59.913,smart_meter,send_encrypted_data,334080,0.384,6960.000,true,none,192
2025-12-12 17:55:59.912,smart_meter,send_encrypted_data,334254,0.464,5763.000,true,none,132
2025-12-12 17:55:59.914,smart_meter,send_encrypted_data,334108,0.350,7636.754,true,none,302
2025-12-12 17:55:59.915,smart_meter,send_encrypted_data,334113,10.010,267.023,true,none,26
2025-12-12 17:55:59.916,smart_meter,send_encrypted_data,334292,0.398,6719.437,true,none,205
2025-12-12 17:55:59.917,smart_meter,send_encrypted_data,334359,0.374,7152.064,true,none,293
2025-12-12 17:55:59.917,smart_meter,send_encrypted_data,334379,4.236,631.500,true,none,4
2025-12-12 17:55:59.917,smart_meter,send_encrypted_data,334243,0.380,7036.695,true,none,266
2025-12-12 17:55:59.918,smart_meter,send_encrypted_data,334504,2.631,1017.116,true,none,236
2025-12-12 17:55:59.918,smart_meter,send_encrypted_data,334140,2.758,969.224,true,none,317
2025-12-12 17:55:59.918,smart_meter,send_encrypted_data,334500,0.363,7371.901,true,none,37
2025-12-12 17:55:59.918,smart_meter,send_encrypted_data,333823,0.352,7586.886,true,none,256
2025-12-12 17:55:59.919,smart_meter,send_encrypted_data,334501,0.377,7098.164,true,none,154
2025-12-12 17:55:59.920,smart_meter,send_encrypted_data,334134,7.377,362.352,true,none,295
2025-12-12 17:55:59.920,smart_meter,send_encrypted_data,334355,4.955,539.826,true,none,204
2025-12-12 17:55:59.920,smart_meter,send_encrypted_data,334455,0.382,7004.293,true,none,327
2025-12-12 17:55:59.921,smart_meter,send_encrypted_data,334214,0.406,6585.498,true,none,106
2025-12-12 17:55:59.921,smart_meter,send_encrypted_data,334336,7.165,373.299,true,none,254
2025-12-12 17:55:59.921,smart_meter,send_encrypted_data,333784,6.890,387.558,true,none,164
2025-12-12 17:55:59.921,smart_meter,send_encrypted_data,334373,0.394,6789.299,true,none,322
2025-12-12 17:55:59.922,smart_meter,send_encrypted_data,334159,8.393,318.512,true,none,150
2025-12-12 17:55:59.922,smart_meter,send_encrypted_data,334289,0.372,7189.011,true,none,60
2025-12-12 17:55:59.923,smart_meter,send_encrypted_data,334363,0.390,6858.728,true,none,174
2025-12-12 17:55:59.924,smart_meter,send_encrypted_data,334450,0.352,7601.136,true,none,126
2025-12-12 17:55:59.924,smart_meter,send_encrypted_data,334328,0.364,7347.868,true,none,230
2025-12-12 17:55:59.924,smart_meter,send_encrypted_data,334195,0.377,7091.671,true,none,210
2025-12-12 17:55:59.925,smart_meter,send_encrypted_data,334398,0.373,7172.075,true,none,177
2025-12-12 17:55:59.925,smart_meter,send_encrypted_data,334131,0.349,7659.163,true,none,28
2025-12-12 17:55:59.925,smart_meter,send_encrypted_data,333930,0.401,6661.945,true,none,44
2025-12-12 17:55:59.926,smart_meter,send_encrypted_data,334441,0.377,7096.891,true,none,194
2025-12-12 17:55:59.926,smart_meter,send_encrypted_data,334426,0.371,7211.342,true,none,261
2025-12-12 17:55:59.926,smart_meter,send_encrypted_data,334069,0.369,7242.688,true,none,329
2025-12-12 17:55:59.925,smart_meter,send_encrypted_data,333879,12.833,208.138,true,none,157
2025-12-12 17:55:59.924,smart_meter,send_encrypted_data,334149,7.653,349.300,true,none,113
2025-12-12 17:55:59.927,smart_meter,send_encrypted_data,334058,0.362,7382.497,true,none,2
2025-12-12 17:55:59.928,smart_meter,send_encrypted_data,334214,0.375,7129.899,true,none,280
2025-12-12 17:55:59.929,smart_meter,send_encrypted_data,334173,0.367,7284.425,true,none,16
2025-12-12 17:55:59.929,smart_meter,send_encrypted_data,334284,0.364,7346.901,true,none,147
2025-12-12 17:55:59.929,smart_meter,send_encrypted_data,334371,0.361,7409.884,true,none,1
2025-12-12 17:55:59.929,smart_meter,send_encrypted_data,334454,0.363,7370.887,true,none,93
2025-12-12 17:55:59.930,smart_meter,send_encrypted_data,334339,0.357,7492.190,true,none,197
2025-12-12 17:55:59.930,smart_meter,send_encrypted_data,334252,0.397,6735.557,true,none,135
2025-12-12 17:55:59.931,smart_meter,send_encrypted_data,334103,0.341,7838.194,true,none,260
2025-12-12 17:55:59.931,smart_meter,send_encrypted_data,333889,0.384,6956.021,true,none,276
2025-12-12 17:55:59.931,smart_meter,send_encrypted_data,334229,0.347,7705.568,true,none,312
2025-12-12 17:55:59.931,smart_meter,send_encrypted_data,334060,0.360,7423.556,true,none,263
2025-12-12 17:55:59.931,smart_meter,send_encrypted_data,333946,0.350,7633.051,true,none,94
2025-12-12 17:55:59.932,smart_meter,send_encrypted_data,334480,0.349,7667.163,true,none,313
2025-12-12 17:55:59.932,smart_meter,send_encrypted_data,334079,0.351,7614.336,true,none,245
2025-12-12 17:55:59.932,smart_meter,send_encrypted_data,334135,0.357,7487.619,true,none,178
2025-12-12 17:55:59.933,smart_meter,send_encrypted_data,334289,0.358,7470.145,true,none,138
2025-12-12 17:55:59.933,smart_meter,send_encrypted_data,334009,0.381,7013.312,true,none,105
2025-12-12 17:55:59.934,smart_meter,send_encrypted_data,334181,0.335,7980.442,true,none,19
2025-12-12 17:55:59.934,smart_meter,send_encrypted_data,334456,0.364,7350.681,true,none,183
2025-12-12 17:55:59.935,smart_meter,send_encrypted_data,333950,10.954,243.893,true,none,119
2025-12-12 17:55:59.935,smart_meter,send_encrypted_data,334060,0.343,7791.487,true,none,99
2025-12-12 17:55:59.935,smart_meter,send_encrypted_data,334428,0.384,6967.250,true,none,130
2025-12-12 17:55:59.936,smart_meter,send_encrypted_data,334456,0.363,7370.931,true,none,127
2025-12-12 17:55:59.936,smart_meter,send_encrypted_data,334153,0.368,7264.196,true,none,198
2025-12-12 17:55:59.937,smart_meter,send_encrypted_data,334381,0.462,5790.147,true,none,5
2025-12-12 17:55:59.937,smart_meter,send_encrypted_data,334480,0.352,7601.818,true,none,253
2025-12-12 17:55:59.938,smart_meter,send_encrypted_data,334143,0.373,7166.606,true,none,324
2025-12-12 17:55:59.938,smart_meter,send_encrypted_data,334328,14.428,185.377,true,none,258
2025-12-12 17:55:59.938,smart_meter,send_encrypted_data,334452,0.376,7116.000,true,none,38
2025-12-12 17:55:59.939,smart_meter,send_encrypted_data,334140,3.100,862.297,true,none,181
2025-12-12 17:55:59.939,smart_meter,send_encrypted_data,334407,0.385,6948.717,true,none,120
2025-12-12 17:55:59.939,smart_meter,send_encrypted_data,334394,0.391,6841.821,true,none,257
2025-12-12 17:55:59.940,smart_meter,send_encrypted_data,334450,0.405,6606.420,true,none,34
2025-12-12 17:55:59.940,smart_meter,send_encrypted_data,334352,0.423,6323.442,true,none,111
2025-12-12 17:55:59.940,smart_meter,send_encrypted_data,334459,0.402,6655.900,true,none,168
2025-12-12 17:55:59.940,smart_meter,send_encrypted_data,334318,3.349,798.610,true,none,214
2025-12-12 17:55:59.941,smart_meter,send_encrypted_data,334524,0.353,7581.280,true,none,273
2025-12-12 17:55:59.941,smart_meter,send_encrypted_data,334475,0.372,7193.011,true,none,125
2025-12-12 17:55:59.937,smart_meter,send_encrypted_data,334122,12.204,219.025,true,none,92
2025-12-12 17:55:59.941,smart_meter,send_encrypted_data,334436,0.390,6860.226,true,none,59
2025-12-12 17:55:59.941,smart_meter,send_encrypted_data,334432,5.112,523.368,true,none,56
2025-12-12 17:55:59.941,smart_meter,send_encrypted_data,334359,0.449,5957.399,true,none,144
2025-12-12 17:55:59.941,smart_meter,send_encrypted_data,334442,19.844,134.828,true,none,79
2025-12-12 17:55:59.942,smart_meter,send_encrypted_data,334224,0.397,6734.992,true,none,116
2025-12-12 17:55:59.942,smart_meter,send_encrypted_data,334137,0.414,6456.754,true,none,149
2025-12-12 17:55:59.942,smart_meter,send_encrypted_data,334327,8.280,323.021,true,none,6
2025-12-12 17:55:59.942,smart_meter,send_encrypted_data,334544,0.381,7024.546,true,none,70
2025-12-12 17:55:59.943,smart_meter,send_encrypted_data,334282,7.829,341.583,true,none,49
2025-12-12 17:55:59.943,smart_meter,send_encrypted_data,334503,0.371,7213.003,true,none,163
2025-12-12 17:55:59.943,smart_meter,send_encrypted_data,334329,7.467,358.194,true,none,189
2025-12-12 17:55:59.943,smart_meter,send_encrypted_data,334230,8.884,300.973,true,none,162
2025-12-12 17:55:59.943,smart_meter,send_encrypted_data,334136,8.226,324.956,true,none,137
2025-12-12 17:55:59.943,smart_meter,send_encrypted_data,334389,9.830,272.138,true,none,278
2025-12-12 17:55:59.943,smart_meter,send_encrypted_data,334287,0.346,7729.179,true,none,54
2025-12-12 17:55:59.944,smart_meter,send_encrypted_data,334390,10.948,244.348,true,none,249
2025-12-12 17:55:59.944,smart_meter,send_encrypted_data,334407,8.165,327.649,true,none,300
2025-12-12 17:55:59.944,smart_meter,send_encrypted_data,334324,0.363,7368.022,true,none,234
2025-12-12 17:55:59.943,smart_meter,send_encrypted_data,334336,8.503,314.558,true,none,62
2025-12-12 17:55:59.944,smart_meter,send_encrypted_data,334340,0.389,6875.887,true,none,143
2025-12-12 17:55:59.944,smart_meter,send_encrypted_data,334388,9.215,290.299,true,none,30
2025-12-12 17:55:59.945,smart_meter,send_encrypted_data,334100,0.365,7322.740,true,none,231
2025-12-12 17:55:59.945,smart_meter,send_encrypted_data,334278,0.382,7000.586,true,none,46
2025-12-12 17:55:59.945,smart_meter,send_encrypted_data,334143,0.350,7637.554,true,none,55
2025-12-12 17:55:59.945,smart_meter,send_encrypted_data,334382,12.411,215.539,true,none,241
2025-12-12 17:55:59.945,smart_meter,send_encrypted_data,334400,0.359,7451.811,true,none,89
2025-12-12 17:55:59.945,smart_meter,send_encrypted_data,334241,0.391,6838.691,true,none,233
2025-12-12 17:55:59.946,smart_meter,send_encrypted_data,334203,0.360,7426.733,true,none,288
2025-12-12 17:55:59.947,smart_meter,send_encrypted_data,334371,0.412,6492.641,true,none,145
2025-12-12 17:55:59.947,smart_meter,send_encrypted_data,334351,0.377,7094.981,true,none,202
2025-12-12 17:55:59.947,smart_meter,send_encrypted_data,334310,1.986,1346.667,true,none,264
2025-12-12 17:55:59.947,smart_meter,send_encrypted_data,334139,1.996,1339.234,true,none,222
2025-12-12 17:55:59.948,smart_meter,send_encrypted_data,334248,0.360,7427.733,true,none,100
2025-12-12 17:55:59.948,smart_meter,send_encrypted_data,334408,1.497,1787.084,true,none,303
2025-12-12 17:55:59.948,smart_meter,send_encrypted_data,334401,0.379,7058.596,true,none,320
2025-12-12 17:55:59.949,smart_meter,send_encrypted_data,333348,0.351,7597.675,true,none,35
2025-12-12 17:55:59.950,smart_meter,send_encrypted_data,334122,13.901,192.287,true,none,216
2025-12-12 17:55:59.950,smart_meter,send_encrypted_data,334133,0.884,3023.828,true,none,82
2025-12-12 17:55:59.951,smart_meter,send_encrypted_data,334181,1.575,1697.427,true,none,161
2025-12-12 17:55:59.951,smart_meter,send_encrypted_data,334332,0.359,7450.295,true,none,129
2025-12-12 17:55:59.951,smart_meter,send_encrypted_data,334311,0.445,6010.085,true,none,284
2025-12-12 17:55:59.951,smart_meter,send_encrypted_data,334207,0.352,7595.614,true,none,219
2025-12-12 17:55:59.952,smart_meter,send_encrypted_data,333610,0.380,7023.368,true,none,201
2025-12-12 17:55:59.952,smart_meter,send_encrypted_data,334375,0.349,7664.756,true,none,121
2025-12-12 17:55:59.954,smart_meter,send_encrypted_data,334325,0.346,7730.058,true,none,269
2025-12-12 17:55:59.955,smart_meter,send_encrypted_data,334351,9.061,295.200,true,none,240
2025-12-12 17:55:59.955,smart_meter,send_encrypted_data,334385,0.365,7328.986,true,none,179
2025-12-12 17:55:59.955,smart_meter,send_encrypted_data,334154,0.386,6925.472,true,none,296
2025-12-12 17:55:59.955,smart_meter,send_encrypted_data,334299,0.407,6570.988,true,none,306
2025-12-12 17:55:59.956,smart_meter,send_encrypted_data,334124,0.430,6216.260,true,none,226
2025-12-12 17:55:59.956,smart_meter,send_encrypted_data,334392,0.364,7349.275,true,none,160
2025-12-12 17:55:59.957,smart_meter,send_encrypted_data,334552,0.389,6880.247,true,none,134
2025-12-12 17:55:59.958,smart_meter,send_encrypted_data,334394,0.348,7687.218,true,none,107
2025-12-12 17:55:59.958,smart_meter,send_encrypted_data,334149,21.633,123.570,true,none,211
2025-12-12 17:55:59.958,smart_meter,send_encrypted_data,334266,4.345,615.449,true,none,267
2025-12-12 17:55:59.958,smart_meter,send_encrypted_data,334151,26.931,99.261,true,none,187
2025-12-12 17:55:59.958,smart_meter,send_encrypted_data,334413,0.395,6772.922,true,none,176
2025-12-12 17:55:59.958,smart_meter,send_encrypted_data,334357,0.388,6893.959,true,none,136
2025-12-12 17:55:59.959,smart_meter,send_encrypted_data,333343,42.234,63.142,true,none,7
2025-12-12 17:55:59.959,smart_meter,send_encrypted_data,334539,20.339,131.585,true,none,182
2025-12-12 17:55:59.959,smart_meter,send_encrypted_data,334134,0.372,7185.677,true,none,286
2025-12-12 17:55:59.959,smart_meter,send_encrypted_data,334312,27.607,96.877,true,none,24
2025-12-12 17:55:59.959,smart_meter,send_encrypted_data,334430,0.339,7892.153,true,none,61
2025-12-12 17:55:59.960,smart_meter,send_encrypted_data,334121,0.355,7529.487,true,none,88
2025-12-12 17:55:59.960,smart_meter,send_encrypted_data,334368,7.445,359.294,true,none,243
2025-12-12 17:55:59.960,smart_meter,send_encrypted_data,334378,4.813,555.791,true,none,225
2025-12-12 17:55:59.960,smart_meter,send_encrypted_data,334275,0.362,7387.293,true,none,289
2025-12-12 17:55:59.961,smart_meter,send_encrypted_data,334395,6.708,398.801,true,none,175
2025-12-12 17:55:59.961,smart_meter,send_encrypted_data,334372,17.783,150.423,true,none,63
2025-12-12 17:55:59.961,smart_meter,send_encrypted_data,334423,0.353,7578.992,true,none,238
2025-12-12 17:55:59.962,smart_meter,send_encrypted_data,334424,2.878,929.601,true,none,308
2025-12-12 17:55:59.962,smart_meter,send_encrypted_data,334484,23.603,113.370,true,none,298
2025-12-12 17:55:59.962,smart_meter,send_encrypted_data,334313,0.367,7287.477,true,none,96
2025-12-12 17:55:59.963,smart_meter,send_encrypted_data,334428,0.369,7250.472,true,none,167
2025-12-12 17:55:59.963,smart_meter,send_encrypted_data,334239,0.422,6336.284,true,none,101
2025-12-12 17:55:59.963,smart_meter,send_encrypted_data,334396,0.417,6415.271,true,none,31
2025-12-12 17:55:59.964,smart_meter,send_encrypted_data,333906,0.372,7180.774,true,none,153
2025-12-12 17:55:59.964,smart_meter,send_encrypted_data,334191,0.344,7771.884,true,none,250
2025-12-12 17:55:59.965,smart_meter,send_encrypted_data,334248,0.347,7706.006,true,none,244
2025-12-12 17:56:00.046,smart_meter,send_encrypted_data,334432,75.565,35.406,true,none,41
2025-12-12 17:56:00.048,smart_meter,send_encrypted_data,334382,3.111,859.870,true,none,438
2025-12-12 17:56:00.048,smart_meter,send_encrypted_data,334243,0.338,7911.077,true,none,336
2025-12-12 17:56:00.048,smart_meter,send_encrypted_data,334210,37.613,71.084,true,none,246
2025-12-12 17:56:00.049,smart_meter,send_encrypted_data,334342,21.164,126.381,true,none,15
2025-12-12 17:56:00.049,smart_meter,send_encrypted_data,334151,42.249,63.273,true,none,118
2025-12-12 17:56:00.049,smart_meter,send_encrypted_data,334304,25.836,103.516,true,none,66
2025-12-12 17:56:00.049,smart_meter,send_encrypted_data,334360,27.819,96.153,true,none,321
2025-12-12 17:56:00.050,smart_meter,send_encrypted_data,334399,39.381,67.931,true,none,103
2025-12-12 17:56:00.050,smart_meter,send_encrypted_data,334229,4.592,582.280,true,none,396
2025-12-12 17:56:00.032,smart_meter,send_encrypted_data,334125,11.677,228.912,true,none,251
2025-12-12 17:56:00.050,smart_meter,send_encrypted_data,334434,25.154,106.364,true,none,337
2025-12-12 17:56:00.050,smart_meter,send_encrypted_data,334437,0.901,2969.474,true,none,454
2025-12-12 17:56:00.050,smart_meter,send_encrypted_data,334400,1.498,1785.848,true,none,490
2025-12-12 17:56:00.050,smart_meter,send_encrypted_data,334330,22.982,116.380,true,none,190
2025-12-12 17:56:00.051,smart_meter,send_encrypted_data,334236,0.367,7285.798,true,none,351
2025-12-12 17:56:00.052,smart_meter,send_encrypted_data,334269,0.342,7819.158,true,none,371
2025-12-12 17:56:00.052,smart_meter,send_encrypted_data,334394,18.183,147.124,true,none,146
2025-12-12 17:56:00.052,smart_meter,send_encrypted_data,334300,0.405,6603.457,true,none,368
2025-12-12 17:55:59.965,smart_meter,send_encrypted_data,334458,0.346,7733.133,true,none,272
2025-12-12 17:56:00.053,smart_meter,send_encrypted_data,334278,0.354,7554.305,true,none,372
2025-12-12 17:56:00.054,smart_meter,send_encrypted_data,334032,0.328,8147.122,true,none,453
2025-12-12 17:55:59.965,smart_meter,send_encrypted_data,334128,0.354,7550.915,true,none,72
2025-12-12 17:56:00.056,smart_meter,send_encrypted_data,334111,0.457,5848.770,true,none,436
2025-12-12 17:55:59.966,smart_meter,send_encrypted_data,334494,0.387,6914.605,true,none,97
2025-12-12 17:55:59.966,smart_meter,send_encrypted_data,334002,0.407,6565.150,true,none,191
2025-12-12 17:55:59.963,smart_meter,send_encrypted_data,334511,8.608,310.884,true,none,8
2025-12-12 17:55:59.934,smart_meter,send_encrypted_data,334504,0.356,7516.944,true,none,148
2025-12-12 17:56:00.060,smart_meter,send_encrypted_data,334368,0.376,7114.213,true,none,442
2025-12-12 17:56:00.063,smart_meter,send_encrypted_data,334449,2.986,896.046,true,none,375
2025-12-12 17:55:59.967,smart_meter,send_encrypted_data,334373,0.368,7268.978,true,none,215
2025-12-12 17:55:59.967,smart_meter,send_encrypted_data,334424,0.360,7431.644,true,none,314
2025-12-12 17:56:00.065,smart_meter,send_encrypted_data,334497,0.347,7711.746,true,none,361
2025-12-12 17:56:00.066,smart_meter,send_encrypted_data,334531,0.369,7252.705,true,none,433
2025-12-12 17:55:59.968,smart_meter,send_encrypted_data,334218,0.377,7092.159,true,none,195
2025-12-12 17:56:00.066,smart_meter,send_encrypted_data,334169,0.445,6007.533,true,none,408
2025-12-12 17:56:00.067,smart_meter,send_encrypted_data,334090,0.918,2911.460,true,none,440
2025-12-12 17:56:00.067,smart_meter,send_encrypted_data,334299,4.831,553.590,true,none,463
2025-12-12 17:56:00.068,smart_meter,send_encrypted_data,333664,0.616,4333.299,true,none,338
2025-12-12 17:56:00.070,smart_meter,send_encrypted_data,334387,0.342,7821.918,true,none,424
2025-12-12 17:55:59.968,smart_meter,send_encrypted_data,334478,13.451,198.931,true,none,10
2025-12-12 17:56:00.073,smart_meter,send_encrypted_data,334287,45.288,59.051,true,none,220
2025-12-12 17:56:00.073,smart_meter,send_encrypted_data,334193,38.563,69.329,true,none,422
2025-12-12 17:56:00.037,smart_meter,send_encrypted_data,334151,0.357,7487.978,true,none,22
2025-12-12 17:56:00.075,smart_meter,send_encrypted_data,333411,2.070,1288.545,true,none,423
2025-12-12 17:56:00.075,smart_meter,send_encrypted_data,334274,0.371,7208.065,true,none,330
2025-12-12 17:56:00.075,smart_meter,send_encrypted_data,334400,2.364,1131.641,true,none,475
2025-12-12 17:56:00.076,smart_meter,send_encrypted_data,334413,0.352,7600.295,true,none,363
2025-12-12 17:56:00.076,smart_meter,send_encrypted_data,334164,0.820,3260.137,true,none,472
2025-12-12 17:56:00.074,smart_meter,send_encrypted_data,334243,0.360,7427.622,true,none,431
2025-12-12 17:56:00.076,smart_meter,send_encrypted_data,334170,3.642,734.036,true,none,347
2025-12-12 17:56:00.077,smart_meter,send_encrypted_data,334383,2.036,1313.882,true,none,358
2025-12-12 17:55:59.968,smart_meter,send_encrypted_data,334376,0.360,7430.578,true,none,255
2025-12-12 17:56:00.079,smart_meter,send_encrypted_data,334297,2.522,1060.419,true,none,343
2025-12-12 17:56:00.080,smart_meter,send_encrypted_data,334030,0.352,7591.591,true,none,497
2025-12-12 17:56:00.080,smart_meter,send_encrypted_data,334089,0.339,7884.106,true,none,498
2025-12-12 17:56:00.083,smart_meter,send_encrypted_data,334426,0.389,6877.656,true,none,460
2025-12-12 17:56:00.085,smart_meter,send_encrypted_data,334362,0.342,7821.333,true,none,369
2025-12-12 17:56:00.088,smart_meter,send_encrypted_data,333887,0.358,7461.162,true,none,455
2025-12-12 17:55:59.969,smart_meter,send_encrypted_data,334278,0.363,7367.008,true,none,307
2025-12-12 17:56:00.088,smart_meter,send_encrypted_data,334524,0.351,7624.479,true,none,467
2025-12-12 17:56:00.084,smart_meter,send_encrypted_data,334366,0.304,8799.105,true,none,499
2025-12-12 17:55:59.970,smart_meter,send_encrypted_data,334056,24.268,110.122,true,none,208
2025-12-12 17:55:59.970,smart_meter,send_encrypted_data,334189,0.380,7035.558,true,none,304
2025-12-12 17:56:00.090,smart_meter,send_encrypted_data,334201,7.041,379.720,true,none,500
2025-12-12 17:55:59.970,smart_meter,send_encrypted_data,334126,0.340,7861.788,true,none,291
2025-12-12 17:56:00.091,smart_meter,send_encrypted_data,334533,0.383,6987.634,true,none,469
2025-12-12 17:55:59.970,smart_meter,send_encrypted_data,334191,4.028,663.736,true,none,13
2025-12-12 17:55:59.971,smart_meter,send_encrypted_data,334407,0.348,7687.517,true,none,95
2025-12-12 17:55:59.971,smart_meter,send_encrypted_data,334333,15.392,173.770,true,none,301
2025-12-12 17:55:59.971,smart_meter,send_encrypted_data,334109,6.009,444.811,true,none,29
2025-12-12 17:55:59.972,smart_meter,send_encrypted_data,334348,0.347,7708.311,true,none,228
2025-12-12 17:55:59.972,smart_meter,send_encrypted_data,334221,5.455,490.150,true,none,325
2025-12-12 17:55:59.972,smart_meter,send_encrypted_data,334062,0.360,7423.600,true,none,156
2025-12-12 17:55:59.972,smart_meter,send_encrypted_data,334487,2.829,945.881,true,none,158
2025-12-12 17:55:59.972,smart_meter,send_encrypted_data,334095,0.390,6853.231,true,none,11
2025-12-12 17:55:59.972,smart_meter,send_encrypted_data,334408,0.403,6638.372,true,none,203
2025-12-12 17:55:59.973,smart_meter,send_encrypted_data,334292,0.402,6652.577,true,none,77
2025-12-12 17:55:59.973,smart_meter,send_encrypted_data,334365,3.633,736.284,true,none,76
2025-12-12 17:55:59.973,smart_meter,send_encrypted_data,334368,0.363,7368.992,true,none,239
2025-12-12 17:55:59.974,smart_meter,send_encrypted_data,334040,2.624,1018.415,true,none,42
2025-12-12 17:55:59.974,smart_meter,send_encrypted_data,334134,0.366,7303.475,true,none,165
2025-12-12 17:55:59.976,smart_meter,send_encrypted_data,334296,0.350,7641.051,true,none,23
2025-12-12 17:55:59.977,smart_meter,send_encrypted_data,334458,1.691,1582.297,true,none,18
2025-12-12 17:55:59.977,smart_meter,send_encrypted_data,334061,0.342,7814.292,true,none,39
2025-12-12 17:55:59.978,smart_meter,send_encrypted_data,334256,0.374,7149.861,true,none,91
2025-12-12 17:55:59.978,smart_meter,send_encrypted_data,334433,0.369,7250.580,true,none,21
2025-12-12 17:55:59.979,smart_meter,send_encrypted_data,334430,0.363,7370.358,true,none,323
2025-12-12 17:55:59.980,smart_meter,send_encrypted_data,334314,0.339,7889.416,true,none,180
2025-12-12 17:55:59.981,smart_meter,send_encrypted_data,334436,0.345,7755.038,true,none,71
2025-12-12 17:55:59.982,smart_meter,send_encrypted_data,334336,0.375,7132.501,true,none,3
2025-12-12 17:55:59.982,smart_meter,send_encrypted_data,334228,0.388,6891.299,true,none,67
2025-12-12 17:55:59.982,smart_meter,send_encrypted_data,334491,0.364,7351.451,true,none,110
2025-12-12 17:55:59.983,smart_meter,send_encrypted_data,334387,0.366,7309.005,true,none,328
2025-12-12 17:55:59.984,smart_meter,send_encrypted_data,334291,3.672,728.303,true,none,309
2025-12-12 17:55:59.984,smart_meter,send_encrypted_data,334303,0.418,6398.144,true,none,123
2025-12-12 17:55:59.985,smart_meter,send_encrypted_data,334269,0.383,6982.120,true,none,32
2025-12-12 17:55:59.986,smart_meter,send_encrypted_data,334476,0.362,7391.735,true,none,206
2025-12-12 17:55:59.986,smart_meter,send_encrypted_data,334181,0.340,7863.082,true,none,404
2025-12-12 17:55:59.986,smart_meter,send_encrypted_data,334065,0.399,6698.045,true,none,117
2025-12-12 17:55:59.987,smart_meter,send_encrypted_data,334283,0.359,7449.203,true,none,159
2025-12-12 17:55:59.988,smart_meter,send_encrypted_data,334198,0.392,6820.367,true,none,128
2025-12-12 17:55:59.989,smart_meter,send_encrypted_data,334123,0.360,7424.956,true,none,237
2025-12-12 17:55:59.990,smart_meter,send_encrypted_data,334395,0.358,7472.514,true,none,48
2025-12-12 17:55:59.990,smart_meter,send_encrypted_data,334403,0.372,7191.462,true,none,78
2025-12-12 17:56:00.096,smart_meter,send_encrypted_data,334392,1.183,2261.315,true,none,387
2025-12-12 17:56:00.098,smart_meter,send_encrypted_data,333968,0.400,6679.360,true,none,385
2025-12-12 17:56:00.098,smart_meter,send_encrypted_data,334359,0.510,5244.847,true,none,384
2025-12-12 17:56:00.099,smart_meter,send_encrypted_data,334414,2.711,986.836,true,none,383
2025-12-12 17:56:00.100,smart_meter,send_encrypted_data,334455,0.338,7916.095,true,none,386
2025-12-12 17:56:00.100,smart_meter,send_encrypted_data,334304,0.355,7533.611,true,none,381
2025-12-12 17:56:00.100,smart_meter,send_encrypted_data,334463,1.545,1731.847,true,none,412
2025-12-12 17:55:59.990,smart_meter,send_encrypted_data,334254,0.381,7018.457,true,none,141
2025-12-12 17:56:00.102,smart_meter,send_encrypted_data,334213,0.470,5688.732,true,none,427
2025-12-12 17:56:00.102,smart_meter,send_encrypted_data,334445,1.207,2216.703,true,none,370
2025-12-12 17:56:00.102,smart_meter,send_encrypted_data,334326,0.341,7843.425,true,none,382
2025-12-12 17:56:00.104,smart_meter,send_encrypted_data,334454,0.460,5816.591,true,none,377
2025-12-12 17:56:00.104,smart_meter,send_encrypted_data,334324,0.583,4587.636,true,none,376
2025-12-12 17:55:59.991,smart_meter,send_encrypted_data,334317,0.378,7075.492,true,none,437
2025-12-12 17:55:59.991,smart_meter,send_encrypted_data,334345,2.893,924.563,true,none,199
2025-12-12 17:55:59.992,smart_meter,send_encrypted_data,333985,0.383,6976.188,true,none,131
2025-12-12 17:56:00.105,smart_meter,send_encrypted_data,334392,0.904,2959.221,true,none,378
2025-12-12 17:55:59.992,smart_meter,send_encrypted_data,334361,2.044,1308.654,true,none,170
2025-12-12 17:55:59.992,smart_meter,send_encrypted_data,334168,0.396,6750.869,true,none,294
2025-12-12 17:56:00.107,smart_meter,send_encrypted_data,334208,1.762,1517.403,true,none,380
2025-12-12 17:55:59.992,smart_meter,send_encrypted_data,333302,0.346,7706.405,true,none,173
2025-12-12 17:55:59.992,smart_meter,send_encrypted_data,334342,0.346,7730.451,true,none,33
2025-12-12 17:55:59.993,smart_meter,send_encrypted_data,334237,3.436,778.200,true,none,227
2025-12-12 17:55:59.993,smart_meter,send_encrypted_data,334036,0.358,7464.492,true,none,435
2025-12-12 17:56:00.109,smart_meter,send_encrypted_data,334245,0.310,8625.677,true,none,415
2025-12-12 17:56:00.109,smart_meter,send_encrypted_data,334430,0.561,4769.055,true,none,421
2025-12-12 17:55:59.993,smart_meter,send_encrypted_data,333332,3.018,883.584,true,none,491
2025-12-12 17:55:59.993,smart_meter,send_encrypted_data,334344,0.391,6840.798,true,none,102
2025-12-12 17:55:59.994,smart_meter,send_encrypted_data,334401,0.355,7535.797,true,none,40
2025-12-12 17:55:59.995,smart_meter,send_encrypted_data,334432,0.395,6773.306,true,none,193
2025-12-12 17:55:59.996,smart_meter,send_encrypted_data,334374,10.544,253.698,true,none,287
2025-12-12 17:55:59.997,smart_meter,send_encrypted_data,334404,0.348,7687.448,true,none,196
2025-12-12 17:56:00.109,smart_meter,send_encrypted_data,334377,3.007,889.596,true,none,418
2025-12-12 17:55:59.997,smart_meter,send_encrypted_data,334183,0.368,7264.848,true,none,69
2025-12-12 17:55:59.997,smart_meter,send_encrypted_data,334478,0.331,8084.060,true,none,50
2025-12-12 17:55:59.998,smart_meter,send_encrypted_data,334090,0.360,7424.222,true,none,169
2025-12-12 17:55:59.998,smart_meter,send_encrypted_data,334453,0.353,7579.671,true,none,457
2025-12-12 17:55:59.998,smart_meter,send_encrypted_data,333991,3.238,825.179,true,none,252
2025-12-12 17:56:00.110,smart_meter,send_encrypted_data,334164,0.357,7488.269,true,none,413
2025-12-12 17:55:59.999,smart_meter,send_encrypted_data,334190,0.367,7284.796,true,none,390
2025-12-12 17:56:00.000,smart_meter,send_encrypted_data,334391,11.959,223.692,true,none,27
2025-12-12 17:56:00.110,smart_meter,send_encrypted_data,334426,0.337,7938.896,true,none,414
2025-12-12 17:56:00.000,smart_meter,send_encrypted_data,334084,0.344,7769.395,true,none,188
2025-12-12 17:56:00.001,smart_meter,send_encrypted_data,334251,16.323,163.818,true,none,51
2025-12-12 17:56:00.002,smart_meter,send_encrypted_data,334458,0.360,7432.400,true,none,310
2025-12-12 17:56:00.002,smart_meter,send_encrypted_data,334085,0.387,6906.150,true,none,74
2025-12-12 17:56:00.113,smart_meter,send_encrypted_data,334337,4.677,571.883,true,none,402
2025-12-12 17:56:00.113,smart_meter,send_encrypted_data,334408,0.873,3064.449,true,none,428
2025-12-12 17:56:00.113,smart_meter,send_encrypted_data,334374,0.396,6755.030,true,none,416
2025-12-12 17:56:00.113,smart_meter,send_encrypted_data,334426,1.925,1389.822,true,none,417
2025-12-12 17:56:00.113,smart_meter,send_encrypted_data,334187,5.857,456.462,true,none,419
2025-12-12 17:56:00.003,smart_meter,send_encrypted_data,334388,0.374,7152.684,true,none,271
2025-12-12 17:56:00.002,smart_meter,send_encrypted_data,334374,21.384,125.093,true,none,171
2025-12-12 17:56:00.004,smart_meter,send_encrypted_data,334286,0.338,7912.095,true,none,493
2025-12-12 17:56:00.004,smart_meter,send_encrypted_data,334408,0.390,6859.651,true,none,229
2025-12-12 17:56:00.004,smart_meter,send_encrypted_data,334342,0.404,6620.634,true,none,420
2025-12-12 17:56:00.005,smart_meter,send_encrypted_data,334284,0.356,7512.000,true,none,53
2025-12-12 17:56:00.005,smart_meter,send_encrypted_data,334309,0.360,7429.089,true,none,235
2025-12-12 17:56:00.006,smart_meter,send_encrypted_data,334406,17.286,154.764,true,none,279
2025-12-12 17:56:00.006,smart_meter,send_encrypted_data,334294,0.376,7112.638,true,none,277
2025-12-12 17:56:00.006,smart_meter,send_encrypted_data,334343,0.441,6065.179,true,none,281
2025-12-12 17:56:00.006,smart_meter,send_encrypted_data,334484,0.398,6723.296,true,none,318
2025-12-12 17:56:00.007,smart_meter,send_encrypted_data,334176,7.767,344.201,true,none,43
2025-12-12 17:55:59.982,smart_meter,send_encrypted_data,334336,0.372,7190.022,true,none,441
2025-12-12 17:56:00.007,smart_meter,send_encrypted_data,334152,22.134,120.774,true,none,366
2025-12-12 17:56:00.118,smart_meter,send_encrypted_data,334475,0.357,7495.238,true,none,410
2025-12-12 17:56:00.119,smart_meter,send_encrypted_data,334147,0.385,6943.314,true,none,443
2025-12-12 17:56:00.007,smart_meter,send_encrypted_data,334298,0.401,6669.287,true,none,403
2025-12-12 17:56:00.120,smart_meter,send_encrypted_data,334382,0.907,2949.345,true,none,444
2025-12-12 17:56:00.121,smart_meter,send_encrypted_data,334391,0.361,7410.327,true,none,446
2025-12-12 17:56:00.122,smart_meter,send_encrypted_data,334453,0.349,7666.544,true,none,447
2025-12-12 17:56:00.007,smart_meter,send_encrypted_data,334484,0.353,7580.374,true,none,57
2025-12-12 17:56:00.008,smart_meter,send_encrypted_data,334431,0.382,7003.791,true,none,464
2025-12-12 17:56:00.123,smart_meter,send_encrypted_data,334346,2.886,926.808,true,none,409
2025-12-12 17:56:00.123,smart_meter,send_encrypted_data,334355,0.529,5056.408,true,none,458
2025-12-12 17:56:00.123,smart_meter,send_encrypted_data,334418,0.387,6913.034,true,none,459
2025-12-12 17:56:00.008,smart_meter,send_encrypted_data,334149,0.366,7303.803,true,none,142
2025-12-12 17:56:00.008,smart_meter,send_encrypted_data,334354,0.338,7913.704,true,none,87
2025-12-12 17:56:00.125,smart_meter,send_encrypted_data,334035,0.421,6347.458,true,none,465
2025-12-12 17:56:00.126,smart_meter,send_encrypted_data,334455,1.166,2294.717,true,none,474
2025-12-12 17:56:00.009,smart_meter,send_encrypted_data,333793,0.355,7522.096,true,none,311
2025-12-12 17:56:00.009,smart_meter,send_encrypted_data,334160,9.889,270.329,true,none,109
2025-12-12 17:56:00.009,smart_meter,send_encrypted_data,334235,0.343,7795.569,true,none,166
2025-12-12 17:56:00.009,smart_meter,send_encrypted_data,334385,0.377,7095.703,true,none,64
2025-12-12 17:56:00.009,smart_meter,send_encrypted_data,334414,0.385,6948.862,true,none,259
2025-12-12 17:56:00.009,smart_meter,send_encrypted_data,334457,0.336,7963.262,true,none,186
2025-12-12 17:56:00.010,smart_meter,send_encrypted_data,334136,0.388,6889.402,true,none,452
2025-12-12 17:56:00.128,smart_meter,send_encrypted_data,334047,0.376,7107.383,true,none,481
2025-12-12 17:56:00.129,smart_meter,send_encrypted_data,334166,0.358,7467.397,true,none,480
2025-12-12 17:56:00.129,smart_meter,send_encrypted_data,334474,0.324,8258.617,true,none,482
2025-12-12 17:56:00.130,smart_meter,send_encrypted_data,334261,0.390,6856.636,true,none,484
2025-12-12 17:56:00.130,smart_meter,send_encrypted_data,334278,0.388,6892.330,true,none,485
2025-12-12 17:56:00.131,smart_meter,send_encrypted_data,334409,1.150,2326.323,true,none,483
2025-12-12 17:56:00.010,smart_meter,send_encrypted_data,334461,0.374,7154.246,true,none,25
2025-12-12 17:56:00.011,smart_meter,send_encrypted_data,334507,0.369,7252.184,true,none,217
2025-12-12 17:56:00.011,smart_meter,send_encrypted_data,334434,0.362,7390.807,true,none,112
2025-12-12 17:56:00.011,smart_meter,send_encrypted_data,334427,11.869,225.412,true,none,262
2025-12-12 17:56:00.011,smart_meter,send_encrypted_data,334405,0.392,6824.592,true,none,341
2025-12-12 17:56:00.011,smart_meter,send_encrypted_data,334408,0.400,6688.160,true,none,292
2025-12-12 17:56:00.133,smart_meter,send_encrypted_data,334378,0.309,8657.036,true,none,492
2025-12-12 17:56:00.135,smart_meter,send_encrypted_data,334354,2.690,994.361,true,none,486
2025-12-12 17:56:00.135,smart_meter,send_encrypted_data,334390,0.337,7938.042,true,none,362
2025-12-12 17:56:00.011,smart_meter,send_encrypted_data,334410,0.369,7250.081,true,none,200
2025-12-12 17:56:00.012,smart_meter,send_encrypted_data,334238,26.934,99.276,true,none,297
2025-12-12 17:56:00.136,smart_meter,send_encrypted_data,334142,0.360,7425.378,true,none,359
2025-12-12 17:56:00.012,smart_meter,send_encrypted_data,334127,23.389,114.285,true,none,388
2025-12-12 17:56:00.136,smart_meter,send_encrypted_data,334114,2.511,1064.481,true,none,487
2025-12-12 17:56:00.012,smart_meter,send_encrypted_data,334339,0.392,6823.245,true,none,58
2025-12-12 17:56:00.138,smart_meter,send_encrypted_data,334245,0.379,7055.303,true,none,367
2025-12-12 17:56:00.013,smart_meter,send_encrypted_data,334451,0.367,7290.485,true,none,98
2025-12-12 17:56:00.013,smart_meter,send_encrypted_data,334386,27.551,97.096,true,none,290
2025-12-12 17:56:00.014,smart_meter,send_encrypted_data,334422,0.359,7452.301,true,none,155
2025-12-12 17:56:00.014,smart_meter,send_encrypted_data,334301,0.354,7554.825,true,none,379
2025-12-12 17:56:00.000,smart_meter,send_encrypted_data,333973,0.358,7463.084,true,none,305
2025-12-12 17:56:00.014,smart_meter,send_encrypted_data,334408,0.346,7731.977,true,none,104
2025-12-12 17:56:00.015,smart_meter,send_encrypted_data,334412,33.768,79.226,true,none,184
2025-12-12 17:56:00.015,smart_meter,send_encrypted_data,334435,6.822,392.184,true,none,133
2025-12-12 17:56:00.015,smart_meter,send_encrypted_data,334139,0.397,6733.280,true,none,282
2025-12-12 17:56:00.015,smart_meter,send_encrypted_data,334285,18.513,144.454,true,none,345
2025-12-12 17:56:00.015,smart_meter,send_encrypted_data,334181,11.146,239.857,true,none,357
2025-12-12 17:56:00.016,smart_meter,send_encrypted_data,334260,0.416,6428.077,true,none,456
2025-12-12 17:56:00.017,smart_meter,send_encrypted_data,334148,0.367,7283.880,true,none,84
2025-12-12 17:56:00.017,smart_meter,send_encrypted_data,334388,56.033,47.742,true,none,47
2025-12-12 17:56:00.017,smart_meter,send_encrypted_data,334216,0.384,6962.833,true,none,248
2025-12-12 17:56:00.017,smart_meter,send_encrypted_data,334308,0.934,2863.452,true,none,448
2025-12-12 17:56:00.017,smart_meter,send_encrypted_data,334262,0.929,2878.467,true,none,450
2025-12-12 17:56:00.018,smart_meter,send_encrypted_data,334183,0.346,7726.775,true,none,398
2025-12-12 17:56:00.018,smart_meter,send_encrypted_data,334463,0.397,6739.809,true,none,270
2025-12-12 17:56:00.019,smart_meter,send_encrypted_data,334113,0.402,6649.015,true,none,90
2025-12-12 17:56:00.019,smart_meter,send_encrypted_data,334085,0.381,7014.908,true,none,223
2025-12-12 17:56:00.019,smart_meter,send_encrypted_data,334517,1.110,2410.933,true,none,86
2025-12-12 17:56:00.020,smart_meter,send_encrypted_data,334031,0.353,7570.108,true,none,283
2025-12-12 17:56:00.021,smart_meter,send_encrypted_data,334479,39.760,67.300,true,none,275
2025-12-12 17:56:00.021,smart_meter,send_encrypted_data,334296,0.354,7554.712,true,none,299
2025-12-12 17:56:00.022,smart_meter,send_encrypted_data,334359,60.351,44.322,true,none,75
2025-12-12 17:56:00.020,smart_meter,send_encrypted_data,334389,0.350,7643.177,true,none,274
2025-12-12 17:56:00.022,smart_meter,send_encrypted_data,334385,55.405,48.282,true,none,213
2025-12-12 17:56:00.022,smart_meter,send_encrypted_data,334475,51.740,51.716,true,none,221
2025-12-12 17:56:00.023,smart_meter,send_encrypted_data,334313,0.364,7347.538,true,none,285
2025-12-12 17:56:00.026,smart_meter,send_encrypted_data,334430,16.235,164.795,true,none,224
2025-12-12 17:56:00.026,smart_meter,send_encrypted_data,334489,0.342,7824.304,true,none,407
2025-12-12 17:56:00.027,smart_meter,send_encrypted_data,334091,14.660,182.314,true,none,247
2025-12-12 17:56:00.028,smart_meter,send_encrypted_data,334341,1.749,1529.290,true,none,391
2025-12-12 17:56:00.149,smart_meter,send_encrypted_data,334248,0.892,2997.740,true,none,478
2025-12-12 17:56:00.028,smart_meter,send_encrypted_data,334263,0.349,7662.189,true,none,400
2025-12-12 17:56:00.029,smart_meter,send_encrypted_data,334308,0.358,7470.570,true,none,209
2025-12-12 17:56:00.029,smart_meter,send_encrypted_data,333267,1.981,1345.854,true,none,353
2025-12-12 17:56:00.030,smart_meter,send_encrypted_data,334165,6.672,400.677,true,none,232
2025-12-12 17:56:00.030,smart_meter,send_encrypted_data,334353,0.367,7288.349,true,none,434
2025-12-12 17:56:00.031,smart_meter,send_encrypted_data,334288,0.381,7019.171,true,none,332
2025-12-12 17:56:00.031,smart_meter,send_encrypted_data,334197,0.375,7129.536,true,none,326
2025-12-12 17:56:00.031,smart_meter,send_encrypted_data,334436,0.345,7755.038,true,none,401
2025-12-12 17:56:00.031,smart_meter,send_encrypted_data,334395,0.352,7599.886,true,none,489
2025-12-12 17:56:00.032,smart_meter,send_encrypted_data,334272,0.342,7819.228,true,none,122
2025-12-12 17:56:00.032,smart_meter,send_encrypted_data,334420,8.327,321.287,true,none,315
2025-12-12 17:56:00.155,smart_meter,send_encrypted_data,334112,2.162,1236.307,true,none,360
2025-12-12 17:56:00.033,smart_meter,send_encrypted_data,334385,0.343,7799.067,true,none,461
2025-12-12 17:56:00.033,smart_meter,send_encrypted_data,334560,0.396,6758.788,true,none,495
2025-12-12 17:56:00.033,smart_meter,send_encrypted_data,334328,0.392,6823.020,true,none,124
2025-12-12 17:56:00.033,smart_meter,send_encrypted_data,334441,67.736,39.499,true,none,212
2025-12-12 17:56:00.034,smart_meter,send_encrypted_data,334301,9.824,272.232,true,none,316
2025-12-12 17:56:00.034,smart_meter,send_encrypted_data,334390,11.751,227.650,true,none,207
2025-12-12 17:56:00.034,smart_meter,send_encrypted_data,334569,0.352,7603.841,true,none,405
2025-12-12 17:56:00.165,smart_meter,send_encrypted_data,334330,0.356,7513.034,true,none,374
2025-12-12 17:56:00.035,smart_meter,send_encrypted_data,334013,21.829,122.411,true,none,140
2025-12-12 17:56:00.165,smart_meter,send_encrypted_data,334404,0.392,6824.571,true,none,373
2025-12-12 17:56:00.035,smart_meter,send_encrypted_data,334273,0.384,6964.021,true,none,399
2025-12-12 17:56:00.036,smart_meter,send_encrypted_data,334439,0.402,6655.502,true,none,397
2025-12-12 17:56:00.036,smart_meter,send_encrypted_data,334532,0.395,6775.332,true,none,265
2025-12-12 17:56:00.037,smart_meter,send_encrypted_data,334249,0.336,7958.310,true,none,349
2025-12-12 17:56:00.037,smart_meter,send_encrypted_data,334416,0.369,7250.211,true,none,389
2025-12-12 17:56:00.037,smart_meter,send_encrypted_data,334476,15.524,172.366,true,none,218
2025-12-12 17:56:00.037,smart_meter,send_encrypted_data,334373,0.337,7937.638,true,none,334
2025-12-12 17:56:00.038,smart_meter,send_encrypted_data,334254,0.344,7773.349,true,none,468
2025-12-12 17:56:00.038,smart_meter,send_encrypted_data,334459,0.363,7370.997,true,none,344
2025-12-12 17:56:00.168,smart_meter,send_encrypted_data,334273,0.351,7618.758,true,none,339
2025-12-12 17:56:00.039,smart_meter,send_encrypted_data,334491,70.983,37.698,true,none,172
2025-12-12 17:56:00.039,smart_meter,send_encrypted_data,334491,11.956,223.815,true,none,439
2025-12-12 17:56:00.040,smart_meter,send_encrypted_data,334361,15.175,176.269,true,none,185
2025-12-12 17:56:00.040,smart_meter,send_encrypted_data,334447,0.388,6895.814,true,none,432
2025-12-12 17:56:00.042,smart_meter,send_encrypted_data,334369,0.400,6687.380,true,none,333
2025-12-12 17:56:00.043,smart_meter,send_encrypted_data,334326,0.857,3120.896,true,none,364
2025-12-12 17:56:00.044,smart_meter,send_encrypted_data,334387,0.342,7821.918,true,none,393
2025-12-12 17:56:00.047,smart_meter,send_encrypted_data,334389,33.865,78.993,true,none,139
2025-12-12 17:56:00.047,smart_meter,send_encrypted_data,334363,14.689,182.103,true,none,340
2025-12-12 17:56:00.047,smart_meter,send_encrypted_data,334428,0.351,7622.291,true,none,451
2025-12-12 17:56:00.172,smart_meter,send_encrypted_data,334396,1.572,1701.761,true,none,496
2025-12-12 17:56:00.047,smart_meter,send_encrypted_data,334363,17.349,154.182,true,none,471
2025-12-12 17:56:00.048,smart_meter,send_encrypted_data,334314,25.125,106.448,true,none,80
2025-12-12 17:56:00.070,smart_meter,send_encrypted_data,334401,0.356,7514.629,true,none,395
2025-12-12 17:56:00.173,smart_meter,send_encrypted_data,334311,0.342,7820.140,true,none,335
2025-12-12 17:56:00.174,smart_meter,send_encrypted_data,334379,0.345,7753.716,true,none,348
2025-12-12 17:56:00.071,smart_meter,send_encrypted_data,334371,0.400,6687.420,true,none,352
2025-12-12 17:56:00.176,smart_meter,send_encrypted_data,334360,2.432,1099.868,true,none,394
2025-12-12 17:56:00.176,smart_meter,send_encrypted_data,334374,0.825,3242.415,true,none,392
2025-12-12 17:56:00.176,smart_meter,send_encrypted_data,334370,3.017,886.629,true,none,426
2025-12-12 17:56:00.177,smart_meter,send_encrypted_data,334445,0.338,7915.858,true,none,429
2025-12-12 17:56:00.178,smart_meter,send_encrypted_data,334450,0.426,6280.751,true,none,331
2025-12-12 17:56:00.178,smart_meter,send_encrypted_data,334492,0.344,7778.884,true,none,411
2025-12-12 17:56:00.071,smart_meter,send_encrypted_data,334280,0.347,7706.744,true,none,449
2025-12-12 17:56:00.183,smart_meter,send_encrypted_data,334394,0.350,7643.291,true,none,342
2025-12-12 17:56:00.183,smart_meter,send_encrypted_data,334250,0.367,7286.104,true,none,445
2025-12-12 17:56:00.185,smart_meter,send_encrypted_data,334223,0.357,7489.591,true,none,466
2025-12-12 17:56:00.185,smart_meter,send_encrypted_data,334377,0.346,7731.260,true,none,473
2025-12-12 17:56:00.186,smart_meter,send_encrypted_data,333999,0.458,5834.044,true,none,470
2025-12-12 17:56:00.186,smart_meter,send_encrypted_data,334399,0.418,6399.981,true,none,477
2025-12-12 17:56:00.188,smart_meter,send_encrypted_data,334446,0.358,7473.654,true,none,488
2025-12-12 17:56:00.189,smart_meter,send_encrypted_data,334190,0.538,4969.368,true,none,346
2025-12-12 17:56:00.190,smart_meter,send_encrypted_data,333222,0.337,7910.315,true,none,356
2025-12-12 17:56:00.191,smart_meter,send_encrypted_data,334284,5.727,466.959,true,none,462
2025-12-12 17:56:00.187,smart_meter,send_encrypted_data,334353,0.379,7057.583,true,none,476
2025-12-12 17:56:00.193,smart_meter,send_encrypted_data,334060,0.342,7814.269,true,none,430
2025-12-12 17:56:00.195,smart_meter,send_encrypted_data,334361,0.365,7328.460,true,none,479
2025-12-12 17:56:00.196,smart_meter,send_encrypted_data,334403,3.169,844.186,true,none,355
2025-12-12 17:56:00.198,smart_meter,send_encrypted_data,334499,0.876,3054.785,true,none,365
2025-12-12 17:56:00.209,smart_meter,send_encrypted_data,334359,0.339,7890.478,true,none,494
2025-12-12 17:56:00.211,smart_meter,send_encrypted_data,333215,0.364,7323.407,true,none,406
2025-12-12 17:56:00.212,smart_meter,send_encrypted_data,334362,2.165,1235.518,true,none,425
2025-12-12 17:56:00.214,smart_meter,send_encrypted_data,334470,1.323,2022.494,true,none,354
2025-12-12 17:56:00.216,smart_meter,send_encrypted_data,334133,2.391,1117.969,true,none,350
2025-12-12 17:57:05.262,smart_meter,send_encrypted_data,334278,0.376,7112.298,true,none,68
2025-12-12 17:57:05.265,smart_meter,send_encrypted_data,334295,0.349,7662.923,true,none,15
2025-12-12 17:57:05.265,smart_meter,send_encrypted_data,334408,0.356,7514.787,true,none,104
2025-12-12 17:57:05.267,smart_meter,send_encrypted_data,334163,0.370,7225.146,true,none,115
2025-12-12 17:57:05.268,smart_meter,send_encrypted_data,334363,0.405,6604.701,true,none,4
2025-12-12 17:57:05.269,smart_meter,send_encrypted_data,334364,0.369,7249.084,true,none,138
2025-12-12 17:57:05.269,smart_meter,send_encrypted_data,334365,0.365,7328.548,true,none,17
2025-12-12 17:57:05.271,smart_meter,send_encrypted_data,334269,0.363,7366.810,true,none,84
2025-12-12 17:57:05.273,smart_meter,send_encrypted_data,334119,0.361,7404.299,true,none,9
2025-12-12 17:57:05.273,smart_meter,send_encrypted_data,334183,0.358,7467.777,true,none,113
2025-12-12 17:57:05.274,smart_meter,send_encrypted_data,334422,0.375,7134.336,true,none,154
2025-12-12 17:57:05.276,smart_meter,send_encrypted_data,334348,0.379,7057.478,true,none,143
2025-12-12 17:57:05.276,smart_meter,send_encrypted_data,334412,0.398,6721.849,true,none,114
2025-12-12 17:57:05.277,smart_meter,send_encrypted_data,334376,2.767,966.754,true,none,124
2025-12-12 17:57:05.279,smart_meter,send_encrypted_data,334334,0.349,7663.817,true,none,16
2025-12-12 17:57:05.280,smart_meter,send_encrypted_data,334391,0.676,3957.290,true,none,1
2025-12-12 17:57:05.272,smart_meter,send_encrypted_data,334427,0.351,7622.268,true,none,122
2025-12-12 17:57:05.282,smart_meter,send_encrypted_data,334315,0.371,7208.949,true,none,49
2025-12-12 17:57:05.283,smart_meter,send_encrypted_data,334282,0.491,5446.550,true,none,105
2025-12-12 17:57:05.284,smart_meter,send_encrypted_data,334097,0.418,6394.201,true,none,219
2025-12-12 17:57:05.285,smart_meter,send_encrypted_data,334300,0.344,7774.419,true,none,127
2025-12-12 17:57:05.285,smart_meter,send_encrypted_data,334333,0.346,7730.243,true,none,147
2025-12-12 17:57:05.286,smart_meter,send_encrypted_data,334360,0.362,7389.171,true,none,174
2025-12-12 17:57:05.287,smart_meter,send_encrypted_data,334399,0.388,6894.825,true,none,37
2025-12-12 17:57:05.288,smart_meter,send_encrypted_data,333883,0.361,7399.069,true,none,45
2025-12-12 17:57:05.288,smart_meter,send_encrypted_data,334336,0.367,7287.978,true,none,322
2025-12-12 17:57:05.288,smart_meter,send_encrypted_data,334338,0.392,6823.224,true,none,44
2025-12-12 17:57:05.289,smart_meter,send_encrypted_data,334382,0.352,7599.591,true,none,401
2025-12-12 17:57:05.289,smart_meter,send_encrypted_data,334446,0.356,7515.640,true,none,7
2025-12-12 17:57:05.289,smart_meter,send_encrypted_data,334465,0.383,6986.214,true,none,73
2025-12-12 17:57:05.290,smart_meter,send_encrypted_data,334271,0.348,7684.391,true,none,14
2025-12-12 17:57:05.291,smart_meter,send_encrypted_data,334076,0.325,8223.409,true,none,276
2025-12-12 17:57:05.291,smart_meter,send_encrypted_data,334477,0.369,7251.534,true,none,94
2025-12-12 17:57:05.292,smart_meter,send_encrypted_data,334236,0.359,7448.156,true,none,148
2025-12-12 17:57:05.292,smart_meter,send_encrypted_data,334187,0.346,7726.867,true,none,280
2025-12-12 17:57:05.293,smart_meter,send_encrypted_data,334352,0.364,7348.396,true,none,278
2025-12-12 17:57:05.293,smart_meter,send_encrypted_data,334493,0.380,7041.958,true,none,181
2025-12-12 17:57:05.294,smart_meter,send_encrypted_data,334405,0.359,7451.922,true,none,30
2025-12-12 17:57:05.294,smart_meter,send_encrypted_data,334351,4.412,606.257,true,none,178
2025-12-12 17:57:05.294,smart_meter,send_encrypted_data,334275,0.358,7469.832,true,none,93
2025-12-12 17:57:05.295,smart_meter,send_encrypted_data,334269,0.343,7796.362,true,none,19
2025-12-12 17:57:05.295,smart_meter,send_encrypted_data,334394,0.365,7329.184,true,none,389
2025-12-12 17:57:05.296,smart_meter,send_encrypted_data,334024,0.356,7506.157,true,none,38
2025-12-12 17:57:05.296,smart_meter,send_encrypted_data,334099,0.355,7528.992,true,none,144
2025-12-12 17:57:05.296,smart_meter,send_encrypted_data,334395,0.368,7269.457,true,none,120
2025-12-12 17:57:05.296,smart_meter,send_encrypted_data,334460,0.348,7688.736,true,none,197
2025-12-12 17:57:05.297,smart_meter,send_encrypted_data,334359,0.346,7730.844,true,none,189
2025-12-12 17:57:05.297,smart_meter,send_encrypted_data,334136,0.387,6907.204,true,none,198
2025-12-12 17:57:05.297,smart_meter,send_encrypted_data,334345,0.350,7642.171,true,none,216
2025-12-12 17:57:05.297,smart_meter,send_encrypted_data,334066,0.346,7724.069,true,none,5
2025-12-12 17:57:05.298,smart_meter,send_encrypted_data,334182,0.377,7091.395,true,none,55
2025-12-12 17:57:05.299,smart_meter,send_encrypted_data,334413,4.281,624.925,true,none,273
2025-12-12 17:57:05.299,smart_meter,send_encrypted_data,334020,0.353,7569.858,true,none,24
2025-12-12 17:57:05.299,smart_meter,send_encrypted_data,334357,0.389,6876.237,true,none,488
2025-12-12 17:57:05.299,smart_meter,send_encrypted_data,333972,0.330,8096.291,true,none,150
2025-12-12 17:57:05.300,smart_meter,send_encrypted_data,334195,0.368,7265.109,true,none,137
2025-12-12 17:57:05.300,smart_meter,send_encrypted_data,334102,0.369,7243.404,true,none,376
2025-12-12 17:57:05.301,smart_meter,send_encrypted_data,334303,0.354,7554.870,true,none,461
2025-12-12 17:57:05.301,smart_meter,send_encrypted_data,334443,0.356,7515.573,true,none,399
2025-12-12 17:57:05.302,smart_meter,send_encrypted_data,334167,7.846,340.726,true,none,62
2025-12-12 17:57:05.302,smart_meter,send_encrypted_data,334242,0.344,7773.070,true,none,116
2025-12-12 17:57:05.304,smart_meter,send_encrypted_data,334352,0.356,7513.528,true,none,470
2025-12-12 17:57:05.304,smart_meter,send_encrypted_data,334152,0.451,5927.308,true,none,477
2025-12-12 17:57:05.305,smart_meter,send_encrypted_data,334485,0.393,6808.855,true,none,129
2025-12-12 17:57:05.305,smart_meter,send_encrypted_data,334351,0.354,7555.955,true,none,10
2025-12-12 17:57:05.306,smart_meter,send_encrypted_data,334147,0.363,7364.121,true,none,372
2025-12-12 17:57:05.306,smart_meter,send_encrypted_data,334428,0.362,7390.674,true,none,364
2025-12-12 17:57:05.306,smart_meter,send_encrypted_data,334183,0.375,7129.237,true,none,397
2025-12-12 17:57:05.306,smart_meter,send_encrypted_data,334487,0.373,7173.984,true,none,182
2025-12-12 17:57:05.306,smart_meter,send_encrypted_data,334439,8.776,304.867,true,none,54
2025-12-12 17:57:05.307,smart_meter,send_encrypted_data,334434,0.360,7431.867,true,none,393
2025-12-12 17:57:05.308,smart_meter,send_encrypted_data,334387,0.374,7152.663,true,none,222
2025-12-12 17:57:05.308,smart_meter,send_encrypted_data,333706,0.377,7081.294,true,none,332
2025-12-12 17:57:05.308,smart_meter,send_encrypted_data,334245,0.364,7346.044,true,none,333
2025-12-12 17:57:05.309,smart_meter,send_encrypted_data,334346,0.384,6965.542,true,none,245
2025-12-12 17:57:05.310,smart_meter,send_encrypted_data,334353,0.365,7328.285,true,none,451
2025-12-12 17:57:05.310,smart_meter,send_encrypted_data,334327,0.393,6805.639,true,none,446
2025-12-12 17:57:05.311,smart_meter,send_encrypted_data,334447,0.383,6985.838,true,none,342
2025-12-12 17:57:05.311,smart_meter,send_encrypted_data,334361,0.433,6177.570,true,none,225
2025-12-12 17:57:05.312,smart_meter,send_encrypted_data,334259,14.247,187.694,true,none,353
2025-12-12 17:57:05.312,smart_meter,send_encrypted_data,334351,0.351,7620.536,true,none,339
2025-12-12 17:57:05.312,smart_meter,send_encrypted_data,334315,0.379,7056.781,true,none,264
2025-12-12 17:57:05.313,smart_meter,send_encrypted_data,334399,0.366,7309.268,true,none,336
2025-12-12 17:57:05.313,smart_meter,send_encrypted_data,334336,0.372,7190.022,true,none,391
2025-12-12 17:57:05.313,smart_meter,send_encrypted_data,334408,0.355,7535.955,true,none,362
2025-12-12 17:57:05.313,smart_meter,send_encrypted_data,334465,5.951,449.625,true,none,257
2025-12-12 17:57:05.314,smart_meter,send_encrypted_data,334269,0.377,7093.241,true,none,70
2025-12-12 17:57:05.314,smart_meter,send_encrypted_data,334117,0.345,7747.641,true,none,253
2025-12-12 17:57:05.315,smart_meter,send_encrypted_data,334375,0.338,7914.201,true,none,351
2025-12-12 17:57:05.315,smart_meter,send_encrypted_data,334302,9.239,289.470,true,none,59
2025-12-12 17:57:05.315,smart_meter,send_encrypted_data,334105,0.368,7263.152,true,none,413
2025-12-12 17:57:05.316,smart_meter,send_encrypted_data,334316,19.612,136.372,true,none,6
2025-12-12 17:57:05.316,smart_meter,send_encrypted_data,334140,0.426,6274.930,true,none,454
2025-12-12 17:57:05.317,smart_meter,send_encrypted_data,334130,0.349,7659.140,true,none,490
2025-12-12 17:57:05.317,smart_meter,send_encrypted_data,334142,0.364,7343.780,true,none,107
2025-12-12 17:57:05.317,smart_meter,send_encrypted_data,334384,0.389,6876.792,true,none,233
2025-12-12 17:57:05.317,smart_meter,send_encrypted_data,334460,0.360,7432.444,true,none,61
2025-12-12 17:57:05.317,smart_meter,send_encrypted_data,334472,0.360,7432.711,true,none,134
2025-12-12 17:57:05.318,smart_meter,send_encrypted_data,334437,16.131,165.861,true,none,324
2025-12-12 17:57:05.318,smart_meter,send_encrypted_data,334450,5.650,473.558,true,none,417
2025-12-12 17:57:05.318,smart_meter,send_encrypted_data,334166,0.355,7530.501,true,none,238
2025-12-12 17:57:05.318,smart_meter,send_encrypted_data,334364,0.360,7430.311,true,none,269
2025-12-12 17:57:05.319,smart_meter,send_encrypted_data,334342,17.486,152.964,true,none,60
2025-12-12 17:57:05.319,smart_meter,send_encrypted_data,334417,0.368,7269.935,true,none,75
2025-12-12 17:57:05.319,smart_meter,send_encrypted_data,334159,21.229,125.925,true,none,434
2025-12-12 17:57:05.319,smart_meter,send_encrypted_data,334200,0.345,7749.565,true,none,111
2025-12-12 17:57:05.320,smart_meter,send_encrypted_data,334486,7.864,340.271,true,none,46
2025-12-12 17:57:05.320,smart_meter,send_encrypted_data,334152,0.363,7364.231,true,none,436
2025-12-12 17:57:05.320,smart_meter,send_encrypted_data,334061,0.349,7657.559,true,none,449
2025-12-12 17:57:05.321,smart_meter,send_encrypted_data,334092,0.353,7571.490,true,none,184
2025-12-12 17:57:05.321,smart_meter,send_encrypted_data,334291,13.225,202.218,true,none,168
2025-12-12 17:57:05.321,smart_meter,send_encrypted_data,334402,14.984,178.538,true,none,396
2025-12-12 17:57:05.321,smart_meter,send_encrypted_data,334522,0.352,7602.773,true,none,202
2025-12-12 17:57:05.321,smart_meter,send_encrypted_data,334312,22.601,118.335,true,none,92
2025-12-12 17:57:05.322,smart_meter,send_encrypted_data,334291,0.388,6892.598,true,none,487
2025-12-12 17:57:05.322,smart_meter,send_encrypted_data,334365,0.395,6771.949,true,none,29
2025-12-12 17:57:05.322,smart_meter,send_encrypted_data,333541,5.406,493.586,true,none,231
2025-12-12 17:57:05.322,smart_meter,send_encrypted_data,334299,29.248,91.438,true,none,22
2025-12-12 17:57:05.323,smart_meter,send_encrypted_data,334183,16.601,161.042,true,none,56
2025-12-12 17:57:05.323,smart_meter,send_encrypted_data,334479,0.362,7391.801,true,none,21
2025-12-12 17:57:05.323,smart_meter,send_encrypted_data,334395,0.350,7643.314,true,none,31
2025-12-12 17:57:05.323,smart_meter,send_encrypted_data,334129,26.705,100.095,true,none,119
2025-12-12 17:57:05.323,smart_meter,send_encrypted_data,334313,0.364,7347.538,true,none,234
2025-12-12 17:57:05.323,smart_meter,send_encrypted_data,334440,24.622,108.664,true,none,241
2025-12-12 17:57:05.324,smart_meter,send_encrypted_data,334340,0.349,7663.954,true,none,95
2025-12-12 17:57:05.324,smart_meter,send_encrypted_data,334423,0.343,7799.953,true,none,35
2025-12-12 17:57:05.325,smart_meter,send_encrypted_data,334245,0.377,7092.732,true,none,32
2025-12-12 17:57:05.316,smart_meter,send_encrypted_data,334130,23.124,115.596,true,none,146
2025-12-12 17:57:05.325,smart_meter,send_encrypted_data,334175,0.360,7426.111,true,none,356
2025-12-12 17:57:05.326,smart_meter,send_encrypted_data,334371,0.361,7409.884,true,none,463
2025-12-12 17:57:05.326,smart_meter,send_encrypted_data,334352,22.083,121.126,true,none,99
2025-12-12 17:57:05.326,smart_meter,send_encrypted_data,334148,30.931,86.424,true,none,86
2025-12-12 17:57:05.326,smart_meter,send_encrypted_data,333755,7.386,361.500,true,none,96
2025-12-12 17:57:05.326,smart_meter,send_encrypted_data,334298,0.369,7247.653,true,none,383
2025-12-12 17:57:05.326,smart_meter,send_encrypted_data,333968,8.770,304.646,true,none,320
2025-12-12 17:57:05.314,smart_meter,send_encrypted_data,334170,17.997,148.545,true,none,52
2025-12-12 17:57:05.326,smart_meter,send_encrypted_data,333941,27.746,96.285,true,none,106
2025-12-12 17:57:05.327,smart_meter,send_encrypted_data,334070,7.072,377.907,true,none,419
2025-12-12 17:57:05.320,smart_meter,send_encrypted_data,334213,0.355,7531.561,true,none,47
2025-12-12 17:57:05.327,smart_meter,send_encrypted_data,334397,11.262,237.540,true,none,149
2025-12-12 17:57:05.327,smart_meter,send_encrypted_data,334493,0.372,7193.398,true,none,145
2025-12-12 17:57:05.327,smart_meter,send_encrypted_data,334178,19.215,139.132,true,none,387
2025-12-12 17:57:05.327,smart_meter,send_encrypted_data,334211,23.074,115.874,true,none,243
2025-12-12 17:57:05.327,smart_meter,send_encrypted_data,333270,2.131,1251.131,true,none,215
2025-12-12 17:57:05.327,smart_meter,send_encrypted_data,333540,8.072,330.565,true,none,208
2025-12-12 17:57:05.322,smart_meter,send_encrypted_data,333711,0.328,8139.293,true,none,130
2025-12-12 17:57:05.328,smart_meter,send_encrypted_data,334382,2.986,895.866,true,none,289
2025-12-12 17:57:05.328,smart_meter,send_encrypted_data,334485,19.699,135.838,true,none,179
2025-12-12 17:57:05.314,smart_meter,send_encrypted_data,334148,14.657,182.383,true,none,2
2025-12-12 17:57:05.329,smart_meter,send_encrypted_data,334282,0.352,7597.318,true,none,325
2025-12-12 17:57:05.329,smart_meter,send_encrypted_data,334218,0.352,7595.864,true,none,433
2025-12-12 17:57:05.317,smart_meter,send_encrypted_data,334041,15.761,169.553,true,none,79
2025-12-12 17:57:05.327,smart_meter,send_encrypted_data,334138,30.784,86.834,true,none,28
2025-12-12 17:57:05.329,smart_meter,send_encrypted_data,334418,0.372,7191.785,true,none,71
2025-12-12 17:57:05.330,smart_meter,send_encrypted_data,334452,0.353,7579.649,true,none,212
2025-12-12 17:57:05.330,smart_meter,send_encrypted_data,333345,0.437,6102.426,true,none,100
2025-12-12 17:57:05.330,smart_meter,send_encrypted_data,334362,10.546,253.641,true,none,153
2025-12-12 17:57:05.330,smart_meter,send_encrypted_data,334278,10.228,261.461,true,none,409
2025-12-12 17:57:05.330,smart_meter,send_encrypted_data,334456,0.345,7755.501,true,none,8
2025-12-12 17:57:05.331,smart_meter,send_encrypted_data,334137,0.379,7053.024,true,none,201
2025-12-12 17:57:05.331,smart_meter,send_encrypted_data,334453,0.362,7391.227,true,none,323
2025-12-12 17:57:05.332,smart_meter,send_encrypted_data,334458,0.380,7041.221,true,none,165
2025-12-12 17:57:05.332,smart_meter,send_encrypted_data,334254,0.357,7490.286,true,none,25
2025-12-12 17:57:05.323,smart_meter,send_encrypted_data,334322,21.923,121.999,true,none,162
2025-12-12 17:57:05.332,smart_meter,send_encrypted_data,334042,25.307,105.597,true,none,121
2025-12-12 17:57:05.332,smart_meter,send_encrypted_data,334123,0.365,7323.244,true,none,41
2025-12-12 17:57:05.332,smart_meter,send_encrypted_data,334408,0.363,7369.873,true,none,97
2025-12-12 17:57:05.333,smart_meter,send_encrypted_data,334305,0.395,6770.734,true,none,88
2025-12-12 17:57:05.311,smart_meter,send_encrypted_data,334230,0.395,6769.215,true,none,249
2025-12-12 17:57:05.333,smart_meter,send_encrypted_data,334455,15.535,172.233,true,none,226
2025-12-12 17:57:05.333,smart_meter,send_encrypted_data,334430,0.336,7962.619,true,none,314
2025-12-12 17:57:05.327,smart_meter,send_encrypted_data,334360,18.848,141.919,true,none,163
2025-12-12 17:57:05.334,smart_meter,send_encrypted_data,334245,25.558,104.623,true,none,466
2025-12-12 17:57:05.334,smart_meter,send_encrypted_data,334489,0.368,7271.500,true,none,39
2025-12-12 17:57:05.335,smart_meter,send_encrypted_data,334251,1.899,1408.114,true,none,395
2025-12-12 17:57:05.335,smart_meter,send_encrypted_data,334453,7.103,376.689,true,none,275
2025-12-12 17:57:05.335,smart_meter,send_encrypted_data,334342,0.401,6670.165,true,none,33
2025-12-12 17:57:05.335,smart_meter,send_encrypted_data,334364,0.387,6911.917,true,none,267
2025-12-12 17:57:05.335,smart_meter,send_encrypted_data,334351,26.451,101.123,true,none,34
2025-12-12 17:57:05.312,smart_meter,send_encrypted_data,334446,0.370,7231.265,true,none,89
2025-12-12 17:57:05.327,smart_meter,send_encrypted_data,334474,17.710,151.089,true,none,459
2025-12-12 17:57:05.336,smart_meter,send_encrypted_data,334260,0.383,6981.932,true,none,411
2025-12-12 17:57:05.336,smart_meter,send_encrypted_data,334391,0.383,6984.668,true,none,272
2025-12-12 17:57:05.337,smart_meter,send_encrypted_data,334507,0.359,7454.195,true,none,175
2025-12-12 17:57:05.324,smart_meter,send_encrypted_data,333994,17.528,152.439,true,none,125
2025-12-12 17:57:05.337,smart_meter,send_encrypted_data,334134,0.380,7034.400,true,none,72
2025-12-12 17:57:05.337,smart_meter,send_encrypted_data,334409,0.338,7915.006,true,none,474
2025-12-12 17:57:05.338,smart_meter,send_encrypted_data,334385,0.361,7410.194,true,none,159
2025-12-12 17:57:05.338,smart_meter,send_encrypted_data,334518,9.936,269.338,true,none,13
2025-12-12 17:57:05.328,smart_meter,send_encrypted_data,334368,19.033,140.542,true,none,63
2025-12-12 17:57:05.338,smart_meter,send_encrypted_data,333242,0.363,7344.176,true,none,42
2025-12-12 17:57:05.338,smart_meter,send_encrypted_data,334312,0.354,7555.073,true,none,77
2025-12-12 17:57:05.339,smart_meter,send_encrypted_data,334443,19.588,136.591,true,none,447
2025-12-12 17:57:05.339,smart_meter,send_encrypted_data,334550,0.351,7625.071,true,none,112
2025-12-12 17:57:05.339,smart_meter,send_encrypted_data,333354,0.337,7913.448,true,none,118
2025-12-12 17:57:05.340,smart_meter,send_encrypted_data,334447,0.351,7622.724,true,none,486
2025-12-12 17:57:05.340,smart_meter,send_encrypted_data,333364,0.357,7470.342,true,none,180
2025-12-12 17:57:05.340,smart_meter,send_encrypted_data,334145,0.357,7487.843,true,none,311
2025-12-12 17:57:05.340,smart_meter,send_encrypted_data,334126,0.370,7224.346,true,none,117
2025-12-12 17:57:05.341,smart_meter,send_encrypted_data,334376,0.377,7095.512,true,none,18
2025-12-12 17:57:05.341,smart_meter,send_encrypted_data,334441,0.342,7823.181,true,none,235
2025-12-12 17:57:05.342,smart_meter,send_encrypted_data,334354,0.353,7577.428,true,none,64
2025-12-12 17:57:05.342,smart_meter,send_encrypted_data,334366,0.383,6984.146,true,none,394
2025-12-12 17:57:05.342,smart_meter,send_encrypted_data,334080,0.397,6732.091,true,none,475
2025-12-12 17:57:05.343,smart_meter,send_encrypted_data,333968,0.346,7721.803,true,none,176
2025-12-12 17:57:05.336,smart_meter,send_encrypted_data,334075,0.350,7636.000,true,none,271
2025-12-12 17:57:05.343,smart_meter,send_encrypted_data,334170,10.529,253.904,true,none,158
2025-12-12 17:57:05.344,smart_meter,send_encrypted_data,334431,0.353,7579.173,true,none,206
2025-12-12 17:57:05.344,smart_meter,send_encrypted_data,334424,0.371,7211.299,true,none,318
2025-12-12 17:57:05.344,smart_meter,send_encrypted_data,334079,0.364,7342.396,true,none,51
2025-12-12 17:57:05.344,smart_meter,send_encrypted_data,333886,14.928,178.931,true,none,156
2025-12-12 17:57:05.344,smart_meter,send_encrypted_data,334499,0.345,7756.499,true,none,76
2025-12-12 17:57:05.345,smart_meter,send_encrypted_data,334322,0.454,5891.137,true,none,23
2025-12-12 17:57:05.345,smart_meter,send_encrypted_data,334334,0.356,7513.124,true,none,91
2025-12-12 17:57:05.346,smart_meter,send_encrypted_data,334435,0.353,7579.263,true,none,103
2025-12-12 17:57:05.346,smart_meter,send_encrypted_data,334145,0.343,7793.469,true,none,58
2025-12-12 17:57:05.347,smart_meter,send_encrypted_data,334156,0.385,6943.501,true,none,213
2025-12-12 17:57:05.347,smart_meter,send_encrypted_data,334241,0.404,6618.634,true,none,139
2025-12-12 17:57:05.347,smart_meter,send_encrypted_data,334284,12.128,220.504,true,none,101
2025-12-12 17:57:05.348,smart_meter,send_encrypted_data,334403,4.156,643.702,true,none,172
2025-12-12 17:57:05.348,smart_meter,send_encrypted_data,334167,0.341,7839.695,true,none,286
2025-12-12 17:57:05.348,smart_meter,send_encrypted_data,334385,0.386,6930.259,true,none,335
2025-12-12 17:57:05.349,smart_meter,send_encrypted_data,334457,0.334,8010.946,true,none,142
2025-12-12 17:57:05.349,smart_meter,send_encrypted_data,334382,0.382,7002.764,true,none,497
2025-12-12 17:57:05.349,smart_meter,send_encrypted_data,334217,0.392,6820.755,true,none,310
2025-12-12 17:57:05.349,smart_meter,send_encrypted_data,334331,0.336,7960.262,true,none,406
2025-12-12 17:57:05.350,smart_meter,send_encrypted_data,334464,0.353,7579.921,true,none,479
2025-12-12 17:57:05.350,smart_meter,send_encrypted_data,334325,0.381,7019.948,true,none,423
2025-12-12 17:57:05.350,smart_meter,send_encrypted_data,334212,8.510,314.183,true,none,78
2025-12-12 17:57:05.350,smart_meter,send_encrypted_data,334272,0.349,7662.395,true,none,67
2025-12-12 17:57:05.351,smart_meter,send_encrypted_data,334366,14.958,178.829,true,none,11
2025-12-12 17:57:05.351,smart_meter,send_encrypted_data,334402,8.824,303.175,true,none,224
2025-12-12 17:57:05.351,smart_meter,send_encrypted_data,334349,0.374,7151.850,true,none,247
2025-12-12 17:57:05.351,smart_meter,send_encrypted_data,334297,0.360,7428.822,true,none,250
2025-12-12 17:57:05.352,smart_meter,send_encrypted_data,334376,4.918,543.922,true,none,53
2025-12-12 17:57:05.352,smart_meter,send_encrypted_data,333271,0.413,6455.613,true,none,110
2025-12-12 17:57:05.352,smart_meter,send_encrypted_data,334458,0.339,7892.814,true,none,482
2025-12-12 17:57:05.353,smart_meter,send_encrypted_data,334360,0.343,7798.484,true,none,199
2025-12-12 17:57:05.353,smart_meter,send_encrypted_data,334285,0.375,7131.413,true,none,3
2025-12-12 17:57:05.353,smart_meter,send_encrypted_data,334067,12.992,205.706,true,none,352
2025-12-12 17:57:05.353,smart_meter,send_encrypted_data,334323,0.343,7797.621,true,none,499
2025-12-12 17:57:05.353,smart_meter,send_encrypted_data,334422,10.565,253.230,true,none,209
2025-12-12 17:57:05.354,smart_meter,send_encrypted_data,334481,0.381,7023.223,true,none,167
2025-12-12 17:57:05.354,smart_meter,send_encrypted_data,334376,0.380,7039.495,true,none,462
2025-12-12 17:57:05.354,smart_meter,send_encrypted_data,334387,4.846,552.021,true,none,50
2025-12-12 17:57:05.353,smart_meter,send_encrypted_data,334121,8.599,310.846,true,none,262
2025-12-12 17:57:05.354,smart_meter,send_encrypted_data,334116,8.689,307.622,true,none,40
2025-12-12 17:57:05.355,smart_meter,send_encrypted_data,334371,0.345,7753.530,true,none,465
2025-12-12 17:57:05.355,smart_meter,send_encrypted_data,334335,0.381,7020.157,true,none,87
2025-12-12 17:57:05.355,smart_meter,send_encrypted_data,334085,0.358,7465.587,true,none,74
2025-12-12 17:57:05.356,smart_meter,send_encrypted_data,334095,0.349,7658.338,true,none,365
2025-12-12 17:57:05.356,smart_meter,send_encrypted_data,334427,0.368,7270.152,true,none,279
2025-12-12 17:57:05.356,smart_meter,send_encrypted_data,334322,8.196,326.327,true,none,193
2025-12-12 17:57:05.356,smart_meter,send_encrypted_data,334060,0.389,6870.129,true,none,246
2025-12-12 17:57:05.356,smart_meter,send_encrypted_data,334322,0.378,7075.598,true,none,367
2025-12-12 17:57:05.357,smart_meter,send_encrypted_data,334480,12.800,209.050,true,none,492
2025-12-12 17:57:05.357,smart_meter,send_encrypted_data,334404,0.338,7914.888,true,none,136
2025-12-12 17:57:05.358,smart_meter,send_encrypted_data,334313,7.856,340.441,true,none,410
2025-12-12 17:57:05.358,smart_meter,send_encrypted_data,334342,0.374,7151.701,true,none,251
2025-12-12 17:57:05.358,smart_meter,send_encrypted_data,333981,0.373,7163.131,true,none,27
2025-12-12 17:57:05.358,smart_meter,send_encrypted_data,334104,0.341,7838.217,true,none,252
2025-12-12 17:57:05.359,smart_meter,send_encrypted_data,334291,0.354,7554.599,true,none,173
2025-12-12 17:57:05.359,smart_meter,send_encrypted_data,334018,0.353,7569.813,true,none,57
2025-12-12 17:57:05.359,smart_meter,send_encrypted_data,334153,0.356,7509.056,true,none,343
2025-12-12 17:57:05.360,smart_meter,send_encrypted_data,334084,0.341,7837.748,true,none,128
2025-12-12 17:57:05.360,smart_meter,send_encrypted_data,334030,0.336,7953.095,true,none,207
2025-12-12 17:57:05.360,smart_meter,send_encrypted_data,334455,0.377,7097.188,true,none,480
2025-12-12 17:57:05.360,smart_meter,send_encrypted_data,334289,4.618,579.106,true,none,66
2025-12-12 17:57:05.360,smart_meter,send_encrypted_data,334117,0.357,7487.216,true,none,337
2025-12-12 17:57:05.361,smart_meter,send_encrypted_data,334499,19.392,137.995,true,none,431
2025-12-12 17:57:05.361,smart_meter,send_encrypted_data,334089,4.872,548.586,true,none,200
2025-12-12 17:57:05.361,smart_meter,send_encrypted_data,334201,0.337,7933.555,true,none,469
2025-12-12 17:57:05.362,smart_meter,send_encrypted_data,334441,0.363,7370.601,true,none,384
2025-12-12 17:57:05.362,smart_meter,send_encrypted_data,334421,3.308,808.757,true,none,26
2025-12-12 17:57:05.362,smart_meter,send_encrypted_data,334508,0.398,6723.779,true,none,140
2025-12-12 17:57:05.362,smart_meter,send_encrypted_data,334457,4.682,571.477,true,none,223
2025-12-12 17:57:05.362,smart_meter,send_encrypted_data,334186,0.348,7682.437,true,none,467
2025-12-12 17:57:05.362,smart_meter,send_encrypted_data,334252,0.342,7818.760,true,none,141
2025-12-12 17:57:05.363,smart_meter,send_encrypted_data,334260,0.365,7326.247,true,none,152
2025-12-12 17:57:05.363,smart_meter,send_encrypted_data,334422,0.386,6931.026,true,none,108
2025-12-12 17:57:05.363,smart_meter,send_encrypted_data,334397,0.362,7389.989,true,none,83
2025-12-12 17:57:05.363,smart_meter,send_encrypted_data,334239,0.388,6891.526,true,none,248
2025-12-12 17:57:05.364,smart_meter,send_encrypted_data,334075,3.596,743.215,true,none,368
2025-12-12 17:57:05.364,smart_meter,send_encrypted_data,334176,0.386,6925.927,true,none,489
2025-12-12 17:57:05.364,smart_meter,send_encrypted_data,334466,0.371,7212.205,true,none,196
2025-12-12 17:57:05.364,smart_meter,send_encrypted_data,334407,0.450,5945.013,true,none,85
2025-12-12 17:57:05.365,smart_meter,send_encrypted_data,334183,0.359,7446.975,true,none,43
2025-12-12 17:57:05.365,smart_meter,send_encrypted_data,334047,0.382,6995.749,true,none,155
2025-12-12 17:57:05.365,smart_meter,send_encrypted_data,334253,0.354,7553.740,true,none,157
2025-12-12 17:57:05.366,smart_meter,send_encrypted_data,334166,4.871,548.825,true,none,420
2025-12-12 17:57:05.366,smart_meter,send_encrypted_data,334254,0.373,7168.987,true,none,217
2025-12-12 17:57:05.366,smart_meter,send_encrypted_data,334443,0.356,7515.573,true,none,476
2025-12-12 17:57:05.366,smart_meter,send_encrypted_data,334347,0.378,7076.127,true,none,382
2025-12-12 17:57:05.366,smart_meter,send_encrypted_data,334146,4.453,600.307,true,none,354
2025-12-12 17:57:05.366,smart_meter,send_encrypted_data,334356,0.356,7513.618,true,none,220
2025-12-12 17:57:05.367,smart_meter,send_encrypted_data,334081,3.596,743.228,true,none,161
2025-12-12 17:57:05.367,smart_meter,send_encrypted_data,334480,0.402,6656.318,true,none,437
2025-12-12 17:57:05.366,smart_meter,send_encrypted_data,334251,4.369,612.041,true,none,295
2025-12-12 17:57:05.367,smart_meter,send_encrypted_data,334489,0.387,6914.501,true,none,388
2025-12-12 17:57:05.367,smart_meter,send_encrypted_data,334378,0.335,7985.146,true,none,270
2025-12-12 17:57:05.367,smart_meter,send_encrypted_data,334326,0.353,7576.793,true,none,315
2025-12-12 17:57:05.368,smart_meter,send_encrypted_data,334137,0.360,7425.267,true,none,102
2025-12-12 17:57:05.368,smart_meter,send_encrypted_data,334221,5.351,499.676,true,none,414
2025-12-12 17:57:05.368,smart_meter,send_encrypted_data,334500,0.375,7136.000,true,none,109
2025-12-12 17:57:05.368,smart_meter,send_encrypted_data,334347,0.393,6806.046,true,none,415
2025-12-12 17:57:05.368,smart_meter,send_encrypted_data,334404,0.374,7153.027,true,none,36
2025-12-12 17:57:05.369,smart_meter,send_encrypted_data,334465,23.020,116.235,true,none,48
2025-12-12 17:57:05.369,smart_meter,send_encrypted_data,334339,0.373,7170.810,true,none,90
2025-12-12 17:57:05.369,smart_meter,send_encrypted_data,333646,0.436,6121.945,true,none,131
2025-12-12 17:57:05.369,smart_meter,send_encrypted_data,334308,0.354,7554.983,true,none,259
2025-12-12 17:57:05.370,smart_meter,send_encrypted_data,334071,0.340,7860.494,true,none,285
2025-12-12 17:57:05.370,smart_meter,send_encrypted_data,334382,16.488,162.243,true,none,169
2025-12-12 17:57:05.370,smart_meter,send_encrypted_data,334260,0.383,6981.932,true,none,170
2025-12-12 17:57:05.370,smart_meter,send_encrypted_data,334308,0.379,7056.633,true,none,242
2025-12-12 17:57:05.370,smart_meter,send_encrypted_data,334512,16.294,164.238,true,none,496
2025-12-12 17:57:05.371,smart_meter,send_encrypted_data,334492,3.943,678.655,true,none,471
2025-12-12 17:57:05.371,smart_meter,send_encrypted_data,333584,0.380,7022.821,true,none,227
2025-12-12 17:57:05.371,smart_meter,send_encrypted_data,334022,0.408,6549.451,true,none,328
2025-12-12 17:57:05.371,smart_meter,send_encrypted_data,334520,0.349,7668.080,true,none,81
2025-12-12 17:57:05.371,smart_meter,send_encrypted_data,334135,4.028,663.625,true,none,326
2025-12-12 17:57:05.372,smart_meter,send_encrypted_data,334227,0.352,7596.068,true,none,12
2025-12-12 17:57:05.372,smart_meter,send_encrypted_data,334061,0.365,7321.885,true,none,232
2025-12-12 17:57:05.372,smart_meter,send_encrypted_data,334378,4.348,615.231,true,none,340
2025-12-12 17:57:05.372,smart_meter,send_encrypted_data,334256,10.400,257.120,true,none,133
2025-12-12 17:57:05.372,smart_meter,send_encrypted_data,334273,0.357,7490.711,true,none,363
2025-12-12 17:57:05.373,smart_meter,send_encrypted_data,334316,0.342,7820.257,true,none,398
2025-12-12 17:57:05.373,smart_meter,send_encrypted_data,334199,0.374,7148.642,true,none,371
2025-12-12 17:57:05.373,smart_meter,send_encrypted_data,334304,10.431,256.393,true,none,218
2025-12-12 17:57:05.373,smart_meter,send_encrypted_data,334202,3.654,731.696,true,none,380
2025-12-12 17:57:05.373,smart_meter,send_encrypted_data,334368,26.761,99.957,true,none,495
2025-12-12 17:57:05.373,smart_meter,send_encrypted_data,334376,0.347,7708.957,true,none,402
2025-12-12 17:57:05.373,smart_meter,send_encrypted_data,334367,2.361,1132.967,true,none,190
2025-12-12 17:57:05.374,smart_meter,send_encrypted_data,334295,0.335,7983.164,true,none,268
2025-12-12 17:57:05.374,smart_meter,send_encrypted_data,334327,10.442,256.140,true,none,274
2025-12-12 17:57:05.374,smart_meter,send_encrypted_data,334450,38.678,69.176,true,none,361
2025-12-12 17:57:05.374,smart_meter,send_encrypted_data,334060,1.271,2102.659,true,none,210
2025-12-12 17:57:05.375,smart_meter,send_encrypted_data,334252,0.391,6838.916,true,none,151
2025-12-12 17:57:05.375,smart_meter,send_encrypted_data,334209,0.391,6838.036,true,none,435
2025-12-12 17:57:05.375,smart_meter,send_encrypted_data,334075,0.387,6905.943,true,none,439
2025-12-12 17:57:05.375,smart_meter,send_encrypted_data,334332,0.350,7641.874,true,none,370
2025-12-12 17:57:05.376,smart_meter,send_encrypted_data,334176,0.935,2859.260,true,none,418
2025-12-12 17:57:05.376,smart_meter,send_encrypted_data,334247,0.365,7325.962,true,none,317
2025-12-12 17:57:05.376,smart_meter,send_encrypted_data,334187,0.362,7385.348,true,none,359
2025-12-12 17:57:05.376,smart_meter,send_encrypted_data,334447,0.343,7800.513,true,none,464
2025-12-12 17:57:05.376,smart_meter,send_encrypted_data,333956,0.361,7400.687,true,none,450
2025-12-12 17:57:05.376,smart_meter,send_encrypted_data,334391,0.350,7643.223,true,none,254
2025-12-12 17:57:05.377,smart_meter,send_encrypted_data,334279,0.374,7150.353,true,none,316
2025-12-12 17:57:05.378,smart_meter,send_encrypted_data,334063,11.023,242.448,true,none,65
2025-12-12 17:57:05.379,smart_meter,send_encrypted_data,334386,0.384,6966.375,true,none,429
2025-12-12 17:57:05.379,smart_meter,send_encrypted_data,334283,0.372,7188.882,true,none,319
2025-12-12 17:57:05.379,smart_meter,send_encrypted_data,334389,0.339,7891.186,true,none,421
2025-12-12 17:57:05.357,smart_meter,send_encrypted_data,334012,0.357,7484.863,true,none,277
2025-12-12 17:57:05.380,smart_meter,send_encrypted_data,334372,0.362,7389.436,true,none,266
2025-12-12 17:57:05.380,smart_meter,send_encrypted_data,333334,0.380,7017.558,true,none,443
2025-12-12 17:57:05.380,smart_meter,send_encrypted_data,334495,0.342,7824.444,true,none,98
2025-12-12 17:57:05.380,smart_meter,send_encrypted_data,334434,7.129,375.294,true,none,230
2025-12-12 17:57:05.381,smart_meter,send_encrypted_data,334377,0.396,6755.091,true,none,284
2025-12-12 17:57:05.381,smart_meter,send_encrypted_data,334057,0.398,6714.714,true,none,442
2025-12-12 17:57:05.382,smart_meter,send_encrypted_data,334109,0.353,7571.875,true,none,203
2025-12-12 17:57:05.382,smart_meter,send_encrypted_data,334242,0.347,7705.867,true,none,256
2025-12-12 17:57:05.383,smart_meter,send_encrypted_data,334431,26.180,102.194,true,none,444
2025-12-12 17:57:05.383,smart_meter,send_encrypted_data,334149,29.960,89.225,true,none,412
2025-12-12 17:57:05.383,smart_meter,send_encrypted_data,334057,0.374,7145.604,true,none,481
2025-12-12 17:57:05.383,smart_meter,send_encrypted_data,333535,0.348,7667.471,true,none,445
2025-12-12 17:57:05.384,smart_meter,send_encrypted_data,334197,0.339,7886.655,true,none,166
2025-12-12 17:57:05.384,smart_meter,send_encrypted_data,334488,16.440,162.768,true,none,214
2025-12-12 17:57:05.384,smart_meter,send_encrypted_data,333980,0.356,7505.169,true,none,416
2025-12-12 17:57:05.385,smart_meter,send_encrypted_data,334152,10.841,246.584,true,none,377
2025-12-12 17:57:05.385,smart_meter,send_encrypted_data,334266,0.385,6945.787,true,none,341
2025-12-12 17:57:05.385,smart_meter,send_encrypted_data,334438,0.371,7211.601,true,none,458
2025-12-12 17:57:05.385,smart_meter,send_encrypted_data,334418,0.388,6895.216,true,none,484
2025-12-12 17:57:05.385,smart_meter,send_encrypted_data,334356,13.196,202.701,true,none,491
2025-12-12 17:57:05.386,smart_meter,send_encrypted_data,334379,0.377,7095.576,true,none,281
2025-12-12 17:57:05.386,smart_meter,send_encrypted_data,334195,0.385,6944.312,true,none,183
2025-12-12 17:57:05.385,smart_meter,send_encrypted_data,334074,3.142,850.602,true,none,313
2025-12-12 17:57:05.385,smart_meter,send_encrypted_data,334360,4.326,618.326,true,none,400
2025-12-12 17:57:05.387,smart_meter,send_encrypted_data,334358,3.034,881.630,true,none,422
2025-12-12 17:57:05.387,smart_meter,send_encrypted_data,334398,0.347,7709.464,true,none,185
2025-12-12 17:57:05.387,smart_meter,send_encrypted_data,334078,0.373,7165.212,true,none,211
2025-12-12 17:57:05.387,smart_meter,send_encrypted_data,334284,0.371,7208.280,true,none,327
2025-12-12 17:57:05.388,smart_meter,send_encrypted_data,334252,0.347,7706.098,true,none,228
2025-12-12 17:57:05.388,smart_meter,send_encrypted_data,334313,7.440,359.476,true,none,369
2025-12-12 17:57:05.389,smart_meter,send_encrypted_data,333949,7.427,359.713,true,none,338
2025-12-12 17:57:05.389,smart_meter,send_encrypted_data,334339,0.369,7248.542,true,none,283
2025-12-12 17:57:05.390,smart_meter,send_encrypted_data,334448,0.356,7515.685,true,none,191
2025-12-12 17:57:05.390,smart_meter,send_encrypted_data,334435,3.255,821.960,true,none,290
2025-12-12 17:57:05.390,smart_meter,send_encrypted_data,334262,2.550,1048.665,true,none,187
2025-12-12 17:57:05.392,smart_meter,send_encrypted_data,334392,0.347,7709.326,true,none,441
2025-12-12 17:57:05.393,smart_meter,send_encrypted_data,334427,10.222,261.731,true,none,408
2025-12-12 17:57:05.393,smart_meter,send_encrypted_data,334122,17.453,153.153,true,none,205
2025-12-12 17:57:05.393,smart_meter,send_encrypted_data,334137,12.928,206.768,true,none,440
2025-12-12 17:57:05.393,smart_meter,send_encrypted_data,334182,0.399,6700.391,true,none,426
2025-12-12 17:57:05.395,smart_meter,send_encrypted_data,334383,0.352,7599.614,true,none,468
2025-12-12 17:57:05.396,smart_meter,send_encrypted_data,334283,0.596,4487.020,true,none,448
2025-12-12 17:57:05.396,smart_meter,send_encrypted_data,334202,0.327,8176.196,true,none,186
2025-12-12 17:57:05.397,smart_meter,send_encrypted_data,334422,0.346,7732.301,true,none,453
2025-12-12 17:57:05.398,smart_meter,send_encrypted_data,334120,0.365,7323.178,true,none,460
2025-12-12 17:57:05.398,smart_meter,send_encrypted_data,334448,0.338,7915.929,true,none,126
2025-12-12 17:57:05.398,smart_meter,send_encrypted_data,334374,0.354,7556.475,true,none,424
2025-12-12 17:57:05.399,smart_meter,send_encrypted_data,334307,2.602,1027.846,true,none,386
2025-12-12 17:57:05.399,smart_meter,send_encrypted_data,334416,32.984,81.110,true,none,80
2025-12-12 17:57:05.399,smart_meter,send_encrypted_data,334458,0.387,6913.860,true,none,347
2025-12-12 17:57:05.399,smart_meter,send_encrypted_data,334484,19.859,134.744,true,none,483
2025-12-12 17:57:05.399,smart_meter,send_encrypted_data,334319,22.006,121.537,true,none,265
2025-12-12 17:57:05.400,smart_meter,send_encrypted_data,334474,21.225,126.068,true,none,164
2025-12-12 17:57:05.400,smart_meter,send_encrypted_data,334349,0.347,7708.334,true,none,350
2025-12-12 17:57:05.398,smart_meter,send_encrypted_data,334374,1.586,1686.628,true,none,240
2025-12-12 17:57:05.400,smart_meter,send_encrypted_data,334470,0.357,7495.126,true,none,349
2025-12-12 17:57:05.400,smart_meter,send_encrypted_data,334418,30.402,87.999,true,none,392
2025-12-12 17:57:05.400,smart_meter,send_encrypted_data,334362,7.961,336.000,true,none,188
2025-12-12 17:57:05.400,smart_meter,send_encrypted_data,334467,0.371,7212.226,true,none,425
2025-12-12 17:57:05.400,smart_meter,send_encrypted_data,334126,21.666,123.373,true,none,258
2025-12-12 17:57:05.390,smart_meter,send_encrypted_data,334432,0.360,7431.822,true,none,366
2025-12-12 17:57:05.401,smart_meter,send_encrypted_data,334259,29.112,91.855,true,none,457
2025-12-12 17:57:05.401,smart_meter,send_encrypted_data,334392,0.402,6654.567,true,none,329
2025-12-12 17:57:05.402,smart_meter,send_encrypted_data,334237,41.278,64.778,true,none,69
2025-12-12 17:57:05.402,smart_meter,send_encrypted_data,334424,45.781,58.439,true,none,20
2025-12-12 17:57:05.402,smart_meter,send_encrypted_data,334150,0.353,7572.805,true,none,308
2025-12-12 17:57:05.403,smart_meter,send_encrypted_data,334017,1.255,2129.192,true,none,300
2025-12-12 17:57:05.404,smart_meter,send_encrypted_data,334280,0.354,7554.350,true,none,236
2025-12-12 17:57:05.404,smart_meter,send_encrypted_data,334320,20.259,132.018,true,none,452
2025-12-12 17:57:05.404,smart_meter,send_encrypted_data,334157,0.367,7284.076,true,none,330
2025-12-12 17:57:05.404,smart_meter,send_encrypted_data,334100,1.003,2664.806,true,none,296
2025-12-12 17:57:05.404,smart_meter,send_encrypted_data,334112,0.345,7747.525,true,none,307
2025-12-12 17:57:05.374,smart_meter,send_encrypted_data,334362,0.376,7114.085,true,none,282
2025-12-12 17:57:05.405,smart_meter,send_encrypted_data,334166,2.606,1025.836,true,none,82
2025-12-12 17:57:05.407,smart_meter,send_encrypted_data,334098,0.349,7658.407,true,none,299
2025-12-12 17:57:05.407,smart_meter,send_encrypted_data,333934,0.351,7611.031,true,none,344
2025-12-12 17:57:05.355,smart_meter,send_encrypted_data,334343,0.347,7708.196,true,none,390
2025-12-12 17:57:05.408,smart_meter,send_encrypted_data,334359,0.366,7308.393,true,none,456
2025-12-12 17:57:05.408,smart_meter,send_encrypted_data,334323,22.604,118.323,true,none,321
2025-12-12 17:57:05.409,smart_meter,send_encrypted_data,334205,0.362,7385.746,true,none,123
2025-12-12 17:57:05.409,smart_meter,send_encrypted_data,334275,0.350,7640.571,true,none,171
2025-12-12 17:57:05.410,smart_meter,send_encrypted_data,334490,0.353,7580.510,true,none,346
2025-12-12 17:57:05.411,smart_meter,send_encrypted_data,334446,6.438,415.590,true,none,438
2025-12-12 17:57:05.412,smart_meter,send_encrypted_data,334333,1.441,1856.117,true,none,430
2025-12-12 17:57:05.412,smart_meter,send_encrypted_data,334297,0.358,7470.324,true,none,132
2025-12-12 17:57:05.413,smart_meter,send_encrypted_data,334442,0.346,7732.763,true,none,485
2025-12-12 17:57:05.414,smart_meter,send_encrypted_data,334326,0.374,7151.358,true,none,302
2025-12-12 17:57:05.414,smart_meter,send_encrypted_data,334430,1.787,1497.168,true,none,478
2025-12-12 17:57:05.415,smart_meter,send_encrypted_data,334364,22.485,118.964,true,none,288
2025-12-12 17:57:05.415,smart_meter,send_encrypted_data,334134,0.349,7659.232,true,none,357
2025-12-12 17:57:05.414,smart_meter,send_encrypted_data,334226,0.338,7910.675,true,none,374
2025-12-12 17:57:05.417,smart_meter,send_encrypted_data,334540,0.336,7965.238,true,none,287
2025-12-12 17:57:05.417,smart_meter,send_encrypted_data,334317,13.507,198.011,true,none,239
2025-12-12 17:57:05.418,smart_meter,send_encrypted_data,334153,0.361,7405.053,true,none,355
2025-12-12 17:57:05.419,smart_meter,send_encrypted_data,334440,21.532,124.258,true,none,255
2025-12-12 17:57:05.419,smart_meter,send_encrypted_data,334425,10.137,263.924,true,none,291
2025-12-12 17:57:05.399,smart_meter,send_encrypted_data,334390,0.336,7961.667,true,none,403
2025-12-12 17:57:05.421,smart_meter,send_encrypted_data,333546,15.856,168.288,true,none,261
2025-12-12 17:57:05.421,smart_meter,send_encrypted_data,334160,10.074,265.364,true,none,303
2025-12-12 17:57:05.419,smart_meter,send_encrypted_data,334277,14.752,181.278,true,none,306
2025-12-12 17:57:05.421,smart_meter,send_encrypted_data,334447,12.896,207.473,true,none,348
2025-12-12 17:57:05.406,smart_meter,send_encrypted_data,334223,0.352,7595.977,true,none,301
2025-12-12 17:57:05.421,smart_meter,send_encrypted_data,334144,3.786,706.062,true,none,229
2025-12-12 17:57:05.409,smart_meter,send_encrypted_data,334087,0.351,7614.519,true,none,305
2025-12-12 17:57:05.422,smart_meter,send_encrypted_data,334224,0.384,6963.000,true,none,294
2025-12-12 17:57:05.424,smart_meter,send_encrypted_data,334326,7.797,343.030,true,none,292
2025-12-12 17:57:05.425,smart_meter,send_encrypted_data,334139,0.921,2902.402,true,none,358
2025-12-12 17:57:05.427,smart_meter,send_encrypted_data,333902,0.349,7653.914,true,none,498
2025-12-12 17:57:05.428,smart_meter,send_encrypted_data,334106,1.660,1610.149,true,none,494
2025-12-12 17:57:05.430,smart_meter,send_encrypted_data,334127,0.367,7283.422,true,none,160
2025-12-12 17:57:05.432,smart_meter,send_encrypted_data,334303,0.378,7075.196,true,none,405
2025-12-12 17:57:05.433,smart_meter,send_encrypted_data,334364,0.467,5727.863,true,none,493
2025-12-12 17:57:05.433,smart_meter,send_encrypted_data,334056,0.381,7014.299,true,none,360
2025-12-12 17:57:05.435,smart_meter,send_encrypted_data,334357,0.375,7132.949,true,none,404
2025-12-12 17:57:05.437,smart_meter,send_encrypted_data,333936,0.873,3060.124,true,none,312
2025-12-12 17:57:05.437,smart_meter,send_encrypted_data,334181,0.424,6305.302,true,none,195
2025-12-12 17:57:05.438,smart_meter,send_encrypted_data,334187,0.373,7167.550,true,none,500
2025-12-12 17:57:05.440,smart_meter,send_encrypted_data,334469,1.272,2103.579,true,none,472
2025-12-12 17:57:05.455,smart_meter,send_encrypted_data,334369,0.362,7389.370,true,none,135
2025-12-12 17:57:05.455,smart_meter,send_encrypted_data,334025,0.390,6851.795,true,none,177
2025-12-12 17:57:05.455,smart_meter,send_encrypted_data,334318,0.355,7533.927,true,none,192
2025-12-12 17:57:05.457,smart_meter,send_encrypted_data,334386,0.328,8155.756,true,none,194
2025-12-12 17:57:05.458,smart_meter,send_encrypted_data,334142,0.301,8880.850,true,none,334
2025-12-12 17:57:05.460,smart_meter,send_encrypted_data,334284,1.283,2084.390,true,none,237
2025-12-12 17:57:05.460,smart_meter,send_encrypted_data,333668,0.349,7648.550,true,none,331
2025-12-12 17:57:05.460,smart_meter,send_encrypted_data,334076,3.386,789.311,true,none,293
2025-12-12 17:57:05.462,smart_meter,send_encrypted_data,334366,0.434,6163.429,true,none,244
2025-12-12 17:57:05.462,smart_meter,send_encrypted_data,334297,0.335,7983.212,true,none,455
2025-12-12 17:57:05.463,smart_meter,send_encrypted_data,334045,0.372,7183.763,true,none,309
2025-12-12 17:57:05.465,smart_meter,send_encrypted_data,333721,0.972,2746.675,true,none,375
2025-12-12 17:57:05.466,smart_meter,send_encrypted_data,334475,1.533,1745.466,true,none,427
2025-12-12 17:57:05.466,smart_meter,send_encrypted_data,334103,0.492,5432.569,true,none,373
2025-12-12 17:57:05.467,smart_meter,send_encrypted_data,334212,0.409,6537.154,true,none,304
2025-12-12 17:57:05.475,smart_meter,send_encrypted_data,334393,0.884,3026.181,true,none,221
2025-12-12 17:57:05.477,smart_meter,send_encrypted_data,334312,0.752,3556.511,true,none,407
2025-12-12 17:57:05.477,smart_meter,send_encrypted_data,334338,0.927,2885.333,true,none,379
2025-12-12 17:57:05.485,smart_meter,send_encrypted_data,334341,0.405,6604.267,true,none,381
2025-12-12 17:57:05.486,smart_meter,send_encrypted_data,334451,0.355,7536.924,true,none,260
2025-12-12 17:57:05.486,smart_meter,send_encrypted_data,334315,0.390,6857.744,true,none,385
2025-12-12 17:57:05.487,smart_meter,send_encrypted_data,334207,0.407,6569.179,true,none,263
2025-12-12 17:57:05.488,smart_meter,send_encrypted_data,334532,0.356,7517.573,true,none,428
2025-12-12 17:57:05.488,smart_meter,send_encrypted_data,334356,2.716,984.848,true,none,297
2025-12-12 17:57:05.494,smart_meter,send_encrypted_data,334169,0.377,7091.119,true,none,378
2025-12-12 17:57:05.498,smart_meter,send_encrypted_data,334146,0.346,7725.919,true,none,345
2025-12-12 17:57:05.502,smart_meter,send_encrypted_data,334427,0.298,8977.906,true,none,432
2025-12-12 17:57:05.502,smart_meter,send_encrypted_data,334373,1.393,1920.304,true,none,298
2025-12-12 17:57:05.504,smart_meter,send_encrypted_data,334441,0.424,6310.208,true,none,473
2025-12-12 17:57:05.505,smart_meter,send_encrypted_data,334338,0.434,6162.912,true,none,204
2025-12-12 17:58:10.524,smart_meter,send_encrypted_data,334206,0.378,7073.143,true,none,86
2025-12-12 17:58:10.524,smart_meter,send_encrypted_data,334272,0.351,7618.735,true,none,9
2025-12-12 17:58:10.526,smart_meter,send_encrypted_data,334430,0.380,7040.632,true,none,146
2025-12-12 17:58:10.527,smart_meter,send_encrypted_data,334354,0.373,7171.131,true,none,14
2025-12-12 17:58:10.528,smart_meter,send_encrypted_data,334363,0.350,7642.583,true,none,124
2025-12-12 17:58:10.529,smart_meter,send_encrypted_data,334473,0.374,7154.503,true,none,15
2025-12-12 17:58:10.530,smart_meter,send_encrypted_data,334356,0.342,7821.193,true,none,17
2025-12-12 17:58:10.532,smart_meter,send_encrypted_data,334462,0.347,7710.939,true,none,1
2025-12-12 17:58:10.533,smart_meter,send_encrypted_data,334391,0.507,5276.387,true,none,7
2025-12-12 17:58:10.533,smart_meter,send_encrypted_data,334361,4.798,557.501,true,none,115
2025-12-12 17:58:10.534,smart_meter,send_encrypted_data,334516,0.374,7155.422,true,none,186
2025-12-12 17:58:10.534,smart_meter,send_encrypted_data,334044,0.937,2852.030,true,none,183
2025-12-12 17:58:10.535,smart_meter,send_encrypted_data,334365,1.473,1815.967,true,none,263
2025-12-12 17:58:10.537,smart_meter,send_encrypted_data,334480,0.346,7733.642,true,none,16
2025-12-12 17:58:10.537,smart_meter,send_encrypted_data,334032,0.345,7745.670,true,none,187
2025-12-12 17:58:10.539,smart_meter,send_encrypted_data,333936,0.377,7086.175,true,none,2
2025-12-12 17:58:10.539,smart_meter,send_encrypted_data,334401,0.392,6824.510,true,none,45
2025-12-12 17:58:10.540,smart_meter,send_encrypted_data,334430,0.369,7250.515,true,none,28
2025-12-12 17:58:10.541,smart_meter,send_encrypted_data,334228,0.346,7727.815,true,none,313
2025-12-12 17:58:10.541,smart_meter,send_encrypted_data,334270,0.384,6963.958,true,none,4
2025-12-12 17:58:10.541,smart_meter,send_encrypted_data,334444,0.365,7330.279,true,none,114
2025-12-12 17:58:10.542,smart_meter,send_encrypted_data,334331,0.354,7555.503,true,none,52
2025-12-12 17:58:10.543,smart_meter,send_encrypted_data,334249,0.344,7773.233,true,none,154
2025-12-12 17:58:10.543,smart_meter,send_encrypted_data,334137,0.365,7323.551,true,none,210
2025-12-12 17:58:10.544,smart_meter,send_encrypted_data,333900,0.359,7440.669,true,none,19
2025-12-12 17:58:10.544,smart_meter,send_encrypted_data,334169,0.378,7072.360,true,none,278
2025-12-12 17:58:10.545,smart_meter,send_encrypted_data,334189,0.353,7573.688,true,none,56
2025-12-12 17:58:10.545,smart_meter,send_encrypted_data,334357,0.375,7132.949,true,none,127
2025-12-12 17:58:10.545,smart_meter,send_encrypted_data,334331,0.365,7327.803,true,none,197
2025-12-12 17:58:10.546,smart_meter,send_encrypted_data,334409,0.389,6877.306,true,none,166
2025-12-12 17:58:10.546,smart_meter,send_encrypted_data,334459,0.373,7173.383,true,none,276
2025-12-12 17:58:10.546,smart_meter,send_encrypted_data,334443,0.398,6722.472,true,none,257
2025-12-12 17:58:10.546,smart_meter,send_encrypted_data,334466,0.374,7154.353,true,none,104
2025-12-12 17:58:10.547,smart_meter,send_encrypted_data,334001,0.368,7260.891,true,none,22
2025-12-12 17:58:10.547,smart_meter,send_encrypted_data,334371,0.346,7731.121,true,none,30
2025-12-12 17:58:10.547,smart_meter,send_encrypted_data,333327,0.353,7554.153,true,none,92
2025-12-12 17:58:10.548,smart_meter,send_encrypted_data,334440,0.343,7800.350,true,none,38
2025-12-12 17:58:10.548,smart_meter,send_encrypted_data,334551,0.355,7539.177,true,none,148
2025-12-12 17:58:10.549,smart_meter,send_encrypted_data,334131,5.777,462.705,true,none,300
2025-12-12 17:58:10.549,smart_meter,send_encrypted_data,334235,0.367,7285.777,true,none,73
2025-12-12 17:58:10.550,smart_meter,send_encrypted_data,334390,5.451,490.758,true,none,143
2025-12-12 17:58:10.550,smart_meter,send_encrypted_data,334369,0.373,7171.453,true,none,322
2025-12-12 17:58:10.551,smart_meter,send_encrypted_data,334358,0.352,7599.045,true,none,147
2025-12-12 17:58:10.551,smart_meter,send_encrypted_data,334137,0.357,7487.664,true,none,99
2025-12-12 17:58:10.551,smart_meter,send_encrypted_data,333998,0.363,7360.837,true,none,44
2025-12-12 17:58:10.551,smart_meter,send_encrypted_data,334151,8.422,317.408,true,none,162
2025-12-12 17:58:10.552,smart_meter,send_encrypted_data,334375,9.400,284.574,true,none,138
2025-12-12 17:58:10.552,smart_meter,send_encrypted_data,334393,0.351,7621.493,true,none,119
2025-12-12 17:58:10.552,smart_meter,send_encrypted_data,334308,0.346,7729.665,true,none,179
2025-12-12 17:58:10.552,smart_meter,send_encrypted_data,334561,11.695,228.857,true,none,6
2025-12-12 17:58:10.553,smart_meter,send_encrypted_data,334459,0.340,7869.624,true,none,60
2025-12-12 17:58:10.553,smart_meter,send_encrypted_data,334038,0.416,6423.808,true,none,174
2025-12-12 17:58:10.553,smart_meter,send_encrypted_data,334143,0.354,7551.254,true,none,219
2025-12-12 17:58:10.554,smart_meter,send_encrypted_data,334091,0.337,7930.944,true,none,241
2025-12-12 17:58:10.555,smart_meter,send_encrypted_data,334304,0.354,7554.893,true,none,144
2025-12-12 17:58:10.555,smart_meter,send_encrypted_data,334087,4.675,571.700,true,none,211
2025-12-12 17:58:10.555,smart_meter,send_encrypted_data,334325,6.379,419.282,true,none,121
2025-12-12 17:58:10.555,smart_meter,send_encrypted_data,334394,0.393,6807.003,true,none,5
2025-12-12 17:58:10.555,smart_meter,send_encrypted_data,334264,0.396,6752.808,true,none,194
2025-12-12 17:58:10.556,smart_meter,send_encrypted_data,334262,0.389,6874.283,true,none,34
2025-12-12 17:58:10.556,smart_meter,send_encrypted_data,334146,0.388,6889.608,true,none,94
2025-12-12 17:58:10.557,smart_meter,send_encrypted_data,334234,0.365,7325.677,true,none,129
2025-12-12 17:58:10.557,smart_meter,send_encrypted_data,334071,0.381,7014.614,true,none,24
2025-12-12 17:58:10.542,smart_meter,send_encrypted_data,334118,0.355,7529.420,true,none,37
2025-12-12 17:58:10.557,smart_meter,send_encrypted_data,334087,0.386,6924.083,true,none,324
2025-12-12 17:58:10.557,smart_meter,send_encrypted_data,334363,0.386,6929.803,true,none,55
2025-12-12 17:58:10.558,smart_meter,send_encrypted_data,334344,0.338,7913.467,true,none,79
2025-12-12 17:58:10.558,smart_meter,send_encrypted_data,334469,13.288,201.366,true,none,106
2025-12-12 17:58:10.559,smart_meter,send_encrypted_data,334205,10.805,247.445,true,none,198
2025-12-12 17:58:10.559,smart_meter,send_encrypted_data,334412,0.337,7938.564,true,none,135
2025-12-12 17:58:10.560,smart_meter,send_encrypted_data,334417,0.357,7493.938,true,none,46
2025-12-12 17:58:10.561,smart_meter,send_encrypted_data,334271,0.377,7093.284,true,none,273
2025-12-12 17:58:10.561,smart_meter,send_encrypted_data,334159,0.363,7364.386,true,none,293
2025-12-12 17:58:10.561,smart_meter,send_encrypted_data,334102,12.286,217.550,true,none,249
2025-12-12 17:58:10.561,smart_meter,send_encrypted_data,334370,0.364,7348.791,true,none,240
2025-12-12 17:58:10.562,smart_meter,send_encrypted_data,334544,13.947,191.894,true,none,353
2025-12-12 17:58:10.562,smart_meter,send_encrypted_data,334105,0.404,6615.941,true,none,298
2025-12-12 17:58:10.562,smart_meter,send_encrypted_data,334246,0.364,7346.066,true,none,260
2025-12-12 17:58:10.562,smart_meter,send_encrypted_data,334068,0.365,7322.038,true,none,331
2025-12-12 17:58:10.563,smart_meter,send_encrypted_data,334162,0.346,7726.289,true,none,105
2025-12-12 17:58:10.563,smart_meter,send_encrypted_data,334316,0.386,6928.829,true,none,54
2025-12-12 17:58:10.563,smart_meter,send_encrypted_data,334189,0.396,6751.293,true,none,120
2025-12-12 17:58:10.563,smart_meter,send_encrypted_data,333992,0.371,7201.984,true,none,245
2025-12-12 17:58:10.561,smart_meter,send_encrypted_data,334430,9.852,271.563,true,none,59
2025-12-12 17:58:10.564,smart_meter,send_encrypted_data,334097,10.319,259.015,true,none,49
2025-12-12 17:58:10.564,smart_meter,send_encrypted_data,334295,0.362,7387.735,true,none,189
2025-12-12 17:58:10.564,smart_meter,send_encrypted_data,334073,0.349,7657.834,true,none,296
2025-12-12 17:58:10.565,smart_meter,send_encrypted_data,333677,12.787,208.760,true,none,168
2025-12-12 17:58:10.565,smart_meter,send_encrypted_data,334395,0.373,7172.011,true,none,89
2025-12-12 17:58:10.566,smart_meter,send_encrypted_data,333715,14.781,180.618,true,none,125
2025-12-12 17:58:10.566,smart_meter,send_encrypted_data,334286,14.133,189.223,true,none,181
2025-12-12 17:58:10.566,smart_meter,send_encrypted_data,334116,0.345,7747.617,true,none,334
2025-12-12 17:58:10.567,smart_meter,send_encrypted_data,334295,14.134,189.215,true,none,126
2025-12-12 17:58:10.567,smart_meter,send_encrypted_data,334371,7.235,369.726,true,none,137
2025-12-12 17:58:10.567,smart_meter,send_encrypted_data,334395,4.398,608.267,true,none,409
2025-12-12 17:58:10.567,smart_meter,send_encrypted_data,334438,0.383,6985.650,true,none,393
2025-12-12 17:58:10.568,smart_meter,send_encrypted_data,334199,3.593,744.111,true,none,93
2025-12-12 17:58:10.569,smart_meter,send_encrypted_data,334341,0.358,7471.307,true,none,351
2025-12-12 17:58:10.569,smart_meter,send_encrypted_data,334370,0.376,7114.255,true,none,111
2025-12-12 17:58:10.569,smart_meter,send_encrypted_data,334286,7.018,381.061,true,none,391
2025-12-12 17:58:10.569,smart_meter,send_encrypted_data,334323,0.379,7056.950,true,none,253
2025-12-12 17:58:10.570,smart_meter,send_encrypted_data,334356,16.032,166.844,true,none,280
2025-12-12 17:58:10.570,smart_meter,send_encrypted_data,334246,8.567,312.124,true,none,178
2025-12-12 17:58:10.570,smart_meter,send_encrypted_data,334414,0.366,7309.596,true,none,216
2025-12-12 17:58:10.570,smart_meter,send_encrypted_data,334429,0.358,7473.274,true,none,239
2025-12-12 17:58:10.571,smart_meter,send_encrypted_data,334235,7.118,375.650,true,none,226
2025-12-12 17:58:10.571,smart_meter,send_encrypted_data,334464,5.441,491.768,true,none,10
2025-12-12 17:58:10.571,smart_meter,send_encrypted_data,334444,0.358,7473.609,true,none,306
2025-12-12 17:58:10.571,smart_meter,send_encrypted_data,334227,0.352,7596.068,true,none,70
2025-12-12 17:58:10.572,smart_meter,send_encrypted_data,334146,0.334,8003.497,true,none,231
2025-12-12 17:58:10.573,smart_meter,send_encrypted_data,334197,4.199,636.717,true,none,163
2025-12-12 17:58:10.573,smart_meter,send_encrypted_data,334146,0.371,7205.305,true,none,417
2025-12-12 17:58:10.572,smart_meter,send_encrypted_data,334354,7.727,346.167,true,none,62
2025-12-12 17:58:10.574,smart_meter,send_encrypted_data,334436,0.359,7452.613,true,none,176
2025-12-12 17:58:10.574,smart_meter,send_encrypted_data,334267,4.039,662.079,true,none,320
2025-12-12 17:58:10.574,smart_meter,send_encrypted_data,334248,0.356,7511.191,true,none,63
2025-12-12 17:58:10.574,smart_meter,send_encrypted_data,334480,5.948,449.872,true,none,222
2025-12-12 17:58:10.575,smart_meter,send_encrypted_data,334388,0.360,7430.844,true,none,191
2025-12-12 17:58:10.575,smart_meter,send_encrypted_data,334411,0.355,7536.023,true,none,356
2025-12-12 17:58:10.575,smart_meter,send_encrypted_data,334366,5.635,474.699,true,none,413
2025-12-12 17:58:10.575,smart_meter,send_encrypted_data,334295,0.351,7619.259,true,none,325
2025-12-12 17:58:10.575,smart_meter,send_encrypted_data,334478,0.356,7516.360,true,none,149
2025-12-12 17:58:10.576,smart_meter,send_encrypted_data,334378,0.351,7621.151,true,none,375
2025-12-12 17:58:10.574,smart_meter,send_encrypted_data,334222,4.952,539.939,true,none,349
2025-12-12 17:58:10.576,smart_meter,send_encrypted_data,334430,0.352,7600.682,true,none,376
2025-12-12 17:58:10.576,smart_meter,send_encrypted_data,334241,0.358,7469.073,true,none,215
2025-12-12 17:58:10.577,smart_meter,send_encrypted_data,334140,0.358,7466.816,true,none,82
2025-12-12 17:58:10.577,smart_meter,send_encrypted_data,333981,0.343,7789.644,true,none,96
2025-12-12 17:58:10.578,smart_meter,send_encrypted_data,334161,0.376,7109.809,true,none,47
2025-12-12 17:58:10.578,smart_meter,send_encrypted_data,334272,0.383,6982.183,true,none,233
2025-12-12 17:58:10.578,smart_meter,send_encrypted_data,334534,0.383,6987.655,true,none,408
2025-12-12 17:58:10.578,smart_meter,send_encrypted_data,333634,11.397,234.191,true,none,303
2025-12-12 17:58:10.579,smart_meter,send_encrypted_data,334287,0.361,7408.022,true,none,75
2025-12-12 17:58:10.579,smart_meter,send_encrypted_data,333755,0.364,7335.275,true,none,264
2025-12-12 17:58:10.579,smart_meter,send_encrypted_data,334518,0.368,7272.130,true,none,31
2025-12-12 17:58:10.579,smart_meter,send_encrypted_data,334391,0.354,7556.859,true,none,107
2025-12-12 17:58:10.580,smart_meter,send_encrypted_data,334335,0.362,7388.619,true,none,32
2025-12-12 17:58:10.581,smart_meter,send_encrypted_data,334401,0.362,7390.077,true,none,21
2025-12-12 17:58:10.581,smart_meter,send_encrypted_data,334464,0.392,6825.796,true,none,255
2025-12-12 17:58:10.581,smart_meter,send_encrypted_data,334421,2.370,1128.847,true,none,41
2025-12-12 17:58:10.582,smart_meter,send_encrypted_data,334518,0.393,6809.527,true,none,374
2025-12-12 17:58:10.582,smart_meter,send_encrypted_data,334158,0.422,6334.749,true,none,167
2025-12-12 17:58:10.582,smart_meter,send_encrypted_data,334352,0.379,7057.562,true,none,203
2025-12-12 17:58:10.583,smart_meter,send_encrypted_data,334263,0.358,7469.564,true,none,95
2025-12-12 17:58:10.583,smart_meter,send_encrypted_data,334330,0.392,6823.061,true,none,301
2025-12-12 17:58:10.583,smart_meter,send_encrypted_data,334498,0.366,7311.432,true,none,184
2025-12-12 17:58:10.584,smart_meter,send_encrypted_data,334102,7.160,373.298,true,none,208
2025-12-12 17:58:10.584,smart_meter,send_encrypted_data,334324,2.972,899.930,true,none,130
2025-12-12 17:58:10.585,smart_meter,send_encrypted_data,333829,0.359,7439.086,true,none,362
2025-12-12 17:58:10.585,smart_meter,send_encrypted_data,334391,0.384,6966.479,true,none,289
2025-12-12 17:58:10.585,smart_meter,send_encrypted_data,334136,0.359,7445.928,true,none,39
2025-12-12 17:58:10.585,smart_meter,send_encrypted_data,334444,0.347,7710.524,true,none,117
2025-12-12 17:58:10.585,smart_meter,send_encrypted_data,334220,0.368,7265.652,true,none,134
2025-12-12 17:58:10.586,smart_meter,send_encrypted_data,334429,0.377,7096.637,true,none,29
2025-12-12 17:58:10.586,smart_meter,send_encrypted_data,334489,0.380,7041.874,true,none,281
2025-12-12 17:58:10.586,smart_meter,send_encrypted_data,334300,0.381,7019.423,true,none,234
2025-12-12 17:58:10.584,smart_meter,send_encrypted_data,334436,4.547,588.407,true,none,172
2025-12-12 17:58:10.587,smart_meter,send_encrypted_data,334159,6.004,445.249,true,none,192
2025-12-12 17:58:10.587,smart_meter,send_encrypted_data,334080,9.474,282.103,true,none,212
2025-12-12 17:58:10.582,smart_meter,send_encrypted_data,334332,1.384,1932.555,true,none,202
2025-12-12 17:58:10.587,smart_meter,send_encrypted_data,334367,2.195,1218.650,true,none,35
2025-12-12 17:58:10.587,smart_meter,send_encrypted_data,334104,0.360,7424.533,true,none,267
2025-12-12 17:58:10.587,smart_meter,send_encrypted_data,334425,9.873,270.981,true,none,346
2025-12-12 17:58:10.585,smart_meter,send_encrypted_data,334397,4.378,611.050,true,none,269
2025-12-12 17:58:10.588,smart_meter,send_encrypted_data,334408,16.995,157.415,true,none,339
2025-12-12 17:58:10.588,smart_meter,send_encrypted_data,334456,0.379,7059.757,true,none,361
2025-12-12 17:58:10.588,smart_meter,send_encrypted_data,334173,0.403,6633.707,true,none,165
2025-12-12 17:58:10.589,smart_meter,send_encrypted_data,334414,7.236,369.722,true,none,308
2025-12-12 17:58:10.589,smart_meter,send_encrypted_data,334201,0.383,6980.700,true,none,288
2025-12-12 17:58:10.589,smart_meter,send_encrypted_data,334351,0.359,7450.719,true,none,8
2025-12-12 17:58:10.589,smart_meter,send_encrypted_data,334443,1.834,1458.857,true,none,97
2025-12-12 17:58:10.590,smart_meter,send_encrypted_data,334477,0.346,7733.572,true,none,238
2025-12-12 17:58:10.590,smart_meter,send_encrypted_data,334389,0.350,7643.177,true,none,286
2025-12-12 17:58:10.590,smart_meter,send_encrypted_data,334380,0.394,6789.442,true,none,158
2025-12-12 17:58:10.591,smart_meter,send_encrypted_data,334417,8.319,321.593,true,none,401
2025-12-12 17:58:10.591,smart_meter,send_encrypted_data,334133,0.396,6750.162,true,none,314
2025-12-12 17:58:10.591,smart_meter,send_encrypted_data,334420,0.359,7452.256,true,none,323
2025-12-12 17:58:10.592,smart_meter,send_encrypted_data,334454,0.366,7310.470,true,none,153
2025-12-12 17:58:10.592,smart_meter,send_encrypted_data,334308,0.369,7247.870,true,none,225
2025-12-12 17:58:10.592,smart_meter,send_encrypted_data,334253,12.716,210.288,true,none,381
2025-12-12 17:58:10.592,smart_meter,send_encrypted_data,334437,0.373,7172.912,true,none,145
2025-12-12 17:58:10.587,smart_meter,send_encrypted_data,334311,3.087,866.371,true,none,180
2025-12-12 17:58:10.593,smart_meter,send_encrypted_data,334421,0.372,7191.849,true,none,195
2025-12-12 17:58:10.593,smart_meter,send_encrypted_data,334184,0.403,6633.926,true,none,88
2025-12-12 17:58:10.594,smart_meter,send_encrypted_data,334048,0.343,7791.207,true,none,304
2025-12-12 17:58:10.594,smart_meter,send_encrypted_data,334393,0.392,6824.347,true,none,235
2025-12-12 17:58:10.594,smart_meter,send_encrypted_data,334297,0.412,6491.204,true,none,275
2025-12-12 17:58:10.595,smart_meter,send_encrypted_data,334340,2.757,970.156,true,none,71
2025-12-12 17:58:10.595,smart_meter,send_encrypted_data,334426,23.408,114.295,true,none,116
2025-12-12 17:58:10.595,smart_meter,send_encrypted_data,334524,0.378,7079.873,true,none,224
2025-12-12 17:58:10.595,smart_meter,send_encrypted_data,334285,0.401,6669.027,true,none,352
2025-12-12 17:58:10.596,smart_meter,send_encrypted_data,334103,0.342,7815.275,true,none,25
2025-12-12 17:58:10.596,smart_meter,send_encrypted_data,334083,0.344,7769.372,true,none,271
2025-12-12 17:58:10.597,smart_meter,send_encrypted_data,333786,0.366,7295.869,true,none,310
2025-12-12 17:58:10.597,smart_meter,send_encrypted_data,334256,4.532,590.037,true,none,42
2025-12-12 17:58:10.598,smart_meter,send_encrypted_data,334151,4.082,654.877,true,none,291
2025-12-12 17:58:10.598,smart_meter,send_encrypted_data,334431,4.938,541.808,true,none,411
2025-12-12 17:58:10.598,smart_meter,send_encrypted_data,333873,0.365,7317.764,true,none,312
2025-12-12 17:58:10.598,smart_meter,send_encrypted_data,334458,7.507,356.423,true,none,175
2025-12-12 17:58:10.598,smart_meter,send_encrypted_data,334444,5.897,453.714,true,none,188
2025-12-12 17:58:10.598,smart_meter,send_encrypted_data,334296,0.365,7327.036,true,none,91
2025-12-12 17:58:10.598,smart_meter,send_encrypted_data,334231,0.360,7427.356,true,none,244
2025-12-12 17:58:10.599,smart_meter,send_encrypted_data,334428,0.404,6622.337,true,none,77
2025-12-12 17:58:10.600,smart_meter,send_encrypted_data,334161,0.372,7186.258,true,none,11
2025-12-12 17:58:10.600,smart_meter,send_encrypted_data,334378,0.375,7133.397,true,none,171
2025-12-12 17:58:10.600,smart_meter,send_encrypted_data,334237,3.825,699.058,true,none,292
2025-12-12 17:58:10.600,smart_meter,send_encrypted_data,334051,0.350,7635.451,true,none,72
2025-12-12 17:58:10.600,smart_meter,send_encrypted_data,334158,0.349,7659.782,true,none,342
2025-12-12 17:58:10.601,smart_meter,send_encrypted_data,333915,17.878,149.419,true,none,13
2025-12-12 17:58:10.601,smart_meter,send_encrypted_data,334391,3.030,882.881,true,none,40
2025-12-12 17:58:10.603,smart_meter,send_encrypted_data,334309,0.349,7663.244,true,none,412
2025-12-12 17:58:10.603,smart_meter,send_encrypted_data,334410,0.389,6877.326,true,none,76
2025-12-12 17:58:10.603,smart_meter,send_encrypted_data,334484,0.405,6607.091,true,none,23
2025-12-12 17:58:10.603,smart_meter,send_encrypted_data,334468,0.774,3457.034,true,none,252
2025-12-12 17:58:10.603,smart_meter,send_encrypted_data,334316,0.387,6910.925,true,none,48
2025-12-12 17:58:10.601,smart_meter,send_encrypted_data,334443,4.905,545.473,true,none,360
2025-12-12 17:58:10.603,smart_meter,send_encrypted_data,334522,0.409,6543.218,true,none,128
2025-12-12 17:58:10.605,smart_meter,send_encrypted_data,334198,0.340,7863.482,true,none,209
2025-12-12 17:58:10.605,smart_meter,send_encrypted_data,333839,2.361,1131.178,true,none,103
2025-12-12 17:58:10.605,smart_meter,send_encrypted_data,334304,0.374,7150.888,true,none,347
2025-12-12 17:58:10.606,smart_meter,send_encrypted_data,334372,0.354,7556.429,true,none,229
2025-12-12 17:58:10.606,smart_meter,send_encrypted_data,334146,0.377,7090.631,true,none,406
2025-12-12 17:58:10.606,smart_meter,send_encrypted_data,334387,31.398,85.200,true,none,61
2025-12-12 17:58:10.607,smart_meter,send_encrypted_data,333850,0.357,7481.232,true,none,364
2025-12-12 17:58:10.607,smart_meter,send_encrypted_data,334405,0.383,6984.961,true,none,101
2025-12-12 17:58:10.607,smart_meter,send_encrypted_data,334204,0.356,7510.202,true,none,51
2025-12-12 17:58:10.608,smart_meter,send_encrypted_data,334428,0.349,7665.971,true,none,140
2025-12-12 17:58:10.608,smart_meter,send_encrypted_data,334386,0.415,6445.995,true,none,112
2025-12-12 17:58:10.608,smart_meter,send_encrypted_data,334403,0.363,7369.763,true,none,290
2025-12-12 17:58:10.608,smart_meter,send_encrypted_data,334145,3.598,742.957,true,none,279
2025-12-12 17:58:10.608,smart_meter,send_encrypted_data,334510,16.647,160.754,true,none,284
2025-12-12 17:58:10.601,smart_meter,send_encrypted_data,334266,0.344,7773.628,true,none,64
2025-12-12 17:58:10.609,smart_meter,send_encrypted_data,334084,0.367,7282.485,true,none,139
2025-12-12 17:58:10.609,smart_meter,send_encrypted_data,334045,0.353,7570.425,true,none,193
2025-12-12 17:58:10.609,smart_meter,send_encrypted_data,334287,0.399,6702.496,true,none,118
2025-12-12 17:58:10.609,smart_meter,send_encrypted_data,333976,0.353,7568.861,true,none,110
2025-12-12 17:58:10.610,smart_meter,send_encrypted_data,333981,0.379,7049.731,true,none,221
2025-12-12 17:58:10.610,smart_meter,send_encrypted_data,334300,6.992,382.494,true,none,228
2025-12-12 17:58:10.610,smart_meter,send_encrypted_data,334080,4.718,566.477,true,none,199
2025-12-12 17:58:10.610,smart_meter,send_encrypted_data,334449,0.356,7515.708,true,none,311
2025-12-12 17:58:10.610,smart_meter,send_encrypted_data,334105,0.355,7529.127,true,none,58
2025-12-12 17:58:10.611,smart_meter,send_encrypted_data,334387,0.340,7867.929,true,none,287
2025-12-12 17:58:10.611,smart_meter,send_encrypted_data,334320,0.353,7576.657,true,none,213
2025-12-12 17:58:10.611,smart_meter,send_encrypted_data,334414,0.359,7452.123,true,none,357
2025-12-12 17:58:10.611,smart_meter,send_encrypted_data,334426,0.371,7211.342,true,none,53
2025-12-12 17:58:10.612,smart_meter,send_encrypted_data,334404,0.378,7077.333,true,none,318
2025-12-12 17:58:10.613,smart_meter,send_encrypted_data,334487,0.354,7559.028,true,none,136
2025-12-12 17:58:10.613,smart_meter,send_encrypted_data,334500,0.349,7667.622,true,none,330
2025-12-12 17:58:10.614,smart_meter,send_encrypted_data,334131,0.371,7204.981,true,none,20
2025-12-12 17:58:10.614,smart_meter,send_encrypted_data,334203,2.967,901.120,true,none,69
2025-12-12 17:58:10.616,smart_meter,send_encrypted_data,334451,0.352,7601.159,true,none,169
2025-12-12 17:58:10.616,smart_meter,send_encrypted_data,334355,0.363,7368.705,true,none,50
2025-12-12 17:58:10.617,smart_meter,send_encrypted_data,334113,0.358,7466.212,true,none,297
2025-12-12 17:58:10.618,smart_meter,send_encrypted_data,334129,0.368,7263.674,true,none,27
2025-12-12 17:58:10.618,smart_meter,send_encrypted_data,334328,0.347,7707.850,true,none,131
2025-12-12 17:58:10.619,smart_meter,send_encrypted_data,334248,0.361,7407.158,true,none,173
2025-12-12 17:58:10.619,smart_meter,send_encrypted_data,334422,0.389,6877.573,true,none,295
2025-12-12 17:58:10.620,smart_meter,send_encrypted_data,334082,1.396,1914.510,true,none,363
2025-12-12 17:58:10.619,smart_meter,send_encrypted_data,334418,1.792,1492.938,true,none,227
2025-12-12 17:58:10.620,smart_meter,send_encrypted_data,334248,0.361,7407.158,true,none,74
2025-12-12 17:58:10.620,smart_meter,send_encrypted_data,334480,1.227,2180.799,true,none,282
2025-12-12 17:58:10.621,smart_meter,send_encrypted_data,334451,0.344,7777.930,true,none,201
2025-12-12 17:58:10.621,smart_meter,send_encrypted_data,334383,0.375,7133.504,true,none,85
2025-12-12 17:58:10.621,smart_meter,send_encrypted_data,334426,0.352,7600.591,true,none,84
2025-12-12 17:58:10.622,smart_meter,send_encrypted_data,334069,0.397,6731.869,true,none,382
2025-12-12 17:58:10.623,smart_meter,send_encrypted_data,334170,0.354,7551.864,true,none,368
2025-12-12 17:58:10.623,smart_meter,send_encrypted_data,334253,1.157,2311.170,true,none,348
2025-12-12 17:58:10.623,smart_meter,send_encrypted_data,334106,0.382,6996.984,true,none,248
2025-12-12 17:58:10.623,smart_meter,send_encrypted_data,334426,0.388,6895.381,true,none,90
2025-12-12 17:58:10.596,smart_meter,send_encrypted_data,334217,0.371,7206.836,true,none,18
2025-12-12 17:58:10.624,smart_meter,send_encrypted_data,334099,0.384,6960.396,true,none,397
2025-12-12 17:58:10.598,smart_meter,send_encrypted_data,334450,0.342,7823.392,true,none,272
2025-12-12 17:58:10.625,smart_meter,send_encrypted_data,334402,0.362,7390.099,true,none,218
2025-12-12 17:58:10.626,smart_meter,send_encrypted_data,334308,19.184,139.411,true,none,321
2025-12-12 17:58:10.626,smart_meter,send_encrypted_data,334482,0.344,7778.651,true,none,12
2025-12-12 17:58:10.627,smart_meter,send_encrypted_data,334146,0.347,7703.654,true,none,274
2025-12-12 17:58:10.627,smart_meter,send_encrypted_data,334177,0.356,7509.596,true,none,223
2025-12-12 17:58:10.628,smart_meter,send_encrypted_data,334306,0.387,6910.718,true,none,185
2025-12-12 17:58:10.628,smart_meter,send_encrypted_data,334361,0.424,6308.698,true,none,328
2025-12-12 17:58:10.628,smart_meter,send_encrypted_data,334064,0.360,7423.644,true,none,123
2025-12-12 17:58:10.629,smart_meter,send_encrypted_data,334311,0.383,6982.997,true,none,196
2025-12-12 17:58:10.629,smart_meter,send_encrypted_data,334214,0.353,7574.255,true,none,132
2025-12-12 17:58:10.629,smart_meter,send_encrypted_data,334151,0.367,7283.946,true,none,277
2025-12-12 17:58:10.629,smart_meter,send_encrypted_data,333352,0.350,7619.474,true,none,80
2025-12-12 17:58:10.630,smart_meter,send_encrypted_data,334405,0.335,7985.791,true,none,402
2025-12-12 17:58:10.630,smart_meter,send_encrypted_data,334410,18.423,145.214,true,none,355
2025-12-12 17:58:10.630,smart_meter,send_encrypted_data,334142,0.384,6961.292,true,none,200
2025-12-12 17:58:10.631,smart_meter,send_encrypted_data,334420,0.354,7557.514,true,none,398
2025-12-12 17:58:10.631,smart_meter,send_encrypted_data,334369,0.380,7039.347,true,none,337
2025-12-12 17:58:10.631,smart_meter,send_encrypted_data,334448,9.844,271.798,true,none,386
2025-12-12 17:58:10.631,smart_meter,send_encrypted_data,334470,0.347,7711.124,true,none,371
2025-12-12 17:58:10.632,smart_meter,send_encrypted_data,334080,7.604,351.478,true,none,230
2025-12-12 17:58:10.632,smart_meter,send_encrypted_data,334491,0.353,7580.533,true,none,404
2025-12-12 17:58:10.632,smart_meter,send_encrypted_data,334339,0.372,7190.086,true,none,372
2025-12-12 17:58:10.601,smart_meter,send_encrypted_data,334179,0.369,7245.073,true,none,358
2025-12-12 17:58:10.632,smart_meter,send_encrypted_data,334510,0.341,7847.742,true,none,66
2025-12-12 17:58:10.633,smart_meter,send_encrypted_data,334294,10.320,259.143,true,none,350
2025-12-12 17:58:10.633,smart_meter,send_encrypted_data,334338,0.350,7642.011,true,none,133
2025-12-12 17:58:10.633,smart_meter,send_encrypted_data,334069,0.356,7507.169,true,none,266
2025-12-12 17:58:10.633,smart_meter,send_encrypted_data,334397,10.677,250.555,true,none,259
2025-12-12 17:58:10.633,smart_meter,send_encrypted_data,334203,15.520,172.270,true,none,262
2025-12-12 17:58:10.633,smart_meter,send_encrypted_data,334441,0.360,7432.022,true,none,396
2025-12-12 17:58:10.631,smart_meter,send_encrypted_data,334490,16.423,162.937,true,none,299
2025-12-12 17:58:10.632,smart_meter,send_encrypted_data,334399,11.047,242.165,true,none,102
2025-12-12 17:58:10.634,smart_meter,send_encrypted_data,334051,17.445,153.190,true,none,78
2025-12-12 17:58:10.634,smart_meter,send_encrypted_data,334430,14.201,188.398,true,none,65
2025-12-12 17:58:10.634,smart_meter,send_encrypted_data,334204,21.789,122.706,true,none,307
2025-12-12 17:58:10.634,smart_meter,send_encrypted_data,334395,0.342,7822.105,true,none,164
2025-12-12 17:58:10.595,smart_meter,send_encrypted_data,334293,0.338,7912.260,true,none,100
2025-12-12 17:58:10.635,smart_meter,send_encrypted_data,334148,5.873,455.165,true,none,36
2025-12-12 17:58:10.635,smart_meter,send_encrypted_data,334424,7.544,354.638,true,none,399
2025-12-12 17:58:10.635,smart_meter,send_encrypted_data,334389,0.379,7058.343,true,none,87
2025-12-12 17:58:10.635,smart_meter,send_encrypted_data,334342,0.356,7513.303,true,none,205
2025-12-12 17:58:10.636,smart_meter,send_encrypted_data,333703,0.362,7374.652,true,none,151
2025-12-12 17:58:10.637,smart_meter,send_encrypted_data,334312,0.365,7327.386,true,none,268
2025-12-12 17:58:10.637,smart_meter,send_encrypted_data,334398,0.341,7845.114,true,none,214
2025-12-12 17:58:10.637,smart_meter,send_encrypted_data,334376,0.384,6966.167,true,none,43
2025-12-12 17:58:10.638,smart_meter,send_encrypted_data,334327,5.487,487.446,true,none,83
2025-12-12 17:58:10.636,smart_meter,send_encrypted_data,334217,0.645,4145.327,true,none,336
2025-12-12 17:58:10.638,smart_meter,send_encrypted_data,334365,0.365,7328.548,true,none,305
2025-12-12 17:58:10.639,smart_meter,send_encrypted_data,334305,2.317,1154.268,true,none,243
2025-12-12 17:58:10.601,smart_meter,send_encrypted_data,334296,0.366,7307.016,true,none,247
2025-12-12 17:58:10.639,smart_meter,send_encrypted_data,334459,0.342,7823.602,true,none,326
2025-12-12 17:58:10.640,smart_meter,send_encrypted_data,334338,0.349,7663.908,true,none,26
2025-12-12 17:58:10.602,smart_meter,send_encrypted_data,333937,6.042,442.154,true,none,246
2025-12-12 17:58:10.640,smart_meter,send_encrypted_data,334099,0.411,6503.144,true,none,400
2025-12-12 17:58:10.640,smart_meter,send_encrypted_data,334106,22.754,117.467,true,none,141
2025-12-12 17:58:10.641,smart_meter,send_encrypted_data,334087,0.369,7243.079,true,none,341
2025-12-12 17:58:10.641,smart_meter,send_encrypted_data,334359,0.363,7368.793,true,none,150
2025-12-12 17:58:10.641,smart_meter,send_encrypted_data,334077,0.362,7382.917,true,none,122
2025-12-12 17:58:10.642,smart_meter,send_encrypted_data,334346,0.645,4146.927,true,none,387
2025-12-12 17:58:10.642,smart_meter,send_encrypted_data,333975,0.415,6438.072,true,none,332
2025-12-12 17:58:10.643,smart_meter,send_encrypted_data,334233,0.369,7246.244,true,none,414
2025-12-12 17:58:10.643,smart_meter,send_encrypted_data,333982,0.341,7835.355,true,none,340
2025-12-12 17:58:10.643,smart_meter,send_encrypted_data,334203,0.966,2767.727,true,none,177
2025-12-12 17:58:10.643,smart_meter,send_encrypted_data,334413,0.400,6688.260,true,none,81
2025-12-12 17:58:10.643,smart_meter,send_encrypted_data,334453,0.394,6790.924,true,none,319
2025-12-12 17:58:10.643,smart_meter,send_encrypted_data,334347,0.390,6858.400,true,none,283
2025-12-12 17:58:10.644,smart_meter,send_encrypted_data,334103,0.390,6853.395,true,none,315
2025-12-12 17:58:10.644,smart_meter,send_encrypted_data,334059,0.356,7506.944,true,none,256
2025-12-12 17:58:10.645,smart_meter,send_encrypted_data,334198,0.387,6908.486,true,none,161
2025-12-12 17:58:10.645,smart_meter,send_encrypted_data,334362,0.417,6414.619,true,none,157
2025-12-12 17:58:10.645,smart_meter,send_encrypted_data,334197,0.363,7365.223,true,none,113
2025-12-12 17:58:10.646,smart_meter,send_encrypted_data,334156,0.365,7323.967,true,none,377
2025-12-12 17:58:10.646,smart_meter,send_encrypted_data,334446,0.344,7777.814,true,none,265
2025-12-12 17:58:10.647,smart_meter,send_encrypted_data,334100,0.397,6732.494,true,none,327
2025-12-12 17:58:10.647,smart_meter,send_encrypted_data,334103,0.410,6519.083,true,none,378
2025-12-12 17:58:10.647,smart_meter,send_encrypted_data,334128,0.366,7303.344,true,none,373
2025-12-12 17:58:10.648,smart_meter,send_encrypted_data,334147,0.344,7770.860,true,none,392
2025-12-12 17:58:10.648,smart_meter,send_encrypted_data,334078,0.383,6978.131,true,none,68
2025-12-12 17:58:10.648,smart_meter,send_encrypted_data,334174,0.372,7186.538,true,none,316
2025-12-12 17:58:10.649,smart_meter,send_encrypted_data,334428,0.368,7270.174,true,none,345
2025-12-12 17:58:10.650,smart_meter,send_encrypted_data,334164,5.773,463.072,true,none,407
2025-12-12 17:58:10.650,smart_meter,send_encrypted_data,334210,5.258,508.498,true,none,98
2025-12-12 17:58:10.650,smart_meter,send_encrypted_data,333913,0.376,7104.532,true,none,380
2025-12-12 17:58:10.641,smart_meter,send_encrypted_data,334463,0.382,7004.461,true,none,369
2025-12-12 17:58:10.649,smart_meter,send_encrypted_data,334437,2.608,1025.880,true,none,390
2025-12-12 17:58:10.651,smart_meter,send_encrypted_data,334310,0.353,7576.431,true,none,418
2025-12-12 17:58:10.651,smart_meter,send_encrypted_data,334349,0.364,7348.330,true,none,338
2025-12-12 17:58:10.651,smart_meter,send_encrypted_data,334341,20.382,131.230,true,none,379
2025-12-12 17:58:10.652,smart_meter,send_encrypted_data,334294,0.399,6702.637,true,none,254
2025-12-12 17:58:10.623,smart_meter,send_encrypted_data,334427,0.390,6860.041,true,none,251
2025-12-12 17:58:10.654,smart_meter,send_encrypted_data,334277,0.366,7306.601,true,none,403
2025-12-12 17:58:10.654,smart_meter,send_encrypted_data,334440,30.484,87.768,true,none,366
2025-12-12 17:58:10.652,smart_meter,send_encrypted_data,334465,0.908,2946.828,true,none,206
2025-12-12 17:58:10.655,smart_meter,send_encrypted_data,333917,0.346,7720.624,true,none,258
2025-12-12 17:58:10.655,smart_meter,send_encrypted_data,334374,19.884,134.530,true,none,354
2025-12-12 17:58:10.656,smart_meter,send_encrypted_data,334165,28.432,94.025,true,none,109
2025-12-12 17:58:10.656,smart_meter,send_encrypted_data,333338,0.378,7054.772,true,none,190
2025-12-12 17:58:10.659,smart_meter,send_encrypted_data,334368,10.152,263.489,true,none,302
2025-12-12 17:58:10.659,smart_meter,send_encrypted_data,334296,15.402,173.638,true,none,270
2025-12-12 17:58:10.602,smart_meter,send_encrypted_data,334350,11.941,224.001,true,none,156
2025-12-12 17:58:10.660,smart_meter,send_encrypted_data,334157,32.978,81.062,true,none,388
2025-12-12 17:58:10.660,smart_meter,send_encrypted_data,334450,19.810,135.063,true,none,232
2025-12-12 17:58:10.602,smart_meter,send_encrypted_data,334334,5.087,525.786,true,none,3
2025-12-12 17:58:10.660,smart_meter,send_encrypted_data,334301,37.012,72.258,true,none,285
2025-12-12 17:58:10.658,smart_meter,send_encrypted_data,334446,0.349,7666.384,true,none,335
2025-12-12 17:58:10.602,smart_meter,send_encrypted_data,334059,0.336,7953.786,true,none,159
2025-12-12 17:58:10.661,smart_meter,send_encrypted_data,334331,0.347,7707.919,true,none,329
2025-12-12 17:58:10.662,smart_meter,send_encrypted_data,334316,0.374,7151.144,true,none,415
2025-12-12 17:58:10.662,smart_meter,send_encrypted_data,334188,32.678,81.814,true,none,242
2025-12-12 17:58:10.662,smart_meter,send_encrypted_data,334467,0.369,7251.317,true,none,152
2025-12-12 17:58:10.663,smart_meter,send_encrypted_data,334280,38.845,68.844,true,none,359
2025-12-12 17:58:10.602,smart_meter,send_encrypted_data,334415,4.700,569.217,true,none,294
2025-12-12 17:58:10.665,smart_meter,send_encrypted_data,334268,23.951,111.651,true,none,170
2025-12-12 17:58:10.602,smart_meter,send_encrypted_data,334297,0.372,7189.183,true,none,33
2025-12-12 17:58:10.635,smart_meter,send_encrypted_data,334361,0.353,7577.586,true,none,108
2025-12-12 17:58:10.636,smart_meter,send_encrypted_data,334494,0.401,6673.197,true,none,155
2025-12-12 17:58:10.667,smart_meter,send_encrypted_data,334081,0.413,6471.303,true,none,317
2025-12-12 17:58:10.669,smart_meter,send_encrypted_data,334380,0.351,7621.197,true,none,416
2025-12-12 17:58:10.669,smart_meter,send_encrypted_data,333944,0.359,7441.649,true,none,394
2025-12-12 17:58:10.614,smart_meter,send_encrypted_data,334399,0.415,6446.246,true,none,67
2025-12-12 17:58:10.671,smart_meter,send_encrypted_data,334150,7.239,369.278,true,none,220
2025-12-12 17:58:10.672,smart_meter,send_encrypted_data,334352,0.530,5046.823,true,none,395
2025-12-12 17:58:10.614,smart_meter,send_encrypted_data,334396,0.374,7152.856,true,none,142
2025-12-12 17:58:10.677,smart_meter,send_encrypted_data,334180,0.342,7817.076,true,none,237
2025-12-12 17:58:10.614,smart_meter,send_encrypted_data,334049,1.698,1573.847,true,none,207
2025-12-12 17:58:10.679,smart_meter,send_encrypted_data,334044,0.374,7145.326,true,none,370
2025-12-12 17:58:10.681,smart_meter,send_encrypted_data,334350,0.587,4556.729,true,none,433
2025-12-12 17:58:10.614,smart_meter,send_encrypted_data,334268,5.701,469.066,true,none,309
2025-12-12 17:58:10.615,smart_meter,send_encrypted_data,334232,0.379,7055.029,true,none,250
2025-12-12 17:58:10.615,smart_meter,send_encrypted_data,334426,4.373,611.802,true,none,261
2025-12-12 17:58:10.683,smart_meter,send_encrypted_data,334077,0.383,6978.110,true,none,344
2025-12-12 17:58:10.683,smart_meter,send_encrypted_data,334334,0.368,7268.130,true,none,385
2025-12-12 17:58:10.687,smart_meter,send_encrypted_data,334416,0.357,7493.916,true,none,389
2025-12-12 17:58:10.689,smart_meter,send_encrypted_data,333315,0.343,7774.111,true,none,204
2025-12-12 17:58:10.615,smart_meter,send_encrypted_data,334374,0.369,7249.301,true,none,343
2025-12-12 17:58:10.690,smart_meter,send_encrypted_data,334443,5.293,505.487,true,none,427
2025-12-12 17:58:10.690,smart_meter,send_encrypted_data,334467,0.866,3089.764,true,none,431
2025-12-12 17:58:10.615,smart_meter,send_encrypted_data,334052,3.265,818.504,true,none,365
2025-12-12 17:58:10.615,smart_meter,send_encrypted_data,334481,0.378,7078.963,true,none,57
2025-12-12 17:58:10.692,smart_meter,send_encrypted_data,334282,0.353,7575.796,true,none,405
2025-12-12 17:58:10.616,smart_meter,send_encrypted_data,334142,0.346,7725.827,true,none,367
2025-12-12 17:58:10.668,smart_meter,send_encrypted_data,334324,0.350,7641.691,true,none,217
2025-12-12 17:58:10.694,smart_meter,send_encrypted_data,334290,1.552,1723.144,true,none,410
2025-12-12 17:58:10.695,smart_meter,send_encrypted_data,334393,1.743,1534.793,true,none,423
2025-12-12 17:58:10.696,smart_meter,send_encrypted_data,334175,0.362,7385.083,true,none,424
2025-12-12 17:58:10.697,smart_meter,send_encrypted_data,334227,0.341,7841.103,true,none,425
2025-12-12 17:58:10.699,smart_meter,send_encrypted_data,334458,2.508,1066.852,true,none,429
2025-12-12 17:58:10.701,smart_meter,send_encrypted_data,334183,0.365,7324.559,true,none,441
2025-12-12 17:58:10.703,smart_meter,send_encrypted_data,334361,1.316,2032.590,true,none,444
2025-12-12 17:58:10.703,smart_meter,send_encrypted_data,334279,0.357,7490.846,true,none,333
2025-12-12 17:58:10.704,smart_meter,send_encrypted_data,334209,1.604,1666.878,true,none,465
2025-12-12 17:58:10.704,smart_meter,send_encrypted_data,334433,0.392,6825.163,true,none,460
2025-12-12 17:58:10.704,smart_meter,send_encrypted_data,334216,2.740,975.813,true,none,236
2025-12-12 17:58:10.706,smart_meter,send_encrypted_data,334399,0.346,7731.769,true,none,496
2025-12-12 17:58:10.708,smart_meter,send_encrypted_data,334357,1.394,1918.835,true,none,480
2025-12-12 17:58:10.711,smart_meter,send_encrypted_data,334097,0.350,7636.503,true,none,384
2025-12-12 17:58:10.711,smart_meter,send_encrypted_data,334225,0.622,4298.714,true,none,383
2025-12-12 17:58:10.711,smart_meter,send_encrypted_data,334277,0.453,5903.347,true,none,476
2025-12-12 17:58:10.713,smart_meter,send_encrypted_data,334428,0.705,3794.928,true,none,462
2025-12-12 17:58:10.714,smart_meter,send_encrypted_data,334073,0.358,7465.318,true,none,182
2025-12-12 17:58:10.715,smart_meter,send_encrypted_data,334428,0.364,7350.066,true,none,160
2025-12-12 17:58:10.716,smart_meter,send_encrypted_data,334423,0.338,7915.337,true,none,458
2025-12-12 17:58:10.716,smart_meter,send_encrypted_data,334355,0.367,7288.392,true,none,478
2025-12-12 17:58:10.717,smart_meter,send_encrypted_data,334196,2.725,981.126,true,none,493
2025-12-12 17:58:10.719,smart_meter,send_encrypted_data,334039,0.336,7953.310,true,none,484
2025-12-12 17:58:10.719,smart_meter,send_encrypted_data,334352,1.419,1885.001,true,none,457
2025-12-12 17:58:10.720,smart_meter,send_encrypted_data,334395,0.345,7754.087,true,none,435
2025-12-12 17:58:10.722,smart_meter,send_encrypted_data,334392,0.329,8131.112,true,none,455
2025-12-12 17:58:10.724,smart_meter,send_encrypted_data,334345,3.251,822.750,true,none,469
2025-12-12 17:58:10.725,smart_meter,send_encrypted_data,334381,0.362,7389.635,true,none,421
2025-12-12 17:58:10.725,smart_meter,send_encrypted_data,333926,0.351,7610.849,true,none,471
2025-12-12 17:58:10.726,smart_meter,send_encrypted_data,334488,0.449,5959.697,true,none,437
2025-12-12 17:58:10.726,smart_meter,send_encrypted_data,334451,1.295,2066.107,true,none,467
2025-12-12 17:58:10.726,smart_meter,send_encrypted_data,334403,0.303,8829.122,true,none,492
2025-12-12 17:58:10.728,smart_meter,send_encrypted_data,334274,0.732,3653.268,true,none,450
2025-12-12 17:58:10.728,smart_meter,send_encrypted_data,334325,0.370,7228.649,true,none,440
2025-12-12 17:58:10.729,smart_meter,send_encrypted_data,334317,0.355,7533.904,true,none,464
2025-12-12 17:58:10.729,smart_meter,send_encrypted_data,334430,1.729,1547.392,true,none,491
2025-12-12 17:58:10.730,smart_meter,send_encrypted_data,334195,6.346,421.298,true,none,489
2025-12-12 17:58:10.731,smart_meter,send_encrypted_data,334320,0.456,5865.263,true,none,420
2025-12-12 17:58:10.736,smart_meter,send_encrypted_data,334469,0.557,4803.864,true,none,472
2025-12-12 17:58:10.737,smart_meter,send_encrypted_data,334410,0.346,7732.023,true,none,428
2025-12-12 17:58:10.738,smart_meter,send_encrypted_data,334449,0.341,7846.311,true,none,443
2025-12-12 17:58:10.739,smart_meter,send_encrypted_data,334525,1.224,2186.438,true,none,422
2025-12-12 17:58:10.739,smart_meter,send_encrypted_data,334167,0.359,7446.618,true,none,481
2025-12-12 17:58:10.739,smart_meter,send_encrypted_data,334124,1.711,1562.240,true,none,426
2025-12-12 17:58:10.741,smart_meter,send_encrypted_data,334413,0.360,7431.400,true,none,448
2025-12-12 17:58:10.742,smart_meter,send_encrypted_data,334407,0.522,5125.011,true,none,445
2025-12-12 17:58:10.742,smart_meter,send_encrypted_data,334403,1.057,2530.959,true,none,483
2025-12-12 17:58:10.743,smart_meter,send_encrypted_data,334301,0.379,7056.485,true,none,498
2025-12-12 17:58:10.743,smart_meter,send_encrypted_data,334072,7.558,353.609,true,none,439
2025-12-12 17:58:10.745,smart_meter,send_encrypted_data,334365,1.414,1891.740,true,none,434
2025-12-12 17:58:10.743,smart_meter,send_encrypted_data,334421,0.873,3064.568,true,none,452
2025-12-12 17:58:10.745,smart_meter,send_encrypted_data,333905,0.335,7973.851,true,none,456
2025-12-12 17:58:10.746,smart_meter,send_encrypted_data,334398,1.131,2365.326,true,none,447
2025-12-12 17:58:10.747,smart_meter,send_encrypted_data,334451,0.340,7869.435,true,none,473
2025-12-12 17:58:10.749,smart_meter,send_encrypted_data,334475,0.386,6932.124,true,none,485
2025-12-12 17:58:10.750,smart_meter,send_encrypted_data,334217,0.331,8077.752,true,none,495
2025-12-12 17:58:10.750,smart_meter,send_encrypted_data,334237,0.345,7750.423,true,none,432
2025-12-12 17:58:10.752,smart_meter,send_encrypted_data,334417,0.428,6250.785,true,none,438
2025-12-12 17:58:10.753,smart_meter,send_encrypted_data,334477,0.361,7412.233,true,none,461
2025-12-12 17:58:10.754,smart_meter,send_encrypted_data,334320,0.340,7866.353,true,none,500
2025-12-12 17:58:10.754,smart_meter,send_encrypted_data,334467,0.551,4856.145,true,none,466
2025-12-12 17:58:10.754,smart_meter,send_encrypted_data,334457,0.945,2831.382,true,none,459
2025-12-12 17:58:10.757,smart_meter,send_encrypted_data,333887,0.868,3077.300,true,none,477
2025-12-12 17:58:10.757,smart_meter,send_encrypted_data,334440,0.368,7270.435,true,none,470
2025-12-12 17:58:10.757,smart_meter,send_encrypted_data,334401,0.377,7096.042,true,none,486
2025-12-12 17:58:10.757,smart_meter,send_encrypted_data,334332,1.749,1529.249,true,none,430
2025-12-12 17:58:10.758,smart_meter,send_encrypted_data,333890,0.758,3523.905,true,none,468
2025-12-12 17:58:10.760,smart_meter,send_encrypted_data,334371,0.424,6308.887,true,none,446
2025-12-12 17:58:10.769,smart_meter,send_encrypted_data,334140,0.584,4577.260,true,none,451
2025-12-12 17:58:10.770,smart_meter,send_encrypted_data,334062,0.347,7701.718,true,none,449
2025-12-12 17:58:10.771,smart_meter,send_encrypted_data,334336,0.347,7708.035,true,none,490
2025-12-12 17:58:10.771,smart_meter,send_encrypted_data,334191,0.362,7385.436,true,none,497
2025-12-12 17:58:10.772,smart_meter,send_encrypted_data,334208,1.098,2435.031,true,none,488
2025-12-12 17:58:10.773,smart_meter,send_encrypted_data,334332,0.329,8129.653,true,none,454
2025-12-12 17:58:10.775,smart_meter,send_encrypted_data,334260,0.369,7246.829,true,none,463
2025-12-12 17:58:10.776,smart_meter,send_encrypted_data,334202,0.516,5181.426,true,none,419
2025-12-12 17:58:10.777,smart_meter,send_encrypted_data,334089,0.496,5388.532,true,none,436
2025-12-12 17:58:10.777,smart_meter,send_encrypted_data,334455,0.708,3779.153,true,none,487
2025-12-12 17:58:10.778,smart_meter,send_encrypted_data,334460,0.463,5779.006,true,none,499
2025-12-12 17:58:10.780,smart_meter,send_encrypted_data,333801,0.469,5693.834,true,none,479
2025-12-12 17:58:10.781,smart_meter,send_encrypted_data,334479,0.496,5394.823,true,none,453
2025-12-12 17:58:10.786,smart_meter,send_encrypted_data,334470,0.461,5804.252,true,none,442
2025-12-12 17:58:10.791,smart_meter,send_encrypted_data,334213,0.462,5787.238,true,none,494
2025-12-12 17:58:10.795,smart_meter,send_encrypted_data,334416,0.390,6859.815,true,none,474
2025-12-12 17:58:10.795,smart_meter,send_encrypted_data,334294,0.357,7491.182,true,none,482
2025-12-12 17:58:10.795,smart_meter,send_encrypted_data,334211,0.647,4132.439,true,none,475
2025-12-12 17:59:15.880,smart_meter,send_encrypted_data,334339,2.969,900.880,true,none,43
2025-12-12 17:59:15.881,smart_meter,send_encrypted_data,334338,0.424,6308.264,true,none,26
2025-12-12 17:59:15.882,smart_meter,send_encrypted_data,334245,0.382,6999.895,true,none,81
2025-12-12 17:59:15.882,smart_meter,send_encrypted_data,334474,0.356,7516.270,true,none,68
2025-12-12 17:59:15.887,smart_meter,send_encrypted_data,334457,2.053,1303.291,true,none,9
2025-12-12 17:59:15.891,smart_meter,send_encrypted_data,334398,0.373,7172.075,true,none,124
2025-12-12 17:59:15.893,smart_meter,send_encrypted_data,334467,0.349,7666.865,true,none,174
2025-12-12 17:59:15.893,smart_meter,send_encrypted_data,334189,0.340,7863.271,true,none,177
2025-12-12 17:59:15.894,smart_meter,send_encrypted_data,334394,0.344,7776.605,true,none,98
2025-12-12 17:59:15.895,smart_meter,send_encrypted_data,334480,0.343,7801.283,true,none,45
2025-12-12 17:59:15.896,smart_meter,send_encrypted_data,334073,0.785,3404.566,true,none,16
2025-12-12 17:59:15.897,smart_meter,send_encrypted_data,334337,0.347,7708.058,true,none,154
2025-12-12 17:59:15.898,smart_meter,send_encrypted_data,334464,0.353,7579.921,true,none,4
2025-12-12 17:59:15.898,smart_meter,send_encrypted_data,334320,0.355,7533.972,true,none,138
2025-12-12 17:59:15.899,smart_meter,send_encrypted_data,334251,0.395,6769.641,true,none,122
2025-12-12 17:59:15.899,smart_meter,send_encrypted_data,334344,0.380,7038.821,true,none,106
2025-12-12 17:59:15.899,smart_meter,send_encrypted_data,334079,7.816,341.944,true,none,86
2025-12-12 17:59:15.899,smart_meter,send_encrypted_data,334140,4.677,571.546,true,none,28
2025-12-12 17:59:15.899,smart_meter,send_encrypted_data,334345,2.278,1174.170,true,none,17
2025-12-12 17:59:15.900,smart_meter,send_encrypted_data,333887,9.550,279.696,true,none,187
2025-12-12 17:59:15.900,smart_meter,send_encrypted_data,334254,0.389,6874.118,true,none,162
2025-12-12 17:59:15.900,smart_meter,send_encrypted_data,334426,0.407,6573.484,true,none,44
2025-12-12 17:59:15.900,smart_meter,send_encrypted_data,334018,0.362,7381.613,true,none,146
2025-12-12 17:59:15.901,smart_meter,send_encrypted_data,334260,2.578,1037.269,true,none,15
2025-12-12 17:59:15.901,smart_meter,send_encrypted_data,334209,0.378,7073.206,true,none,183
2025-12-12 17:59:15.902,smart_meter,send_encrypted_data,334444,0.349,7666.338,true,none,59
2025-12-12 17:59:15.902,smart_meter,send_encrypted_data,334403,0.369,7249.930,true,none,114
2025-12-12 17:59:15.902,smart_meter,send_encrypted_data,334293,0.342,7819.719,true,none,19
2025-12-12 17:59:15.903,smart_meter,send_encrypted_data,334196,2.525,1058.839,true,none,2
2025-12-12 17:59:15.903,smart_meter,send_encrypted_data,334446,0.369,7250.862,true,none,143
2025-12-12 17:59:15.904,smart_meter,send_encrypted_data,334080,0.979,2729.969,true,none,148
2025-12-12 17:59:15.904,smart_meter,send_encrypted_data,334422,0.496,5393.903,true,none,24
2025-12-12 17:59:15.905,smart_meter,send_encrypted_data,334290,0.444,6023.243,true,none,1
2025-12-12 17:59:15.905,smart_meter,send_encrypted_data,334386,6.579,406.610,true,none,37
2025-12-12 17:59:15.906,smart_meter,send_encrypted_data,334384,6.510,410.917,true,none,52
2025-12-12 17:59:15.908,smart_meter,send_encrypted_data,334449,2.135,1253.205,true,none,99
2025-12-12 17:59:15.909,smart_meter,send_encrypted_data,334412,0.359,7452.078,true,none,14
2025-12-12 17:59:15.909,smart_meter,send_encrypted_data,334427,1.614,1657.631,true,none,113
2025-12-12 17:59:15.909,smart_meter,send_encrypted_data,334511,0.375,7136.235,true,none,121
2025-12-12 17:59:15.910,smart_meter,send_encrypted_data,334080,1.342,1991.535,true,none,197
2025-12-12 17:59:15.910,smart_meter,send_encrypted_data,334284,0.772,3464.083,true,none,144
2025-12-12 17:59:15.910,smart_meter,send_encrypted_data,334168,0.340,7862.776,true,none,166
2025-12-12 17:59:15.911,smart_meter,send_encrypted_data,334460,0.347,7710.893,true,none,94
2025-12-12 17:59:15.911,smart_meter,send_encrypted_data,334152,0.360,7425.600,true,none,126
2025-12-12 17:59:15.911,smart_meter,send_encrypted_data,334319,3.862,692.530,true,none,5
2025-12-12 17:59:15.911,smart_meter,send_encrypted_data,334181,0.400,6683.620,true,none,178
2025-12-12 17:59:15.911,smart_meter,send_encrypted_data,334308,0.415,6444.492,true,none,55
2025-12-12 17:59:15.912,smart_meter,send_encrypted_data,334429,1.927,1388.392,true,none,241
2025-12-12 17:59:15.912,smart_meter,send_encrypted_data,334308,0.364,7347.429,true,none,49
2025-12-12 17:59:15.912,smart_meter,send_encrypted_data,334314,0.364,7347.560,true,none,127
2025-12-12 17:59:15.912,smart_meter,send_encrypted_data,334408,0.372,7191.570,true,none,73
2025-12-12 17:59:15.912,smart_meter,send_encrypted_data,334468,0.337,7939.893,true,none,137
2025-12-12 17:59:15.913,smart_meter,send_encrypted_data,334350,0.408,6555.882,true,none,181
2025-12-12 17:59:15.913,smart_meter,send_encrypted_data,334337,0.414,6460.618,true,none,129
2025-12-12 17:59:15.913,smart_meter,send_encrypted_data,334335,0.368,7268.152,true,none,60
2025-12-12 17:59:15.913,smart_meter,send_encrypted_data,334354,18.261,146.478,true,none,6
2025-12-12 17:59:15.913,smart_meter,send_encrypted_data,334523,0.403,6640.655,true,none,168
2025-12-12 17:59:15.913,smart_meter,send_encrypted_data,333541,0.370,7211.697,true,none,56
2025-12-12 17:59:15.914,smart_meter,send_encrypted_data,334258,0.347,7706.236,true,none,115
2025-12-12 17:59:15.914,smart_meter,send_encrypted_data,334366,0.365,7328.570,true,none,79
2025-12-12 17:59:15.914,smart_meter,send_encrypted_data,334268,0.358,7469.676,true,none,125
2025-12-12 17:59:15.915,smart_meter,send_encrypted_data,334126,1.266,2111.381,true,none,34
2025-12-12 17:59:15.915,smart_meter,send_encrypted_data,334422,1.013,2641.042,true,none,38
2025-12-12 17:59:15.915,smart_meter,send_encrypted_data,334200,0.343,7794.752,true,none,7
2025-12-12 17:59:15.916,smart_meter,send_encrypted_data,334316,0.345,7752.255,true,none,194
2025-12-12 17:59:15.916,smart_meter,send_encrypted_data,334284,0.356,7512.000,true,none,22
2025-12-12 17:59:15.917,smart_meter,send_encrypted_data,334415,0.349,7665.673,true,none,179
2025-12-12 17:59:15.917,smart_meter,send_encrypted_data,334291,0.341,7842.604,true,none,189
2025-12-12 17:59:15.918,smart_meter,send_encrypted_data,334412,0.352,7600.273,true,none,249
2025-12-12 17:59:15.918,smart_meter,send_encrypted_data,334469,0.349,7666.911,true,none,135
2025-12-12 17:59:15.918,smart_meter,send_encrypted_data,334414,0.337,7938.611,true,none,30
2025-12-12 17:59:15.919,smart_meter,send_encrypted_data,334293,0.619,4320.426,true,none,62
2025-12-12 17:59:15.920,smart_meter,send_encrypted_data,334323,0.341,7843.355,true,none,182
2025-12-12 17:59:15.920,smart_meter,send_encrypted_data,334309,0.392,6822.633,true,none,245
2025-12-12 17:59:15.920,smart_meter,send_encrypted_data,334291,1.497,1786.458,true,none,226
2025-12-12 17:59:15.920,smart_meter,send_encrypted_data,334354,0.353,7577.428,true,none,105
2025-12-12 17:59:15.921,smart_meter,send_encrypted_data,334121,4.236,631.012,true,none,92
2025-12-12 17:59:15.922,smart_meter,send_encrypted_data,334334,0.354,7555.571,true,none,54
2025-12-12 17:59:15.922,smart_meter,send_encrypted_data,334143,0.360,7425.400,true,none,147
2025-12-12 17:59:15.922,smart_meter,send_encrypted_data,334280,0.369,7247.263,true,none,120
2025-12-12 17:59:15.923,smart_meter,send_encrypted_data,334453,0.386,6931.668,true,none,63
2025-12-12 17:59:15.923,smart_meter,send_encrypted_data,334383,0.381,7021.165,true,none,104
2025-12-12 17:59:15.924,smart_meter,send_encrypted_data,334349,0.342,7821.029,true,none,176
2025-12-12 17:59:15.924,smart_meter,send_encrypted_data,334034,0.361,7402.416,true,none,10
2025-12-12 17:59:15.924,smart_meter,send_encrypted_data,334359,3.369,793.966,true,none,119
2025-12-12 17:59:15.924,smart_meter,send_encrypted_data,334145,4.626,577.856,true,none,46
2025-12-12 17:59:15.924,smart_meter,send_encrypted_data,334489,0.341,7847.249,true,none,233
2025-12-12 17:59:15.925,smart_meter,send_encrypted_data,334337,0.344,7775.279,true,none,89
2025-12-12 17:59:15.925,smart_meter,send_encrypted_data,334407,0.386,6930.715,true,none,61
2025-12-12 17:59:15.926,smart_meter,send_encrypted_data,334482,1.901,1407.604,true,none,163
2025-12-12 17:59:15.926,smart_meter,send_encrypted_data,334308,0.376,7112.936,true,none,111
2025-12-12 17:59:15.927,smart_meter,send_encrypted_data,334344,0.363,7368.463,true,none,231
2025-12-12 17:59:15.927,smart_meter,send_encrypted_data,334321,0.342,7820.374,true,none,116
2025-12-12 17:59:15.928,smart_meter,send_encrypted_data,334404,0.346,7731.884,true,none,149
2025-12-12 17:59:15.928,smart_meter,send_encrypted_data,334064,0.343,7791.580,true,none,225
2025-12-12 17:59:15.928,smart_meter,send_encrypted_data,334389,0.359,7451.565,true,none,172
2025-12-12 17:59:15.929,smart_meter,send_encrypted_data,334176,0.354,7552.000,true,none,21
2025-12-12 17:59:15.929,smart_meter,send_encrypted_data,334290,1.115,2398.493,true,none,70
2025-12-12 17:59:15.929,smart_meter,send_encrypted_data,334501,4.472,598.392,true,none,93
2025-12-12 17:59:15.929,smart_meter,send_encrypted_data,334380,3.191,838.308,true,none,95
2025-12-12 17:59:15.929,smart_meter,send_encrypted_data,334274,0.336,7958.905,true,none,160
2025-12-12 17:59:15.929,smart_meter,send_encrypted_data,334185,0.372,7186.774,true,none,47
2025-12-12 17:59:15.930,smart_meter,send_encrypted_data,334457,0.376,7116.106,true,none,215
2025-12-12 17:59:15.931,smart_meter,send_encrypted_data,334276,0.351,7618.826,true,none,222
2025-12-12 17:59:15.931,smart_meter,send_encrypted_data,334107,2.197,1216.594,true,none,96
2025-12-12 17:59:15.932,smart_meter,send_encrypted_data,333858,2.072,1289.027,true,none,244
2025-12-12 17:59:15.932,smart_meter,send_encrypted_data,334417,0.365,7329.688,true,none,31
2025-12-12 17:59:15.932,smart_meter,send_encrypted_data,334326,3.879,689.510,true,none,211
2025-12-12 17:59:15.932,smart_meter,send_encrypted_data,334382,0.376,7114.511,true,none,134
2025-12-12 17:59:15.933,smart_meter,send_encrypted_data,334374,0.356,7514.022,true,none,167
2025-12-12 17:59:15.933,smart_meter,send_encrypted_data,334278,0.375,7131.264,true,none,41
2025-12-12 17:59:15.933,smart_meter,send_encrypted_data,334379,0.423,6323.953,true,none,13
2025-12-12 17:59:15.933,smart_meter,send_encrypted_data,334289,2.123,1259.685,true,none,234
2025-12-12 17:59:15.934,smart_meter,send_encrypted_data,334494,0.380,7041.979,true,none,253
2025-12-12 17:59:15.934,smart_meter,send_encrypted_data,334152,0.398,6716.623,true,none,35
2025-12-12 17:59:15.934,smart_meter,send_encrypted_data,334111,0.403,6632.476,true,none,184
2025-12-12 17:59:15.935,smart_meter,send_encrypted_data,334178,0.305,8765.325,true,none,216
2025-12-12 17:59:15.935,smart_meter,send_encrypted_data,334176,5.502,485.897,true,none,208
2025-12-12 17:59:15.935,smart_meter,send_encrypted_data,334138,4.413,605.734,true,none,75
2025-12-12 17:59:15.935,smart_meter,send_encrypted_data,334293,1.533,1744.517,true,none,190
2025-12-12 17:59:15.935,smart_meter,send_encrypted_data,334360,0.351,7620.741,true,none,203
2025-12-12 17:59:15.936,smart_meter,send_encrypted_data,334069,0.355,7528.315,true,none,32
2025-12-12 17:59:15.936,smart_meter,send_encrypted_data,334321,1.916,1395.912,true,none,201
2025-12-12 17:59:15.937,smart_meter,send_encrypted_data,334119,1.774,1506.737,true,none,130
2025-12-12 17:59:15.937,smart_meter,send_encrypted_data,334332,0.365,7327.825,true,none,107
2025-12-12 17:59:15.938,smart_meter,send_encrypted_data,334408,0.371,7210.954,true,none,240
2025-12-12 17:59:15.939,smart_meter,send_encrypted_data,334414,0.369,7250.168,true,none,117
2025-12-12 17:59:15.939,smart_meter,send_encrypted_data,334083,3.453,774.012,true,none,180
2025-12-12 17:59:15.940,smart_meter,send_encrypted_data,334396,0.380,7039.916,true,none,255
2025-12-12 17:59:15.940,smart_meter,send_encrypted_data,333974,3.826,698.325,true,none,219
2025-12-12 17:59:15.941,smart_meter,send_encrypted_data,334497,0.357,7495.731,true,none,191
2025-12-12 17:59:15.941,smart_meter,send_encrypted_data,334489,0.367,7291.313,true,none,145
2025-12-12 17:59:15.941,smart_meter,send_encrypted_data,334356,0.361,7409.551,true,none,202
2025-12-12 17:59:15.941,smart_meter,send_encrypted_data,334327,0.341,7843.449,true,none,284
2025-12-12 17:59:15.941,smart_meter,send_encrypted_data,334188,1.822,1467.346,true,none,198
2025-12-12 17:59:15.942,smart_meter,send_encrypted_data,334107,10.881,245.644,true,none,82
2025-12-12 17:59:15.943,smart_meter,send_encrypted_data,334230,0.378,7073.651,true,none,165
2025-12-12 17:59:15.944,smart_meter,send_encrypted_data,334018,8.292,322.256,true,none,29
2025-12-12 17:59:15.945,smart_meter,send_encrypted_data,334356,0.339,7890.407,true,none,39
2025-12-12 17:59:15.945,smart_meter,send_encrypted_data,334410,1.622,1649.371,true,none,195
2025-12-12 17:59:15.945,smart_meter,send_encrypted_data,334158,2.527,1057.880,true,none,153
2025-12-12 17:59:15.946,smart_meter,send_encrypted_data,334344,0.341,7843.848,true,none,267
2025-12-12 17:59:15.947,smart_meter,send_encrypted_data,333775,0.386,6917.617,true,none,275
2025-12-12 17:59:15.947,smart_meter,send_encrypted_data,334147,0.386,6925.326,true,none,238
2025-12-12 17:59:15.948,smart_meter,send_encrypted_data,334432,1.266,2113.314,true,none,272
2025-12-12 17:59:15.948,smart_meter,send_encrypted_data,334183,0.423,6320.246,true,none,100
2025-12-12 17:59:15.948,smart_meter,send_encrypted_data,334375,0.423,6323.877,true,none,42
2025-12-12 17:59:15.948,smart_meter,send_encrypted_data,334037,2.255,1185.054,true,none,235
2025-12-12 17:59:15.949,smart_meter,send_encrypted_data,334327,0.403,6636.764,true,none,224
2025-12-12 17:59:15.949,smart_meter,send_encrypted_data,334385,0.411,6508.710,true,none,97
2025-12-12 17:59:15.948,smart_meter,send_encrypted_data,334234,2.597,1029.600,true,none,175
2025-12-12 17:59:15.949,smart_meter,send_encrypted_data,334283,0.370,7227.741,true,none,158
2025-12-12 17:59:15.949,smart_meter,send_encrypted_data,334330,0.571,4684.133,true,none,286
2025-12-12 17:59:15.950,smart_meter,send_encrypted_data,334186,0.399,6700.471,true,none,188
2025-12-12 17:59:15.950,smart_meter,send_encrypted_data,334491,0.332,8060.024,true,none,269
2025-12-12 17:59:15.951,smart_meter,send_encrypted_data,334118,0.359,7445.526,true,none,156
2025-12-12 17:59:15.951,smart_meter,send_encrypted_data,334363,0.329,8130.407,true,none,271
2025-12-12 17:59:15.952,smart_meter,send_encrypted_data,334182,0.384,6962.125,true,none,171
2025-12-12 17:59:15.952,smart_meter,send_encrypted_data,333974,0.419,6376.592,true,none,91
2025-12-12 17:59:15.952,smart_meter,send_encrypted_data,334292,0.347,7707.020,true,none,209
2025-12-12 17:59:15.953,smart_meter,send_encrypted_data,334233,0.435,6146.814,true,none,206
2025-12-12 17:59:15.954,smart_meter,send_encrypted_data,334283,0.376,7112.404,true,none,64
2025-12-12 17:59:15.954,smart_meter,send_encrypted_data,334465,2.671,1001.767,true,none,264
2025-12-12 17:59:15.954,smart_meter,send_encrypted_data,333598,2.005,1331.064,true,none,288
2025-12-12 17:59:15.955,smart_meter,send_encrypted_data,334410,0.382,7003.351,true,none,140
2025-12-12 17:59:15.955,smart_meter,send_encrypted_data,334261,0.386,6927.689,true,none,77
2025-12-12 17:59:15.955,smart_meter,send_encrypted_data,334201,0.363,7365.311,true,none,76
2025-12-12 17:59:15.955,smart_meter,send_encrypted_data,334318,3.286,813.921,true,none,25
2025-12-12 17:59:15.955,smart_meter,send_encrypted_data,334400,0.405,6605.432,true,none,247
2025-12-12 17:59:15.956,smart_meter,send_encrypted_data,334323,4.051,660.228,true,none,88
2025-12-12 17:59:15.956,smart_meter,send_encrypted_data,334310,0.387,6910.801,true,none,159
2025-12-12 17:59:15.957,smart_meter,send_encrypted_data,333876,0.348,7675.310,true,none,48
2025-12-12 17:59:15.957,smart_meter,send_encrypted_data,334119,0.359,7445.549,true,none,72
2025-12-12 17:59:15.958,smart_meter,send_encrypted_data,334444,0.336,7962.952,true,none,18
2025-12-12 17:59:15.958,smart_meter,send_encrypted_data,334371,0.347,7708.841,true,none,11
2025-12-12 17:59:15.959,smart_meter,send_encrypted_data,334276,0.357,7490.779,true,none,128
2025-12-12 17:59:15.958,smart_meter,send_encrypted_data,334340,0.447,5983.714,true,none,279
2025-12-12 17:59:15.959,smart_meter,send_encrypted_data,334224,12.204,219.091,true,none,8
2025-12-12 17:59:15.959,smart_meter,send_encrypted_data,334448,0.384,6967.667,true,none,101
2025-12-12 17:59:15.959,smart_meter,send_encrypted_data,334322,0.534,5008.569,true,none,193
2025-12-12 17:59:15.960,smart_meter,send_encrypted_data,334327,0.360,7429.489,true,none,27
2025-12-12 17:59:15.960,smart_meter,send_encrypted_data,334161,0.363,7364.430,true,none,112
2025-12-12 17:59:15.960,smart_meter,send_encrypted_data,334224,0.481,5558.819,true,none,136
2025-12-12 17:59:15.960,smart_meter,send_encrypted_data,334326,0.347,7707.804,true,none,229
2025-12-12 17:59:15.961,smart_meter,send_encrypted_data,334165,0.363,7364.518,true,none,51
2025-12-12 17:59:15.961,smart_meter,send_encrypted_data,334299,0.349,7663.014,true,none,139
2025-12-12 17:59:15.950,smart_meter,send_encrypted_data,334273,0.380,7037.326,true,none,289
2025-12-12 17:59:15.961,smart_meter,send_encrypted_data,334301,0.378,7075.153,true,none,3
2025-12-12 17:59:15.961,smart_meter,send_encrypted_data,334335,0.353,7576.997,true,none,20
2025-12-12 17:59:15.962,smart_meter,send_encrypted_data,334446,0.338,7915.882,true,none,67
2025-12-12 17:59:15.962,smart_meter,send_encrypted_data,334423,0.370,7230.768,true,none,250
2025-12-12 17:59:15.962,smart_meter,send_encrypted_data,334262,0.386,6927.710,true,none,290
2025-12-12 17:59:15.963,smart_meter,send_encrypted_data,334353,0.372,7190.387,true,none,33
2025-12-12 17:59:15.963,smart_meter,send_encrypted_data,334327,6.824,391.943,true,none,246
2025-12-12 17:59:15.963,smart_meter,send_encrypted_data,334207,0.360,7426.822,true,none,53
2025-12-12 17:59:15.964,smart_meter,send_encrypted_data,334329,8.411,317.992,true,none,23
2025-12-12 17:59:15.964,smart_meter,send_encrypted_data,334481,0.352,7601.841,true,none,118
2025-12-12 17:59:15.964,smart_meter,send_encrypted_data,334276,0.359,7449.047,true,none,74
2025-12-12 17:59:15.964,smart_meter,send_encrypted_data,334335,0.346,7730.289,true,none,110
2025-12-12 17:59:15.965,smart_meter,send_encrypted_data,334183,0.357,7488.695,true,none,221
2025-12-12 17:59:15.965,smart_meter,send_encrypted_data,334417,19.343,138.310,true,none,71
2025-12-12 17:59:15.965,smart_meter,send_encrypted_data,334139,2.771,964.674,true,none,252
2025-12-12 17:59:15.965,smart_meter,send_encrypted_data,333874,0.342,7809.918,true,none,213
2025-12-12 17:59:15.965,smart_meter,send_encrypted_data,334274,2.577,1037.715,true,none,199
2025-12-12 17:59:15.965,smart_meter,send_encrypted_data,334451,0.378,7078.328,true,none,207
2025-12-12 17:59:15.966,smart_meter,send_encrypted_data,334292,0.379,7056.296,true,none,262
2025-12-12 17:59:15.966,smart_meter,send_encrypted_data,334195,0.375,7129.493,true,none,58
2025-12-12 17:59:15.966,smart_meter,send_encrypted_data,334294,0.404,6619.683,true,none,69
2025-12-12 17:59:15.967,smart_meter,send_encrypted_data,334352,0.370,7229.232,true,none,50
2025-12-12 17:59:15.967,smart_meter,send_encrypted_data,334332,7.336,364.593,true,none,40
2025-12-12 17:59:15.967,smart_meter,send_encrypted_data,334264,1.386,1929.374,true,none,223
2025-12-12 17:59:15.968,smart_meter,send_encrypted_data,334336,0.355,7534.332,true,none,78
2025-12-12 17:59:15.968,smart_meter,send_encrypted_data,334283,0.507,5274.682,true,none,169
2025-12-12 17:59:15.968,smart_meter,send_encrypted_data,334432,0.394,6790.497,true,none,287
2025-12-12 17:59:15.969,smart_meter,send_encrypted_data,334434,13.036,205.237,true,none,228
2025-12-12 17:59:15.970,smart_meter,send_encrypted_data,334290,0.362,7387.624,true,none,212
2025-12-12 17:59:15.970,smart_meter,send_encrypted_data,334183,0.381,7016.966,true,none,103
2025-12-12 17:59:15.970,smart_meter,send_encrypted_data,334177,0.343,7794.216,true,none,259
2025-12-12 17:59:15.970,smart_meter,send_encrypted_data,334272,0.349,7662.395,true,none,141
2025-12-12 17:59:15.971,smart_meter,send_encrypted_data,334034,1.326,2015.288,true,none,85
2025-12-12 17:59:15.971,smart_meter,send_encrypted_data,334369,0.381,7020.871,true,none,173
2025-12-12 17:59:15.971,smart_meter,send_encrypted_data,334557,0.355,7539.313,true,none,151
2025-12-12 17:59:15.971,smart_meter,send_encrypted_data,334458,0.363,7370.975,true,none,36
2025-12-12 17:59:15.972,smart_meter,send_encrypted_data,334392,1.728,1548.111,true,none,65
2025-12-12 17:59:15.972,smart_meter,send_encrypted_data,334417,2.582,1036.149,true,none,285
2025-12-12 17:59:15.972,smart_meter,send_encrypted_data,334210,0.357,7489.300,true,none,230
2025-12-12 17:59:15.972,smart_meter,send_encrypted_data,334263,1.271,2103.937,true,none,251
2025-12-12 17:59:15.972,smart_meter,send_encrypted_data,334318,0.364,7347.648,true,none,220
2025-12-12 17:59:15.972,smart_meter,send_encrypted_data,333970,0.384,6957.708,true,none,248
2025-12-12 17:59:15.973,smart_meter,send_encrypted_data,334387,0.354,7556.768,true,none,196
2025-12-12 17:59:15.973,smart_meter,send_encrypted_data,333963,0.367,7279.847,true,none,218
2025-12-12 17:59:15.973,smart_meter,send_encrypted_data,334345,0.345,7752.928,true,none,133
2025-12-12 17:59:15.973,smart_meter,send_encrypted_data,334266,0.347,7706.421,true,none,227
2025-12-12 17:59:15.974,smart_meter,send_encrypted_data,334290,0.347,7706.974,true,none,200
2025-12-12 17:59:15.974,smart_meter,send_encrypted_data,334413,0.332,8058.145,true,none,282
2025-12-12 17:59:15.968,smart_meter,send_encrypted_data,334278,0.346,7728.971,true,none,237
2025-12-12 17:59:15.975,smart_meter,send_encrypted_data,334134,2.035,1313.549,true,none,90
2025-12-12 17:59:15.975,smart_meter,send_encrypted_data,334435,4.516,592.445,true,none,274
2025-12-12 17:59:15.976,smart_meter,send_encrypted_data,333949,0.352,7589.750,true,none,131
2025-12-12 17:59:15.976,smart_meter,send_encrypted_data,334405,2.595,1030.921,true,none,164
2025-12-12 17:59:15.976,smart_meter,send_encrypted_data,334387,5.643,474.056,true,none,142
2025-12-12 17:59:15.976,smart_meter,send_encrypted_data,334141,0.361,7404.787,true,none,214
2025-12-12 17:59:15.976,smart_meter,send_encrypted_data,334268,0.999,2676.821,true,none,12
2025-12-12 17:59:15.977,smart_meter,send_encrypted_data,333886,0.559,4778.333,true,none,277
2025-12-12 17:59:15.977,smart_meter,send_encrypted_data,334417,1.509,1772.920,true,none,102
2025-12-12 17:59:15.977,smart_meter,send_encrypted_data,333621,2.165,1232.780,true,none,185
2025-12-12 17:59:15.977,smart_meter,send_encrypted_data,334066,0.338,7906.888,true,none,132
2025-12-12 17:59:15.978,smart_meter,send_encrypted_data,334194,0.361,7405.961,true,none,152
2025-12-12 17:59:15.978,smart_meter,send_encrypted_data,334342,1.162,2301.838,true,none,109
2025-12-12 17:59:15.978,smart_meter,send_encrypted_data,334502,0.374,7155.123,true,none,242
2025-12-12 17:59:15.978,smart_meter,send_encrypted_data,334350,0.951,2812.618,true,none,83
2025-12-12 17:59:15.979,smart_meter,send_encrypted_data,334105,0.460,5810.522,true,none,150
2025-12-12 17:59:15.969,smart_meter,send_encrypted_data,333811,0.368,7256.761,true,none,57
2025-12-12 17:59:15.980,smart_meter,send_encrypted_data,334380,0.453,5905.166,true,none,66
2025-12-12 17:59:15.980,smart_meter,send_encrypted_data,334019,1.969,1357.111,true,none,123
2025-12-12 17:59:15.980,smart_meter,send_encrypted_data,334151,0.386,6925.409,true,none,157
2025-12-12 17:59:15.981,smart_meter,send_encrypted_data,334352,0.349,7664.229,true,none,84
2025-12-12 17:59:15.981,smart_meter,send_encrypted_data,334355,7.208,371.093,true,none,87
2025-12-12 17:59:15.982,smart_meter,send_encrypted_data,334219,0.353,7574.368,true,none,80
2025-12-12 17:59:15.982,smart_meter,send_encrypted_data,334378,0.358,7472.134,true,none,270
2025-12-12 17:59:15.982,smart_meter,send_encrypted_data,334437,0.354,7557.898,true,none,108
2025-12-12 17:59:15.982,smart_meter,send_encrypted_data,334129,0.347,7703.262,true,none,210
2025-12-12 17:59:15.977,smart_meter,send_encrypted_data,334119,0.367,7283.248,true,none,204
2025-12-12 17:59:15.983,smart_meter,send_encrypted_data,334326,0.701,3815.418,true,none,161
2025-12-12 17:59:15.983,smart_meter,send_encrypted_data,334357,0.388,6893.959,true,none,281
2025-12-12 17:59:15.984,smart_meter,send_encrypted_data,334115,0.366,7303.060,true,none,217
2025-12-12 17:59:15.984,smart_meter,send_encrypted_data,334149,0.367,7283.902,true,none,170
2025-12-12 17:59:15.985,smart_meter,send_encrypted_data,334049,0.362,7382.298,true,none,243
2025-12-12 17:59:15.985,smart_meter,send_encrypted_data,334121,0.359,7445.593,true,none,268
2025-12-12 17:59:15.985,smart_meter,send_encrypted_data,334091,0.349,7658.246,true,none,265
2025-12-12 17:59:15.985,smart_meter,send_encrypted_data,334130,0.353,7572.351,true,none,192
2025-12-12 17:59:15.986,smart_meter,send_encrypted_data,334042,2.720,982.476,true,none,266
2025-12-12 17:59:15.986,smart_meter,send_encrypted_data,334329,1.818,1471.195,true,none,205
2025-12-12 17:59:15.985,smart_meter,send_encrypted_data,334110,5.109,523.171,true,none,155
2025-12-12 17:59:15.986,smart_meter,send_encrypted_data,334045,4.314,619.462,true,none,232
2025-12-12 17:59:15.987,smart_meter,send_encrypted_data,334259,0.334,8006.204,true,none,283
2025-12-12 17:59:15.987,smart_meter,send_encrypted_data,334288,0.332,8055.133,true,none,254
2025-12-12 17:59:15.990,smart_meter,send_encrypted_data,334053,0.580,4607.628,true,none,186
2025-12-12 17:59:15.994,smart_meter,send_encrypted_data,334320,0.332,8055.904,true,none,239
2025-12-12 17:59:15.995,smart_meter,send_encrypted_data,333896,0.329,8119.052,true,none,263
2025-12-12 17:59:15.996,smart_meter,send_encrypted_data,333862,0.983,2717.086,true,none,236
2025-12-12 17:59:16.001,smart_meter,send_encrypted_data,334367,0.388,6894.165,true,none,256
2025-12-12 17:59:16.001,smart_meter,send_encrypted_data,334302,0.371,7208.668,true,none,280
2025-12-12 17:59:16.004,smart_meter,send_encrypted_data,334152,0.352,7594.364,true,none,387
2025-12-12 17:59:16.004,smart_meter,send_encrypted_data,334374,0.377,7095.469,true,none,257
2025-12-12 17:59:16.004,smart_meter,send_encrypted_data,334398,0.353,7578.425,true,none,258
2025-12-12 17:59:16.005,smart_meter,send_encrypted_data,334229,0.379,7054.966,true,none,338
2025-12-12 17:59:16.007,smart_meter,send_encrypted_data,334439,0.344,7777.651,true,none,276
2025-12-12 17:59:16.008,smart_meter,send_encrypted_data,334357,0.384,6965.771,true,none,324
2025-12-12 17:59:16.009,smart_meter,send_encrypted_data,334467,0.353,7579.989,true,none,278
2025-12-12 17:59:16.012,smart_meter,send_encrypted_data,334396,0.342,7822.129,true,none,260
2025-12-12 17:59:16.013,smart_meter,send_encrypted_data,334142,0.392,6819.224,true,none,293
2025-12-12 17:59:16.014,smart_meter,send_encrypted_data,334346,0.333,8032.336,true,none,261
2025-12-12 17:59:16.014,smart_meter,send_encrypted_data,334028,0.992,2693.774,true,none,372
2025-12-12 17:59:16.015,smart_meter,send_encrypted_data,334520,0.351,7624.387,true,none,300
2025-12-12 17:59:16.017,smart_meter,send_encrypted_data,334403,0.400,6688.060,true,none,391
2025-12-12 17:59:16.017,smart_meter,send_encrypted_data,334176,0.333,8028.252,true,none,331
2025-12-12 17:59:16.019,smart_meter,send_encrypted_data,334369,0.623,4293.663,true,none,312
2025-12-12 17:59:16.018,smart_meter,send_encrypted_data,334253,0.361,7407.269,true,none,296
2025-12-12 17:59:16.021,smart_meter,send_encrypted_data,334158,0.352,7594.500,true,none,273
2025-12-12 17:59:16.021,smart_meter,send_encrypted_data,334062,0.364,7342.022,true,none,353
2025-12-12 17:59:16.021,smart_meter,send_encrypted_data,334430,1.233,2169.862,true,none,333
2025-12-12 17:59:16.023,smart_meter,send_encrypted_data,334496,1.038,2578.004,true,none,322
2025-12-12 17:59:16.023,smart_meter,send_encrypted_data,334398,1.858,1439.819,true,none,334
2025-12-12 17:59:16.024,smart_meter,send_encrypted_data,334105,0.332,8050.723,true,none,303
2025-12-12 17:59:16.025,smart_meter,send_encrypted_data,334246,0.373,7168.815,true,none,362
2025-12-12 17:59:16.025,smart_meter,send_encrypted_data,334143,0.522,5120.966,true,none,336
2025-12-12 17:59:16.026,smart_meter,send_encrypted_data,333852,0.362,7377.945,true,none,376
2025-12-12 17:59:16.027,smart_meter,send_encrypted_data,334354,0.340,7867.153,true,none,393
2025-12-12 17:59:16.027,smart_meter,send_encrypted_data,334220,3.385,789.885,true,none,342
2025-12-12 17:59:16.028,smart_meter,send_encrypted_data,334422,0.349,7665.834,true,none,449
2025-12-12 17:59:16.028,smart_meter,send_encrypted_data,333926,0.525,5088.396,true,none,306
2025-12-12 17:59:16.030,smart_meter,send_encrypted_data,334314,0.783,3415.724,true,none,413
2025-12-12 17:59:16.030,smart_meter,send_encrypted_data,334247,0.381,7018.310,true,none,383
2025-12-12 17:59:16.030,smart_meter,send_encrypted_data,334286,0.364,7346.945,true,none,364
2025-12-12 17:59:16.031,smart_meter,send_encrypted_data,334352,0.359,7450.741,true,none,375
2025-12-12 17:59:16.031,smart_meter,send_encrypted_data,334145,2.623,1019.123,true,none,399
2025-12-12 17:59:16.032,smart_meter,send_encrypted_data,334423,0.373,7172.611,true,none,405
2025-12-12 17:59:16.032,smart_meter,send_encrypted_data,334395,0.746,3586.005,true,none,325
2025-12-12 17:59:16.032,smart_meter,send_encrypted_data,333316,4.829,552.191,true,none,417
2025-12-12 17:59:16.033,smart_meter,send_encrypted_data,334533,3.865,692.436,true,none,356
2025-12-12 17:59:16.033,smart_meter,send_encrypted_data,334442,4.568,585.713,true,none,397
2025-12-12 17:59:16.035,smart_meter,send_encrypted_data,334418,0.336,7962.333,true,none,463
2025-12-12 17:59:16.035,smart_meter,send_encrypted_data,334112,0.382,6997.110,true,none,298
2025-12-12 17:59:16.035,smart_meter,send_encrypted_data,334497,1.338,1999.982,true,none,308
2025-12-12 17:59:16.035,smart_meter,send_encrypted_data,334358,0.313,8545.891,true,none,349
2025-12-12 17:59:16.036,smart_meter,send_encrypted_data,334262,1.149,2327.325,true,none,339
2025-12-12 17:59:16.036,smart_meter,send_encrypted_data,334332,0.336,7960.286,true,none,433
2025-12-12 17:59:16.036,smart_meter,send_encrypted_data,334312,0.340,7866.165,true,none,468
2025-12-12 17:59:16.037,smart_meter,send_encrypted_data,334257,0.475,5629.592,true,none,436
2025-12-12 17:59:16.038,smart_meter,send_encrypted_data,334370,0.355,7535.099,true,none,351
2025-12-12 17:59:16.039,smart_meter,send_encrypted_data,334387,0.362,7389.768,true,none,374
2025-12-12 17:59:16.039,smart_meter,send_encrypted_data,334214,0.366,7305.224,true,none,389
2025-12-12 17:59:16.039,smart_meter,send_encrypted_data,334323,4.679,571.614,true,none,454
2025-12-12 17:59:16.040,smart_meter,send_encrypted_data,334307,1.740,1537.044,true,none,408
2025-12-12 17:59:16.040,smart_meter,send_encrypted_data,333301,5.718,466.318,true,none,451
2025-12-12 17:59:16.040,smart_meter,send_encrypted_data,334389,2.534,1055.687,true,none,381
2025-12-12 17:59:16.041,smart_meter,send_encrypted_data,334336,3.728,717.459,true,none,453
2025-12-12 17:59:16.042,smart_meter,send_encrypted_data,334329,3.706,721.703,true,none,479
2025-12-12 17:59:16.043,smart_meter,send_encrypted_data,334177,0.364,7344.549,true,none,419
2025-12-12 17:59:16.044,smart_meter,send_encrypted_data,334402,0.355,7535.820,true,none,320
2025-12-12 17:59:16.045,smart_meter,send_encrypted_data,334313,1.470,1819.390,true,none,361
2025-12-12 17:59:16.045,smart_meter,send_encrypted_data,334052,0.362,7382.365,true,none,352
2025-12-12 17:59:16.045,smart_meter,send_encrypted_data,334134,0.351,7615.590,true,none,294
2025-12-12 17:59:16.045,smart_meter,send_encrypted_data,334089,5.953,448.969,true,none,346
2025-12-12 17:59:16.046,smart_meter,send_encrypted_data,334460,0.329,8132.766,true,none,314
2025-12-12 17:59:16.046,smart_meter,send_encrypted_data,334437,3.742,714.991,true,none,427
2025-12-12 17:59:16.046,smart_meter,send_encrypted_data,334179,7.282,367.129,true,none,301
2025-12-12 17:59:16.047,smart_meter,send_encrypted_data,334159,0.345,7748.614,true,none,411
2025-12-12 17:59:16.047,smart_meter,send_encrypted_data,334349,1.830,1461.635,true,none,291
2025-12-12 17:59:16.047,smart_meter,send_encrypted_data,334163,0.335,7980.012,true,none,442
2025-12-12 17:59:16.049,smart_meter,send_encrypted_data,334209,1.145,2335.085,true,none,323
2025-12-12 17:59:16.049,smart_meter,send_encrypted_data,334041,1.603,1667.079,true,none,304
2025-12-12 17:59:16.050,smart_meter,send_encrypted_data,334322,0.972,2751.621,true,none,431
2025-12-12 17:59:16.050,smart_meter,send_encrypted_data,334355,0.351,7620.627,true,none,423
2025-12-12 17:59:16.051,smart_meter,send_encrypted_data,334398,0.893,2995.727,true,none,360
2025-12-12 17:59:16.052,smart_meter,send_encrypted_data,334211,0.359,7447.599,true,none,412
2025-12-12 17:59:16.052,smart_meter,send_encrypted_data,333296,0.337,7912.071,true,none,424
2025-12-12 17:59:16.053,smart_meter,send_encrypted_data,334277,1.339,1997.174,true,none,395
2025-12-12 17:59:16.052,smart_meter,send_encrypted_data,334328,2.023,1322.108,true,none,441
2025-12-12 17:59:16.053,smart_meter,send_encrypted_data,334171,0.453,5901.475,true,none,310
2025-12-12 17:59:16.053,smart_meter,send_encrypted_data,334334,2.324,1150.892,true,none,474
2025-12-12 17:59:16.054,smart_meter,send_encrypted_data,334170,0.346,7726.474,true,none,358
2025-12-12 17:59:16.054,smart_meter,send_encrypted_data,334387,0.353,7578.176,true,none,396
2025-12-12 17:59:16.055,smart_meter,send_encrypted_data,334292,0.349,7662.854,true,none,335
2025-12-12 17:59:16.056,smart_meter,send_encrypted_data,334258,0.339,7888.094,true,none,406
2025-12-12 17:59:16.056,smart_meter,send_encrypted_data,334168,0.369,7244.835,true,none,425
2025-12-12 17:59:16.056,smart_meter,send_encrypted_data,334267,0.344,7773.651,true,none,309
2025-12-12 17:59:16.057,smart_meter,send_encrypted_data,334058,1.639,1630.545,true,none,347
2025-12-12 17:59:16.057,smart_meter,send_encrypted_data,334098,0.473,5650.706,true,none,321
2025-12-12 17:59:16.057,smart_meter,send_encrypted_data,334063,1.028,2599.712,true,none,475
2025-12-12 17:59:16.055,smart_meter,send_encrypted_data,334041,0.341,7836.739,true,none,429
2025-12-12 17:59:16.058,smart_meter,send_encrypted_data,334346,0.795,3364.488,true,none,394
2025-12-12 17:59:16.058,smart_meter,send_encrypted_data,334055,0.910,2936.747,true,none,292
2025-12-12 17:59:16.058,smart_meter,send_encrypted_data,334399,0.337,7938.255,true,none,318
2025-12-12 17:59:16.059,smart_meter,send_encrypted_data,334251,0.367,7286.125,true,none,311
2025-12-12 17:59:16.059,smart_meter,send_encrypted_data,334176,0.508,5262.614,true,none,482
2025-12-12 17:59:16.059,smart_meter,send_encrypted_data,334384,0.336,7961.524,true,none,480
2025-12-12 17:59:16.060,smart_meter,send_encrypted_data,334529,0.373,7174.885,true,none,465
2025-12-12 17:59:16.060,smart_meter,send_encrypted_data,334470,0.505,5298.535,true,none,385
2025-12-12 17:59:16.061,smart_meter,send_encrypted_data,334249,0.384,6963.521,true,none,357
2025-12-12 17:59:16.061,smart_meter,send_encrypted_data,334369,1.490,1795.270,true,none,444
2025-12-12 17:59:16.062,smart_meter,send_encrypted_data,334407,0.403,6638.352,true,none,472
2025-12-12 17:59:16.062,smart_meter,send_encrypted_data,334102,0.523,5110.547,true,none,297
2025-12-12 17:59:16.063,smart_meter,send_encrypted_data,334085,0.332,8050.241,true,none,307
2025-12-12 17:59:16.063,smart_meter,send_encrypted_data,334096,1.336,2000.575,true,none,365
2025-12-12 17:59:16.063,smart_meter,send_encrypted_data,334226,0.335,7981.516,true,none,355
2025-12-12 17:59:16.064,smart_meter,send_encrypted_data,334354,1.420,1883.685,true,none,460
2025-12-12 17:59:16.066,smart_meter,send_encrypted_data,334035,0.329,8122.432,true,none,367
2025-12-12 17:59:16.065,smart_meter,send_encrypted_data,334169,0.453,5901.439,true,none,455
2025-12-12 17:59:16.066,smart_meter,send_encrypted_data,334178,0.321,8328.424,true,none,299
2025-12-12 17:59:16.067,smart_meter,send_encrypted_data,334216,0.609,4390.358,true,none,410
2025-12-12 17:59:16.067,smart_meter,send_encrypted_data,334451,0.725,3690.494,true,none,476
2025-12-12 17:59:16.067,smart_meter,send_encrypted_data,334471,0.377,7097.528,true,none,379
2025-12-12 17:59:16.068,smart_meter,send_encrypted_data,334364,0.393,6806.392,true,none,295
2025-12-12 17:59:16.068,smart_meter,send_encrypted_data,334439,0.394,6790.640,true,none,457
2025-12-12 17:59:16.064,smart_meter,send_encrypted_data,334197,0.361,7406.028,true,none,384
2025-12-12 17:59:16.064,smart_meter,send_encrypted_data,334249,0.332,8054.193,true,none,330
2025-12-12 17:59:16.069,smart_meter,send_encrypted_data,334309,0.330,8104.461,true,none,386
2025-12-12 17:59:16.069,smart_meter,send_encrypted_data,334073,0.417,6409.074,true,none,471
2025-12-12 17:59:16.070,smart_meter,send_encrypted_data,334131,0.444,6020.378,true,none,343
2025-12-12 17:59:16.070,smart_meter,send_encrypted_data,334433,0.763,3506.506,true,none,368
2025-12-12 17:59:16.071,smart_meter,send_encrypted_data,334366,0.386,6929.865,true,none,366
2025-12-12 17:59:16.072,smart_meter,send_encrypted_data,333968,0.356,7504.899,true,none,493
2025-12-12 17:59:16.071,smart_meter,send_encrypted_data,334305,0.376,7112.872,true,none,462
2025-12-12 17:59:16.072,smart_meter,send_encrypted_data,334514,0.330,8109.430,true,none,484
2025-12-12 17:59:16.072,smart_meter,send_encrypted_data,334086,0.355,7528.699,true,none,458
2025-12-12 17:59:16.073,smart_meter,send_encrypted_data,334348,0.379,7057.478,true,none,489
2025-12-12 17:59:16.073,smart_meter,send_encrypted_data,334391,0.952,2810.008,true,none,359
2025-12-12 17:59:16.073,smart_meter,send_encrypted_data,334258,0.353,7575.252,true,none,491
2025-12-12 17:59:16.073,smart_meter,send_encrypted_data,334148,0.330,8100.558,true,none,348
2025-12-12 17:59:16.074,smart_meter,send_encrypted_data,334349,0.352,7598.841,true,none,371
2025-12-12 17:59:16.074,smart_meter,send_encrypted_data,334374,0.349,7664.734,true,none,382
2025-12-12 17:59:16.074,smart_meter,send_encrypted_data,334387,0.330,8106.352,true,none,439
2025-12-12 17:59:16.075,smart_meter,send_encrypted_data,334233,0.546,4897.187,true,none,388
2025-12-12 17:59:16.075,smart_meter,send_encrypted_data,334438,0.334,8010.491,true,none,363
2025-12-12 17:59:16.075,smart_meter,send_encrypted_data,334381,0.329,8130.845,true,none,415
2025-12-12 17:59:16.076,smart_meter,send_encrypted_data,334380,1.973,1355.824,true,none,469
2025-12-12 17:59:16.076,smart_meter,send_encrypted_data,333904,1.410,1894.491,true,none,478
2025-12-12 17:59:16.076,smart_meter,send_encrypted_data,334389,0.668,4004.659,true,none,390
2025-12-12 17:59:16.077,smart_meter,send_encrypted_data,334253,0.354,7553.740,true,none,435
2025-12-12 17:59:16.078,smart_meter,send_encrypted_data,334469,0.353,7580.034,true,none,404
2025-12-12 17:59:16.078,smart_meter,send_encrypted_data,334311,0.353,7576.453,true,none,420
2025-12-12 17:59:16.078,smart_meter,send_encrypted_data,334407,0.501,5339.832,true,none,337
2025-12-12 17:59:16.079,smart_meter,send_encrypted_data,334112,0.605,4418.010,true,none,402
2025-12-12 17:59:16.080,smart_meter,send_encrypted_data,334352,0.342,7821.099,true,none,398
2025-12-12 17:59:16.080,smart_meter,send_encrypted_data,334399,1.520,1759.995,true,none,328
2025-12-12 17:59:16.080,smart_meter,send_encrypted_data,334107,0.459,5823.216,true,none,354
2025-12-12 17:59:16.080,smart_meter,send_encrypted_data,334414,0.328,8156.439,true,none,467
2025-12-12 17:59:16.081,smart_meter,send_encrypted_data,334376,0.342,7821.661,true,none,326
2025-12-12 17:59:16.081,smart_meter,send_encrypted_data,334313,1.892,1413.586,true,none,350
2025-12-12 17:59:16.082,smart_meter,send_encrypted_data,334313,0.518,5163.135,true,none,373
2025-12-12 17:59:16.083,smart_meter,send_encrypted_data,334053,0.352,7592.114,true,none,316
2025-12-12 17:59:16.083,smart_meter,send_encrypted_data,334506,0.475,5633.785,true,none,421
2025-12-12 17:59:16.083,smart_meter,send_encrypted_data,334498,0.496,5395.129,true,none,302
2025-12-12 17:59:16.084,smart_meter,send_encrypted_data,334401,0.392,6824.510,true,none,378
2025-12-12 17:59:16.084,smart_meter,send_encrypted_data,334137,0.366,7303.541,true,none,305
2025-12-12 17:59:16.084,smart_meter,send_encrypted_data,334115,0.360,7424.778,true,none,450
2025-12-12 17:59:16.084,smart_meter,send_encrypted_data,334443,0.362,7391.006,true,none,377
2025-12-12 17:59:16.084,smart_meter,send_encrypted_data,333695,1.074,2485.624,true,none,345
2025-12-12 17:59:16.085,smart_meter,send_encrypted_data,334445,0.406,6590.049,true,none,370
2025-12-12 17:59:16.086,smart_meter,send_encrypted_data,334060,0.336,7953.810,true,none,418
2025-12-12 17:59:16.086,smart_meter,send_encrypted_data,334176,0.357,7488.538,true,none,464
2025-12-12 17:59:16.086,smart_meter,send_encrypted_data,334133,0.900,2970.071,true,none,392
2025-12-12 17:59:16.087,smart_meter,send_encrypted_data,334310,1.310,2041.588,true,none,440
2025-12-12 17:59:16.087,smart_meter,send_encrypted_data,334098,0.348,7680.414,true,none,341
2025-12-12 17:59:16.087,smart_meter,send_encrypted_data,334326,2.779,962.435,true,none,380
2025-12-12 17:59:16.088,smart_meter,send_encrypted_data,334378,0.328,8155.561,true,none,317
2025-12-12 17:59:16.088,smart_meter,send_encrypted_data,334289,0.330,8103.976,true,none,414
2025-12-12 17:59:16.089,smart_meter,send_encrypted_data,334383,0.903,2962.419,true,none,315
2025-12-12 17:59:16.089,smart_meter,send_encrypted_data,334471,2.326,1150.373,true,none,437
2025-12-12 17:59:16.089,smart_meter,send_encrypted_data,334205,0.407,6569.140,true,none,329
2025-12-12 17:59:16.091,smart_meter,send_encrypted_data,334463,0.438,6108.913,true,none,369
2025-12-12 17:59:16.091,smart_meter,send_encrypted_data,334317,0.369,7248.065,true,none,400
2025-12-12 17:59:16.091,smart_meter,send_encrypted_data,334461,0.429,6237.035,true,none,327
2025-12-12 17:59:16.091,smart_meter,send_encrypted_data,334509,0.342,7824.772,true,none,481
2025-12-12 17:59:16.091,smart_meter,send_encrypted_data,334306,1.274,2099.253,true,none,443
2025-12-12 17:59:16.092,smart_meter,send_encrypted_data,334209,0.341,7840.680,true,none,422
2025-12-12 17:59:16.093,smart_meter,send_encrypted_data,334276,0.774,3455.049,true,none,428
2025-12-12 17:59:16.093,smart_meter,send_encrypted_data,333290,0.334,7982.994,true,none,448
2025-12-12 17:59:16.094,smart_meter,send_encrypted_data,334358,0.343,7798.437,true,none,483
2025-12-12 17:59:16.094,smart_meter,send_encrypted_data,333964,0.361,7400.864,true,none,332
2025-12-12 17:59:16.094,smart_meter,send_encrypted_data,334226,0.369,7246.092,true,none,319
2025-12-12 17:59:16.094,smart_meter,send_encrypted_data,334102,1.670,1600.489,true,none,340
2025-12-12 17:59:16.094,smart_meter,send_encrypted_data,333906,1.853,1441.580,true,none,416
2025-12-12 17:59:16.095,smart_meter,send_encrypted_data,334445,0.450,5945.689,true,none,403
2025-12-12 17:59:16.096,smart_meter,send_encrypted_data,334101,0.352,7593.205,true,none,426
2025-12-12 17:59:16.096,smart_meter,send_encrypted_data,334265,1.077,2482.934,true,none,407
2025-12-12 17:59:16.097,smart_meter,send_encrypted_data,334495,0.450,5946.578,true,none,452
2025-12-12 17:59:16.099,smart_meter,send_encrypted_data,334272,0.425,6292.179,true,none,313
2025-12-12 17:59:16.100,smart_meter,send_encrypted_data,334366,0.353,7577.700,true,none,434
2025-12-12 17:59:16.100,smart_meter,send_encrypted_data,334465,0.438,6108.950,true,none,456
2025-12-12 17:59:16.101,smart_meter,send_encrypted_data,334377,0.920,2907.626,true,none,344
2025-12-12 17:59:16.101,smart_meter,send_encrypted_data,334105,0.466,5735.708,true,none,445
2025-12-12 17:59:16.101,smart_meter,send_encrypted_data,334132,0.368,7263.739,true,none,498
2025-12-12 17:59:16.102,smart_meter,send_encrypted_data,334465,0.360,7432.556,true,none,447
2025-12-12 17:59:16.103,smart_meter,send_encrypted_data,334186,0.441,6062.331,true,none,432
2025-12-12 17:59:16.103,smart_meter,send_encrypted_data,334109,0.491,5443.731,true,none,401
2025-12-12 17:59:16.104,smart_meter,send_encrypted_data,334392,0.379,7058.406,true,none,473
2025-12-12 17:59:16.104,smart_meter,send_encrypted_data,334276,0.377,7093.390,true,none,495
2025-12-12 17:59:16.105,smart_meter,send_encrypted_data,334061,0.371,7203.472,true,none,461
2025-12-12 17:59:16.107,smart_meter,send_encrypted_data,334201,0.393,6803.074,true,none,485
2025-12-12 17:59:16.107,smart_meter,send_encrypted_data,334264,0.396,6752.808,true,none,500
2025-12-12 17:59:16.107,smart_meter,send_encrypted_data,334341,0.332,8056.410,true,none,438
2025-12-12 17:59:16.108,smart_meter,send_encrypted_data,334317,0.914,2926.188,true,none,409
2025-12-12 17:59:16.110,smart_meter,send_encrypted_data,334327,0.357,7491.922,true,none,466
2025-12-12 17:59:16.110,smart_meter,send_encrypted_data,334482,0.322,8310.112,true,none,486
2025-12-12 17:59:16.111,smart_meter,send_encrypted_data,334156,0.368,7264.261,true,none,430
2025-12-12 17:59:16.111,smart_meter,send_encrypted_data,334250,0.358,7469.274,true,none,470
2025-12-12 17:59:16.112,smart_meter,send_encrypted_data,334373,0.606,4414.165,true,none,459
2025-12-12 17:59:16.115,smart_meter,send_encrypted_data,334441,0.451,5932.435,true,none,477
2025-12-12 17:59:16.115,smart_meter,send_encrypted_data,334280,0.481,5559.751,true,none,446
2025-12-12 17:59:16.124,smart_meter,send_encrypted_data,334378,0.444,6024.829,true,none,497
2025-12-12 17:59:16.125,smart_meter,send_encrypted_data,333997,0.396,6747.414,true,none,488
2025-12-12 17:59:16.128,smart_meter,send_encrypted_data,334126,0.423,6319.168,true,none,490
2025-12-12 17:59:16.134,smart_meter,send_encrypted_data,334493,0.461,5804.651,true,none,487
2025-12-12 17:59:16.134,smart_meter,send_encrypted_data,333272,0.412,6471.301,true,none,499
2025-12-12 17:59:16.145,smart_meter,send_encrypted_data,334386,0.422,6339.071,true,none,494
2025-12-12 17:59:16.157,smart_meter,send_encrypted_data,334114,0.426,6274.441,true,none,492
2025-12-12 17:59:16.164,smart_meter,send_encrypted_data,334265,0.392,6821.735,true,none,496
2025-12-12 18:00:21.238,smart_meter,send_encrypted_data,334417,1.379,1940.055,true,none,26
2025-12-12 18:00:21.241,smart_meter,send_encrypted_data,334348,2.556,1046.473,true,none,9
2025-12-12 18:00:21.248,smart_meter,send_encrypted_data,334165,0.354,7551.751,true,none,28
2025-12-12 18:00:21.248,smart_meter,send_encrypted_data,334451,0.385,6949.631,true,none,6
2025-12-12 18:00:21.252,smart_meter,send_encrypted_data,334331,0.366,7307.781,true,none,104
2025-12-12 18:00:21.253,smart_meter,send_encrypted_data,334297,0.346,7729.410,true,none,124
2025-12-12 18:00:21.254,smart_meter,send_encrypted_data,334331,0.385,6947.138,true,none,146
2025-12-12 18:00:21.254,smart_meter,send_encrypted_data,334137,0.398,6716.322,true,none,37
2025-12-12 18:00:21.255,smart_meter,send_encrypted_data,334433,0.352,7600.750,true,none,52
2025-12-12 18:00:21.255,smart_meter,send_encrypted_data,334205,0.404,6617.921,true,none,174
2025-12-12 18:00:21.255,smart_meter,send_encrypted_data,334187,0.360,7426.378,true,none,143
2025-12-12 18:00:21.256,smart_meter,send_encrypted_data,334282,0.368,7267.000,true,none,138
2025-12-12 18:00:21.256,smart_meter,send_encrypted_data,334221,0.381,7017.764,true,none,86
2025-12-12 18:00:21.257,smart_meter,send_encrypted_data,334453,0.434,6165.032,true,none,4
2025-12-12 18:00:21.257,smart_meter,send_encrypted_data,334232,0.375,7130.283,true,none,44
2025-12-12 18:00:21.258,smart_meter,send_encrypted_data,334410,0.365,7329.534,true,none,258
2025-12-12 18:00:21.258,smart_meter,send_encrypted_data,333829,0.344,7763.465,true,none,122
2025-12-12 18:00:21.259,smart_meter,send_encrypted_data,334168,0.387,6907.866,true,none,190
2025-12-12 18:00:21.260,smart_meter,send_encrypted_data,334436,0.371,7211.558,true,none,154
2025-12-12 18:00:21.260,smart_meter,send_encrypted_data,334220,0.397,6734.912,true,none,148
2025-12-12 18:00:21.260,smart_meter,send_encrypted_data,334382,0.380,7039.621,true,none,16
2025-12-12 18:00:21.261,smart_meter,send_encrypted_data,334400,0.353,7578.470,true,none,114
2025-12-12 18:00:21.261,smart_meter,send_encrypted_data,334383,0.390,6859.138,true,none,73
2025-12-12 18:00:21.261,smart_meter,send_encrypted_data,334346,0.411,6507.951,true,none,99
2025-12-12 18:00:21.261,smart_meter,send_encrypted_data,334257,0.441,6063.619,true,none,147
2025-12-12 18:00:21.261,smart_meter,send_encrypted_data,334140,6.171,433.175,true,none,263
2025-12-12 18:00:21.262,smart_meter,send_encrypted_data,334441,0.357,7494.476,true,none,137
2025-12-12 18:00:21.262,smart_meter,send_encrypted_data,334447,8.470,315.889,true,none,177
2025-12-12 18:00:21.262,smart_meter,send_encrypted_data,334143,7.974,335.233,true,none,113
2025-12-12 18:00:21.262,smart_meter,send_encrypted_data,334489,1.501,1782.753,true,none,19
2025-12-12 18:00:21.262,smart_meter,send_encrypted_data,334074,0.356,7507.281,true,none,256
2025-12-12 18:00:21.262,smart_meter,send_encrypted_data,334211,9.009,296.780,true,none,17
2025-12-12 18:00:21.262,smart_meter,send_encrypted_data,334416,2.128,1257.203,true,none,162
2025-12-12 18:00:21.263,smart_meter,send_encrypted_data,334444,3.180,841.369,true,none,45
2025-12-12 18:00:21.263,smart_meter,send_encrypted_data,334388,0.403,6637.975,true,none,59
2025-12-12 18:00:21.263,smart_meter,send_encrypted_data,334134,9.732,274.668,true,none,98
2025-12-12 18:00:21.264,smart_meter,send_encrypted_data,334314,0.366,7307.410,true,none,15
2025-12-12 18:00:21.264,smart_meter,send_encrypted_data,334332,0.396,6754.182,true,none,55
2025-12-12 18:00:21.264,smart_meter,send_encrypted_data,334294,0.388,6892.660,true,none,241
2025-12-12 18:00:21.265,smart_meter,send_encrypted_data,333866,0.396,6744.768,true,none,1
2025-12-12 18:00:21.265,smart_meter,send_encrypted_data,334418,0.962,2781.023,true,none,166
2025-12-12 18:00:21.266,smart_meter,send_encrypted_data,334039,2.182,1224.708,true,none,183
2025-12-12 18:00:21.266,smart_meter,send_encrypted_data,334239,0.364,7345.912,true,none,389
2025-12-12 18:00:21.266,smart_meter,send_encrypted_data,334132,1.350,1980.041,true,none,438
2025-12-12 18:00:21.266,smart_meter,send_encrypted_data,334081,1.434,1863.771,true,none,115
2025-12-12 18:00:21.266,smart_meter,send_encrypted_data,334366,0.355,7535.008,true,none,106
2025-12-12 18:00:21.266,smart_meter,send_encrypted_data,334458,0.360,7432.400,true,none,219
2025-12-12 18:00:21.267,smart_meter,send_encrypted_data,334196,0.368,7265.130,true,none,144
2025-12-12 18:00:21.268,smart_meter,send_encrypted_data,334158,0.407,6568.216,true,none,391
2025-12-12 18:00:21.268,smart_meter,send_encrypted_data,333347,0.450,5926.169,true,none,168
2025-12-12 18:00:21.269,smart_meter,send_encrypted_data,334433,0.380,7040.695,true,none,2
2025-12-12 18:00:21.268,smart_meter,send_encrypted_data,334355,0.385,6947.636,true,none,181
2025-12-12 18:00:21.269,smart_meter,send_encrypted_data,334193,0.390,6855.241,true,none,5
2025-12-12 18:00:21.270,smart_meter,send_encrypted_data,334209,0.346,7727.376,true,none,260
2025-12-12 18:00:21.270,smart_meter,send_encrypted_data,334423,0.379,7059.061,true,none,127
2025-12-12 18:00:21.270,smart_meter,send_encrypted_data,334135,0.367,7283.597,true,none,125
2025-12-12 18:00:21.271,smart_meter,send_encrypted_data,334190,0.453,5901.810,true,none,49
2025-12-12 18:00:21.271,smart_meter,send_encrypted_data,334159,0.417,6410.724,true,none,178
2025-12-12 18:00:21.271,smart_meter,send_encrypted_data,334171,0.417,6410.954,true,none,276
2025-12-12 18:00:21.272,smart_meter,send_encrypted_data,334132,0.351,7615.544,true,none,409
2025-12-12 18:00:21.272,smart_meter,send_encrypted_data,334203,0.346,7727.237,true,none,94
2025-12-12 18:00:21.272,smart_meter,send_encrypted_data,334273,0.375,7131.157,true,none,135
2025-12-12 18:00:21.272,smart_meter,send_encrypted_data,334412,0.351,7621.926,true,none,34
2025-12-12 18:00:21.273,smart_meter,send_encrypted_data,333567,0.350,7624.389,true,none,22
2025-12-12 18:00:21.273,smart_meter,send_encrypted_data,334303,10.026,266.749,true,none,121
2025-12-12 18:00:21.274,smart_meter,send_encrypted_data,334205,0.348,7682.874,true,none,198
2025-12-12 18:00:21.274,smart_meter,send_encrypted_data,333991,0.387,6904.207,true,none,240
2025-12-12 18:00:21.274,smart_meter,send_encrypted_data,334290,11.675,229.064,true,none,14
2025-12-12 18:00:21.275,smart_meter,send_encrypted_data,334396,0.331,8082.079,true,none,261
2025-12-12 18:00:21.276,smart_meter,send_encrypted_data,334406,0.399,6704.882,true,none,249
2025-12-12 18:00:21.276,smart_meter,send_encrypted_data,334357,0.401,6670.464,true,none,79
2025-12-12 18:00:21.277,smart_meter,send_encrypted_data,334254,3.055,875.297,true,none,189
2025-12-12 18:00:21.277,smart_meter,send_encrypted_data,334212,4.131,647.227,true,none,56
2025-12-12 18:00:21.276,smart_meter,send_encrypted_data,334422,2.799,955.833,true,none,38
2025-12-12 18:00:21.277,smart_meter,send_encrypted_data,334353,3.488,766.865,true,none,179
2025-12-12 18:00:21.278,smart_meter,send_encrypted_data,334418,0.497,5382.986,true,none,257
2025-12-12 18:00:21.279,smart_meter,send_encrypted_data,334018,0.361,7402.061,true,none,63
2025-12-12 18:00:21.279,smart_meter,send_encrypted_data,334098,0.378,7070.857,true,none,60
2025-12-12 18:00:21.280,smart_meter,send_encrypted_data,334451,0.365,7330.433,true,none,245
2025-12-12 18:00:21.280,smart_meter,send_encrypted_data,334392,0.345,7754.017,true,none,10
2025-12-12 18:00:21.281,smart_meter,send_encrypted_data,334071,0.371,7203.687,true,none,280
2025-12-12 18:00:21.281,smart_meter,send_encrypted_data,334416,0.356,7514.966,true,none,30
2025-12-12 18:00:21.281,smart_meter,send_encrypted_data,334200,0.329,8126.444,true,none,293
2025-12-12 18:00:21.281,smart_meter,send_encrypted_data,334475,0.379,7060.158,true,none,405
2025-12-12 18:00:21.281,smart_meter,send_encrypted_data,334437,0.379,7059.356,true,none,296
2025-12-12 18:00:21.282,smart_meter,send_encrypted_data,334375,0.348,7686.782,true,none,300
2025-12-12 18:00:21.282,smart_meter,send_encrypted_data,334375,0.353,7577.904,true,none,163
2025-12-12 18:00:21.283,smart_meter,send_encrypted_data,334286,0.381,7019.129,true,none,46
2025-12-12 18:00:21.284,smart_meter,send_encrypted_data,334373,0.361,7409.928,true,none,454
2025-12-12 18:00:21.284,smart_meter,send_encrypted_data,334352,0.352,7598.909,true,none,468
2025-12-12 18:00:21.284,smart_meter,send_encrypted_data,334073,0.408,6550.451,true,none,160
2025-12-12 18:00:21.284,smart_meter,send_encrypted_data,334188,0.377,7091.523,true,none,225
2025-12-12 18:00:21.285,smart_meter,send_encrypted_data,334277,0.366,7306.601,true,none,95
2025-12-12 18:00:21.285,smart_meter,send_encrypted_data,334384,0.378,7076.910,true,none,351
2025-12-12 18:00:21.286,smart_meter,send_encrypted_data,334435,0.373,7172.869,true,none,336
2025-12-12 18:00:21.286,smart_meter,send_encrypted_data,334342,0.376,7113.660,true,none,306
2025-12-12 18:00:21.286,smart_meter,send_encrypted_data,334346,0.357,7492.347,true,none,233
2025-12-12 18:00:21.287,smart_meter,send_encrypted_data,334387,0.353,7578.176,true,none,417
2025-12-12 18:00:21.287,smart_meter,send_encrypted_data,334400,0.353,7578.470,true,none,488
2025-12-12 18:00:21.288,smart_meter,send_encrypted_data,334405,0.362,7390.166,true,none,342
2025-12-12 18:00:21.288,smart_meter,send_encrypted_data,334390,11.550,231.612,true,none,194
2025-12-12 18:00:21.288,smart_meter,send_encrypted_data,334442,5.986,446.966,true,none,111
2025-12-12 18:00:21.288,smart_meter,send_encrypted_data,334380,10.857,246.389,true,none,226
2025-12-12 18:00:21.288,smart_meter,send_encrypted_data,334324,18.268,146.409,true,none,278
2025-12-12 18:00:21.289,smart_meter,send_encrypted_data,334427,0.336,7962.548,true,none,231
2025-12-12 18:00:21.290,smart_meter,send_encrypted_data,334499,0.364,7351.626,true,none,490
2025-12-12 18:00:21.290,smart_meter,send_encrypted_data,334459,0.392,6825.694,true,none,374
2025-12-12 18:00:21.290,smart_meter,send_encrypted_data,334119,6.866,389.303,true,none,70
2025-12-12 18:00:21.291,smart_meter,send_encrypted_data,334303,0.365,7327.189,true,none,375
2025-12-12 18:00:21.291,smart_meter,send_encrypted_data,334429,18.229,146.768,true,none,129
2025-12-12 18:00:21.291,smart_meter,send_encrypted_data,334409,6.937,385.653,true,none,119
2025-12-12 18:00:21.290,smart_meter,send_encrypted_data,334475,15.265,175.290,true,none,24
2025-12-12 18:00:21.291,smart_meter,send_encrypted_data,334374,0.386,6930.031,true,none,120
2025-12-12 18:00:21.291,smart_meter,send_encrypted_data,334093,0.389,6870.807,true,none,82
2025-12-12 18:00:21.292,smart_meter,send_encrypted_data,334082,10.333,258.652,true,none,264
2025-12-12 18:00:21.292,smart_meter,send_encrypted_data,334349,0.373,7171.024,true,none,239
2025-12-12 18:00:21.293,smart_meter,send_encrypted_data,334182,0.364,7344.659,true,none,176
2025-12-12 18:00:21.293,smart_meter,send_encrypted_data,334382,6.946,385.122,true,none,7
2025-12-12 18:00:21.293,smart_meter,send_encrypted_data,334473,0.423,6325.730,true,none,372
2025-12-12 18:00:21.293,smart_meter,send_encrypted_data,334136,10.153,263.281,true,none,182
2025-12-12 18:00:21.293,smart_meter,send_encrypted_data,334149,0.351,7615.932,true,none,325
2025-12-12 18:00:21.294,smart_meter,send_encrypted_data,334371,2.324,1151.019,true,none,92
2025-12-12 18:00:21.294,smart_meter,send_encrypted_data,334265,0.374,7150.053,true,none,413
2025-12-12 18:00:21.295,smart_meter,send_encrypted_data,334478,11.440,233.901,true,none,61
2025-12-12 18:00:21.295,smart_meter,send_encrypted_data,334275,0.362,7387.293,true,none,222
2025-12-12 18:00:21.295,smart_meter,send_encrypted_data,334505,0.760,3521.105,true,none,156
2025-12-12 18:00:21.295,smart_meter,send_encrypted_data,334006,0.408,6549.137,true,none,191
2025-12-12 18:00:21.297,smart_meter,send_encrypted_data,334525,14.685,182.240,true,none,430
2025-12-12 18:00:21.297,smart_meter,send_encrypted_data,334401,2.371,1128.304,true,none,267
2025-12-12 18:00:21.298,smart_meter,send_encrypted_data,334303,1.372,1949.289,true,none,47
2025-12-12 18:00:21.298,smart_meter,send_encrypted_data,334464,0.387,6913.984,true,none,130
2025-12-12 18:00:21.298,smart_meter,send_encrypted_data,334138,11.408,234.318,true,none,93
2025-12-12 18:00:21.299,smart_meter,send_encrypted_data,334354,0.363,7368.683,true,none,238
2025-12-12 18:00:21.299,smart_meter,send_encrypted_data,334450,0.349,7666.476,true,none,255
2025-12-12 18:00:21.299,smart_meter,send_encrypted_data,334113,0.380,7033.958,true,none,419
2025-12-12 18:00:21.297,smart_meter,send_encrypted_data,334461,2.455,1089.893,true,none,75
2025-12-12 18:00:21.300,smart_meter,send_encrypted_data,334406,0.367,7289.504,true,none,308
2025-12-12 18:00:21.300,smart_meter,send_encrypted_data,334330,0.367,7287.847,true,none,433
2025-12-12 18:00:21.300,smart_meter,send_encrypted_data,334179,0.341,7839.977,true,none,31
2025-12-12 18:00:21.301,smart_meter,send_encrypted_data,334222,0.355,7531.763,true,none,224
2025-12-12 18:00:21.301,smart_meter,send_encrypted_data,334396,0.382,7003.058,true,none,184
2025-12-12 18:00:21.301,smart_meter,send_encrypted_data,334432,0.381,7022.194,true,none,376
2025-12-12 18:00:21.301,smart_meter,send_encrypted_data,334409,0.358,7472.827,true,none,286
2025-12-12 18:00:21.302,smart_meter,send_encrypted_data,334099,0.388,6888.639,true,none,134
2025-12-12 18:00:21.302,smart_meter,send_encrypted_data,334013,0.389,6869.162,true,none,479
2025-12-12 18:00:21.303,smart_meter,send_encrypted_data,334383,0.360,7430.733,true,none,281
2025-12-12 18:00:21.303,smart_meter,send_encrypted_data,334116,0.584,4576.932,true,none,21
2025-12-12 18:00:21.303,smart_meter,send_encrypted_data,334300,0.364,7347.253,true,none,41
2025-12-12 18:00:21.303,smart_meter,send_encrypted_data,334027,0.403,6630.809,true,none,202
2025-12-12 18:00:21.304,smart_meter,send_encrypted_data,334287,16.215,164.927,true,none,116
2025-12-12 18:00:21.304,smart_meter,send_encrypted_data,333976,0.359,7442.362,true,none,107
2025-12-12 18:00:21.305,smart_meter,send_encrypted_data,334086,0.376,7108.213,true,none,35
2025-12-12 18:00:21.305,smart_meter,send_encrypted_data,334528,1.966,1361.253,true,none,206
2025-12-12 18:00:21.305,smart_meter,send_encrypted_data,334507,0.369,7252.184,true,none,165
2025-12-12 18:00:21.306,smart_meter,send_encrypted_data,334271,0.361,7407.668,true,none,349
2025-12-12 18:00:21.307,smart_meter,send_encrypted_data,334445,0.362,7391.050,true,none,195
2025-12-12 18:00:21.307,smart_meter,send_encrypted_data,334232,0.355,7531.989,true,none,301
2025-12-12 18:00:21.308,smart_meter,send_encrypted_data,333311,0.355,7511.234,true,none,312
2025-12-12 18:00:21.309,smart_meter,send_encrypted_data,334361,26.005,102.861,true,none,105
2025-12-12 18:00:21.309,smart_meter,send_encrypted_data,334194,25.925,103.126,true,none,54
2025-12-12 18:00:21.310,smart_meter,send_encrypted_data,334376,0.390,6858.995,true,none,346
2025-12-12 18:00:21.310,smart_meter,send_encrypted_data,334102,25.428,105.113,true,none,320
2025-12-12 18:00:21.311,smart_meter,send_encrypted_data,334395,0.364,7349.341,true,none,29
2025-12-12 18:00:21.311,smart_meter,send_encrypted_data,334318,0.385,6946.868,true,none,117
2025-12-12 18:00:21.312,smart_meter,send_encrypted_data,334373,0.374,7152.364,true,none,13
2025-12-12 18:00:21.313,smart_meter,send_encrypted_data,334324,15.947,167.718,true,none,96
2025-12-12 18:00:21.313,smart_meter,send_encrypted_data,334339,0.375,7132.565,true,none,381
2025-12-12 18:00:21.314,smart_meter,send_encrypted_data,334458,0.376,7116.128,true,none,385
2025-12-12 18:00:21.314,smart_meter,send_encrypted_data,334174,0.349,7660.149,true,none,153
2025-12-12 18:00:21.315,smart_meter,send_encrypted_data,334421,0.391,6842.373,true,none,203
2025-12-12 18:00:21.315,smart_meter,send_encrypted_data,334385,0.372,7191.075,true,none,77
2025-12-12 18:00:21.315,smart_meter,send_encrypted_data,334156,18.548,144.126,true,none,334
2025-12-12 18:00:21.316,smart_meter,send_encrypted_data,334280,0.354,7554.350,true,none,291
2025-12-12 18:00:21.316,smart_meter,send_encrypted_data,334387,0.353,7578.176,true,none,208
2025-12-12 18:00:21.316,smart_meter,send_encrypted_data,334297,0.346,7729.410,true,none,383
2025-12-12 18:00:21.317,smart_meter,send_encrypted_data,334044,0.341,7836.809,true,none,387
2025-12-12 18:00:21.318,smart_meter,send_encrypted_data,334455,22.064,121.267,true,none,364
2025-12-12 18:00:21.318,smart_meter,send_encrypted_data,334352,0.355,7534.693,true,none,211
2025-12-12 18:00:21.320,smart_meter,send_encrypted_data,334407,0.352,7600.159,true,none,216
2025-12-12 18:00:21.321,smart_meter,send_encrypted_data,334421,0.371,7211.235,true,none,215
2025-12-12 18:00:21.321,smart_meter,send_encrypted_data,334213,0.365,7325.216,true,none,180
2025-12-12 18:00:21.322,smart_meter,send_encrypted_data,334355,0.363,7368.705,true,none,201
2025-12-12 18:00:21.322,smart_meter,send_encrypted_data,333982,0.353,7568.997,true,none,431
2025-12-12 18:00:21.323,smart_meter,send_encrypted_data,334117,0.377,7090.016,true,none,8
2025-12-12 18:00:21.324,smart_meter,send_encrypted_data,334317,0.348,7685.448,true,none,112
2025-12-12 18:00:21.324,smart_meter,send_encrypted_data,334171,0.396,6750.929,true,none,324
2025-12-12 18:00:21.324,smart_meter,send_encrypted_data,334438,0.382,7003.937,true,none,244
2025-12-12 18:00:21.325,smart_meter,send_encrypted_data,334245,0.405,6602.370,true,none,397
2025-12-12 18:00:21.326,smart_meter,send_encrypted_data,334411,0.354,7557.311,true,none,71
2025-12-12 18:00:21.327,smart_meter,send_encrypted_data,334435,0.338,7915.621,true,none,212
2025-12-12 18:00:21.327,smart_meter,send_encrypted_data,334338,0.365,7327.956,true,none,353
2025-12-12 18:00:21.327,smart_meter,send_encrypted_data,334362,34.956,76.522,true,none,331
2025-12-12 18:00:21.328,smart_meter,send_encrypted_data,334466,19.247,139.021,true,none,396
2025-12-12 18:00:21.328,smart_meter,send_encrypted_data,334122,45.858,58.288,true,none,62
2025-12-12 18:00:21.329,smart_meter,send_encrypted_data,334360,0.347,7708.588,true,none,408
2025-12-12 18:00:21.331,smart_meter,send_encrypted_data,334386,0.360,7430.800,true,none,323
2025-12-12 18:00:21.331,smart_meter,send_encrypted_data,334314,22.425,119.265,true,none,97
2025-12-12 18:00:21.331,smart_meter,send_encrypted_data,334115,0.354,7550.621,true,none,304
2025-12-12 18:00:21.332,smart_meter,send_encrypted_data,334457,0.378,7078.455,true,none,352
2025-12-12 18:00:21.332,smart_meter,send_encrypted_data,334474,0.375,7135.445,true,none,401
2025-12-12 18:00:21.333,smart_meter,send_encrypted_data,334485,0.381,7023.307,true,none,88
2025-12-12 18:00:21.334,smart_meter,send_encrypted_data,334025,0.365,7321.096,true,none,393
2025-12-12 18:00:21.334,smart_meter,send_encrypted_data,334195,0.388,6890.619,true,none,424
2025-12-12 18:00:21.335,smart_meter,send_encrypted_data,333970,0.339,7881.298,true,none,167
2025-12-12 18:00:21.335,smart_meter,send_encrypted_data,334452,0.354,7558.237,true,none,399
2025-12-12 18:00:21.335,smart_meter,send_encrypted_data,334470,0.346,7733.410,true,none,474
2025-12-12 18:00:21.336,smart_meter,send_encrypted_data,334180,40.038,66.773,true,none,172
2025-12-12 18:00:21.336,smart_meter,send_encrypted_data,334455,0.382,7004.293,true,none,188
2025-12-12 18:00:21.336,smart_meter,send_encrypted_data,334382,0.365,7328.921,true,none,210
2025-12-12 18:00:21.336,smart_meter,send_encrypted_data,334348,0.365,7328.175,true,none,272
2025-12-12 18:00:21.337,smart_meter,send_encrypted_data,334328,0.361,7408.931,true,none,411
2025-12-12 18:00:21.337,smart_meter,send_encrypted_data,334176,0.331,8076.761,true,none,72
2025-12-12 18:00:21.338,smart_meter,send_encrypted_data,334442,0.337,7939.276,true,none,305
2025-12-12 18:00:21.338,smart_meter,send_encrypted_data,334467,33.420,80.064,true,none,427
2025-12-12 18:00:21.339,smart_meter,send_encrypted_data,334333,0.358,7471.128,true,none,476
2025-12-12 18:00:21.339,smart_meter,send_encrypted_data,334413,0.360,7431.400,true,none,303
2025-12-12 18:00:21.340,smart_meter,send_encrypted_data,334468,0.353,7580.011,true,none,412
2025-12-12 18:00:21.340,smart_meter,send_encrypted_data,333883,0.378,7066.307,true,none,442
2025-12-12 18:00:21.341,smart_meter,send_encrypted_data,334133,0.367,7283.553,true,none,390
2025-12-12 18:00:21.341,smart_meter,send_encrypted_data,334405,0.378,7077.354,true,none,48
2025-12-12 18:00:21.342,smart_meter,send_encrypted_data,334513,0.370,7232.714,true,none,11
2025-12-12 18:00:21.342,smart_meter,send_encrypted_data,334336,0.368,7268.174,true,none,175
2025-12-12 18:00:21.342,smart_meter,send_encrypted_data,334200,0.344,7772.093,true,none,64
2025-12-12 18:00:21.344,smart_meter,send_encrypted_data,334335,0.340,7866.706,true,none,392
2025-12-12 18:00:21.344,smart_meter,send_encrypted_data,334161,0.368,7264.370,true,none,309
2025-12-12 18:00:21.345,smart_meter,send_encrypted_data,334123,0.366,7303.235,true,none,437
2025-12-12 18:00:21.345,smart_meter,send_encrypted_data,334222,32.966,81.107,true,none,158
2025-12-12 18:00:21.345,smart_meter,send_encrypted_data,334346,0.369,7248.694,true,none,428
2025-12-12 18:00:21.346,smart_meter,send_encrypted_data,334183,0.357,7488.695,true,none,247
2025-12-12 18:00:21.346,smart_meter,send_encrypted_data,334059,0.356,7506.944,true,none,101
2025-12-12 18:00:21.346,smart_meter,send_encrypted_data,334202,0.341,7840.516,true,none,386
2025-12-12 18:00:21.346,smart_meter,send_encrypted_data,334355,0.342,7821.170,true,none,335
2025-12-12 18:00:21.347,smart_meter,send_encrypted_data,334349,28.034,95.412,true,none,187
2025-12-12 18:00:21.347,smart_meter,send_encrypted_data,334359,0.338,7913.822,true,none,186
2025-12-12 18:00:21.347,smart_meter,send_encrypted_data,334173,0.357,7488.471,true,none,254
2025-12-12 18:00:21.348,smart_meter,send_encrypted_data,334121,0.394,6784.183,true,none,205
2025-12-12 18:00:21.348,smart_meter,send_encrypted_data,334349,0.393,6806.087,true,none,262
2025-12-12 18:00:21.349,smart_meter,send_encrypted_data,334418,0.382,7003.518,true,none,282
2025-12-12 18:00:21.349,smart_meter,send_encrypted_data,334362,0.395,6771.889,true,none,39
2025-12-12 18:00:21.349,smart_meter,send_encrypted_data,334146,0.345,7748.313,true,none,18
2025-12-12 18:00:21.349,smart_meter,send_encrypted_data,334477,0.333,8035.483,true,none,450
2025-12-12 18:00:21.350,smart_meter,send_encrypted_data,333377,0.388,6873.753,true,none,100
2025-12-12 18:00:21.350,smart_meter,send_encrypted_data,334289,0.367,7286.954,true,none,84
2025-12-12 18:00:21.350,smart_meter,send_encrypted_data,334225,0.367,7285.559,true,none,235
2025-12-12 18:00:21.351,smart_meter,send_encrypted_data,334399,0.337,7938.255,true,none,227
2025-12-12 18:00:21.351,smart_meter,send_encrypted_data,334268,0.375,7131.051,true,none,250
2025-12-12 18:00:21.352,smart_meter,send_encrypted_data,334280,0.343,7796.618,true,none,318
2025-12-12 18:00:21.352,smart_meter,send_encrypted_data,334430,0.346,7732.486,true,none,493
2025-12-12 18:00:21.353,smart_meter,send_encrypted_data,334100,0.355,7529.014,true,none,444
2025-12-12 18:00:21.353,smart_meter,send_encrypted_data,334342,27.097,98.710,true,none,253
2025-12-12 18:00:21.353,smart_meter,send_encrypted_data,334299,1.654,1616.924,true,none,369
2025-12-12 18:00:21.353,smart_meter,send_encrypted_data,334397,52.373,51.079,true,none,32
2025-12-12 18:00:21.353,smart_meter,send_encrypted_data,334059,0.357,7485.916,true,none,155
2025-12-12 18:00:21.354,smart_meter,send_encrypted_data,334436,0.346,7732.624,true,none,467
2025-12-12 18:00:21.354,smart_meter,send_encrypted_data,334510,0.349,7667.851,true,none,458
2025-12-12 18:00:21.355,smart_meter,send_encrypted_data,334496,0.357,7495.709,true,none,469
2025-12-12 18:00:21.356,smart_meter,send_encrypted_data,334459,0.340,7869.624,true,none,435
2025-12-12 18:00:21.356,smart_meter,send_encrypted_data,334466,0.344,7778.279,true,none,371
2025-12-12 18:00:21.357,smart_meter,send_encrypted_data,334433,0.395,6773.327,true,none,40
2025-12-12 18:00:21.357,smart_meter,send_encrypted_data,334302,0.373,7170.016,true,none,218
2025-12-12 18:00:21.358,smart_meter,send_encrypted_data,334381,0.377,7095.618,true,none,279
2025-12-12 18:00:21.358,smart_meter,send_encrypted_data,334107,0.382,6997.005,true,none,448
2025-12-12 18:00:21.358,smart_meter,send_encrypted_data,334211,0.398,6717.809,true,none,251
2025-12-12 18:00:21.359,smart_meter,send_encrypted_data,334423,0.392,6824.959,true,none,341
2025-12-12 18:00:21.359,smart_meter,send_encrypted_data,334303,0.403,6636.288,true,none,321
2025-12-12 18:00:21.359,smart_meter,send_encrypted_data,334173,0.381,7016.756,true,none,440
2025-12-12 18:00:21.359,smart_meter,send_encrypted_data,334222,0.374,7149.134,true,none,275
2025-12-12 18:00:21.359,smart_meter,send_encrypted_data,334323,0.350,7641.669,true,none,67
2025-12-12 18:00:21.359,smart_meter,send_encrypted_data,334342,0.365,7328.044,true,none,420
2025-12-12 18:00:21.359,smart_meter,send_encrypted_data,334076,0.361,7403.346,true,none,395
2025-12-12 18:00:21.360,smart_meter,send_encrypted_data,334478,21.843,122.503,true,none,449
2025-12-12 18:00:21.360,smart_meter,send_encrypted_data,334259,0.385,6945.642,true,none,414
2025-12-12 18:00:21.360,smart_meter,send_encrypted_data,333945,49.817,53.627,true,none,294
2025-12-12 18:00:21.360,smart_meter,send_encrypted_data,334490,0.356,7516.629,true,none,193
2025-12-12 18:00:21.361,smart_meter,send_encrypted_data,334488,6.975,383.642,true,none,326
2025-12-12 18:00:21.361,smart_meter,send_encrypted_data,334057,0.361,7402.925,true,none,315
2025-12-12 18:00:21.361,smart_meter,send_encrypted_data,334484,7.640,350.245,true,none,123
2025-12-12 18:00:21.308,smart_meter,send_encrypted_data,334354,0.365,7328.307,true,none,42
2025-12-12 18:00:21.361,smart_meter,send_encrypted_data,334175,0.355,7530.704,true,none,418
2025-12-12 18:00:21.362,smart_meter,send_encrypted_data,334297,0.396,6753.475,true,none,221
2025-12-12 18:00:21.362,smart_meter,send_encrypted_data,334410,6.981,383.223,true,none,242
2025-12-12 18:00:21.362,smart_meter,send_encrypted_data,334189,28.501,93.804,true,none,236
2025-12-12 18:00:21.362,smart_meter,send_encrypted_data,334439,0.348,7688.253,true,none,213
2025-12-12 18:00:21.362,smart_meter,send_encrypted_data,334417,6.820,392.278,true,none,68
2025-12-12 18:00:21.362,smart_meter,send_encrypted_data,334216,0.370,7226.292,true,none,327
2025-12-12 18:00:21.363,smart_meter,send_encrypted_data,334361,0.419,6383.981,true,none,367
2025-12-12 18:00:21.363,smart_meter,send_encrypted_data,334131,1.631,1638.901,true,none,192
2025-12-12 18:00:21.363,smart_meter,send_encrypted_data,334529,0.338,7917.846,true,none,151
2025-12-12 18:00:21.364,smart_meter,send_encrypted_data,334092,0.356,7507.685,true,none,78
2025-12-12 18:00:21.364,smart_meter,send_encrypted_data,334424,0.354,7557.605,true,none,273
2025-12-12 18:00:21.364,smart_meter,send_encrypted_data,334368,6.174,433.259,true,none,270
2025-12-12 18:00:21.364,smart_meter,send_encrypted_data,334466,0.368,7271.000,true,none,432
2025-12-12 18:00:21.364,smart_meter,send_encrypted_data,334426,0.368,7270.130,true,none,69
2025-12-12 18:00:21.365,smart_meter,send_encrypted_data,334445,0.378,7078.201,true,none,482
2025-12-12 18:00:21.365,smart_meter,send_encrypted_data,334483,0.350,7645.326,true,none,74
2025-12-12 18:00:21.366,smart_meter,send_encrypted_data,334184,0.376,7110.298,true,none,345
2025-12-12 18:00:21.366,smart_meter,send_encrypted_data,334245,0.379,7055.303,true,none,330
2025-12-12 18:00:21.366,smart_meter,send_encrypted_data,333995,0.586,4559.659,true,none,410
2025-12-12 18:00:21.366,smart_meter,send_encrypted_data,334374,8.912,300.156,true,none,319
2025-12-12 18:00:21.366,smart_meter,send_encrypted_data,334425,0.358,7473.184,true,none,373
2025-12-12 18:00:21.367,smart_meter,send_encrypted_data,334370,9.537,280.482,true,none,150
2025-12-12 18:00:21.367,smart_meter,send_encrypted_data,334329,0.352,7598.386,true,none,297
2025-12-12 18:00:21.367,smart_meter,send_encrypted_data,334211,19.903,134.336,true,none,265
2025-12-12 18:00:21.367,smart_meter,send_encrypted_data,334440,14.158,188.976,true,none,12
2025-12-12 18:00:21.367,smart_meter,send_encrypted_data,334222,0.368,7265.696,true,none,57
2025-12-12 18:00:21.368,smart_meter,send_encrypted_data,334462,0.362,7391.425,true,none,452
2025-12-12 18:00:21.368,smart_meter,send_encrypted_data,334333,0.374,7151.508,true,none,103
2025-12-12 18:00:21.368,smart_meter,send_encrypted_data,334109,13.550,197.260,true,none,402
2025-12-12 18:00:21.368,smart_meter,send_encrypted_data,334124,11.864,225.303,true,none,398
2025-12-12 18:00:21.368,smart_meter,send_encrypted_data,334115,0.349,7658.797,true,none,456
2025-12-12 18:00:21.369,smart_meter,send_encrypted_data,334404,0.353,7578.561,true,none,110
2025-12-12 18:00:21.370,smart_meter,send_encrypted_data,334367,0.363,7368.970,true,none,368
2025-12-12 18:00:21.370,smart_meter,send_encrypted_data,334101,0.372,7184.968,true,none,461
2025-12-12 18:00:21.370,smart_meter,send_encrypted_data,334454,0.356,7515.820,true,none,492
2025-12-12 18:00:21.370,smart_meter,send_encrypted_data,334246,0.389,6873.954,true,none,87
2025-12-12 18:00:21.370,smart_meter,send_encrypted_data,334456,0.389,6878.272,true,none,415
2025-12-12 18:00:21.371,smart_meter,send_encrypted_data,334123,0.364,7343.363,true,none,33
2025-12-12 18:00:21.371,smart_meter,send_encrypted_data,334331,0.387,6911.235,true,none,459
2025-12-12 18:00:21.371,smart_meter,send_encrypted_data,334375,0.342,7821.637,true,none,277
2025-12-12 18:00:21.371,smart_meter,send_encrypted_data,334447,0.364,7350.484,true,none,299
2025-12-12 18:00:21.372,smart_meter,send_encrypted_data,334360,0.365,7328.438,true,none,486
2025-12-12 18:00:21.372,smart_meter,send_encrypted_data,333977,2.280,1171.849,true,none,90
2025-12-12 18:00:21.372,smart_meter,send_encrypted_data,333287,80.493,33.125,true,none,356
2025-12-12 18:00:21.372,smart_meter,send_encrypted_data,334030,3.365,794.128,true,none,230
2025-12-12 18:00:21.372,smart_meter,send_encrypted_data,334399,3.263,819.857,true,none,204
2025-12-12 18:00:21.373,smart_meter,send_encrypted_data,334218,0.361,7406.493,true,none,287
2025-12-12 18:00:21.373,smart_meter,send_encrypted_data,334200,9.670,276.484,true,none,91
2025-12-12 18:00:21.373,smart_meter,send_encrypted_data,334415,0.350,7643.771,true,none,65
2025-12-12 18:00:21.373,smart_meter,send_encrypted_data,334353,0.388,6893.876,true,none,473
2025-12-12 18:00:21.373,smart_meter,send_encrypted_data,334367,0.388,6894.165,true,none,403
2025-12-12 18:00:21.374,smart_meter,send_encrypted_data,334117,5.026,531.822,true,none,447
2025-12-12 18:00:21.374,smart_meter,send_encrypted_data,334167,0.373,7167.121,true,none,207
2025-12-12 18:00:21.374,smart_meter,send_encrypted_data,334074,3.558,751.150,true,none,185
2025-12-12 18:00:21.372,smart_meter,send_encrypted_data,334217,2.148,1244.756,true,none,481
2025-12-12 18:00:21.374,smart_meter,send_encrypted_data,334114,0.381,7015.517,true,none,388
2025-12-12 18:00:21.375,smart_meter,send_encrypted_data,334304,0.358,7470.480,true,none,85
2025-12-12 18:00:21.375,smart_meter,send_encrypted_data,334263,71.410,37.447,true,none,289
2025-12-12 18:00:21.375,smart_meter,send_encrypted_data,334243,0.348,7683.747,true,none,495
2025-12-12 18:00:21.376,smart_meter,send_encrypted_data,334474,0.351,7623.339,true,none,80
2025-12-12 18:00:21.376,smart_meter,send_encrypted_data,334395,6.790,393.985,true,none,343
2025-12-12 18:00:21.376,smart_meter,send_encrypted_data,333998,1.596,1674.175,true,none,404
2025-12-12 18:00:21.376,smart_meter,send_encrypted_data,334350,0.346,7730.636,true,none,463
2025-12-12 18:00:21.377,smart_meter,send_encrypted_data,334450,9.640,277.552,true,none,439
2025-12-12 18:00:21.377,smart_meter,send_encrypted_data,333863,11.210,238.261,true,none,283
2025-12-12 18:00:21.377,smart_meter,send_encrypted_data,334383,0.427,6264.787,true,none,354
2025-12-12 18:00:21.377,smart_meter,send_encrypted_data,334194,2.539,1052.994,true,none,332
2025-12-12 18:00:21.378,smart_meter,send_encrypted_data,334471,0.372,7192.925,true,none,58
2025-12-12 18:00:21.378,smart_meter,send_encrypted_data,334399,0.341,7845.138,true,none,421
2025-12-12 18:00:21.378,smart_meter,send_encrypted_data,334154,0.356,7509.079,true,none,460
2025-12-12 18:00:21.379,smart_meter,send_encrypted_data,334256,17.340,154.213,true,none,20
2025-12-12 18:00:21.379,smart_meter,send_encrypted_data,334069,0.368,7262.370,true,none,252
2025-12-12 18:00:21.379,smart_meter,send_encrypted_data,334343,0.375,7132.651,true,none,83
2025-12-12 18:00:21.380,smart_meter,send_encrypted_data,333960,82.040,32.566,true,none,197
2025-12-12 18:00:21.380,smart_meter,send_encrypted_data,334382,43.360,61.694,true,none,423
2025-12-12 18:00:21.380,smart_meter,send_encrypted_data,334152,0.385,6943.418,true,none,464
2025-12-12 18:00:21.380,smart_meter,send_encrypted_data,334301,0.345,7751.907,true,none,425
2025-12-12 18:00:21.381,smart_meter,send_encrypted_data,334078,0.353,7571.173,true,none,434
2025-12-12 18:00:21.381,smart_meter,send_encrypted_data,334485,0.370,7232.108,true,none,157
2025-12-12 18:00:21.381,smart_meter,send_encrypted_data,334122,0.336,7955.286,true,none,317
2025-12-12 18:00:21.382,smart_meter,send_encrypted_data,334420,20.795,128.654,true,none,457
2025-12-12 18:00:21.382,smart_meter,send_encrypted_data,334400,9.364,285.690,true,none,161
2025-12-12 18:00:21.382,smart_meter,send_encrypted_data,334125,18.100,147.680,true,none,131
2025-12-12 18:00:21.382,smart_meter,send_encrypted_data,334113,0.367,7283.117,true,none,128
2025-12-12 18:00:21.383,smart_meter,send_encrypted_data,334248,69.205,38.639,true,none,288
2025-12-12 18:00:21.383,smart_meter,send_encrypted_data,334029,5.626,474.979,true,none,66
2025-12-12 18:00:21.383,smart_meter,send_encrypted_data,334120,0.380,7034.105,true,none,379
2025-12-12 18:00:21.371,smart_meter,send_encrypted_data,334421,83.791,31.929,true,none,89
2025-12-12 18:00:21.384,smart_meter,send_encrypted_data,334298,7.399,361.452,true,none,443
2025-12-12 18:00:21.384,smart_meter,send_encrypted_data,334170,0.368,7264.565,true,none,489
2025-12-12 18:00:21.384,smart_meter,send_encrypted_data,334227,5.708,468.433,true,none,232
2025-12-12 18:00:21.385,smart_meter,send_encrypted_data,334469,7.178,372.771,true,none,400
2025-12-12 18:00:21.385,smart_meter,send_encrypted_data,334437,42.693,62.668,true,none,23
2025-12-12 18:00:21.385,smart_meter,send_encrypted_data,334174,3.043,878.538,true,none,465
2025-12-12 18:00:21.385,smart_meter,send_encrypted_data,334484,30.380,88.080,true,none,76
2025-12-12 18:00:21.385,smart_meter,send_encrypted_data,334376,29.591,90.399,true,none,228
2025-12-12 18:00:21.386,smart_meter,send_encrypted_data,334374,33.253,80.444,true,none,3
2025-12-12 18:00:21.386,smart_meter,send_encrypted_data,334383,2.151,1243.637,true,none,407
2025-12-12 18:00:21.386,smart_meter,send_encrypted_data,333987,24.432,109.361,true,none,50
2025-12-12 18:00:21.386,smart_meter,send_encrypted_data,334031,0.388,6887.237,true,none,109
2025-12-12 18:00:21.386,smart_meter,send_encrypted_data,333955,0.370,7220.649,true,none,429
2025-12-12 18:00:21.387,smart_meter,send_encrypted_data,334444,4.052,660.304,true,none,108
2025-12-12 18:00:21.387,smart_meter,send_encrypted_data,334388,25.601,104.492,true,none,471
2025-12-12 18:00:21.387,smart_meter,send_encrypted_data,334339,5.232,511.222,true,none,243
2025-12-12 18:00:21.387,smart_meter,send_encrypted_data,334369,3.786,706.538,true,none,370
2025-12-12 18:00:21.387,smart_meter,send_encrypted_data,334084,0.331,8074.538,true,none,446
2025-12-12 18:00:21.388,smart_meter,send_encrypted_data,334078,0.362,7382.939,true,none,366
2025-12-12 18:00:21.388,smart_meter,send_encrypted_data,334457,24.062,111.198,true,none,169
2025-12-12 18:00:21.388,smart_meter,send_encrypted_data,334224,24.495,109.157,true,none,359
2025-12-12 18:00:21.388,smart_meter,send_encrypted_data,334410,32.976,81.128,true,none,406
2025-12-12 18:00:21.388,smart_meter,send_encrypted_data,334240,0.340,7864.471,true,none,268
2025-12-12 18:00:21.388,smart_meter,send_encrypted_data,334419,0.350,7643.863,true,none,141
2025-12-12 18:00:21.389,smart_meter,send_encrypted_data,334475,21.880,122.294,true,none,248
2025-12-12 18:00:21.389,smart_meter,send_encrypted_data,334383,21.632,123.662,true,none,259
2025-12-12 18:00:21.389,smart_meter,send_encrypted_data,334454,46.274,57.821,true,none,159
2025-12-12 18:00:21.389,smart_meter,send_encrypted_data,334236,20.056,133.321,true,none,329
2025-12-12 18:00:21.389,smart_meter,send_encrypted_data,333730,20.890,127.805,true,none,173
2025-12-12 18:00:21.389,smart_meter,send_encrypted_data,334509,52.553,50.921,true,none,246
2025-12-12 18:00:21.390,smart_meter,send_encrypted_data,334097,24.498,109.102,true,none,43
2025-12-12 18:00:21.390,smart_meter,send_encrypted_data,334224,16.611,160.965,true,none,337
2025-12-12 18:00:21.390,smart_meter,send_encrypted_data,334308,33.050,80.922,true,none,229
2025-12-12 18:00:21.390,smart_meter,send_encrypted_data,334379,0.376,7114.447,true,none,284
2025-12-12 18:00:21.391,smart_meter,send_encrypted_data,334390,0.375,7133.653,true,none,214
2025-12-12 18:00:21.392,smart_meter,send_encrypted_data,334455,3.237,826.580,true,none,338
2025-12-12 18:00:21.391,smart_meter,send_encrypted_data,334308,1.605,1666.333,true,none,491
2025-12-12 18:00:21.392,smart_meter,send_encrypted_data,334197,2.756,970.093,true,none,497
2025-12-12 18:00:21.392,smart_meter,send_encrypted_data,334192,0.363,7365.113,true,none,164
2025-12-12 18:00:21.393,smart_meter,send_encrypted_data,333965,23.839,112.073,true,none,217
2025-12-12 18:00:21.393,smart_meter,send_encrypted_data,334152,36.939,72.368,true,none,475
2025-12-12 18:00:21.393,smart_meter,send_encrypted_data,334051,0.306,8733.359,true,none,355
2025-12-12 18:00:21.393,smart_meter,send_encrypted_data,334490,0.316,8468.101,true,none,451
2025-12-12 18:00:21.386,smart_meter,send_encrypted_data,334365,29.414,90.940,true,none,384
2025-12-12 18:00:21.387,smart_meter,send_encrypted_data,334457,26.238,101.976,true,none,285
2025-12-12 18:00:21.382,smart_meter,send_encrypted_data,334117,24.993,106.947,true,none,133
2025-12-12 18:00:21.383,smart_meter,send_encrypted_data,334165,22.294,119.912,true,none,102
2025-12-12 18:00:21.394,smart_meter,send_encrypted_data,334455,19.917,134.340,true,none,462
2025-12-12 18:00:21.395,smart_meter,send_encrypted_data,334428,0.343,7800.070,true,none,426
2025-12-12 18:00:21.395,smart_meter,send_encrypted_data,334364,0.345,7753.368,true,none,152
2025-12-12 18:00:21.392,smart_meter,send_encrypted_data,334205,32.994,81.034,true,none,142
2025-12-12 18:00:21.395,smart_meter,send_encrypted_data,334369,31.893,83.873,true,none,27
2025-12-12 18:00:21.387,smart_meter,send_encrypted_data,334277,22.137,120.803,true,none,139
2025-12-12 18:00:21.395,smart_meter,send_encrypted_data,334125,0.348,7681.034,true,none,81
2025-12-12 18:00:21.395,smart_meter,send_encrypted_data,334339,0.340,7866.800,true,none,416
2025-12-12 18:00:21.393,smart_meter,send_encrypted_data,334089,34.979,76.409,true,none,358
2025-12-12 18:00:21.371,smart_meter,send_encrypted_data,334088,11.060,241.655,true,none,394
2025-12-12 18:00:21.313,smart_meter,send_encrypted_data,334424,27.586,96.984,true,none,149
2025-12-12 18:00:21.385,smart_meter,send_encrypted_data,334350,24.142,110.794,true,none,220
2025-12-12 18:00:21.378,smart_meter,send_encrypted_data,334268,19.049,140.382,true,none,480
2025-12-12 18:00:21.396,smart_meter,send_encrypted_data,334221,0.368,7265.674,true,none,316
2025-12-12 18:00:21.395,smart_meter,send_encrypted_data,334441,31.874,83.941,true,none,274
2025-12-12 18:00:21.396,smart_meter,send_encrypted_data,334453,53.503,50.009,true,none,140
2025-12-12 18:00:21.396,smart_meter,send_encrypted_data,334406,36.334,73.629,true,none,311
2025-12-12 18:00:21.396,smart_meter,send_encrypted_data,334174,57.960,46.125,true,none,25
2025-12-12 18:00:21.397,smart_meter,send_encrypted_data,334468,0.348,7688.920,true,none,328
2025-12-12 18:00:21.317,smart_meter,send_encrypted_data,334402,0.366,7309.333,true,none,436
2025-12-12 18:00:21.397,smart_meter,send_encrypted_data,334384,59.398,45.036,true,none,209
2025-12-12 18:00:21.396,smart_meter,send_encrypted_data,334149,71.643,37.313,true,none,171
2025-12-12 18:00:21.397,smart_meter,send_encrypted_data,334171,53.469,49.998,true,none,271
2025-12-12 18:00:21.397,smart_meter,send_encrypted_data,334411,1.142,2342.634,true,none,350
2025-12-12 18:00:21.397,smart_meter,send_encrypted_data,334131,13.794,193.783,true,none,36
2025-12-12 18:00:21.398,smart_meter,send_encrypted_data,334417,0.355,7536.158,true,none,484
2025-12-12 18:00:21.398,smart_meter,send_encrypted_data,334414,29.338,91.189,true,none,126
2025-12-12 18:00:21.392,smart_meter,send_encrypted_data,334222,26.840,99.619,true,none,136
2025-12-12 18:00:21.398,smart_meter,send_encrypted_data,334224,56.927,46.969,true,none,441
2025-12-12 18:00:21.398,smart_meter,send_encrypted_data,334406,0.345,7754.342,true,none,487
2025-12-12 18:00:21.399,smart_meter,send_encrypted_data,334182,94.976,28.149,true,none,269
2025-12-12 18:00:21.397,smart_meter,send_encrypted_data,333885,31.618,84.480,true,none,132
2025-12-12 18:00:21.381,smart_meter,send_encrypted_data,334225,39.783,67.210,true,none,310
2025-12-12 18:00:21.399,smart_meter,send_encrypted_data,334438,0.375,7134.677,true,none,266
2025-12-12 18:00:21.400,smart_meter,send_encrypted_data,334259,0.355,7532.597,true,none,478
2025-12-12 18:00:21.400,smart_meter,send_encrypted_data,334091,39.527,67.618,true,none,348
2025-12-12 18:00:21.400,smart_meter,send_encrypted_data,334154,21.757,122.868,true,none,472
2025-12-12 18:00:21.393,smart_meter,send_encrypted_data,334151,28.121,95.061,true,none,196
2025-12-12 18:00:21.402,smart_meter,send_encrypted_data,334483,32.657,81.938,true,none,455
2025-12-12 18:00:21.402,smart_meter,send_encrypted_data,334259,92.396,28.941,true,none,145
2025-12-12 18:00:21.402,smart_meter,send_encrypted_data,333846,20.360,131.177,true,none,118
2025-12-12 18:00:21.402,smart_meter,send_encrypted_data,334085,52.436,50.970,true,none,51
2025-12-12 18:00:21.403,smart_meter,send_encrypted_data,334364,0.341,7844.317,true,none,470
2025-12-12 18:00:21.403,smart_meter,send_encrypted_data,334328,53.103,50.367,true,none,53
2025-12-12 18:00:21.403,smart_meter,send_encrypted_data,334100,0.371,7204.313,true,none,485
2025-12-12 18:00:21.404,smart_meter,send_encrypted_data,334079,10.002,267.210,true,none,422
2025-12-12 18:00:21.338,smart_meter,send_encrypted_data,334454,0.398,6722.693,true,none,360
2025-12-12 18:00:21.404,smart_meter,send_encrypted_data,334266,1.902,1405.956,true,none,445
2025-12-12 18:00:21.400,smart_meter,send_encrypted_data,334096,37.292,71.671,true,none,199
2025-12-12 18:00:21.405,smart_meter,send_encrypted_data,334418,6.399,418.088,true,none,362
2025-12-12 18:00:21.405,smart_meter,send_encrypted_data,334220,0.360,7427.111,true,none,313
2025-12-12 18:00:21.407,smart_meter,send_encrypted_data,334397,9.453,282.998,true,none,496
2025-12-12 18:00:21.408,smart_meter,send_encrypted_data,334465,2.796,956.981,true,none,500
2025-12-12 18:00:21.408,smart_meter,send_encrypted_data,333986,17.890,149.351,true,none,363
2025-12-12 18:00:21.409,smart_meter,send_encrypted_data,334393,10.520,254.291,true,none,377
2025-12-12 18:00:21.409,smart_meter,send_encrypted_data,334349,0.352,7598.841,true,none,322
2025-12-12 18:00:21.410,smart_meter,send_encrypted_data,334483,4.432,603.760,true,none,365
2025-12-12 18:00:21.410,smart_meter,send_encrypted_data,334135,0.397,6733.199,true,none,170
2025-12-12 18:00:21.411,smart_meter,send_encrypted_data,334250,0.375,7130.667,true,none,361
2025-12-12 18:00:21.411,smart_meter,send_encrypted_data,334227,0.382,6999.518,true,none,298
2025-12-12 18:00:21.412,smart_meter,send_encrypted_data,334128,0.349,7659.095,true,none,498
2025-12-12 18:00:21.412,smart_meter,send_encrypted_data,334447,2.494,1072.805,true,none,380
2025-12-12 18:00:21.412,smart_meter,send_encrypted_data,334462,0.369,7251.209,true,none,290
2025-12-12 18:00:21.413,smart_meter,send_encrypted_data,334416,0.304,8800.421,true,none,344
2025-12-12 18:00:21.414,smart_meter,send_encrypted_data,334387,0.338,7914.485,true,none,223
2025-12-12 18:00:21.415,smart_meter,send_encrypted_data,333625,0.341,7826.979,true,none,333
2025-12-12 18:00:21.415,smart_meter,send_encrypted_data,334345,0.338,7913.491,true,none,295
2025-12-12 18:00:21.416,smart_meter,send_encrypted_data,334369,2.038,1312.538,true,none,302
2025-12-12 18:00:21.418,smart_meter,send_encrypted_data,334164,2.744,974.239,true,none,357
2025-12-12 18:00:21.418,smart_meter,send_encrypted_data,334278,1.332,2007.676,true,none,347
2025-12-12 18:00:21.418,smart_meter,send_encrypted_data,333831,0.356,7501.820,true,none,307
2025-12-12 18:00:21.419,smart_meter,send_encrypted_data,334231,0.342,7818.269,true,none,314
2025-12-12 18:00:21.419,smart_meter,send_encrypted_data,334326,3.985,671.169,true,none,339
2025-12-12 18:00:21.420,smart_meter,send_encrypted_data,334335,0.306,8740.784,true,none,382
2025-12-12 18:00:21.420,smart_meter,send_encrypted_data,334167,0.365,7324.208,true,none,453
2025-12-12 18:00:21.422,smart_meter,send_encrypted_data,334245,0.798,3350.827,true,none,466
2025-12-12 18:00:21.424,smart_meter,send_encrypted_data,334145,1.936,1380.764,true,none,378
2025-12-12 18:00:21.425,smart_meter,send_encrypted_data,334528,2.121,1261.775,true,none,292
2025-12-12 18:00:21.427,smart_meter,send_encrypted_data,333922,0.521,5127.401,true,none,237
2025-12-12 18:00:21.427,smart_meter,send_encrypted_data,334359,0.338,7913.822,true,none,234
2025-12-12 18:00:21.428,smart_meter,send_encrypted_data,334313,1.556,1718.833,true,none,200
2025-12-12 18:00:21.430,smart_meter,send_encrypted_data,334302,0.409,6538.914,true,none,494
2025-12-12 18:00:21.428,smart_meter,send_encrypted_data,334254,0.354,7553.763,true,none,499
2025-12-12 18:00:21.430,smart_meter,send_encrypted_data,334417,2.516,1063.329,true,none,483
2025-12-12 18:00:21.437,smart_meter,send_encrypted_data,334365,0.342,7821.404,true,none,477
2025-12-12 18:00:21.441,smart_meter,send_encrypted_data,334460,0.349,7666.705,true,none,340
2025-12-12 18:01:26.506,smart_meter,send_encrypted_data,334233,0.379,7055.050,true,none,9
2025-12-12 18:01:26.511,smart_meter,send_encrypted_data,334327,0.345,7752.510,true,none,17
2025-12-12 18:01:26.511,smart_meter,send_encrypted_data,334332,0.430,6220.130,true,none,45
2025-12-12 18:01:26.512,smart_meter,send_encrypted_data,334454,0.430,6222.400,true,none,104
2025-12-12 18:01:26.514,smart_meter,send_encrypted_data,334142,0.378,7071.788,true,none,137
2025-12-12 18:01:26.515,smart_meter,send_encrypted_data,334029,2.422,1103.316,true,none,106
2025-12-12 18:01:26.516,smart_meter,send_encrypted_data,334257,0.327,8177.541,true,none,148
2025-12-12 18:01:26.518,smart_meter,send_encrypted_data,334181,4.127,647.795,true,none,99
2025-12-12 18:01:26.519,smart_meter,send_encrypted_data,334054,0.350,7635.520,true,none,16
2025-12-12 18:01:26.519,smart_meter,send_encrypted_data,334376,0.360,7430.578,true,none,34
2025-12-12 18:01:26.520,smart_meter,send_encrypted_data,334129,0.352,7593.841,true,none,55
2025-12-12 18:01:26.521,smart_meter,send_encrypted_data,334529,7.416,360.873,true,none,122
2025-12-12 18:01:26.522,smart_meter,send_encrypted_data,334181,0.349,7660.309,true,none,19
2025-12-12 18:01:26.524,smart_meter,send_encrypted_data,334442,0.360,7432.044,true,none,1
2025-12-12 18:01:26.528,smart_meter,send_encrypted_data,334130,0.387,6907.080,true,none,79
2025-12-12 18:01:26.529,smart_meter,send_encrypted_data,334285,0.336,7959.167,true,none,135
2025-12-12 18:01:26.529,smart_meter,send_encrypted_data,334452,0.348,7688.552,true,none,38
2025-12-12 18:01:26.529,smart_meter,send_encrypted_data,334362,0.336,7961.000,true,none,174
2025-12-12 18:01:26.530,smart_meter,send_encrypted_data,334482,0.392,6826.163,true,none,170
2025-12-12 18:01:26.530,smart_meter,send_encrypted_data,334279,0.388,6892.351,true,none,105
2025-12-12 18:01:26.531,smart_meter,send_encrypted_data,334216,0.360,7427.022,true,none,161
2025-12-12 18:01:26.532,smart_meter,send_encrypted_data,334361,0.372,7190.559,true,none,61
2025-12-12 18:01:26.532,smart_meter,send_encrypted_data,334504,0.336,7964.381,true,none,56
2025-12-12 18:01:26.532,smart_meter,send_encrypted_data,334400,0.343,7799.417,true,none,86
2025-12-12 18:01:26.533,smart_meter,send_encrypted_data,334209,0.395,6768.790,true,none,147
2025-12-12 18:01:26.533,smart_meter,send_encrypted_data,334212,0.351,7617.368,true,none,127
2025-12-12 18:01:26.534,smart_meter,send_encrypted_data,334320,0.467,5727.109,true,none,111
2025-12-12 18:01:26.534,smart_meter,send_encrypted_data,334286,0.351,7619.054,true,none,124
2025-12-12 18:01:26.535,smart_meter,send_encrypted_data,334040,0.845,3162.509,true,none,52
2025-12-12 18:01:26.535,smart_meter,send_encrypted_data,334200,5.730,466.597,true,none,179
2025-12-12 18:01:26.536,smart_meter,send_encrypted_data,333289,0.362,7365.503,true,none,166
2025-12-12 18:01:26.537,smart_meter,send_encrypted_data,334359,0.357,7492.639,true,none,87
2025-12-12 18:01:26.537,smart_meter,send_encrypted_data,334112,0.365,7323.003,true,none,63
2025-12-12 18:01:26.537,smart_meter,send_encrypted_data,334426,0.340,7868.847,true,none,6
2025-12-12 18:01:26.538,smart_meter,send_encrypted_data,334321,0.355,7533.994,true,none,125
2025-12-12 18:01:26.538,smart_meter,send_encrypted_data,334372,1.546,1730.256,true,none,108
2025-12-12 18:01:26.539,smart_meter,send_encrypted_data,334101,0.368,7263.065,true,none,113
2025-12-12 18:01:26.535,smart_meter,send_encrypted_data,334342,0.373,7170.874,true,none,10
2025-12-12 18:01:26.540,smart_meter,send_encrypted_data,334160,0.347,7703.977,true,none,24
2025-12-12 18:01:26.537,smart_meter,send_encrypted_data,334201,2.958,903.857,true,none,243
2025-12-12 18:01:26.541,smart_meter,send_encrypted_data,334206,0.367,7285.144,true,none,37
2025-12-12 18:01:26.541,smart_meter,send_encrypted_data,334349,0.478,5595.799,true,none,44
2025-12-12 18:01:26.541,smart_meter,send_encrypted_data,334150,0.384,6961.458,true,none,115
2025-12-12 18:01:26.542,smart_meter,send_encrypted_data,334396,0.341,7845.067,true,none,362
2025-12-12 18:01:26.542,smart_meter,send_encrypted_data,334357,0.470,5691.183,true,none,22
2025-12-12 18:01:26.542,smart_meter,send_encrypted_data,334126,0.333,8027.051,true,none,54
2025-12-12 18:01:26.543,smart_meter,send_encrypted_data,334444,0.343,7800.443,true,none,320
2025-12-12 18:01:26.543,smart_meter,send_encrypted_data,334309,1.132,2362.608,true,none,391
2025-12-12 18:01:26.543,smart_meter,send_encrypted_data,334263,0.369,7246.894,true,none,190
2025-12-12 18:01:26.544,smart_meter,send_encrypted_data,334402,0.339,7891.493,true,none,162
2025-12-12 18:01:26.544,smart_meter,send_encrypted_data,334353,0.378,7076.254,true,none,60
2025-12-12 18:01:26.544,smart_meter,send_encrypted_data,334259,0.346,7728.532,true,none,26
2025-12-12 18:01:26.545,smart_meter,send_encrypted_data,334160,0.365,7324.055,true,none,322
2025-12-12 18:01:26.545,smart_meter,send_encrypted_data,334085,0.361,7403.546,true,none,396
2025-12-12 18:01:26.545,smart_meter,send_encrypted_data,334202,0.394,6785.827,true,none,82
2025-12-12 18:01:26.545,smart_meter,send_encrypted_data,334117,0.436,6130.587,true,none,95
2025-12-12 18:01:26.545,smart_meter,send_encrypted_data,334382,0.375,7133.483,true,none,83
2025-12-12 18:01:26.546,smart_meter,send_encrypted_data,334326,5.571,480.095,true,none,245
2025-12-12 18:01:26.546,smart_meter,send_encrypted_data,334375,0.356,7514.045,true,none,144
2025-12-12 18:01:26.548,smart_meter,send_encrypted_data,334396,0.351,7621.561,true,none,388
2025-12-12 18:01:26.548,smart_meter,send_encrypted_data,334381,0.372,7190.989,true,none,381
2025-12-12 18:01:26.549,smart_meter,send_encrypted_data,334439,0.342,7823.135,true,none,153
2025-12-12 18:01:26.550,smart_meter,send_encrypted_data,334197,1.889,1415.339,true,none,35
2025-12-12 18:01:26.550,smart_meter,send_encrypted_data,334295,0.415,6444.241,true,none,117
2025-12-12 18:01:26.551,smart_meter,send_encrypted_data,334167,0.339,7885.947,true,none,403
2025-12-12 18:01:26.552,smart_meter,send_encrypted_data,334214,0.363,7365.598,true,none,119
2025-12-12 18:01:26.553,smart_meter,send_encrypted_data,334461,0.371,7212.097,true,none,92
2025-12-12 18:01:26.553,smart_meter,send_encrypted_data,334462,0.349,7666.751,true,none,383
2025-12-12 18:01:26.554,smart_meter,send_encrypted_data,334250,0.379,7055.409,true,none,62
2025-12-12 18:01:26.554,smart_meter,send_encrypted_data,334366,0.395,6771.970,true,none,21
2025-12-12 18:01:26.554,smart_meter,send_encrypted_data,334180,0.390,6854.974,true,none,385
2025-12-12 18:01:26.554,smart_meter,send_encrypted_data,333330,6.094,437.585,true,none,134
2025-12-12 18:01:26.555,smart_meter,send_encrypted_data,334258,6.413,416.976,true,none,70
2025-12-12 18:01:26.555,smart_meter,send_encrypted_data,334309,0.394,6788.000,true,none,172
2025-12-12 18:01:26.555,smart_meter,send_encrypted_data,334412,0.337,7938.564,true,none,14
2025-12-12 18:01:26.555,smart_meter,send_encrypted_data,334050,11.966,223.333,true,none,231
2025-12-12 18:01:26.556,smart_meter,send_encrypted_data,334182,0.358,7467.754,true,none,116
2025-12-12 18:01:26.556,smart_meter,send_encrypted_data,334359,0.368,7268.674,true,none,342
2025-12-12 18:01:26.556,smart_meter,send_encrypted_data,334149,0.381,7016.252,true,none,353
2025-12-12 18:01:26.547,smart_meter,send_encrypted_data,334287,0.673,3973.694,true,none,356
2025-12-12 18:01:26.556,smart_meter,send_encrypted_data,334088,0.360,7424.178,true,none,73
2025-12-12 18:01:26.557,smart_meter,send_encrypted_data,334329,0.343,7797.761,true,none,445
2025-12-12 18:01:26.557,smart_meter,send_encrypted_data,334493,0.364,7351.495,true,none,389
2025-12-12 18:01:26.555,smart_meter,send_encrypted_data,334029,6.380,418.845,true,none,419
2025-12-12 18:01:26.557,smart_meter,send_encrypted_data,334341,0.375,7132.608,true,none,7
2025-12-12 18:01:26.558,smart_meter,send_encrypted_data,334477,0.378,7078.878,true,none,178
2025-12-12 18:01:26.558,smart_meter,send_encrypted_data,334139,0.371,7205.154,true,none,249
2025-12-12 18:01:26.558,smart_meter,send_encrypted_data,334427,0.365,7329.907,true,none,121
2025-12-12 18:01:26.558,smart_meter,send_encrypted_data,334407,0.362,7390.210,true,none,130
2025-12-12 18:01:26.558,smart_meter,send_encrypted_data,334406,0.358,7472.760,true,none,89
2025-12-12 18:01:26.559,smart_meter,send_encrypted_data,334377,0.358,7472.112,true,none,30
2025-12-12 18:01:26.559,smart_meter,send_encrypted_data,334579,0.360,7435.089,true,none,96
2025-12-12 18:01:26.560,smart_meter,send_encrypted_data,334407,8.242,324.588,true,none,59
2025-12-12 18:01:26.560,smart_meter,send_encrypted_data,334136,0.366,7303.519,true,none,255
2025-12-12 18:01:26.559,smart_meter,send_encrypted_data,334290,7.580,352.813,true,none,49
2025-12-12 18:01:26.560,smart_meter,send_encrypted_data,334301,0.344,7774.442,true,none,13
2025-12-12 18:01:26.561,smart_meter,send_encrypted_data,334281,0.431,6204.752,true,none,470
2025-12-12 18:01:26.561,smart_meter,send_encrypted_data,334394,0.373,7171.989,true,none,154
2025-12-12 18:01:26.561,smart_meter,send_encrypted_data,333943,0.361,7400.399,true,none,454
2025-12-12 18:01:26.562,smart_meter,send_encrypted_data,334285,0.361,7407.978,true,none,399
2025-12-12 18:01:26.560,smart_meter,send_encrypted_data,334371,4.643,576.129,true,none,443
2025-12-12 18:01:26.562,smart_meter,send_encrypted_data,334441,0.548,4882.350,true,none,346
2025-12-12 18:01:26.562,smart_meter,send_encrypted_data,334190,0.320,8354.750,true,none,253
2025-12-12 18:01:26.562,smart_meter,send_encrypted_data,334327,0.358,7470.994,true,none,31
2025-12-12 18:01:26.563,smart_meter,send_encrypted_data,334432,0.352,7600.727,true,none,325
2025-12-12 18:01:26.563,smart_meter,send_encrypted_data,334433,0.385,6949.257,true,none,75
2025-12-12 18:01:26.563,smart_meter,send_encrypted_data,334229,0.354,7553.198,true,none,374
2025-12-12 18:01:26.564,smart_meter,send_encrypted_data,334163,0.375,7128.811,true,none,120
2025-12-12 18:01:26.564,smart_meter,send_encrypted_data,333974,0.375,7124.779,true,none,189
2025-12-12 18:01:26.564,smart_meter,send_encrypted_data,334306,0.385,6946.618,true,none,109
2025-12-12 18:01:26.565,smart_meter,send_encrypted_data,334124,17.252,154.938,true,none,165
2025-12-12 18:01:26.565,smart_meter,send_encrypted_data,334341,1.594,1677.997,true,none,8
2025-12-12 18:01:26.565,smart_meter,send_encrypted_data,334449,0.492,5438.195,true,none,171
2025-12-12 18:01:26.566,smart_meter,send_encrypted_data,334423,14.708,181.900,true,none,46
2025-12-12 18:01:26.567,smart_meter,send_encrypted_data,334173,0.360,7426.067,true,none,244
2025-12-12 18:01:26.568,smart_meter,send_encrypted_data,334435,0.335,7986.507,true,none,158
2025-12-12 18:01:26.568,smart_meter,send_encrypted_data,334415,0.354,7557.401,true,none,180
2025-12-12 18:01:26.569,smart_meter,send_encrypted_data,334333,0.334,8007.976,true,none,485
2025-12-12 18:01:26.569,smart_meter,send_encrypted_data,334184,0.362,7385.282,true,none,206
2025-12-12 18:01:26.569,smart_meter,send_encrypted_data,334267,0.351,7618.621,true,none,2
2025-12-12 18:01:26.570,smart_meter,send_encrypted_data,334466,5.722,467.621,true,none,97
2025-12-12 18:01:26.570,smart_meter,send_encrypted_data,334361,0.356,7513.730,true,none,32
2025-12-12 18:01:26.570,smart_meter,send_encrypted_data,334263,0.339,7888.212,true,none,112
2025-12-12 18:01:26.571,smart_meter,send_encrypted_data,333687,0.362,7374.298,true,none,222
2025-12-12 18:01:26.572,smart_meter,send_encrypted_data,334430,0.345,7754.899,true,none,349
2025-12-12 18:01:26.572,smart_meter,send_encrypted_data,334158,9.180,291.205,true,none,5
2025-12-12 18:01:26.572,smart_meter,send_encrypted_data,334397,17.620,151.826,true,none,370
2025-12-12 18:01:26.573,smart_meter,send_encrypted_data,333902,0.398,6711.598,true,none,47
2025-12-12 18:01:26.573,smart_meter,send_encrypted_data,334271,0.342,7819.205,true,none,163
2025-12-12 18:01:26.573,smart_meter,send_encrypted_data,334381,0.359,7451.387,true,none,42
2025-12-12 18:01:26.574,smart_meter,send_encrypted_data,334480,4.856,551.038,true,none,404
2025-12-12 18:01:26.574,smart_meter,send_encrypted_data,334440,0.389,6877.943,true,none,176
2025-12-12 18:01:26.574,smart_meter,send_encrypted_data,334401,17.300,154.636,true,none,393
2025-12-12 18:01:26.575,smart_meter,send_encrypted_data,334267,0.357,7490.577,true,none,442
2025-12-12 18:01:26.574,smart_meter,send_encrypted_data,334442,4.435,603.278,true,none,303
2025-12-12 18:01:26.575,smart_meter,send_encrypted_data,334109,13.538,197.435,true,none,129
2025-12-12 18:01:26.576,smart_meter,send_encrypted_data,334076,0.363,7362.556,true,none,202
2025-12-12 18:01:26.576,smart_meter,send_encrypted_data,334228,0.358,7468.782,true,none,323
2025-12-12 18:01:26.577,smart_meter,send_encrypted_data,334450,0.355,7536.901,true,none,364
2025-12-12 18:01:26.572,smart_meter,send_encrypted_data,334290,0.855,3127.860,true,none,298
2025-12-12 18:01:26.577,smart_meter,send_encrypted_data,334402,0.373,7172.161,true,none,145
2025-12-12 18:01:26.576,smart_meter,send_encrypted_data,334366,6.024,444.045,true,none,301
2025-12-12 18:01:26.577,smart_meter,send_encrypted_data,334297,0.390,6857.374,true,none,215
2025-12-12 18:01:26.578,smart_meter,send_encrypted_data,334121,0.378,7071.344,true,none,40
2025-12-12 18:01:26.579,smart_meter,send_encrypted_data,334223,0.349,7661.272,true,none,194
2025-12-12 18:01:26.579,smart_meter,send_encrypted_data,334428,0.369,7250.472,true,none,306
2025-12-12 18:01:26.579,smart_meter,send_encrypted_data,334452,0.335,7986.913,true,none,15
2025-12-12 18:01:26.580,smart_meter,send_encrypted_data,334390,0.359,7451.588,true,none,188
2025-12-12 18:01:26.580,smart_meter,send_encrypted_data,334393,1.924,1390.407,true,none,167
2025-12-12 18:01:26.584,smart_meter,send_encrypted_data,334331,3.467,771.459,true,none,175
2025-12-12 18:01:26.584,smart_meter,send_encrypted_data,334512,0.373,7174.520,true,none,474
2025-12-12 18:01:26.585,smart_meter,send_encrypted_data,334433,4.701,569.127,true,none,25
2025-12-12 18:01:26.585,smart_meter,send_encrypted_data,334440,4.202,636.725,true,none,347
2025-12-12 18:01:26.585,smart_meter,send_encrypted_data,334521,40.597,65.920,true,none,28
2025-12-12 18:01:26.586,smart_meter,send_encrypted_data,334089,1.490,1793.766,true,none,409
2025-12-12 18:01:26.586,smart_meter,send_encrypted_data,334351,0.372,7190.344,true,none,360
2025-12-12 18:01:26.586,smart_meter,send_encrypted_data,334411,0.338,7915.053,true,none,3
2025-12-12 18:01:26.587,smart_meter,send_encrypted_data,334450,0.355,7536.901,true,none,321
2025-12-12 18:01:26.581,smart_meter,send_encrypted_data,334360,0.347,7708.588,true,none,48
2025-12-12 18:01:26.588,smart_meter,send_encrypted_data,334300,0.351,7619.373,true,none,33
2025-12-12 18:01:26.588,smart_meter,send_encrypted_data,334368,0.368,7268.870,true,none,293
2025-12-12 18:01:26.588,smart_meter,send_encrypted_data,334192,0.345,7749.380,true,none,77
2025-12-12 18:01:26.589,smart_meter,send_encrypted_data,334356,0.372,7190.452,true,none,101
2025-12-12 18:01:26.589,smart_meter,send_encrypted_data,334246,0.383,6981.640,true,none,436
2025-12-12 18:01:26.589,smart_meter,send_encrypted_data,334200,0.358,7468.156,true,none,292
2025-12-12 18:01:26.590,smart_meter,send_encrypted_data,334513,0.406,6591.389,true,none,64
2025-12-12 18:01:26.590,smart_meter,send_encrypted_data,334386,0.430,6221.135,true,none,78
2025-12-12 18:01:26.590,smart_meter,send_encrypted_data,334326,0.370,7228.670,true,none,51
2025-12-12 18:01:26.591,smart_meter,send_encrypted_data,334320,0.397,6736.927,true,none,310
2025-12-12 18:01:26.591,smart_meter,send_encrypted_data,334435,0.352,7600.795,true,none,250
2025-12-12 18:01:26.592,smart_meter,send_encrypted_data,334427,0.374,7153.519,true,none,69
2025-12-12 18:01:26.592,smart_meter,send_encrypted_data,334049,43.042,62.088,true,none,143
2025-12-12 18:01:26.592,smart_meter,send_encrypted_data,334385,0.347,7709.164,true,none,159
2025-12-12 18:01:26.593,smart_meter,send_encrypted_data,334150,0.357,7487.955,true,none,338
2025-12-12 18:01:26.593,smart_meter,send_encrypted_data,334126,0.343,7793.026,true,none,335
2025-12-12 18:01:26.594,smart_meter,send_encrypted_data,334393,0.384,6966.521,true,none,149
2025-12-12 18:01:26.595,smart_meter,send_encrypted_data,334353,11.863,225.476,true,none,71
2025-12-12 18:01:26.595,smart_meter,send_encrypted_data,334408,0.348,7687.540,true,none,228
2025-12-12 18:01:26.595,smart_meter,send_encrypted_data,334332,0.343,7797.831,true,none,268
2025-12-12 18:01:26.595,smart_meter,send_encrypted_data,334300,0.349,7663.037,true,none,11
2025-12-12 18:01:26.596,smart_meter,send_encrypted_data,334100,0.369,7243.360,true,none,465
2025-12-12 18:01:26.596,smart_meter,send_encrypted_data,334270,9.480,282.084,true,none,475
2025-12-12 18:01:26.596,smart_meter,send_encrypted_data,334431,0.350,7644.137,true,none,239
2025-12-12 18:01:26.596,smart_meter,send_encrypted_data,334134,0.375,7128.192,true,none,76
2025-12-12 18:01:26.597,smart_meter,send_encrypted_data,334047,0.389,6869.861,true,none,394
2025-12-12 18:01:26.598,smart_meter,send_encrypted_data,333319,0.343,7774.204,true,none,91
2025-12-12 18:01:26.598,smart_meter,send_encrypted_data,334236,0.364,7345.846,true,none,53
2025-12-12 18:01:26.599,smart_meter,send_encrypted_data,334253,0.335,7982.161,true,none,355
2025-12-12 18:01:26.539,smart_meter,send_encrypted_data,334139,0.379,7053.066,true,none,66
2025-12-12 18:01:26.600,smart_meter,send_encrypted_data,334177,0.350,7638.331,true,none,139
2025-12-12 18:01:26.600,smart_meter,send_encrypted_data,334118,0.390,6853.703,true,none,472
2025-12-12 18:01:26.600,smart_meter,send_encrypted_data,334500,0.354,7559.322,true,none,18
2025-12-12 18:01:26.600,smart_meter,send_encrypted_data,334358,0.348,7686.391,true,none,405
2025-12-12 18:01:26.601,smart_meter,send_encrypted_data,334259,0.383,6981.911,true,none,318
2025-12-12 18:01:26.601,smart_meter,send_encrypted_data,334065,0.354,7549.492,true,none,384
2025-12-12 18:01:26.601,smart_meter,send_encrypted_data,334340,0.350,7642.057,true,none,93
2025-12-12 18:01:26.602,smart_meter,send_encrypted_data,333998,0.356,7505.573,true,none,299
2025-12-12 18:01:26.602,smart_meter,send_encrypted_data,334087,0.356,7507.573,true,none,126
2025-12-12 18:01:26.602,smart_meter,send_encrypted_data,334147,8.623,310.005,true,none,133
2025-12-12 18:01:26.603,smart_meter,send_encrypted_data,334394,0.376,7114.766,true,none,408
2025-12-12 18:01:26.603,smart_meter,send_encrypted_data,334493,0.345,7756.359,true,none,417
2025-12-12 18:01:26.604,smart_meter,send_encrypted_data,334366,1.237,2162.432,true,none,20
2025-12-12 18:01:26.604,smart_meter,send_encrypted_data,334319,11.607,230.426,true,none,407
2025-12-12 18:01:26.604,smart_meter,send_encrypted_data,334539,19.329,138.461,true,none,246
2025-12-12 18:01:26.604,smart_meter,send_encrypted_data,334406,0.357,7493.692,true,none,227
2025-12-12 18:01:26.605,smart_meter,send_encrypted_data,334076,34.361,77.780,true,none,41
2025-12-12 18:01:26.582,smart_meter,send_encrypted_data,334329,0.667,4009.943,true,none,88
2025-12-12 18:01:26.606,smart_meter,send_encrypted_data,334378,0.414,6461.411,true,none,379
2025-12-12 18:01:26.606,smart_meter,send_encrypted_data,334311,26.324,101.599,true,none,387
2025-12-12 18:01:26.606,smart_meter,send_encrypted_data,334487,0.357,7495.507,true,none,237
2025-12-12 18:01:26.607,smart_meter,send_encrypted_data,334315,0.353,7576.544,true,none,462
2025-12-12 18:01:26.607,smart_meter,send_encrypted_data,334365,0.341,7844.340,true,none,123
2025-12-12 18:01:26.608,smart_meter,send_encrypted_data,334329,0.371,7209.251,true,none,157
2025-12-12 18:01:26.608,smart_meter,send_encrypted_data,334453,0.391,6843.028,true,none,232
2025-12-12 18:01:26.608,smart_meter,send_encrypted_data,334396,0.367,7289.286,true,none,380
2025-12-12 18:01:26.608,smart_meter,send_encrypted_data,334509,31.095,86.061,true,none,201
2025-12-12 18:01:26.602,smart_meter,send_encrypted_data,334344,15.945,167.749,true,none,365
2025-12-12 18:01:26.609,smart_meter,send_encrypted_data,334040,0.380,7032.421,true,none,311
2025-12-12 18:01:26.609,smart_meter,send_encrypted_data,334272,24.487,109.208,true,none,29
2025-12-12 18:01:26.609,smart_meter,send_encrypted_data,334156,0.381,7016.399,true,none,305
2025-12-12 18:01:26.609,smart_meter,send_encrypted_data,334429,24.294,110.127,true,none,317
2025-12-12 18:01:26.610,smart_meter,send_encrypted_data,334405,0.343,7799.534,true,none,395
2025-12-12 18:01:26.610,smart_meter,send_encrypted_data,334045,0.395,6765.468,true,none,193
2025-12-12 18:01:26.610,smart_meter,send_encrypted_data,334389,21.407,124.964,true,none,272
2025-12-12 18:01:26.610,smart_meter,send_encrypted_data,334380,27.043,98.918,true,none,291
2025-12-12 18:01:26.611,smart_meter,send_encrypted_data,334374,0.357,7492.975,true,none,65
2025-12-12 18:01:26.611,smart_meter,send_encrypted_data,334468,0.396,6756.929,true,none,386
2025-12-12 18:01:26.611,smart_meter,send_encrypted_data,334368,0.395,6772.010,true,none,223
2025-12-12 18:01:26.611,smart_meter,send_encrypted_data,334106,8.909,300.017,true,none,469
2025-12-12 18:01:26.611,smart_meter,send_encrypted_data,334549,0.397,6741.542,true,none,155
2025-12-12 18:01:26.611,smart_meter,send_encrypted_data,334383,0.394,6789.503,true,none,275
2025-12-12 18:01:26.611,smart_meter,send_encrypted_data,334355,0.367,7288.392,true,none,110
2025-12-12 18:01:26.612,smart_meter,send_encrypted_data,334413,0.408,6557.118,true,none,460
2025-12-12 18:01:26.612,smart_meter,send_encrypted_data,334181,0.358,7467.732,true,none,425
2025-12-12 18:01:26.612,smart_meter,send_encrypted_data,334181,0.353,7573.507,true,none,36
2025-12-12 18:01:26.613,smart_meter,send_encrypted_data,333347,35.036,76.115,true,none,424
2025-12-12 18:01:26.613,smart_meter,send_encrypted_data,334187,0.354,7552.249,true,none,252
2025-12-12 18:01:26.613,smart_meter,send_encrypted_data,334068,0.345,7746.504,true,none,85
2025-12-12 18:01:26.614,smart_meter,send_encrypted_data,334435,0.332,8058.675,true,none,229
2025-12-12 18:01:26.614,smart_meter,send_encrypted_data,334397,0.387,6912.599,true,none,192
2025-12-12 18:01:26.614,smart_meter,send_encrypted_data,334306,18.277,146.329,true,none,367
2025-12-12 18:01:26.614,smart_meter,send_encrypted_data,334191,0.376,7110.447,true,none,457
2025-12-12 18:01:26.614,smart_meter,send_encrypted_data,334478,0.365,7331.025,true,none,217
2025-12-12 18:01:26.615,smart_meter,send_encrypted_data,334069,0.345,7746.528,true,none,58
2025-12-12 18:01:26.615,smart_meter,send_encrypted_data,334101,25.050,106.699,true,none,23
2025-12-12 18:01:26.613,smart_meter,send_encrypted_data,334135,20.293,131.724,true,none,207
2025-12-12 18:01:26.615,smart_meter,send_encrypted_data,334344,24.690,108.333,true,none,103
2025-12-12 18:01:26.615,smart_meter,send_encrypted_data,333343,0.374,7130.332,true,none,371
2025-12-12 18:01:26.615,smart_meter,send_encrypted_data,334355,31.887,83.885,true,none,224
2025-12-12 18:01:26.616,smart_meter,send_encrypted_data,334354,11.259,237.573,true,none,12
2025-12-12 18:01:26.617,smart_meter,send_encrypted_data,334353,9.018,296.609,true,none,205
2025-12-12 18:01:26.617,smart_meter,send_encrypted_data,334424,0.400,6688.480,true,none,43
2025-12-12 18:01:26.618,smart_meter,send_encrypted_data,334137,1.315,2032.773,true,none,315
2025-12-12 18:01:26.619,smart_meter,send_encrypted_data,334398,0.463,5777.935,true,none,230
2025-12-12 18:01:26.619,smart_meter,send_encrypted_data,334270,3.489,766.455,true,none,199
2025-12-12 18:01:26.620,smart_meter,send_encrypted_data,334274,29.995,89.155,true,none,336
2025-12-12 18:01:26.620,smart_meter,send_encrypted_data,334145,0.468,5711.880,true,none,426
2025-12-12 18:01:26.620,smart_meter,send_encrypted_data,334392,0.351,7621.470,true,none,132
2025-12-12 18:01:26.621,smart_meter,send_encrypted_data,334149,15.192,175.961,true,none,329
2025-12-12 18:01:26.608,smart_meter,send_encrypted_data,334319,9.837,271.887,true,none,339
2025-12-12 18:01:26.621,smart_meter,send_encrypted_data,334326,20.015,133.630,true,none,471
2025-12-12 18:01:26.621,smart_meter,send_encrypted_data,333920,32.201,82.959,true,none,80
2025-12-12 18:01:26.622,smart_meter,send_encrypted_data,334098,25.985,102.859,true,none,376
2025-12-12 18:01:26.622,smart_meter,send_encrypted_data,334451,14.744,181.471,true,none,479
2025-12-12 18:01:26.623,smart_meter,send_encrypted_data,334101,0.677,3948.018,true,none,281
2025-12-12 18:01:26.623,smart_meter,send_encrypted_data,334074,0.714,3743.126,true,none,366
2025-12-12 18:01:26.623,smart_meter,send_encrypted_data,334206,17.797,150.230,true,none,102
2025-12-12 18:01:26.623,smart_meter,send_encrypted_data,334343,30.733,87.032,true,none,140
2025-12-12 18:01:26.624,smart_meter,send_encrypted_data,334332,0.452,5917.381,true,none,328
2025-12-12 18:01:26.624,smart_meter,send_encrypted_data,334346,3.323,804.926,true,none,251
2025-12-12 18:01:26.626,smart_meter,send_encrypted_data,334227,0.421,6351.107,true,none,235
2025-12-12 18:01:26.626,smart_meter,send_encrypted_data,334230,0.712,3755.393,true,none,254
2025-12-12 18:01:26.627,smart_meter,send_encrypted_data,334368,0.838,3192.057,true,none,382
2025-12-12 18:01:26.628,smart_meter,send_encrypted_data,334238,0.391,6838.629,true,none,186
2025-12-12 18:01:26.629,smart_meter,send_encrypted_data,334097,24.074,111.023,true,none,326
2025-12-12 18:01:26.622,smart_meter,send_encrypted_data,334113,25.025,106.809,true,none,264
2025-12-12 18:01:26.629,smart_meter,send_encrypted_data,334317,0.362,7388.221,true,none,142
2025-12-12 18:01:26.630,smart_meter,send_encrypted_data,334371,2.671,1001.486,true,none,345
2025-12-12 18:01:26.629,smart_meter,send_encrypted_data,334317,26.158,102.245,true,none,476
2025-12-12 18:01:26.631,smart_meter,send_encrypted_data,333365,0.413,6457.433,true,none,141
2025-12-12 18:01:26.631,smart_meter,send_encrypted_data,334359,3.199,836.159,true,none,456
2025-12-12 18:01:26.631,smart_meter,send_encrypted_data,334362,15.569,171.809,true,none,169
2025-12-12 18:01:26.632,smart_meter,send_encrypted_data,334116,6.438,415.180,true,none,343
2025-12-12 18:01:26.632,smart_meter,send_encrypted_data,334284,0.357,7490.958,true,none,354
2025-12-12 18:01:26.632,smart_meter,send_encrypted_data,334388,4.205,636.172,true,none,241
2025-12-12 18:01:26.632,smart_meter,send_encrypted_data,334117,0.397,6732.836,true,none,340
2025-12-12 18:01:26.633,smart_meter,send_encrypted_data,334338,0.395,6771.403,true,none,90
2025-12-12 18:01:26.633,smart_meter,send_encrypted_data,334145,0.363,7364.077,true,none,27
2025-12-12 18:01:26.633,smart_meter,send_encrypted_data,334115,3.865,691.571,true,none,187
2025-12-12 18:01:26.634,smart_meter,send_encrypted_data,334406,10.812,247.433,true,none,316
2025-12-12 18:01:26.635,smart_meter,send_encrypted_data,334130,0.486,5500.082,true,none,464
2025-12-12 18:01:26.635,smart_meter,send_encrypted_data,333281,0.875,3047.141,true,none,473
2025-12-12 18:01:26.635,smart_meter,send_encrypted_data,334180,0.385,6944.000,true,none,392
2025-12-12 18:01:26.636,smart_meter,send_encrypted_data,334428,0.596,4488.966,true,none,289
2025-12-12 18:01:26.636,smart_meter,send_encrypted_data,334357,32.692,81.820,true,none,429
2025-12-12 18:01:26.636,smart_meter,send_encrypted_data,334521,0.384,6969.188,true,none,484
2025-12-12 18:01:26.636,smart_meter,send_encrypted_data,334096,33.856,78.945,true,none,216
2025-12-12 18:01:26.637,smart_meter,send_encrypted_data,334414,0.398,6721.889,true,none,398
2025-12-12 18:01:26.638,smart_meter,send_encrypted_data,334377,0.732,3654.393,true,none,467
2025-12-12 18:01:26.639,smart_meter,send_encrypted_data,334415,0.343,7799.767,true,none,258
2025-12-12 18:01:26.639,smart_meter,send_encrypted_data,334456,0.420,6370.590,true,none,164
2025-12-12 18:01:26.640,smart_meter,send_encrypted_data,334400,33.069,80.898,true,none,131
2025-12-12 18:01:26.640,smart_meter,send_encrypted_data,334147,25.331,105.530,true,none,200
2025-12-12 18:01:26.640,smart_meter,send_encrypted_data,334056,0.385,6941.423,true,none,98
2025-12-12 18:01:26.641,smart_meter,send_encrypted_data,334441,0.373,7172.997,true,none,197
2025-12-12 18:01:26.641,smart_meter,send_encrypted_data,334138,5.508,485.313,true,none,400
2025-12-12 18:01:26.642,smart_meter,send_encrypted_data,334126,5.436,491.723,true,none,84
2025-12-12 18:01:26.642,smart_meter,send_encrypted_data,334432,18.126,147.603,true,none,350
2025-12-12 18:01:26.643,smart_meter,send_encrypted_data,334333,0.362,7388.575,true,none,378
2025-12-12 18:01:26.643,smart_meter,send_encrypted_data,334403,0.340,7868.306,true,none,204
2025-12-12 18:01:26.644,smart_meter,send_encrypted_data,334118,0.788,3392.061,true,none,363
2025-12-12 18:01:26.644,smart_meter,send_encrypted_data,334168,0.558,4790.939,true,none,219
2025-12-12 18:01:26.645,smart_meter,send_encrypted_data,334437,9.159,292.117,true,none,191
2025-12-12 18:01:26.645,smart_meter,send_encrypted_data,334201,0.542,4932.856,true,none,341
2025-12-12 18:01:26.646,smart_meter,send_encrypted_data,334474,0.558,4795.326,true,none,313
2025-12-12 18:01:26.646,smart_meter,send_encrypted_data,334290,0.342,7819.649,true,none,81
2025-12-12 18:01:26.647,smart_meter,send_encrypted_data,334246,34.209,78.166,true,none,297
2025-12-12 18:01:26.648,smart_meter,send_encrypted_data,334397,4.075,656.485,true,none,150
2025-12-12 18:01:26.653,smart_meter,send_encrypted_data,334289,48.565,55.067,true,none,238
2025-12-12 18:01:26.653,smart_meter,send_encrypted_data,334070,0.486,5499.095,true,none,369
2025-12-12 18:01:26.654,smart_meter,send_encrypted_data,334285,19.151,139.642,true,none,477
2025-12-12 18:01:26.654,smart_meter,send_encrypted_data,334494,8.911,300.298,true,none,256
2025-12-12 18:01:26.654,smart_meter,send_encrypted_data,334069,8.213,325.405,true,none,432
2025-12-12 18:01:26.655,smart_meter,send_encrypted_data,334447,16.703,160.185,true,none,327
2025-12-12 18:01:26.656,smart_meter,send_encrypted_data,334413,8.359,320.051,true,none,324
2025-12-12 18:01:26.656,smart_meter,send_encrypted_data,334402,7.786,343.593,true,none,433
2025-12-12 18:01:26.646,smart_meter,send_encrypted_data,334322,2.603,1027.498,true,none,266
2025-12-12 18:01:26.657,smart_meter,send_encrypted_data,334293,8.146,328.301,true,none,344
2025-12-12 18:01:26.657,smart_meter,send_encrypted_data,334390,0.371,7210.566,true,none,481
2025-12-12 18:01:26.658,smart_meter,send_encrypted_data,334100,71.219,37.529,true,none,72
2025-12-12 18:01:26.658,smart_meter,send_encrypted_data,334431,0.370,7230.941,true,none,439
2025-12-12 18:01:26.659,smart_meter,send_encrypted_data,334348,54.117,49.426,true,none,68
2025-12-12 18:01:26.659,smart_meter,send_encrypted_data,334092,53.396,50.055,true,none,242
2025-12-12 18:01:26.580,smart_meter,send_encrypted_data,334160,5.420,493.225,true,none,156
2025-12-12 18:01:26.660,smart_meter,send_encrypted_data,334305,1.844,1450.347,true,none,248
2025-12-12 18:01:26.660,smart_meter,send_encrypted_data,334394,50.597,52.872,true,none,428
2025-12-12 18:01:26.661,smart_meter,send_encrypted_data,334472,0.546,4900.689,true,none,373
2025-12-12 18:01:26.661,smart_meter,send_encrypted_data,334461,9.069,295.037,true,none,185
2025-12-12 18:01:26.661,smart_meter,send_encrypted_data,334335,6.672,400.881,true,none,195
2025-12-12 18:01:26.661,smart_meter,send_encrypted_data,334044,8.269,323.177,true,none,468
2025-12-12 18:01:26.662,smart_meter,send_encrypted_data,334338,0.653,4096.025,true,none,331
2025-12-12 18:01:26.663,smart_meter,send_encrypted_data,334389,60.575,44.162,true,none,410
2025-12-12 18:01:26.663,smart_meter,send_encrypted_data,333894,0.365,7318.225,true,none,107
2025-12-12 18:01:26.664,smart_meter,send_encrypted_data,334060,5.179,516.022,true,none,334
2025-12-12 18:01:26.664,smart_meter,send_encrypted_data,334189,0.713,3749.666,true,none,279
2025-12-12 18:01:26.664,smart_meter,send_encrypted_data,334166,0.353,7573.167,true,none,466
2025-12-12 18:01:26.666,smart_meter,send_encrypted_data,334315,0.387,6910.904,true,none,451
2025-12-12 18:01:26.615,smart_meter,send_encrypted_data,334405,6.403,417.810,true,none,402
2025-12-12 18:01:26.667,smart_meter,send_encrypted_data,334481,0.354,7558.893,true,none,483
2025-12-12 18:01:26.667,smart_meter,send_encrypted_data,334493,31.014,86.282,true,none,372
2025-12-12 18:01:26.667,smart_meter,send_encrypted_data,334417,60.257,44.399,true,none,57
2025-12-12 18:01:26.667,smart_meter,send_encrypted_data,334328,0.333,8031.904,true,none,284
2025-12-12 18:01:26.668,smart_meter,send_encrypted_data,334253,64.196,41.654,true,none,74
2025-12-12 18:01:26.629,smart_meter,send_encrypted_data,334359,0.364,7348.549,true,none,420
2025-12-12 18:01:26.616,smart_meter,send_encrypted_data,334294,0.389,6874.941,true,none,128
2025-12-12 18:01:26.669,smart_meter,send_encrypted_data,334457,51.655,51.799,true,none,220
2025-12-12 18:01:26.669,smart_meter,send_encrypted_data,334089,50.982,52.425,true,none,478
2025-12-12 18:01:26.669,smart_meter,send_encrypted_data,334482,55.843,47.917,true,none,458
2025-12-12 18:01:26.670,smart_meter,send_encrypted_data,334204,0.426,6276.131,true,none,257
2025-12-12 18:01:26.670,smart_meter,send_encrypted_data,334496,0.359,7453.950,true,none,390
2025-12-12 18:01:26.670,smart_meter,send_encrypted_data,334362,57.767,46.305,true,none,262
2025-12-12 18:01:26.671,smart_meter,send_encrypted_data,334251,0.373,7168.922,true,none,282
2025-12-12 18:01:26.671,smart_meter,send_encrypted_data,334297,1.087,2460.328,true,none,368
2025-12-12 18:01:26.672,smart_meter,send_encrypted_data,334155,21.947,121.804,true,none,181
2025-12-12 18:01:26.674,smart_meter,send_encrypted_data,334352,0.404,6620.832,true,none,446
2025-12-12 18:01:26.580,smart_meter,send_encrypted_data,334364,0.378,7076.487,true,none,430
2025-12-12 18:01:26.676,smart_meter,send_encrypted_data,334449,18.708,143.019,true,none,463
2025-12-12 18:01:26.582,smart_meter,send_encrypted_data,334428,3.231,828.048,true,none,352
2025-12-12 18:01:26.677,smart_meter,send_encrypted_data,334486,13.570,197.191,true,none,287
2025-12-12 18:01:26.678,smart_meter,send_encrypted_data,334315,0.487,5491.828,true,none,183
2025-12-12 18:01:26.679,smart_meter,send_encrypted_data,334271,0.371,7208.000,true,none,286
2025-12-12 18:01:26.582,smart_meter,send_encrypted_data,334199,0.410,6520.956,true,none,247
2025-12-12 18:01:26.582,smart_meter,send_encrypted_data,334408,0.336,7962.095,true,none,431
2025-12-12 18:01:26.682,smart_meter,send_encrypted_data,334463,0.391,6843.233,true,none,333
2025-12-12 18:01:26.583,smart_meter,send_encrypted_data,334361,0.397,6737.753,true,none,39
2025-12-12 18:01:26.583,smart_meter,send_encrypted_data,334127,43.713,61.149,true,none,168
2025-12-12 18:01:26.684,smart_meter,send_encrypted_data,334114,5.815,459.658,true,none,182
2025-12-12 18:01:26.684,smart_meter,send_encrypted_data,334343,2.135,1252.807,true,none,196
2025-12-12 18:01:26.685,smart_meter,send_encrypted_data,334432,0.366,7309.989,true,none,294
2025-12-12 18:01:26.583,smart_meter,send_encrypted_data,334145,0.358,7466.927,true,none,67
2025-12-12 18:01:26.685,smart_meter,send_encrypted_data,334476,0.361,7412.211,true,none,295
2025-12-12 18:01:26.657,smart_meter,send_encrypted_data,334292,0.375,7131.563,true,none,4
2025-12-12 18:01:26.608,smart_meter,send_encrypted_data,334325,15.105,177.067,true,none,290
2025-12-12 18:01:26.648,smart_meter,send_encrypted_data,334440,46.834,57.128,true,none,307
2025-12-12 18:01:26.689,smart_meter,send_encrypted_data,334397,0.374,7152.877,true,none,209
2025-12-12 18:01:26.688,smart_meter,send_encrypted_data,334298,0.361,7408.266,true,none,210
2025-12-12 18:01:26.690,smart_meter,send_encrypted_data,334428,0.343,7800.070,true,none,208
2025-12-12 18:01:26.691,smart_meter,send_encrypted_data,334327,0.352,7598.341,true,none,50
2025-12-12 18:01:26.648,smart_meter,send_encrypted_data,334297,2.007,1332.524,true,none,100
2025-12-12 18:01:26.691,smart_meter,send_encrypted_data,334166,0.368,7264.478,true,none,213
2025-12-12 18:01:26.693,smart_meter,send_encrypted_data,334247,0.381,7018.310,true,none,214
2025-12-12 18:01:26.648,smart_meter,send_encrypted_data,334279,4.895,546.319,true,none,151
2025-12-12 18:01:26.649,smart_meter,send_encrypted_data,334495,44.954,59.527,true,none,375
2025-12-12 18:01:26.697,smart_meter,send_encrypted_data,334024,0.359,7443.432,true,none,221
2025-12-12 18:01:26.649,smart_meter,send_encrypted_data,334210,0.569,4698.910,true,none,418
2025-12-12 18:01:26.697,smart_meter,send_encrypted_data,334349,0.410,6523.883,true,none,218
2025-12-12 18:01:26.699,smart_meter,send_encrypted_data,334348,0.345,7752.997,true,none,309
2025-12-12 18:01:26.699,smart_meter,send_encrypted_data,333295,0.435,6129.563,true,none,212
2025-12-12 18:01:26.649,smart_meter,send_encrypted_data,334359,10.839,246.782,true,none,440
2025-12-12 18:01:26.649,smart_meter,send_encrypted_data,333833,44.907,59.471,true,none,427
2025-12-12 18:01:26.701,smart_meter,send_encrypted_data,334098,0.369,7243.317,true,none,296
2025-12-12 18:01:26.649,smart_meter,send_encrypted_data,334103,0.363,7363.152,true,none,236
2025-12-12 18:01:26.650,smart_meter,send_encrypted_data,334004,42.138,63.411,true,none,240
2025-12-12 18:01:26.702,smart_meter,send_encrypted_data,334344,0.374,7151.743,true,none,300
2025-12-12 18:01:26.650,smart_meter,send_encrypted_data,334474,16.349,163.667,true,none,351
2025-12-12 18:01:26.587,smart_meter,send_encrypted_data,333907,0.369,7239.176,true,none,225
2025-12-12 18:01:26.651,smart_meter,send_encrypted_data,334323,1.822,1467.939,true,none,359
2025-12-12 18:01:26.652,smart_meter,send_encrypted_data,334414,81.068,33.001,true,none,203
2025-12-12 18:01:26.652,smart_meter,send_encrypted_data,334377,0.694,3854.490,true,none,441
2025-12-12 18:01:26.652,smart_meter,send_encrypted_data,334421,62.483,42.818,true,none,314
2025-12-12 18:01:26.705,smart_meter,send_encrypted_data,334398,0.443,6038.790,true,none,414
2025-12-12 18:01:26.652,smart_meter,send_encrypted_data,334094,12.047,221.860,true,none,173
2025-12-12 18:01:26.652,smart_meter,send_encrypted_data,334357,48.473,55.182,true,none,348
2025-12-12 18:01:26.652,smart_meter,send_encrypted_data,334397,5.574,479.938,true,none,198
2025-12-12 18:01:26.653,smart_meter,send_encrypted_data,334267,11.574,231.047,true,none,401
2025-12-12 18:01:26.653,smart_meter,send_encrypted_data,333804,0.427,6253.939,true,none,152
2025-12-12 18:01:26.653,smart_meter,send_encrypted_data,334204,8.769,304.896,true,none,138
2025-12-12 18:01:26.672,smart_meter,send_encrypted_data,334301,30.555,87.528,true,none,270
2025-12-12 18:01:26.707,smart_meter,send_encrypted_data,334283,1.886,1417.955,true,none,319
2025-12-12 18:01:26.709,smart_meter,send_encrypted_data,334062,0.324,8248.444,true,none,146
2025-12-12 18:01:26.709,smart_meter,send_encrypted_data,334295,0.362,7387.735,true,none,493
2025-12-12 18:01:26.710,smart_meter,send_encrypted_data,334536,0.367,7292.338,true,none,114
2025-12-12 18:01:26.710,smart_meter,send_encrypted_data,334124,0.349,7659.003,true,none,416
2025-12-12 18:01:26.712,smart_meter,send_encrypted_data,334156,0.335,7979.845,true,none,357
2025-12-12 18:01:26.713,smart_meter,send_encrypted_data,334165,0.350,7638.057,true,none,377
2025-12-12 18:01:26.714,smart_meter,send_encrypted_data,334353,0.346,7730.705,true,none,337
2025-12-12 18:01:26.715,smart_meter,send_encrypted_data,334081,0.340,7860.729,true,none,330
2025-12-12 18:01:26.716,smart_meter,send_encrypted_data,334364,0.325,8230.498,true,none,136
2025-12-12 18:01:26.716,smart_meter,send_encrypted_data,334120,0.292,9153.973,true,none,423
2025-12-12 18:01:26.718,smart_meter,send_encrypted_data,334430,0.331,8082.900,true,none,332
2025-12-12 18:01:26.720,smart_meter,send_encrypted_data,334542,0.340,7871.576,true,none,358
2025-12-12 18:01:26.723,smart_meter,send_encrypted_data,334242,3.098,863.117,true,none,94
2025-12-12 18:01:26.723,smart_meter,send_encrypted_data,334350,0.330,8105.455,true,none,233
2025-12-12 18:01:26.726,smart_meter,send_encrypted_data,334318,0.327,8179.034,true,none,234
2025-12-12 18:01:26.726,smart_meter,send_encrypted_data,334134,2.020,1323.303,true,none,361
2025-12-12 18:01:26.729,smart_meter,send_encrypted_data,334476,1.878,1424.818,true,none,406
2025-12-12 18:01:26.731,smart_meter,send_encrypted_data,334478,0.757,3534.774,true,none,495
2025-12-12 18:01:26.731,smart_meter,send_encrypted_data,334402,0.360,7431.156,true,none,274
2025-12-12 18:01:26.731,smart_meter,send_encrypted_data,334342,0.390,6858.297,true,none,280
2025-12-12 18:01:26.732,smart_meter,send_encrypted_data,334468,1.599,1673.386,true,none,500
2025-12-12 18:01:26.732,smart_meter,send_encrypted_data,334441,0.341,7846.123,true,none,397
2025-12-12 18:01:26.733,smart_meter,send_encrypted_data,333991,0.328,8146.122,true,none,482
2025-12-12 18:01:26.733,smart_meter,send_encrypted_data,334444,3.030,883.020,true,none,480
2025-12-12 18:01:26.735,smart_meter,send_encrypted_data,333380,0.322,8282.733,true,none,260
2025-12-12 18:01:26.737,smart_meter,send_encrypted_data,334144,0.340,7862.212,true,none,263
2025-12-12 18:01:26.737,smart_meter,send_encrypted_data,334135,3.276,815.958,true,none,459
2025-12-12 18:01:26.739,smart_meter,send_encrypted_data,334209,0.321,8329.196,true,none,261
2025-12-12 18:01:26.740,smart_meter,send_encrypted_data,334293,2.480,1078.365,true,none,488
2025-12-12 18:01:26.741,smart_meter,send_encrypted_data,334369,0.359,7451.120,true,none,498
2025-12-12 18:01:26.742,smart_meter,send_encrypted_data,334275,0.336,7958.929,true,none,411
2025-12-12 18:01:26.744,smart_meter,send_encrypted_data,334468,0.336,7963.524,true,none,413
2025-12-12 18:01:26.746,smart_meter,send_encrypted_data,334191,0.383,6980.491,true,none,259
2025-12-12 18:01:26.746,smart_meter,send_encrypted_data,334432,0.337,7939.039,true,none,435
2025-12-12 18:01:26.747,smart_meter,send_encrypted_data,334134,0.340,7861.976,true,none,267
2025-12-12 18:01:26.750,smart_meter,send_encrypted_data,334198,0.322,8303.056,true,none,415
2025-12-12 18:01:26.752,smart_meter,send_encrypted_data,334327,0.325,8229.588,true,none,273
2025-12-12 18:01:26.752,smart_meter,send_encrypted_data,334363,4.124,648.619,true,none,265
2025-12-12 18:01:26.752,smart_meter,send_encrypted_data,334380,2.547,1050.271,true,none,412
2025-12-12 18:01:26.753,smart_meter,send_encrypted_data,334290,0.324,8254.074,true,none,160
2025-12-12 18:01:26.754,smart_meter,send_encrypted_data,334304,0.344,7774.512,true,none,444
2025-12-12 18:01:26.755,smart_meter,send_encrypted_data,334344,0.346,7730.497,true,none,461
2025-12-12 18:01:26.758,smart_meter,send_encrypted_data,334341,0.378,7076.000,true,none,452
2025-12-12 18:01:26.758,smart_meter,send_encrypted_data,334390,0.379,7058.364,true,none,434
2025-12-12 18:01:26.760,smart_meter,send_encrypted_data,334408,0.374,7153.112,true,none,453
2025-12-12 18:01:26.760,smart_meter,send_encrypted_data,334283,0.366,7306.732,true,none,437
2025-12-12 18:01:26.761,smart_meter,send_encrypted_data,334321,0.397,6736.947,true,none,490
2025-12-12 18:01:26.762,smart_meter,send_encrypted_data,333360,0.318,8386.415,true,none,448
2025-12-12 18:01:26.765,smart_meter,send_encrypted_data,334473,0.948,2822.557,true,none,447
2025-12-12 18:01:26.766,smart_meter,send_encrypted_data,334481,0.392,6826.143,true,none,497
2025-12-12 18:01:26.766,smart_meter,send_encrypted_data,334491,0.372,7193.355,true,none,494
2025-12-12 18:01:26.768,smart_meter,send_encrypted_data,334550,0.329,8134.954,true,none,277
2025-12-12 18:01:26.769,smart_meter,send_encrypted_data,333831,1.040,2567.931,true,none,499
2025-12-12 18:01:26.782,smart_meter,send_encrypted_data,334467,0.371,7212.226,true,none,438
2025-12-12 18:01:26.793,smart_meter,send_encrypted_data,334079,0.398,6715.156,true,none,489
2025-12-12 18:01:26.797,smart_meter,send_encrypted_data,334433,1.078,2481.878,true,none,496
2025-12-12 18:01:26.807,smart_meter,send_encrypted_data,333252,1.100,2423.651,true,none,211
2025-12-12 18:01:26.815,smart_meter,send_encrypted_data,334444,0.451,5932.488,true,none,184
2025-12-12 18:01:26.816,smart_meter,send_encrypted_data,334337,0.350,7641.989,true,none,308
2025-12-12 18:01:26.816,smart_meter,send_encrypted_data,334364,0.370,7229.492,true,none,304
2025-12-12 18:01:26.817,smart_meter,send_encrypted_data,334149,0.987,2708.401,true,none,486
2025-12-12 18:01:26.818,smart_meter,send_encrypted_data,334313,0.370,7228.389,true,none,118
2025-12-12 18:01:26.819,smart_meter,send_encrypted_data,334178,0.353,7573.439,true,none,492
2025-12-12 18:01:26.819,smart_meter,send_encrypted_data,334048,0.339,7883.139,true,none,491
2025-12-12 18:01:26.821,smart_meter,send_encrypted_data,334202,1.052,2541.460,true,none,276
2025-12-12 18:01:26.821,smart_meter,send_encrypted_data,334152,0.365,7323.879,true,none,455
2025-12-12 18:01:26.821,smart_meter,send_encrypted_data,334455,0.347,7710.778,true,none,487
2025-12-12 18:01:26.822,smart_meter,send_encrypted_data,333348,0.369,7227.057,true,none,312
2025-12-12 18:01:26.822,smart_meter,send_encrypted_data,334393,0.396,6755.414,true,none,450
2025-12-12 18:01:26.823,smart_meter,send_encrypted_data,334158,3.252,822.037,true,none,283
2025-12-12 18:01:26.825,smart_meter,send_encrypted_data,334305,2.531,1056.673,true,none,269
2025-12-12 18:01:26.824,smart_meter,send_encrypted_data,334184,3.071,870.554,true,none,449
2025-12-12 18:01:26.830,smart_meter,send_encrypted_data,334376,0.377,7095.512,true,none,422
2025-12-12 18:01:26.830,smart_meter,send_encrypted_data,334210,1.208,2213.311,true,none,226
2025-12-12 18:01:26.831,smart_meter,send_encrypted_data,334154,2.102,1271.756,true,none,421
2025-12-12 18:01:26.834,smart_meter,send_encrypted_data,334439,3.709,721.357,true,none,271
2025-12-12 18:01:26.838,smart_meter,send_encrypted_data,334470,0.327,8182.752,true,none,302
2025-12-12 18:01:26.840,smart_meter,send_encrypted_data,334137,0.332,8051.494,true,none,278
2025-12-12 18:01:26.843,smart_meter,send_encrypted_data,334160,0.339,7885.782,true,none,177
2025-12-12 18:01:26.844,smart_meter,send_encrypted_data,334047,0.362,7382.254,true,none,288
2025-12-12 18:01:26.844,smart_meter,send_encrypted_data,334300,0.389,6875.064,true,none,285
2025-12-12 18:02:31.870,smart_meter,send_encrypted_data,334269,0.366,7306.426,true,none,16
2025-12-12 18:02:31.874,smart_meter,send_encrypted_data,334243,0.351,7618.074,true,none,4
2025-12-12 18:02:31.875,smart_meter,send_encrypted_data,334404,0.371,7210.868,true,none,34
2025-12-12 18:02:31.875,smart_meter,send_encrypted_data,334313,0.355,7533.814,true,none,17
2025-12-12 18:02:31.876,smart_meter,send_encrypted_data,334384,0.373,7171.775,true,none,87
2025-12-12 18:02:31.878,smart_meter,send_encrypted_data,334307,0.372,7189.398,true,none,81
2025-12-12 18:02:31.880,smart_meter,send_encrypted_data,333846,0.407,6562.084,true,none,1
2025-12-12 18:02:31.882,smart_meter,send_encrypted_data,334326,0.406,6587.704,true,none,99
2025-12-12 18:02:31.885,smart_meter,send_encrypted_data,334140,0.373,7166.542,true,none,189
2025-12-12 18:02:31.886,smart_meter,send_encrypted_data,334237,8.701,307.309,true,none,19
2025-12-12 18:02:31.887,smart_meter,send_encrypted_data,334185,0.356,7509.775,true,none,114
2025-12-12 18:02:31.887,smart_meter,send_encrypted_data,334422,0.371,7211.256,true,none,56
2025-12-12 18:02:31.887,smart_meter,send_encrypted_data,334087,0.353,7571.377,true,none,280
2025-12-12 18:02:31.888,smart_meter,send_encrypted_data,334379,0.371,7210.329,true,none,83
2025-12-12 18:02:31.888,smart_meter,send_encrypted_data,334253,5.750,465.048,true,none,55
2025-12-12 18:02:31.889,smart_meter,send_encrypted_data,334344,0.438,6106.740,true,none,22
2025-12-12 18:02:31.889,smart_meter,send_encrypted_data,334293,0.395,6770.491,true,none,45
2025-12-12 18:02:31.890,smart_meter,send_encrypted_data,334451,0.369,7250.970,true,none,94
2025-12-12 18:02:31.890,smart_meter,send_encrypted_data,334455,1.566,1708.582,true,none,38
2025-12-12 18:02:31.890,smart_meter,send_encrypted_data,334411,0.617,4335.961,true,none,54
2025-12-12 18:02:31.890,smart_meter,send_encrypted_data,334319,0.355,7533.949,true,none,84
2025-12-12 18:02:31.892,smart_meter,send_encrypted_data,334254,0.378,7074.159,true,none,66
2025-12-12 18:02:31.893,smart_meter,send_encrypted_data,334158,0.370,7225.038,true,none,105
2025-12-12 18:02:31.894,smart_meter,send_encrypted_data,334384,0.368,7269.217,true,none,52
2025-12-12 18:02:31.895,smart_meter,send_encrypted_data,333996,0.364,7340.571,true,none,124
2025-12-12 18:02:31.895,smart_meter,send_encrypted_data,334380,7.387,362.128,true,none,37
2025-12-12 18:02:31.897,smart_meter,send_encrypted_data,334366,0.375,7133.141,true,none,10
2025-12-12 18:02:31.899,smart_meter,send_encrypted_data,334414,0.369,7250.168,true,none,44
2025-12-12 18:02:31.900,smart_meter,send_encrypted_data,334304,0.343,7797.178,true,none,253
2025-12-12 18:02:31.901,smart_meter,send_encrypted_data,334260,0.384,6963.750,true,none,61
2025-12-12 18:02:31.901,smart_meter,send_encrypted_data,334375,0.366,7308.743,true,none,24
2025-12-12 18:02:31.902,smart_meter,send_encrypted_data,334181,0.372,7186.688,true,none,79
2025-12-12 18:02:31.903,smart_meter,send_encrypted_data,334187,0.395,6768.344,true,none,95
2025-12-12 18:02:31.903,smart_meter,send_encrypted_data,334323,1.586,1686.371,true,none,190
2025-12-12 18:02:31.904,smart_meter,send_encrypted_data,334430,0.635,4213.291,true,none,269
2025-12-12 18:02:31.904,smart_meter,send_encrypted_data,334479,0.369,7251.577,true,none,104
2025-12-12 18:02:31.904,smart_meter,send_encrypted_data,334227,3.639,734.767,true,none,273
2025-12-12 18:02:31.905,smart_meter,send_encrypted_data,334115,0.397,6732.796,true,none,86
2025-12-12 18:02:31.905,smart_meter,send_encrypted_data,334316,0.390,6857.764,true,none,108
2025-12-12 18:02:31.905,smart_meter,send_encrypted_data,334265,0.397,6735.819,true,none,226
2025-12-12 18:02:31.906,smart_meter,send_encrypted_data,334322,0.370,7228.584,true,none,70
2025-12-12 18:02:31.906,smart_meter,send_encrypted_data,334208,0.363,7365.466,true,none,63
2025-12-12 18:02:31.907,smart_meter,send_encrypted_data,333976,0.396,6746.990,true,none,148
2025-12-12 18:02:31.907,smart_meter,send_encrypted_data,334287,0.377,7093.623,true,none,266
2025-12-12 18:02:31.909,smart_meter,send_encrypted_data,334097,1.151,2322.134,true,none,82
2025-12-12 18:02:31.909,smart_meter,send_encrypted_data,334247,0.349,7661.822,true,none,127
2025-12-12 18:02:31.910,smart_meter,send_encrypted_data,334429,1.072,2495.739,true,none,256
2025-12-12 18:02:31.911,smart_meter,send_encrypted_data,334421,0.731,3659.874,true,none,31
2025-12-12 18:02:31.911,smart_meter,send_encrypted_data,334242,0.363,7366.215,true,none,129
2025-12-12 18:02:31.911,smart_meter,send_encrypted_data,334139,0.314,8513.096,true,none,144
2025-12-12 18:02:31.911,smart_meter,send_encrypted_data,334465,0.344,7778.256,true,none,264
2025-12-12 18:02:31.912,smart_meter,send_encrypted_data,334345,0.386,6929.430,true,none,92
2025-12-12 18:02:31.913,smart_meter,send_encrypted_data,334186,0.349,7660.424,true,none,137
2025-12-12 18:02:31.913,smart_meter,send_encrypted_data,334274,1.578,1694.672,true,none,122
2025-12-12 18:02:31.913,smart_meter,send_encrypted_data,334399,1.530,1748.492,true,none,147
2025-12-12 18:02:31.915,smart_meter,send_encrypted_data,334281,0.879,3042.375,true,none,225
2025-12-12 18:02:31.915,smart_meter,send_encrypted_data,334458,0.374,7154.182,true,none,149
2025-12-12 18:02:31.915,smart_meter,send_encrypted_data,334571,0.353,7582.346,true,none,195
2025-12-12 18:02:31.915,smart_meter,send_encrypted_data,334288,1.089,2455.743,true,none,278
2025-12-12 18:02:31.915,smart_meter,send_encrypted_data,334363,0.381,7020.745,true,none,14
2025-12-12 18:02:31.915,smart_meter,send_encrypted_data,334116,0.368,7263.391,true,none,28
2025-12-12 18:02:31.916,smart_meter,send_encrypted_data,334337,0.346,7730.335,true,none,6
2025-12-12 18:02:31.917,smart_meter,send_encrypted_data,334369,0.384,6966.021,true,none,203
2025-12-12 18:02:31.917,smart_meter,send_encrypted_data,334285,0.362,7387.514,true,none,21
2025-12-12 18:02:31.918,smart_meter,send_encrypted_data,334344,1.405,1903.738,true,none,73
2025-12-12 18:02:31.919,smart_meter,send_encrypted_data,334445,0.358,7473.631,true,none,35
2025-12-12 18:02:31.919,smart_meter,send_encrypted_data,334121,0.356,7508.337,true,none,206
2025-12-12 18:02:31.919,smart_meter,send_encrypted_data,334431,1.926,1389.121,true,none,191
2025-12-12 18:02:31.918,smart_meter,send_encrypted_data,334239,0.368,7266.065,true,none,152
2025-12-12 18:02:31.919,smart_meter,send_encrypted_data,334333,0.299,8945.365,true,none,154
2025-12-12 18:02:31.920,smart_meter,send_encrypted_data,334397,2.486,1076.097,true,none,151
2025-12-12 18:02:31.920,smart_meter,send_encrypted_data,334425,0.339,7892.035,true,none,135
2025-12-12 18:02:31.918,smart_meter,send_encrypted_data,334128,0.369,7243.967,true,none,13
2025-12-12 18:02:31.922,smart_meter,send_encrypted_data,334388,0.349,7665.054,true,none,46
2025-12-12 18:02:31.923,smart_meter,send_encrypted_data,334099,0.350,7636.549,true,none,233
2025-12-12 18:02:31.923,smart_meter,send_encrypted_data,334469,0.379,7060.032,true,none,170
2025-12-12 18:02:31.923,smart_meter,send_encrypted_data,334314,0.350,7641.463,true,none,121
2025-12-12 18:02:31.924,smart_meter,send_encrypted_data,334359,0.353,7577.541,true,none,130
2025-12-12 18:02:31.924,smart_meter,send_encrypted_data,334434,2.083,1284.432,true,none,161
2025-12-12 18:02:31.924,smart_meter,send_encrypted_data,334083,0.361,7403.501,true,none,238
2025-12-12 18:02:31.924,smart_meter,send_encrypted_data,334296,2.508,1066.335,true,none,160
2025-12-12 18:02:31.924,smart_meter,send_encrypted_data,334348,0.358,7471.464,true,none,187
2025-12-12 18:02:31.924,smart_meter,send_encrypted_data,334363,0.353,7577.632,true,none,26
2025-12-12 18:02:31.925,smart_meter,send_encrypted_data,334486,0.367,7291.248,true,none,30
2025-12-12 18:02:31.925,smart_meter,send_encrypted_data,334118,0.394,6784.122,true,none,143
2025-12-12 18:02:31.926,smart_meter,send_encrypted_data,334008,0.341,7835.965,true,none,276
2025-12-12 18:02:31.926,smart_meter,send_encrypted_data,333264,0.366,7284.459,true,none,198
2025-12-12 18:02:31.926,smart_meter,send_encrypted_data,334414,0.402,6655.005,true,none,171
2025-12-12 18:02:31.927,smart_meter,send_encrypted_data,334394,0.342,7822.082,true,none,234
2025-12-12 18:02:31.927,smart_meter,send_encrypted_data,334423,0.344,7777.279,true,none,268
2025-12-12 18:02:31.927,smart_meter,send_encrypted_data,334067,0.340,7860.400,true,none,62
2025-12-12 18:02:31.928,smart_meter,send_encrypted_data,333994,0.351,7612.399,true,none,60
2025-12-12 18:02:31.928,smart_meter,send_encrypted_data,334359,0.352,7599.068,true,none,75
2025-12-12 18:02:31.929,smart_meter,send_encrypted_data,334403,0.338,7914.864,true,none,109
2025-12-12 18:02:31.929,smart_meter,send_encrypted_data,334387,0.942,2839.805,true,none,267
2025-12-12 18:02:31.929,smart_meter,send_encrypted_data,334103,4.428,603.619,true,none,257
2025-12-12 18:02:31.929,smart_meter,send_encrypted_data,333992,2.515,1062.400,true,none,89
2025-12-12 18:02:31.930,smart_meter,send_encrypted_data,334290,2.268,1179.153,true,none,7
2025-12-12 18:02:31.931,smart_meter,send_encrypted_data,334328,4.991,535.889,true,none,158
2025-12-12 18:02:31.931,smart_meter,send_encrypted_data,334368,0.369,7249.171,true,none,96
2025-12-12 18:02:31.931,smart_meter,send_encrypted_data,334382,0.800,3343.820,true,none,153
2025-12-12 18:02:31.931,smart_meter,send_encrypted_data,334018,0.345,7745.345,true,none,165
2025-12-12 18:02:31.932,smart_meter,send_encrypted_data,334381,1.542,1734.791,true,none,93
2025-12-12 18:02:31.932,smart_meter,send_encrypted_data,334311,0.383,6982.997,true,none,231
2025-12-12 18:02:31.932,smart_meter,send_encrypted_data,334226,0.393,6803.583,true,none,201
2025-12-12 18:02:31.933,smart_meter,send_encrypted_data,334113,0.382,6997.131,true,none,49
2025-12-12 18:02:31.933,smart_meter,send_encrypted_data,334285,0.385,6946.182,true,none,174
2025-12-12 18:02:31.934,smart_meter,send_encrypted_data,334377,0.390,6859.015,true,none,59
2025-12-12 18:02:31.934,smart_meter,send_encrypted_data,334405,2.493,1073.101,true,none,168
2025-12-12 18:02:31.934,smart_meter,send_encrypted_data,334383,0.357,7493.176,true,none,281
2025-12-12 18:02:31.934,smart_meter,send_encrypted_data,334419,1.323,2022.186,true,none,51
2025-12-12 18:02:31.935,smart_meter,send_encrypted_data,334365,0.333,8032.793,true,none,211
2025-12-12 18:02:31.935,smart_meter,send_encrypted_data,334424,3.648,733.386,true,none,8
2025-12-12 18:02:31.936,smart_meter,send_encrypted_data,334446,0.358,7473.654,true,none,64
2025-12-12 18:02:31.936,smart_meter,send_encrypted_data,334409,0.357,7493.759,true,none,39
2025-12-12 18:02:31.936,smart_meter,send_encrypted_data,334211,0.353,7574.187,true,none,72
2025-12-12 18:02:31.936,smart_meter,send_encrypted_data,334405,0.357,7493.669,true,none,188
2025-12-12 18:02:31.937,smart_meter,send_encrypted_data,334429,2.401,1114.299,true,none,15
2025-12-12 18:02:31.937,smart_meter,send_encrypted_data,334434,0.404,6622.455,true,none,159
2025-12-12 18:02:31.938,smart_meter,send_encrypted_data,334374,0.354,7556.475,true,none,41
2025-12-12 18:02:31.938,smart_meter,send_encrypted_data,334039,0.335,7977.051,true,none,23
2025-12-12 18:02:31.938,smart_meter,send_encrypted_data,334331,1.621,1649.999,true,none,180
2025-12-12 18:02:31.939,smart_meter,send_encrypted_data,334397,0.401,6671.262,true,none,88
2025-12-12 18:02:31.939,smart_meter,send_encrypted_data,334412,2.636,1014.907,true,none,167
2025-12-12 18:02:31.941,smart_meter,send_encrypted_data,334211,1.487,1798.042,true,none,182
2025-12-12 18:02:31.941,smart_meter,send_encrypted_data,334468,0.369,7251.339,true,none,40
2025-12-12 18:02:31.942,smart_meter,send_encrypted_data,333743,1.147,2327.763,true,none,76
2025-12-12 18:02:31.942,smart_meter,send_encrypted_data,334393,0.359,7451.655,true,none,215
2025-12-12 18:02:31.942,smart_meter,send_encrypted_data,334369,0.352,7599.295,true,none,77
2025-12-12 18:02:31.943,smart_meter,send_encrypted_data,334411,0.360,7431.356,true,none,42
2025-12-12 18:02:31.943,smart_meter,send_encrypted_data,334331,0.355,7534.220,true,none,11
2025-12-12 18:02:31.943,smart_meter,send_encrypted_data,334256,0.334,8006.132,true,none,140
2025-12-12 18:02:31.944,smart_meter,send_encrypted_data,334349,0.352,7598.841,true,none,175
2025-12-12 18:02:31.944,smart_meter,send_encrypted_data,334342,9.428,283.701,true,none,117
2025-12-12 18:02:31.944,smart_meter,send_encrypted_data,334262,0.345,7751.003,true,none,133
2025-12-12 18:02:31.945,smart_meter,send_encrypted_data,334130,0.373,7166.327,true,none,176
2025-12-12 18:02:31.945,smart_meter,send_encrypted_data,333980,0.378,7068.360,true,none,71
2025-12-12 18:02:31.945,smart_meter,send_encrypted_data,334448,0.390,6860.472,true,none,3
2025-12-12 18:02:31.946,smart_meter,send_encrypted_data,334129,0.328,8149.488,true,none,47
2025-12-12 18:02:31.946,smart_meter,send_encrypted_data,334130,0.351,7615.499,true,none,181
2025-12-12 18:02:31.947,smart_meter,send_encrypted_data,334221,0.403,6634.660,true,none,67
2025-12-12 18:02:31.947,smart_meter,send_encrypted_data,334355,0.377,7095.066,true,none,228
2025-12-12 18:02:31.947,smart_meter,send_encrypted_data,334440,0.354,7557.966,true,none,33
2025-12-12 18:02:31.947,smart_meter,send_encrypted_data,334416,0.329,8131.696,true,none,163
2025-12-12 18:02:31.947,smart_meter,send_encrypted_data,334481,0.915,2924.424,true,none,246
2025-12-12 18:02:31.948,smart_meter,send_encrypted_data,334168,0.359,7446.641,true,none,32
2025-12-12 18:02:31.948,smart_meter,send_encrypted_data,334441,0.352,7600.932,true,none,229
2025-12-12 18:02:31.949,smart_meter,send_encrypted_data,334338,0.360,7429.733,true,none,78
2025-12-12 18:02:31.930,smart_meter,send_encrypted_data,334347,0.376,7113.766,true,none,5
2025-12-12 18:02:31.950,smart_meter,send_encrypted_data,334340,0.353,7577.110,true,none,202
2025-12-12 18:02:31.950,smart_meter,send_encrypted_data,333854,0.409,6530.152,true,none,74
2025-12-12 18:02:31.950,smart_meter,send_encrypted_data,334181,0.409,6536.548,true,none,118
2025-12-12 18:02:31.950,smart_meter,send_encrypted_data,334355,0.338,7913.728,true,none,207
2025-12-12 18:02:31.951,smart_meter,send_encrypted_data,334417,0.337,7938.682,true,none,272
2025-12-12 18:02:31.951,smart_meter,send_encrypted_data,334361,0.368,7268.717,true,none,2
2025-12-12 18:02:31.952,smart_meter,send_encrypted_data,334351,0.347,7708.380,true,none,274
2025-12-12 18:02:31.952,smart_meter,send_encrypted_data,334297,0.334,8007.114,true,none,185
2025-12-12 18:02:31.953,smart_meter,send_encrypted_data,334344,0.347,7708.219,true,none,25
2025-12-12 18:02:31.953,smart_meter,send_encrypted_data,334259,0.350,7640.206,true,none,239
2025-12-12 18:02:31.953,smart_meter,send_encrypted_data,334197,0.388,6890.660,true,none,227
2025-12-12 18:02:31.953,smart_meter,send_encrypted_data,334290,0.389,6874.859,true,none,224
2025-12-12 18:02:31.953,smart_meter,send_encrypted_data,334223,0.345,7750.099,true,none,194
2025-12-12 18:02:31.953,smart_meter,send_encrypted_data,333563,9.664,276.128,true,none,209
2025-12-12 18:02:31.954,smart_meter,send_encrypted_data,334361,0.355,7534.896,true,none,223
2025-12-12 18:02:31.955,smart_meter,send_encrypted_data,334315,14.154,188.959,true,none,208
2025-12-12 18:02:31.955,smart_meter,send_encrypted_data,334476,0.353,7580.193,true,none,279
2025-12-12 18:02:31.956,smart_meter,send_encrypted_data,334440,0.379,7059.420,true,none,241
2025-12-12 18:02:31.956,smart_meter,send_encrypted_data,334430,0.390,6860.103,true,none,249
2025-12-12 18:02:31.957,smart_meter,send_encrypted_data,334348,0.352,7598.818,true,none,115
2025-12-12 18:02:31.957,smart_meter,send_encrypted_data,334378,0.359,7451.320,true,none,57
2025-12-12 18:02:31.958,smart_meter,send_encrypted_data,334354,0.393,6806.188,true,none,145
2025-12-12 18:02:31.958,smart_meter,send_encrypted_data,334374,0.351,7621.060,true,none,119
2025-12-12 18:02:31.958,smart_meter,send_encrypted_data,334123,0.363,7363.592,true,none,245
2025-12-12 18:02:31.959,smart_meter,send_encrypted_data,334379,0.367,7288.916,true,none,112
2025-12-12 18:02:31.960,smart_meter,send_encrypted_data,334422,0.344,7777.256,true,none,217
2025-12-12 18:02:31.960,smart_meter,send_encrypted_data,334433,0.366,7310.011,true,none,111
2025-12-12 18:02:31.960,smart_meter,send_encrypted_data,334370,0.418,6399.426,true,none,107
2025-12-12 18:02:31.961,smart_meter,send_encrypted_data,334408,0.356,7514.787,true,none,240
2025-12-12 18:02:31.962,smart_meter,send_encrypted_data,334446,0.340,7869.318,true,none,20
2025-12-12 18:02:31.962,smart_meter,send_encrypted_data,334396,0.368,7269.478,true,none,289
2025-12-12 18:02:31.963,smart_meter,send_encrypted_data,334131,0.368,7263.717,true,none,291
2025-12-12 18:02:31.964,smart_meter,send_encrypted_data,334185,0.354,7552.203,true,none,248
2025-12-12 18:02:31.964,smart_meter,send_encrypted_data,334487,0.313,8549.188,true,none,255
2025-12-12 18:02:31.964,smart_meter,send_encrypted_data,334390,0.373,7171.903,true,none,220
2025-12-12 18:02:31.964,smart_meter,send_encrypted_data,334482,0.377,7097.761,true,none,242
2025-12-12 18:02:31.964,smart_meter,send_encrypted_data,334294,0.377,7093.772,true,none,232
2025-12-12 18:02:31.965,smart_meter,send_encrypted_data,334215,0.343,7795.102,true,none,247
2025-12-12 18:02:31.965,smart_meter,send_encrypted_data,333992,0.339,7881.817,true,none,243
2025-12-12 18:02:31.966,smart_meter,send_encrypted_data,334281,0.363,7367.074,true,none,103
2025-12-12 18:02:31.967,smart_meter,send_encrypted_data,334295,1.855,1441.704,true,none,142
2025-12-12 18:02:31.967,smart_meter,send_encrypted_data,333475,0.360,7410.556,true,none,205
2025-12-12 18:02:31.967,smart_meter,send_encrypted_data,334325,0.375,7132.267,true,none,263
2025-12-12 18:02:31.966,smart_meter,send_encrypted_data,334525,4.697,569.768,true,none,146
2025-12-12 18:02:31.967,smart_meter,send_encrypted_data,334312,0.337,7936.190,true,none,237
2025-12-12 18:02:31.968,smart_meter,send_encrypted_data,334422,0.362,7390.541,true,none,113
2025-12-12 18:02:31.968,smart_meter,send_encrypted_data,334170,0.367,7284.360,true,none,204
2025-12-12 18:02:31.968,smart_meter,send_encrypted_data,334346,0.367,7288.196,true,none,262
2025-12-12 18:02:31.969,smart_meter,send_encrypted_data,334251,0.399,6701.774,true,none,123
2025-12-12 18:02:31.969,smart_meter,send_encrypted_data,334407,1.704,1569.986,true,none,318
2025-12-12 18:02:31.970,smart_meter,send_encrypted_data,334370,2.497,1071.270,true,none,173
2025-12-12 18:02:31.970,smart_meter,send_encrypted_data,334143,0.343,7793.423,true,none,102
2025-12-12 18:02:31.971,smart_meter,send_encrypted_data,334073,0.348,7679.839,true,none,68
2025-12-12 18:02:31.971,smart_meter,send_encrypted_data,334475,0.386,6932.124,true,none,125
2025-12-12 18:02:31.971,smart_meter,send_encrypted_data,334111,0.551,4850.976,true,none,101
2025-12-12 18:02:31.972,smart_meter,send_encrypted_data,334401,0.336,7961.929,true,none,138
2025-12-12 18:02:31.973,smart_meter,send_encrypted_data,334466,0.403,6639.524,true,none,136
2025-12-12 18:02:31.973,smart_meter,send_encrypted_data,334162,23.775,112.441,true,none,53
2025-12-12 18:02:31.973,smart_meter,send_encrypted_data,334235,0.351,7617.892,true,none,128
2025-12-12 18:02:31.974,smart_meter,send_encrypted_data,334260,35.130,76.120,true,none,48
2025-12-12 18:02:31.974,smart_meter,send_encrypted_data,334455,0.359,7453.036,true,none,306
2025-12-12 18:02:31.975,smart_meter,send_encrypted_data,334327,0.338,7913.065,true,none,36
2025-12-12 18:02:31.976,smart_meter,send_encrypted_data,334279,9.540,280.318,true,none,9
2025-12-12 18:02:31.976,smart_meter,send_encrypted_data,334263,0.344,7773.558,true,none,50
2025-12-12 18:02:31.976,smart_meter,send_encrypted_data,334139,2.950,906.140,true,none,218
2025-12-12 18:02:31.975,smart_meter,send_encrypted_data,334394,2.434,1099.076,true,none,169
2025-12-12 18:02:31.977,smart_meter,send_encrypted_data,334048,3.188,838.263,true,none,85
2025-12-12 18:02:31.966,smart_meter,send_encrypted_data,334212,0.357,7489.345,true,none,214
2025-12-12 18:02:31.977,smart_meter,send_encrypted_data,334368,3.179,841.442,true,none,12
2025-12-12 18:02:31.977,smart_meter,send_encrypted_data,334376,0.357,7493.020,true,none,275
2025-12-12 18:02:31.977,smart_meter,send_encrypted_data,334354,0.349,7664.275,true,none,319
2025-12-12 18:02:31.978,smart_meter,send_encrypted_data,334242,0.376,7111.532,true,none,307
2025-12-12 18:02:31.978,smart_meter,send_encrypted_data,334340,2.850,938.498,true,none,294
2025-12-12 18:02:31.979,smart_meter,send_encrypted_data,333998,0.386,6922.238,true,none,197
2025-12-12 18:02:31.979,smart_meter,send_encrypted_data,334302,0.372,7189.290,true,none,286
2025-12-12 18:02:31.979,smart_meter,send_encrypted_data,334151,0.369,7244.466,true,none,321
2025-12-12 18:02:31.979,smart_meter,send_encrypted_data,334089,0.363,7362.843,true,none,288
2025-12-12 18:02:31.979,smart_meter,send_encrypted_data,334417,0.361,7410.903,true,none,265
2025-12-12 18:02:31.980,smart_meter,send_encrypted_data,334212,0.350,7639.131,true,none,320
2025-12-12 18:02:31.980,smart_meter,send_encrypted_data,334445,22.993,116.364,true,none,18
2025-12-12 18:02:31.980,smart_meter,send_encrypted_data,334482,0.351,7623.521,true,none,309
2025-12-12 18:02:31.981,smart_meter,send_encrypted_data,334416,0.336,7962.286,true,none,251
2025-12-12 18:02:31.981,smart_meter,send_encrypted_data,334388,0.366,7309.027,true,none,352
2025-12-12 18:02:31.982,smart_meter,send_encrypted_data,334332,5.424,493.115,true,none,162
2025-12-12 18:02:31.982,smart_meter,send_encrypted_data,334166,0.430,6217.042,true,none,282
2025-12-12 18:02:31.983,smart_meter,send_encrypted_data,334405,0.363,7369.807,true,none,193
2025-12-12 18:02:31.984,smart_meter,send_encrypted_data,334169,0.350,7638.149,true,none,344
2025-12-12 18:02:31.984,smart_meter,send_encrypted_data,334284,0.382,7000.712,true,none,91
2025-12-12 18:02:31.984,smart_meter,send_encrypted_data,334394,0.353,7578.334,true,none,259
2025-12-12 18:02:31.985,smart_meter,send_encrypted_data,333975,0.360,7421.667,true,none,252
2025-12-12 18:02:31.985,smart_meter,send_encrypted_data,334428,0.361,7411.147,true,none,347
2025-12-12 18:02:31.986,smart_meter,send_encrypted_data,334345,0.400,6686.900,true,none,80
2025-12-12 18:02:31.986,smart_meter,send_encrypted_data,334350,0.345,7753.043,true,none,342
2025-12-12 18:02:31.987,smart_meter,send_encrypted_data,334158,0.357,7488.134,true,none,235
2025-12-12 18:02:31.987,smart_meter,send_encrypted_data,333650,0.353,7561.473,true,none,164
2025-12-12 18:02:31.985,smart_meter,send_encrypted_data,334429,0.381,7022.131,true,none,331
2025-12-12 18:02:31.987,smart_meter,send_encrypted_data,334292,0.366,7306.929,true,none,221
2025-12-12 18:02:31.987,smart_meter,send_encrypted_data,334406,0.354,7557.198,true,none,183
2025-12-12 18:02:31.988,smart_meter,send_encrypted_data,334433,14.368,186.210,true,none,90
2025-12-12 18:02:31.988,smart_meter,send_encrypted_data,334101,0.381,7015.244,true,none,284
2025-12-12 18:02:31.988,smart_meter,send_encrypted_data,334492,0.572,4678.210,true,none,58
2025-12-12 18:02:31.989,smart_meter,send_encrypted_data,334252,0.337,7934.766,true,none,192
2025-12-12 18:02:31.989,smart_meter,send_encrypted_data,334370,0.355,7535.099,true,none,157
2025-12-12 18:02:31.989,smart_meter,send_encrypted_data,334559,23.587,113.472,true,none,250
2025-12-12 18:02:31.990,smart_meter,send_encrypted_data,334428,0.362,7390.674,true,none,356
2025-12-12 18:02:31.990,smart_meter,send_encrypted_data,334412,0.372,7191.656,true,none,43
2025-12-12 18:02:31.990,smart_meter,send_encrypted_data,334117,0.372,7185.312,true,none,219
2025-12-12 18:02:31.990,smart_meter,send_encrypted_data,334530,27.153,98.561,true,none,260
2025-12-12 18:02:31.990,smart_meter,send_encrypted_data,334458,0.354,7558.373,true,none,345
2025-12-12 18:02:31.991,smart_meter,send_encrypted_data,334161,0.351,7616.205,true,none,254
2025-12-12 18:02:31.991,smart_meter,send_encrypted_data,334209,9.071,294.749,true,none,350
2025-12-12 18:02:31.991,smart_meter,send_encrypted_data,333770,0.384,6953.542,true,none,100
2025-12-12 18:02:31.991,smart_meter,send_encrypted_data,334453,0.340,7869.482,true,none,277
2025-12-12 18:02:31.991,smart_meter,send_encrypted_data,334361,0.338,7913.870,true,none,258
2025-12-12 18:02:31.992,smart_meter,send_encrypted_data,334142,0.344,7770.744,true,none,141
2025-12-12 18:02:31.966,smart_meter,send_encrypted_data,334395,21.419,124.897,true,none,29
2025-12-12 18:02:31.992,smart_meter,send_encrypted_data,334054,7.266,367.800,true,none,353
2025-12-12 18:02:31.992,smart_meter,send_encrypted_data,334316,0.376,7113.106,true,none,230
2025-12-12 18:02:31.992,smart_meter,send_encrypted_data,334344,0.378,7076.063,true,none,200
2025-12-12 18:02:31.992,smart_meter,send_encrypted_data,334048,5.930,450.655,true,none,287
2025-12-12 18:02:31.992,smart_meter,send_encrypted_data,334295,17.882,149.556,true,none,155
2025-12-12 18:02:31.992,smart_meter,send_encrypted_data,334214,5.769,463.462,true,none,339
2025-12-12 18:02:31.993,smart_meter,send_encrypted_data,334163,0.339,7885.853,true,none,236
2025-12-12 18:02:31.993,smart_meter,send_encrypted_data,334115,7.815,342.024,true,none,299
2025-12-12 18:02:31.993,smart_meter,send_encrypted_data,334276,0.360,7428.356,true,none,186
2025-12-12 18:02:31.993,smart_meter,send_encrypted_data,334425,0.342,7822.807,true,none,390
2025-12-12 18:02:31.994,smart_meter,send_encrypted_data,333951,3.542,754.265,true,none,368
2025-12-12 18:02:31.994,smart_meter,send_encrypted_data,334125,0.332,8051.205,true,none,261
2025-12-12 18:02:31.994,smart_meter,send_encrypted_data,334160,0.369,7244.661,true,none,365
2025-12-12 18:02:31.994,smart_meter,send_encrypted_data,334463,0.352,7601.432,true,none,295
2025-12-12 18:02:31.995,smart_meter,send_encrypted_data,334373,0.338,7914.154,true,none,359
2025-12-12 18:02:31.995,smart_meter,send_encrypted_data,334391,0.387,6912.475,true,none,27
2025-12-12 18:02:31.995,smart_meter,send_encrypted_data,334148,0.379,7053.256,true,none,270
2025-12-12 18:02:31.996,smart_meter,send_encrypted_data,334308,0.377,7094.069,true,none,381
2025-12-12 18:02:31.996,smart_meter,send_encrypted_data,334311,0.359,7449.827,true,none,371
2025-12-12 18:02:31.996,smart_meter,send_encrypted_data,334379,0.354,7556.588,true,none,98
2025-12-12 18:02:31.996,smart_meter,send_encrypted_data,333356,0.338,7890.083,true,none,387
2025-12-12 18:02:31.997,smart_meter,send_encrypted_data,334171,15.983,167.263,true,none,328
2025-12-12 18:02:31.997,smart_meter,send_encrypted_data,333894,0.403,6628.169,true,none,403
2025-12-12 18:02:31.986,smart_meter,send_encrypted_data,334322,0.356,7512.854,true,none,308
2025-12-12 18:02:31.998,smart_meter,send_encrypted_data,334208,0.331,8077.535,true,none,357
2025-12-12 18:02:31.998,smart_meter,send_encrypted_data,334456,0.408,6557.961,true,none,372
2025-12-12 18:02:31.999,smart_meter,send_encrypted_data,334092,0.406,6583.094,true,none,341
2025-12-12 18:02:31.999,smart_meter,send_encrypted_data,334321,0.416,6429.250,true,none,358
2025-12-12 18:02:32.000,smart_meter,send_encrypted_data,334488,0.373,7174.005,true,none,310
2025-12-12 18:02:32.000,smart_meter,send_encrypted_data,334331,13.044,205.048,true,none,150
2025-12-12 18:02:32.000,smart_meter,send_encrypted_data,334176,12.425,215.164,true,none,349
2025-12-12 18:02:32.001,smart_meter,send_encrypted_data,334428,2.248,1190.135,true,none,399
2025-12-12 18:02:32.001,smart_meter,send_encrypted_data,334304,0.352,7597.818,true,none,351
2025-12-12 18:02:32.002,smart_meter,send_encrypted_data,334336,0.365,7327.912,true,none,378
2025-12-12 18:02:32.002,smart_meter,send_encrypted_data,334407,0.471,5679.949,true,none,106
2025-12-12 18:02:32.002,smart_meter,send_encrypted_data,334484,0.935,2861.895,true,none,304
2025-12-12 18:02:32.003,smart_meter,send_encrypted_data,334237,54.800,48.794,true,none,271
2025-12-12 18:02:32.003,smart_meter,send_encrypted_data,334371,14.666,182.392,true,none,336
2025-12-12 18:02:32.003,smart_meter,send_encrypted_data,334357,40.594,65.893,true,none,244
2025-12-12 18:02:32.004,smart_meter,send_encrypted_data,334066,0.363,7362.336,true,none,417
2025-12-12 18:02:32.004,smart_meter,send_encrypted_data,333990,0.359,7442.674,true,none,410
2025-12-12 18:02:32.005,smart_meter,send_encrypted_data,334347,0.371,7209.639,true,none,384
2025-12-12 18:02:32.005,smart_meter,send_encrypted_data,334227,1.726,1549.140,true,none,332
2025-12-12 18:02:32.005,smart_meter,send_encrypted_data,334310,0.348,7685.287,true,none,337
2025-12-12 18:02:32.007,smart_meter,send_encrypted_data,334419,0.339,7891.894,true,none,393
2025-12-12 18:02:32.007,smart_meter,send_encrypted_data,333961,1.612,1657.375,true,none,313
2025-12-12 18:02:32.008,smart_meter,send_encrypted_data,334131,0.346,7725.572,true,none,300
2025-12-12 18:02:32.008,smart_meter,send_encrypted_data,334355,0.404,6620.891,true,none,380
2025-12-12 18:02:32.008,smart_meter,send_encrypted_data,334425,46.918,57.023,true,none,199
2025-12-12 18:02:32.008,smart_meter,send_encrypted_data,334410,3.842,696.325,true,none,333
2025-12-12 18:02:32.008,smart_meter,send_encrypted_data,334392,34.397,77.772,true,none,69
2025-12-12 18:02:32.007,smart_meter,send_encrypted_data,334062,0.557,4798.018,true,none,421
2025-12-12 18:02:32.009,smart_meter,send_encrypted_data,334425,0.306,8743.137,true,none,416
2025-12-12 18:02:32.009,smart_meter,send_encrypted_data,334447,26.555,100.756,true,none,110
2025-12-12 18:02:32.010,smart_meter,send_encrypted_data,334044,2.762,967.542,true,none,436
2025-12-12 18:02:32.010,smart_meter,send_encrypted_data,334306,1.014,2637.523,true,none,396
2025-12-12 18:02:32.010,smart_meter,send_encrypted_data,334123,0.376,7109.000,true,none,325
2025-12-12 18:02:32.011,smart_meter,send_encrypted_data,334423,0.359,7452.323,true,none,448
2025-12-12 18:02:32.011,smart_meter,send_encrypted_data,334134,0.341,7838.921,true,none,426
2025-12-12 18:02:32.012,smart_meter,send_encrypted_data,334446,1.747,1531.521,true,none,383
2025-12-12 18:02:32.012,smart_meter,send_encrypted_data,334172,0.370,7225.341,true,none,379
2025-12-12 18:02:32.012,smart_meter,send_encrypted_data,334223,0.350,7639.383,true,none,369
2025-12-12 18:02:32.013,smart_meter,send_encrypted_data,333845,0.357,7481.120,true,none,450
2025-12-12 18:02:32.013,smart_meter,send_encrypted_data,334361,43.207,61.909,true,none,126
2025-12-12 18:02:32.014,smart_meter,send_encrypted_data,334411,48.193,55.512,true,none,65
2025-12-12 18:02:32.014,smart_meter,send_encrypted_data,334344,37.289,71.730,true,none,326
2025-12-12 18:02:32.014,smart_meter,send_encrypted_data,334255,0.349,7662.006,true,none,442
2025-12-12 18:02:32.015,smart_meter,send_encrypted_data,334055,21.832,122.409,true,none,340
2025-12-12 18:02:32.015,smart_meter,send_encrypted_data,334143,0.348,7681.448,true,none,424
2025-12-12 18:02:32.016,smart_meter,send_encrypted_data,334376,0.336,7961.333,true,none,409
2025-12-12 18:02:32.016,smart_meter,send_encrypted_data,334446,0.357,7494.588,true,none,400
2025-12-12 18:02:32.017,smart_meter,send_encrypted_data,334308,0.401,6669.486,true,none,389
2025-12-12 18:02:32.017,smart_meter,send_encrypted_data,334385,0.401,6671.022,true,none,327
2025-12-12 18:02:32.017,smart_meter,send_encrypted_data,334234,0.336,7957.952,true,none,443
2025-12-12 18:02:32.018,smart_meter,send_encrypted_data,334109,0.360,7424.644,true,none,385
2025-12-12 18:02:32.018,smart_meter,send_encrypted_data,334366,0.345,7753.414,true,none,449
2025-12-12 18:02:32.018,smart_meter,send_encrypted_data,334375,0.332,8057.229,true,none,338
2025-12-12 18:02:32.018,smart_meter,send_encrypted_data,334161,0.345,7748.661,true,none,445
2025-12-12 18:02:32.019,smart_meter,send_encrypted_data,334294,0.364,7347.121,true,none,423
2025-12-12 18:02:32.019,smart_meter,send_encrypted_data,334389,52.556,50.900,true,none,312
2025-12-12 18:02:32.020,smart_meter,send_encrypted_data,334422,15.080,177.412,true,none,367
2025-12-12 18:02:32.020,smart_meter,send_encrypted_data,334113,0.345,7747.548,true,none,408
2025-12-12 18:02:32.020,smart_meter,send_encrypted_data,334418,0.360,7431.511,true,none,446
2025-12-12 18:02:32.021,smart_meter,send_encrypted_data,334190,0.366,7304.699,true,none,388
2025-12-12 18:02:32.021,smart_meter,send_encrypted_data,334450,3.359,796.547,true,none,440
2025-12-12 18:02:32.021,smart_meter,send_encrypted_data,334370,6.199,431.515,true,none,343
2025-12-12 18:02:32.022,smart_meter,send_encrypted_data,334268,19.743,135.448,true,none,354
2025-12-12 18:02:32.022,smart_meter,send_encrypted_data,334306,2.273,1176.616,true,none,439
2025-12-12 18:02:32.023,smart_meter,send_encrypted_data,334138,21.135,126.478,true,none,303
2025-12-12 18:02:32.023,smart_meter,send_encrypted_data,334173,0.339,7886.088,true,none,463
2025-12-12 18:02:32.019,smart_meter,send_encrypted_data,334190,2.187,1222.460,true,none,401
2025-12-12 18:02:32.022,smart_meter,send_encrypted_data,334285,11.795,226.730,true,none,297
2025-12-12 18:02:32.024,smart_meter,send_encrypted_data,334379,30.949,86.434,true,none,196
2025-12-12 18:02:32.024,smart_meter,send_encrypted_data,334180,0.303,8823.234,true,none,464
2025-12-12 18:02:32.025,smart_meter,send_encrypted_data,333912,22.248,120.069,true,none,404
2025-12-12 18:02:32.027,smart_meter,send_encrypted_data,334468,0.602,4444.757,true,none,500
2025-12-12 18:02:32.021,smart_meter,send_encrypted_data,334355,1.936,1381.632,true,none,415
2025-12-12 18:02:32.028,smart_meter,send_encrypted_data,334494,0.342,7824.421,true,none,467
2025-12-12 18:02:32.030,smart_meter,send_encrypted_data,334378,0.348,7686.851,true,none,468
2025-12-12 18:02:32.031,smart_meter,send_encrypted_data,333318,0.333,8007.640,true,none,469
2025-12-12 18:02:32.031,smart_meter,send_encrypted_data,333938,0.341,7834.323,true,none,471
2025-12-12 18:02:32.032,smart_meter,send_encrypted_data,334392,2.460,1087.454,true,none,470
2025-12-12 18:02:32.032,smart_meter,send_encrypted_data,334192,0.548,4878.715,true,none,315
2025-12-12 18:02:32.033,smart_meter,send_encrypted_data,334082,0.345,7746.829,true,none,472
2025-12-12 18:02:32.033,smart_meter,send_encrypted_data,334128,2.418,1105.469,true,none,466
2025-12-12 18:02:32.035,smart_meter,send_encrypted_data,334387,0.342,7821.918,true,none,473
2025-12-12 18:02:32.036,smart_meter,send_encrypted_data,334124,0.352,7593.727,true,none,433
2025-12-12 18:02:32.036,smart_meter,send_encrypted_data,334000,0.361,7401.662,true,none,474
2025-12-12 18:02:32.038,smart_meter,send_encrypted_data,334128,1.554,1720.093,true,none,427
2025-12-12 18:02:32.039,smart_meter,send_encrypted_data,333939,0.379,7048.844,true,none,428
2025-12-12 18:02:32.039,smart_meter,send_encrypted_data,334243,0.308,8681.636,true,none,481
2025-12-12 18:02:32.039,smart_meter,send_encrypted_data,334380,0.342,7821.754,true,none,475
2025-12-12 18:02:32.040,smart_meter,send_encrypted_data,334312,0.328,8153.951,true,none,480
2025-12-12 18:02:32.040,smart_meter,send_encrypted_data,334396,0.377,7095.936,true,none,477
2025-12-12 18:02:32.040,smart_meter,send_encrypted_data,334431,0.309,8658.408,true,none,483
2025-12-12 18:02:32.041,smart_meter,send_encrypted_data,334452,0.350,7644.617,true,none,478
2025-12-12 18:02:32.042,smart_meter,send_encrypted_data,334200,0.303,8823.762,true,none,484
2025-12-12 18:02:32.042,smart_meter,send_encrypted_data,334342,0.338,7913.420,true,none,485
2025-12-12 18:02:32.043,smart_meter,send_encrypted_data,334302,0.948,2821.114,true,none,482
2025-12-12 18:02:32.043,smart_meter,send_encrypted_data,334363,0.311,8600.977,true,none,490
2025-12-12 18:02:32.044,smart_meter,send_encrypted_data,334366,1.150,2326.024,true,none,489
2025-12-12 18:02:32.044,smart_meter,send_encrypted_data,334140,0.350,7637.486,true,none,488
2025-12-12 18:02:32.045,smart_meter,send_encrypted_data,334326,0.323,8280.520,true,none,492
2025-12-12 18:02:32.045,smart_meter,send_encrypted_data,334142,0.361,7404.809,true,none,429
2025-12-12 18:02:32.045,smart_meter,send_encrypted_data,334433,0.396,6756.222,true,none,486
2025-12-12 18:02:32.045,smart_meter,send_encrypted_data,334403,0.344,7776.814,true,none,476
2025-12-12 18:02:32.047,smart_meter,send_encrypted_data,334359,1.393,1920.224,true,none,494
2025-12-12 18:02:32.047,smart_meter,send_encrypted_data,334211,0.353,7574.187,true,none,499
2025-12-12 18:02:32.047,smart_meter,send_encrypted_data,334389,0.338,7914.533,true,none,493
2025-12-12 18:02:32.048,smart_meter,send_encrypted_data,334556,1.133,2362.267,true,none,495
2025-12-12 18:02:32.048,smart_meter,send_encrypted_data,334327,0.337,7936.546,true,none,497
2025-12-12 18:02:32.050,smart_meter,send_encrypted_data,334080,0.368,7262.609,true,none,139
2025-12-12 18:02:32.050,smart_meter,send_encrypted_data,334510,2.756,971.001,true,none,132
2025-12-12 18:02:32.051,smart_meter,send_encrypted_data,334314,0.331,8080.097,true,none,131
2025-12-12 18:02:32.054,smart_meter,send_encrypted_data,334075,0.354,7549.718,true,none,178
2025-12-12 18:02:32.053,smart_meter,send_encrypted_data,333340,0.393,6785.547,true,none,134
2025-12-12 18:02:32.056,smart_meter,send_encrypted_data,334214,0.330,8102.158,true,none,210
2025-12-12 18:02:32.057,smart_meter,send_encrypted_data,334475,0.381,7023.097,true,none,156
2025-12-12 18:02:32.053,smart_meter,send_encrypted_data,334426,1.139,2348.910,true,none,177
2025-12-12 18:02:32.058,smart_meter,send_encrypted_data,334247,0.337,7934.647,true,none,212
2025-12-12 18:02:32.058,smart_meter,send_encrypted_data,333972,0.339,7881.345,true,none,97
2025-12-12 18:02:32.059,smart_meter,send_encrypted_data,334193,0.338,7909.893,true,none,216
2025-12-12 18:02:32.059,smart_meter,send_encrypted_data,334438,0.835,3204.196,true,none,172
2025-12-12 18:02:32.060,smart_meter,send_encrypted_data,334500,3.380,791.716,true,none,179
2025-12-12 18:02:32.060,smart_meter,send_encrypted_data,334069,0.362,7382.740,true,none,184
2025-12-12 18:02:32.060,smart_meter,send_encrypted_data,334379,0.357,7493.087,true,none,222
2025-12-12 18:02:32.060,smart_meter,send_encrypted_data,334152,0.336,7956.000,true,none,213
2025-12-12 18:02:32.063,smart_meter,send_encrypted_data,334159,0.357,7488.157,true,none,120
2025-12-12 18:02:32.064,smart_meter,send_encrypted_data,334378,0.335,7985.146,true,none,317
2025-12-12 18:02:32.064,smart_meter,send_encrypted_data,334414,0.358,7472.939,true,none,366
2025-12-12 18:02:32.065,smart_meter,send_encrypted_data,334446,0.347,7710.571,true,none,330
2025-12-12 18:02:32.066,smart_meter,send_encrypted_data,334455,0.359,7453.036,true,none,314
2025-12-12 18:02:32.066,smart_meter,send_encrypted_data,334323,1.861,1437.176,true,none,361
2025-12-12 18:02:32.067,smart_meter,send_encrypted_data,334355,0.341,7844.106,true,none,298
2025-12-12 18:02:32.068,smart_meter,send_encrypted_data,334066,0.349,7657.673,true,none,316
2025-12-12 18:02:32.068,smart_meter,send_encrypted_data,334343,2.215,1207.559,true,none,334
2025-12-12 18:02:32.068,smart_meter,send_encrypted_data,334275,0.351,7618.803,true,none,362
2025-12-12 18:02:32.069,smart_meter,send_encrypted_data,334217,0.357,7489.457,true,none,292
2025-12-12 18:02:32.069,smart_meter,send_encrypted_data,334165,2.424,1102.855,true,none,285
2025-12-12 18:02:32.069,smart_meter,send_encrypted_data,334369,0.729,3669.344,true,none,370
2025-12-12 18:02:32.070,smart_meter,send_encrypted_data,334271,0.355,7532.868,true,none,346
2025-12-12 18:02:32.070,smart_meter,send_encrypted_data,334255,1.620,1650.642,true,none,329
2025-12-12 18:02:32.070,smart_meter,send_encrypted_data,334090,0.409,6534.768,true,none,322
2025-12-12 18:02:32.071,smart_meter,send_encrypted_data,334355,5.262,508.331,true,none,283
2025-12-12 18:02:32.073,smart_meter,send_encrypted_data,334380,0.358,7472.179,true,none,377
2025-12-12 18:02:32.073,smart_meter,send_encrypted_data,334326,0.379,7057.013,true,none,392
2025-12-12 18:02:32.073,smart_meter,send_encrypted_data,334358,1.204,2221.648,true,none,348
2025-12-12 18:02:32.075,smart_meter,send_encrypted_data,334006,1.482,1803.001,true,none,395
2025-12-12 18:02:32.075,smart_meter,send_encrypted_data,334335,0.832,3214.760,true,none,397
2025-12-12 18:02:32.075,smart_meter,send_encrypted_data,334374,0.349,7664.734,true,none,296
2025-12-12 18:02:32.076,smart_meter,send_encrypted_data,334404,0.352,7600.091,true,none,398
2025-12-12 18:02:32.076,smart_meter,send_encrypted_data,334343,0.344,7775.419,true,none,364
2025-12-12 18:02:32.077,smart_meter,send_encrypted_data,334182,0.384,6962.125,true,none,324
2025-12-12 18:02:32.078,smart_meter,send_encrypted_data,334182,2.450,1091.207,true,none,402
2025-12-12 18:02:32.078,smart_meter,send_encrypted_data,334406,3.759,711.691,true,none,394
2025-12-12 18:02:32.077,smart_meter,send_encrypted_data,334272,0.349,7662.395,true,none,335
2025-12-12 18:02:32.079,smart_meter,send_encrypted_data,334284,0.375,7131.392,true,none,305
2025-12-12 18:02:32.079,smart_meter,send_encrypted_data,334073,0.382,6996.293,true,none,302
2025-12-12 18:02:32.080,smart_meter,send_encrypted_data,334430,0.368,7270.217,true,none,323
2025-12-12 18:02:32.080,smart_meter,send_encrypted_data,334279,0.384,6964.146,true,none,301
2025-12-12 18:02:32.081,smart_meter,send_encrypted_data,334344,0.345,7752.904,true,none,422
2025-12-12 18:02:32.083,smart_meter,send_encrypted_data,334409,0.351,7621.858,true,none,311
2025-12-12 18:02:32.084,smart_meter,send_encrypted_data,334216,0.345,7749.936,true,none,391
2025-12-12 18:02:32.084,smart_meter,send_encrypted_data,334409,0.296,9038.081,true,none,414
2025-12-12 18:02:32.085,smart_meter,send_encrypted_data,334467,0.369,7251.317,true,none,447
2025-12-12 18:02:32.085,smart_meter,send_encrypted_data,334467,0.357,7495.059,true,none,444
2025-12-12 18:02:32.087,smart_meter,send_encrypted_data,334361,0.364,7348.593,true,none,420
2025-12-12 18:02:32.088,smart_meter,send_encrypted_data,334294,0.468,5714.427,true,none,374
2025-12-12 18:02:32.089,smart_meter,send_encrypted_data,334315,1.241,2155.133,true,none,479
2025-12-12 18:02:32.089,smart_meter,send_encrypted_data,334186,0.340,7863.200,true,none,411
2025-12-12 18:02:32.089,smart_meter,send_encrypted_data,334299,1.709,1564.887,true,none,425
2025-12-12 18:02:32.091,smart_meter,send_encrypted_data,334176,0.349,7660.195,true,none,460
2025-12-12 18:02:32.091,smart_meter,send_encrypted_data,334338,0.345,7752.765,true,none,406
2025-12-12 18:02:32.092,smart_meter,send_encrypted_data,334463,0.487,5494.259,true,none,432
2025-12-12 18:02:32.093,smart_meter,send_encrypted_data,334439,0.340,7869.153,true,none,452
2025-12-12 18:02:32.093,smart_meter,send_encrypted_data,334442,0.341,7846.147,true,none,451
2025-12-12 18:02:32.093,smart_meter,send_encrypted_data,334379,0.360,7430.644,true,none,413
2025-12-12 18:02:32.093,smart_meter,send_encrypted_data,334381,0.349,7664.894,true,none,412
2025-12-12 18:02:32.094,smart_meter,send_encrypted_data,334340,0.373,7170.831,true,none,457
2025-12-12 18:02:32.094,smart_meter,send_encrypted_data,334388,0.341,7844.880,true,none,461
2025-12-12 18:02:32.095,smart_meter,send_encrypted_data,334273,0.349,7662.418,true,none,375
2025-12-12 18:02:32.096,smart_meter,send_encrypted_data,334330,0.355,7534.197,true,none,405
2025-12-12 18:02:32.098,smart_meter,send_encrypted_data,334297,11.857,225.553,true,none,434
2025-12-12 18:02:32.099,smart_meter,send_encrypted_data,334183,7.863,340.006,true,none,430
2025-12-12 18:02:32.101,smart_meter,send_encrypted_data,334376,0.383,6984.355,true,none,465
2025-12-12 18:02:32.102,smart_meter,send_encrypted_data,334215,10.416,256.694,true,none,437
2025-12-12 18:02:32.103,smart_meter,send_encrypted_data,334366,0.350,7642.651,true,none,496
2025-12-12 18:02:32.103,smart_meter,send_encrypted_data,334383,4.013,666.600,true,none,487
2025-12-12 18:02:32.103,smart_meter,send_encrypted_data,334361,0.369,7249.019,true,none,166
2025-12-12 18:02:32.104,smart_meter,send_encrypted_data,334082,2.534,1054.718,true,none,491
2025-12-12 18:02:32.105,smart_meter,send_encrypted_data,334409,0.373,7172.311,true,none,116
2025-12-12 18:02:32.106,smart_meter,send_encrypted_data,334449,0.366,7310.361,true,none,290
2025-12-12 18:02:32.106,smart_meter,send_encrypted_data,334462,0.706,3789.938,true,none,293
2025-12-12 18:02:32.106,smart_meter,send_encrypted_data,334328,0.383,6983.352,true,none,363
2025-12-12 18:02:32.106,smart_meter,send_encrypted_data,334134,0.356,7508.629,true,none,355
2025-12-12 18:02:32.111,smart_meter,send_encrypted_data,334463,1.511,1770.817,true,none,360
2025-12-12 18:02:32.113,smart_meter,send_encrypted_data,334168,0.352,7594.727,true,none,419
2025-12-12 18:02:32.113,smart_meter,send_encrypted_data,334518,1.290,2074.530,true,none,438
2025-12-12 18:02:32.113,smart_meter,send_encrypted_data,334218,0.860,3109.005,true,none,418
2025-12-12 18:02:32.115,smart_meter,send_encrypted_data,333901,0.344,7765.140,true,none,455
2025-12-12 18:02:32.116,smart_meter,send_encrypted_data,334320,0.355,7533.972,true,none,459
2025-12-12 18:02:32.116,smart_meter,send_encrypted_data,334325,1.694,1578.867,true,none,407
2025-12-12 18:02:32.118,smart_meter,send_encrypted_data,334520,0.371,7213.369,true,none,498
2025-12-12 18:02:32.118,smart_meter,send_encrypted_data,334442,1.432,1868.391,true,none,431
2025-12-12 18:02:32.119,smart_meter,send_encrypted_data,334252,0.696,3841.977,true,none,373
2025-12-12 18:02:32.121,smart_meter,send_encrypted_data,334397,0.348,7687.287,true,none,462
2025-12-12 18:02:32.121,smart_meter,send_encrypted_data,334361,0.357,7492.683,true,none,453
2025-12-12 18:02:32.122,smart_meter,send_encrypted_data,334346,1.563,1711.304,true,none,458
2025-12-12 18:02:32.122,smart_meter,send_encrypted_data,334339,0.353,7577.088,true,none,454
2025-12-12 18:02:32.122,smart_meter,send_encrypted_data,333365,0.652,4090.368,true,none,435
2025-12-12 18:02:32.123,smart_meter,send_encrypted_data,334039,1.354,1973.643,true,none,441
2025-12-12 18:02:32.124,smart_meter,send_encrypted_data,334138,0.350,7637.440,true,none,376
2025-12-12 18:02:32.129,smart_meter,send_encrypted_data,334278,0.374,7150.332,true,none,386
2025-12-12 18:02:32.130,smart_meter,send_encrypted_data,334340,0.399,6703.559,true,none,382
2025-12-12 18:02:32.131,smart_meter,send_encrypted_data,334423,0.338,7915.337,true,none,456
2025-12-12 18:03:37.228,smart_meter,send_encrypted_data,334360,0.395,6771.848,true,none,19
2025-12-12 18:03:37.230,smart_meter,send_encrypted_data,334412,0.362,7390.320,true,none,12
2025-12-12 18:03:37.230,smart_meter,send_encrypted_data,334062,0.354,7549.424,true,none,27
2025-12-12 18:03:37.232,smart_meter,send_encrypted_data,334360,0.388,6894.021,true,none,17
2025-12-12 18:03:37.233,smart_meter,send_encrypted_data,334334,0.313,8545.278,true,none,34
2025-12-12 18:03:37.233,smart_meter,send_encrypted_data,334390,0.410,6524.683,true,none,50
2025-12-12 18:03:37.237,smart_meter,send_encrypted_data,334374,0.349,7664.734,true,none,84
2025-12-12 18:03:37.239,smart_meter,send_encrypted_data,334017,0.346,7722.936,true,none,45
2025-12-12 18:03:37.241,smart_meter,send_encrypted_data,334262,0.346,7728.601,true,none,152
2025-12-12 18:03:37.242,smart_meter,send_encrypted_data,334353,0.366,7308.262,true,none,114
2025-12-12 18:03:37.243,smart_meter,send_encrypted_data,334321,0.490,5458.302,true,none,83
2025-12-12 18:03:37.244,smart_meter,send_encrypted_data,334535,0.348,7690.460,true,none,115
2025-12-12 18:03:37.245,smart_meter,send_encrypted_data,334382,0.352,7599.591,true,none,127
2025-12-12 18:03:37.246,smart_meter,send_encrypted_data,334322,0.377,7094.366,true,none,66
2025-12-12 18:03:37.246,smart_meter,send_encrypted_data,334375,0.392,6823.980,true,none,54
2025-12-12 18:03:37.247,smart_meter,send_encrypted_data,334356,0.343,7798.391,true,none,154
2025-12-12 18:03:37.252,smart_meter,send_encrypted_data,334438,0.364,7350.286,true,none,24
2025-12-12 18:03:37.252,smart_meter,send_encrypted_data,334361,0.361,7409.662,true,none,38
2025-12-12 18:03:37.255,smart_meter,send_encrypted_data,334397,0.346,7731.723,true,none,179
2025-12-12 18:03:37.256,smart_meter,send_encrypted_data,334190,0.368,7265.000,true,none,4
2025-12-12 18:03:37.257,smart_meter,send_encrypted_data,334440,0.355,7536.676,true,none,44
2025-12-12 18:03:37.258,smart_meter,send_encrypted_data,334333,0.354,7555.548,true,none,303
2025-12-12 18:03:37.259,smart_meter,send_encrypted_data,334321,0.354,7555.277,true,none,10
2025-12-12 18:03:37.259,smart_meter,send_encrypted_data,334240,1.161,2303.118,true,none,135
2025-12-12 18:03:37.260,smart_meter,send_encrypted_data,334433,0.347,7710.271,true,none,94
2025-12-12 18:03:37.260,smart_meter,send_encrypted_data,334175,0.417,6411.031,true,none,151
2025-12-12 18:03:37.263,smart_meter,send_encrypted_data,334463,4.514,592.757,true,none,22
2025-12-12 18:03:37.263,smart_meter,send_encrypted_data,334358,0.348,7686.391,true,none,190
2025-12-12 18:03:37.263,smart_meter,send_encrypted_data,334518,2.084,1284.138,true,none,108
2025-12-12 18:03:37.265,smart_meter,send_encrypted_data,334433,5.302,504.614,true,none,1
2025-12-12 18:03:37.267,smart_meter,send_encrypted_data,334374,0.382,7002.597,true,none,99
2025-12-12 18:03:37.267,smart_meter,send_encrypted_data,334147,0.366,7303.760,true,none,339
2025-12-12 18:03:37.268,smart_meter,send_encrypted_data,334325,0.358,7470.950,true,none,56
2025-12-12 18:03:37.268,smart_meter,send_encrypted_data,334445,0.403,6639.107,true,none,222
2025-12-12 18:03:37.268,smart_meter,send_encrypted_data,334121,0.372,7185.398,true,none,134
2025-12-12 18:03:37.266,smart_meter,send_encrypted_data,334344,4.335,617.013,true,none,338
2025-12-12 18:03:37.269,smart_meter,send_encrypted_data,334435,6.009,445.245,true,none,240
2025-12-12 18:03:37.275,smart_meter,send_encrypted_data,334517,0.348,7690.046,true,none,82
2025-12-12 18:03:37.275,smart_meter,send_encrypted_data,334484,14.558,183.808,true,none,146
2025-12-12 18:03:37.275,smart_meter,send_encrypted_data,334278,0.372,7188.774,true,none,105
2025-12-12 18:03:37.276,smart_meter,send_encrypted_data,334474,0.360,7432.756,true,none,37
2025-12-12 18:03:37.277,smart_meter,send_encrypted_data,334497,0.354,7559.254,true,none,92
2025-12-12 18:03:37.278,smart_meter,send_encrypted_data,334096,0.345,7747.154,true,none,124
2025-12-12 18:03:37.278,smart_meter,send_encrypted_data,334132,0.370,7224.476,true,none,147
2025-12-12 18:03:37.279,smart_meter,send_encrypted_data,334400,0.361,7410.526,true,none,63
2025-12-12 18:03:37.279,smart_meter,send_encrypted_data,334401,0.382,7003.162,true,none,312
2025-12-12 18:03:37.279,smart_meter,send_encrypted_data,334309,0.376,7112.957,true,none,211
2025-12-12 18:03:37.279,smart_meter,send_encrypted_data,334410,0.340,7868.471,true,none,14
2025-12-12 18:03:37.280,smart_meter,send_encrypted_data,334469,0.333,8035.291,true,none,161
2025-12-12 18:03:37.280,smart_meter,send_encrypted_data,334478,0.362,7391.779,true,none,122
2025-12-12 18:03:37.280,smart_meter,send_encrypted_data,334313,0.377,7094.175,true,none,362
2025-12-12 18:03:37.280,smart_meter,send_encrypted_data,334363,0.390,6858.728,true,none,327
2025-12-12 18:03:37.281,smart_meter,send_encrypted_data,334445,0.370,7231.243,true,none,255
2025-12-12 18:03:37.281,smart_meter,send_encrypted_data,334140,16.358,163.414,true,none,298
2025-12-12 18:03:37.281,smart_meter,send_encrypted_data,334426,14.516,184.308,true,none,170
2025-12-12 18:03:37.281,smart_meter,send_encrypted_data,334075,0.426,6273.709,true,none,308
2025-12-12 18:03:37.281,smart_meter,send_encrypted_data,334303,0.393,6805.150,true,none,203
2025-12-12 18:03:37.280,smart_meter,send_encrypted_data,334123,14.125,189.238,true,none,269
2025-12-12 18:03:37.282,smart_meter,send_encrypted_data,334405,0.370,7230.378,true,none,405
2025-12-12 18:03:37.282,smart_meter,send_encrypted_data,334362,0.359,7450.964,true,none,273
2025-12-12 18:03:37.283,smart_meter,send_encrypted_data,334144,0.342,7816.234,true,none,178
2025-12-12 18:03:37.283,smart_meter,send_encrypted_data,334401,0.353,7578.493,true,none,148
2025-12-12 18:03:37.283,smart_meter,send_encrypted_data,334133,0.339,7885.145,true,none,182
2025-12-12 18:03:37.284,smart_meter,send_encrypted_data,334416,0.384,6967.000,true,none,13
2025-12-12 18:03:37.284,smart_meter,send_encrypted_data,334186,0.382,6998.660,true,none,28
2025-12-12 18:03:37.285,smart_meter,send_encrypted_data,334171,0.371,7205.844,true,none,391
2025-12-12 18:03:37.285,smart_meter,send_encrypted_data,334273,0.351,7618.758,true,none,160
2025-12-12 18:03:37.285,smart_meter,send_encrypted_data,334392,0.365,7329.140,true,none,409
2025-12-12 18:03:37.285,smart_meter,send_encrypted_data,334453,0.390,6860.574,true,none,95
2025-12-12 18:03:37.286,smart_meter,send_encrypted_data,334431,0.418,6400.593,true,none,333
2025-12-12 18:03:37.286,smart_meter,send_encrypted_data,334362,0.365,7328.482,true,none,266
2025-12-12 18:03:37.287,smart_meter,send_encrypted_data,334513,0.367,7291.837,true,none,191
2025-12-12 18:03:37.287,smart_meter,send_encrypted_data,334431,17.250,155.098,true,none,125
2025-12-12 18:03:37.287,smart_meter,send_encrypted_data,334170,0.382,6998.325,true,none,317
2025-12-12 18:03:37.288,smart_meter,send_encrypted_data,334113,0.341,7838.428,true,none,232
2025-12-12 18:03:37.288,smart_meter,send_encrypted_data,334341,8.661,308.824,true,none,52
2025-12-12 18:03:37.289,smart_meter,send_encrypted_data,334249,0.368,7266.283,true,none,264
2025-12-12 18:03:37.289,smart_meter,send_encrypted_data,334153,13.893,192.415,true,none,293
2025-12-12 18:03:37.290,smart_meter,send_encrypted_data,334270,0.394,6787.208,true,none,256
2025-12-12 18:03:37.290,smart_meter,send_encrypted_data,334314,0.399,6703.038,true,none,104
2025-12-12 18:03:37.290,smart_meter,send_encrypted_data,334392,0.347,7709.326,true,none,79
2025-12-12 18:03:37.291,smart_meter,send_encrypted_data,334341,0.348,7686.000,true,none,70
2025-12-12 18:03:37.291,smart_meter,send_encrypted_data,334088,0.394,6783.513,true,none,21
2025-12-12 18:03:37.291,smart_meter,send_encrypted_data,334516,0.394,6792.203,true,none,73
2025-12-12 18:03:37.291,smart_meter,send_encrypted_data,334329,0.385,6947.096,true,none,216
2025-12-12 18:03:37.291,smart_meter,send_encrypted_data,334360,0.396,6754.747,true,none,225
2025-12-12 18:03:37.291,smart_meter,send_encrypted_data,334303,0.426,6277.991,true,none,26
2025-12-12 18:03:37.292,smart_meter,send_encrypted_data,334526,0.349,7668.218,true,none,46
2025-12-12 18:03:37.292,smart_meter,send_encrypted_data,334537,0.368,7272.543,true,none,434
2025-12-12 18:03:37.292,smart_meter,send_encrypted_data,334281,0.346,7729.040,true,none,172
2025-12-12 18:03:37.292,smart_meter,send_encrypted_data,334140,25.723,103.919,true,none,55
2025-12-12 18:03:37.293,smart_meter,send_encrypted_data,334161,12.507,213.743,true,none,376
2025-12-12 18:03:37.293,smart_meter,send_encrypted_data,333998,0.383,6976.460,true,none,194
2025-12-12 18:03:37.293,smart_meter,send_encrypted_data,334402,0.356,7514.652,true,none,267
2025-12-12 18:03:37.294,smart_meter,send_encrypted_data,334173,0.375,7129.024,true,none,6
2025-12-12 18:03:37.294,smart_meter,send_encrypted_data,334312,0.340,7866.165,true,none,249
2025-12-12 18:03:37.294,smart_meter,send_encrypted_data,334178,1.259,2123.450,true,none,121
2025-12-12 18:03:37.294,smart_meter,send_encrypted_data,334481,13.011,205.660,true,none,283
2025-12-12 18:03:37.295,smart_meter,send_encrypted_data,334378,14.308,186.960,true,none,111
2025-12-12 18:03:37.296,smart_meter,send_encrypted_data,334285,0.369,7247.371,true,none,130
2025-12-12 18:03:37.293,smart_meter,send_encrypted_data,333300,11.868,224.671,true,none,174
2025-12-12 18:03:37.296,smart_meter,send_encrypted_data,334410,0.372,7191.613,true,none,238
2025-12-12 18:03:37.296,smart_meter,send_encrypted_data,334513,13.491,198.362,true,none,301
2025-12-12 18:03:37.296,smart_meter,send_encrypted_data,334459,0.397,6739.728,true,none,168
2025-12-12 18:03:37.296,smart_meter,send_encrypted_data,334276,3.524,758.856,true,none,344
2025-12-12 18:03:37.292,smart_meter,send_encrypted_data,334391,9.551,280.089,true,none,243
2025-12-12 18:03:37.297,smart_meter,send_encrypted_data,334416,0.342,7822.596,true,none,393
2025-12-12 18:03:37.298,smart_meter,send_encrypted_data,334108,0.360,7424.622,true,none,268
2025-12-12 18:03:37.298,smart_meter,send_encrypted_data,333292,0.356,7489.708,true,none,231
2025-12-12 18:03:37.298,smart_meter,send_encrypted_data,334365,0.344,7775.930,true,none,93
2025-12-12 18:03:37.298,smart_meter,send_encrypted_data,334157,0.360,7425.711,true,none,120
2025-12-12 18:03:37.298,smart_meter,send_encrypted_data,334087,0.358,7465.631,true,none,257
2025-12-12 18:03:37.299,smart_meter,send_encrypted_data,334125,10.053,265.891,true,none,61
2025-12-12 18:03:37.299,smart_meter,send_encrypted_data,334364,0.371,7210.005,true,none,171
2025-12-12 18:03:37.299,smart_meter,send_encrypted_data,334001,8.837,302.366,true,none,234
2025-12-12 18:03:37.299,smart_meter,send_encrypted_data,334361,8.004,334.194,true,none,75
2025-12-12 18:03:37.299,smart_meter,send_encrypted_data,334148,12.613,211.939,true,none,206
2025-12-12 18:03:37.299,smart_meter,send_encrypted_data,334335,0.388,6893.505,true,none,165
2025-12-12 18:03:37.299,smart_meter,send_encrypted_data,334091,0.384,6960.229,true,none,143
2025-12-12 18:03:37.269,smart_meter,send_encrypted_data,334379,0.357,7493.087,true,none,189
2025-12-12 18:03:37.288,smart_meter,send_encrypted_data,334435,0.363,7370.468,true,none,144
2025-12-12 18:03:37.300,smart_meter,send_encrypted_data,334229,11.330,235.996,true,none,353
2025-12-12 18:03:37.300,smart_meter,send_encrypted_data,334491,0.427,6266.810,true,none,233
2025-12-12 18:03:37.300,smart_meter,send_encrypted_data,334154,1.336,2000.922,true,none,62
2025-12-12 18:03:37.301,smart_meter,send_encrypted_data,334409,10.944,244.451,true,none,35
2025-12-12 18:03:37.300,smart_meter,send_encrypted_data,334202,8.865,301.592,true,none,195
2025-12-12 18:03:37.301,smart_meter,send_encrypted_data,334426,0.384,6967.208,true,none,5
2025-12-12 18:03:37.301,smart_meter,send_encrypted_data,334428,0.385,6949.153,true,none,89
2025-12-12 18:03:37.302,smart_meter,send_encrypted_data,334236,0.351,7617.915,true,none,72
2025-12-12 18:03:37.302,smart_meter,send_encrypted_data,334288,11.018,242.721,true,none,119
2025-12-12 18:03:37.302,smart_meter,send_encrypted_data,334052,0.370,7222.746,true,none,356
2025-12-12 18:03:37.303,smart_meter,send_encrypted_data,334338,0.372,7190.065,true,none,346
2025-12-12 18:03:37.303,smart_meter,send_encrypted_data,334250,0.385,6945.455,true,none,368
2025-12-12 18:03:37.303,smart_meter,send_encrypted_data,334520,0.348,7690.115,true,none,281
2025-12-12 18:03:37.303,smart_meter,send_encrypted_data,334401,0.399,6704.782,true,none,153
2025-12-12 18:03:37.303,smart_meter,send_encrypted_data,334279,0.379,7056.021,true,none,294
2025-12-12 18:03:37.304,smart_meter,send_encrypted_data,334192,14.278,187.249,true,none,381
2025-12-12 18:03:37.304,smart_meter,send_encrypted_data,334231,0.365,7325.611,true,none,244
2025-12-12 18:03:37.304,smart_meter,send_encrypted_data,334237,0.336,7958.024,true,none,159
2025-12-12 18:03:37.304,smart_meter,send_encrypted_data,334023,0.351,7613.060,true,none,288
2025-12-12 18:03:37.305,smart_meter,send_encrypted_data,334090,0.351,7614.587,true,none,291
2025-12-12 18:03:37.305,smart_meter,send_encrypted_data,334363,0.858,3117.604,true,none,207
2025-12-12 18:03:37.305,smart_meter,send_encrypted_data,334161,0.372,7186.258,true,none,309
2025-12-12 18:03:37.305,smart_meter,send_encrypted_data,334527,0.948,2823.013,true,none,3
2025-12-12 18:03:37.305,smart_meter,send_encrypted_data,334481,12.267,218.134,true,none,289
2025-12-12 18:03:37.305,smart_meter,send_encrypted_data,334232,0.344,7772.837,true,none,7
2025-12-12 18:03:37.306,smart_meter,send_encrypted_data,334273,0.352,7597.114,true,none,23
2025-12-12 18:03:37.306,smart_meter,send_encrypted_data,333708,0.389,6862.889,true,none,374
2025-12-12 18:03:37.306,smart_meter,send_encrypted_data,334472,0.407,6574.388,true,none,342
2025-12-12 18:03:37.306,smart_meter,send_encrypted_data,334467,0.334,8011.186,true,none,167
2025-12-12 18:03:37.306,smart_meter,send_encrypted_data,334126,21.254,125.765,true,none,212
2025-12-12 18:03:37.307,smart_meter,send_encrypted_data,334401,0.378,7077.270,true,none,8
2025-12-12 18:03:37.307,smart_meter,send_encrypted_data,334454,0.370,7231.438,true,none,284
2025-12-12 18:03:37.307,smart_meter,send_encrypted_data,333904,0.367,7278.561,true,none,59
2025-12-12 18:03:37.307,smart_meter,send_encrypted_data,334430,0.386,6931.192,true,none,387
2025-12-12 18:03:37.307,smart_meter,send_encrypted_data,334416,0.390,6859.815,true,none,40
2025-12-12 18:03:37.308,smart_meter,send_encrypted_data,334069,0.362,7382.740,true,none,304
2025-12-12 18:03:37.308,smart_meter,send_encrypted_data,333306,0.354,7532.339,true,none,306
2025-12-12 18:03:37.309,smart_meter,send_encrypted_data,334377,0.348,7686.828,true,none,77
2025-12-12 18:03:37.309,smart_meter,send_encrypted_data,334369,0.361,7409.839,true,none,133
2025-12-12 18:03:37.310,smart_meter,send_encrypted_data,334161,0.377,7090.950,true,none,107
2025-12-12 18:03:37.311,smart_meter,send_encrypted_data,334242,0.454,5889.727,true,none,180
2025-12-12 18:03:37.311,smart_meter,send_encrypted_data,334440,0.374,7153.797,true,none,60
2025-12-12 18:03:37.312,smart_meter,send_encrypted_data,334264,0.371,7207.849,true,none,158
2025-12-12 18:03:37.312,smart_meter,send_encrypted_data,334512,0.341,7847.789,true,none,156
2025-12-12 18:03:37.313,smart_meter,send_encrypted_data,334229,25.087,106.582,true,none,324
2025-12-12 18:03:37.313,smart_meter,send_encrypted_data,334499,23.670,113.054,true,none,208
2025-12-12 18:03:37.313,smart_meter,send_encrypted_data,334333,0.340,7866.659,true,none,296
2025-12-12 18:03:37.314,smart_meter,send_encrypted_data,334375,4.346,615.509,true,none,314
2025-12-12 18:03:37.314,smart_meter,send_encrypted_data,334386,0.379,7058.280,true,none,51
2025-12-12 18:03:37.314,smart_meter,send_encrypted_data,333991,0.377,7087.342,true,none,215
2025-12-12 18:03:37.314,smart_meter,send_encrypted_data,334341,6.564,407.484,true,none,383
2025-12-12 18:03:37.315,smart_meter,send_encrypted_data,334371,0.362,7389.414,true,none,88
2025-12-12 18:03:37.315,smart_meter,send_encrypted_data,334396,0.356,7514.517,true,none,48
2025-12-12 18:03:37.315,smart_meter,send_encrypted_data,334343,20.407,131.070,true,none,408
2025-12-12 18:03:37.315,smart_meter,send_encrypted_data,334352,0.379,7057.562,true,none,29
2025-12-12 18:03:37.315,smart_meter,send_encrypted_data,334206,0.364,7345.187,true,none,188
2025-12-12 18:03:37.316,smart_meter,send_encrypted_data,334489,23.368,114.512,true,none,239
2025-12-12 18:03:37.316,smart_meter,send_encrypted_data,334304,0.345,7751.977,true,none,229
2025-12-12 18:03:37.317,smart_meter,send_encrypted_data,334424,0.347,7710.063,true,none,321
2025-12-12 18:03:37.317,smart_meter,send_encrypted_data,334357,0.386,6929.679,true,none,42
2025-12-12 18:03:37.317,smart_meter,send_encrypted_data,334346,28.857,92.690,true,none,278
2025-12-12 18:03:37.317,smart_meter,send_encrypted_data,334224,28.090,95.187,true,none,325
2025-12-12 18:03:37.317,smart_meter,send_encrypted_data,333861,0.370,7218.616,true,none,74
2025-12-12 18:03:37.317,smart_meter,send_encrypted_data,334386,0.361,7410.216,true,none,96
2025-12-12 18:03:37.312,smart_meter,send_encrypted_data,334171,20.579,129.908,true,none,109
2025-12-12 18:03:37.318,smart_meter,send_encrypted_data,334346,0.389,6876.010,true,none,33
2025-12-12 18:03:37.318,smart_meter,send_encrypted_data,334327,0.352,7598.341,true,none,286
2025-12-12 18:03:37.318,smart_meter,send_encrypted_data,334052,0.355,7527.932,true,none,175
2025-12-12 18:03:37.312,smart_meter,send_encrypted_data,334385,3.307,808.914,true,none,97
2025-12-12 18:03:37.319,smart_meter,send_encrypted_data,334498,0.347,7711.769,true,none,247
2025-12-12 18:03:37.319,smart_meter,send_encrypted_data,334492,0.351,7623.749,true,none,279
2025-12-12 18:03:37.319,smart_meter,send_encrypted_data,334375,0.346,7731.214,true,none,364
2025-12-12 18:03:37.320,smart_meter,send_encrypted_data,334462,0.370,7231.611,true,none,49
2025-12-12 18:03:37.320,smart_meter,send_encrypted_data,334248,0.354,7553.627,true,none,250
2025-12-12 18:03:37.320,smart_meter,send_encrypted_data,334339,12.780,209.289,true,none,375
2025-12-12 18:03:37.320,smart_meter,send_encrypted_data,333944,0.349,7654.877,true,none,246
2025-12-12 18:03:37.319,smart_meter,send_encrypted_data,334416,10.690,250.265,true,none,336
2025-12-12 18:03:37.320,smart_meter,send_encrypted_data,334322,0.362,7388.331,true,none,274
2025-12-12 18:03:37.321,smart_meter,send_encrypted_data,334414,0.340,7868.565,true,none,352
2025-12-12 18:03:37.321,smart_meter,send_encrypted_data,334490,0.354,7559.096,true,none,227
2025-12-12 18:03:37.270,smart_meter,send_encrypted_data,334454,0.353,7579.694,true,none,185
2025-12-12 18:03:37.357,smart_meter,send_encrypted_data,334168,0.329,8125.666,true,none,261
2025-12-12 18:03:37.357,smart_meter,send_encrypted_data,334319,9.501,281.502,true,none,282
2025-12-12 18:03:37.358,smart_meter,send_encrypted_data,334356,0.344,7775.721,true,none,277
2025-12-12 18:03:37.359,smart_meter,send_encrypted_data,334343,0.367,7288.131,true,none,372
2025-12-12 18:03:37.359,smart_meter,send_encrypted_data,334398,0.338,7914.746,true,none,316
2025-12-12 18:03:37.352,smart_meter,send_encrypted_data,334331,34.071,78.502,true,none,361
2025-12-12 18:03:37.359,smart_meter,send_encrypted_data,334514,53.179,50.323,true,none,76
2025-12-12 18:03:37.359,smart_meter,send_encrypted_data,334105,30.873,86.575,true,none,328
2025-12-12 18:03:37.359,smart_meter,send_encrypted_data,334354,0.370,7229.276,true,none,280
2025-12-12 18:03:37.359,smart_meter,send_encrypted_data,334450,0.349,7666.476,true,none,438
2025-12-12 18:03:37.360,smart_meter,send_encrypted_data,334305,0.345,7752.000,true,none,400
2025-12-12 18:03:37.360,smart_meter,send_encrypted_data,334202,22.346,119.646,true,none,128
2025-12-12 18:03:37.360,smart_meter,send_encrypted_data,334468,0.343,7801.003,true,none,196
2025-12-12 18:03:37.361,smart_meter,send_encrypted_data,334391,18.639,143.523,true,none,87
2025-12-12 18:03:37.361,smart_meter,send_encrypted_data,333300,19.372,137.642,true,none,350
2025-12-12 18:03:37.361,smart_meter,send_encrypted_data,334344,30.147,88.724,true,none,197
2025-12-12 18:03:37.361,smart_meter,send_encrypted_data,334312,0.361,7408.576,true,none,186
2025-12-12 18:03:37.362,smart_meter,send_encrypted_data,334162,12.330,216.812,true,none,236
2025-12-12 18:03:37.362,smart_meter,send_encrypted_data,334435,0.353,7579.263,true,none,351
2025-12-12 18:03:37.362,smart_meter,send_encrypted_data,334113,20.663,129.357,true,none,285
2025-12-12 18:03:37.362,smart_meter,send_encrypted_data,334238,37.230,71.821,true,none,318
2025-12-12 18:03:37.360,smart_meter,send_encrypted_data,334347,13.053,204.917,true,none,69
2025-12-12 18:03:37.362,smart_meter,send_encrypted_data,334439,14.573,183.594,true,none,101
2025-12-12 18:03:37.362,smart_meter,send_encrypted_data,334220,20.916,127.833,true,none,354
2025-12-12 18:03:37.362,smart_meter,send_encrypted_data,334354,36.691,72.902,true,none,410
2025-12-12 18:03:37.358,smart_meter,send_encrypted_data,334270,10.713,249.618,true,none,169
2025-12-12 18:03:37.354,smart_meter,send_encrypted_data,334441,5.482,488.057,true,none,110
2025-12-12 18:03:37.362,smart_meter,send_encrypted_data,334268,0.355,7532.800,true,none,162
2025-12-12 18:03:37.362,smart_meter,send_encrypted_data,334344,0.354,7555.797,true,none,241
2025-12-12 18:03:37.360,smart_meter,send_encrypted_data,334427,11.374,235.222,true,none,68
2025-12-12 18:03:37.361,smart_meter,send_encrypted_data,334425,10.077,265.496,true,none,80
2025-12-12 18:03:37.363,smart_meter,send_encrypted_data,334050,30.815,86.724,true,none,363
2025-12-12 18:03:37.317,smart_meter,send_encrypted_data,334100,0.355,7529.014,true,none,15
2025-12-12 18:03:37.360,smart_meter,send_encrypted_data,334424,10.033,266.659,true,none,302
2025-12-12 18:03:37.363,smart_meter,send_encrypted_data,334407,0.353,7578.629,true,none,177
2025-12-12 18:03:37.363,smart_meter,send_encrypted_data,334320,28.592,93.542,true,none,295
2025-12-12 18:03:37.364,smart_meter,send_encrypted_data,334391,31.085,86.058,true,none,102
2025-12-12 18:03:37.364,smart_meter,send_encrypted_data,334440,0.388,6895.670,true,none,343
2025-12-12 18:03:37.364,smart_meter,send_encrypted_data,333995,22.454,118.997,true,none,377
2025-12-12 18:03:37.365,smart_meter,send_encrypted_data,334011,15.535,172.004,true,none,85
2025-12-12 18:03:37.360,smart_meter,send_encrypted_data,334408,5.817,459.904,true,none,132
2025-12-12 18:03:37.366,smart_meter,send_encrypted_data,334323,0.353,7576.725,true,none,138
2025-12-12 18:03:37.367,smart_meter,send_encrypted_data,334125,0.379,7052.770,true,none,137
2025-12-12 18:03:37.367,smart_meter,send_encrypted_data,334125,0.955,2798.953,true,none,439
2025-12-12 18:03:37.367,smart_meter,send_encrypted_data,334363,0.348,7686.506,true,none,396
2025-12-12 18:03:37.368,smart_meter,send_encrypted_data,334180,0.363,7364.848,true,none,415
2025-12-12 18:03:37.369,smart_meter,send_encrypted_data,334430,0.506,5287.431,true,none,435
2025-12-12 18:03:37.369,smart_meter,send_encrypted_data,334407,0.376,7115.043,true,none,166
2025-12-12 18:03:37.369,smart_meter,send_encrypted_data,334032,0.487,5487.179,true,none,320
2025-12-12 18:03:37.371,smart_meter,send_encrypted_data,334429,20.494,130.547,true,none,345
2025-12-12 18:03:37.371,smart_meter,send_encrypted_data,334140,0.354,7551.186,true,none,416
2025-12-12 18:03:37.371,smart_meter,send_encrypted_data,334429,0.365,7329.951,true,none,397
2025-12-12 18:03:37.371,smart_meter,send_encrypted_data,334260,0.339,7888.142,true,none,398
2025-12-12 18:03:37.371,smart_meter,send_encrypted_data,334411,25.686,104.154,true,none,382
2025-12-12 18:03:37.370,smart_meter,send_encrypted_data,334399,9.586,279.073,true,none,187
2025-12-12 18:03:37.371,smart_meter,send_encrypted_data,334365,24.858,107.608,true,none,254
2025-12-12 18:03:37.372,smart_meter,send_encrypted_data,334239,0.352,7596.341,true,none,253
2025-12-12 18:03:37.270,smart_meter,send_encrypted_data,334173,0.402,6650.209,true,none,226
2025-12-12 18:03:37.372,smart_meter,send_encrypted_data,334091,24.101,110.897,true,none,369
2025-12-12 18:03:37.372,smart_meter,send_encrypted_data,334156,17.819,150.022,true,none,275
2025-12-12 18:03:37.373,smart_meter,send_encrypted_data,334350,13.686,195.441,true,none,378
2025-12-12 18:03:37.374,smart_meter,send_encrypted_data,334208,4.707,568.019,true,none,421
2025-12-12 18:03:37.374,smart_meter,send_encrypted_data,334147,0.342,7816.304,true,none,404
2025-12-12 18:03:37.374,smart_meter,send_encrypted_data,334446,15.624,171.247,true,none,198
2025-12-12 18:03:37.375,smart_meter,send_encrypted_data,334399,33.737,79.295,true,none,81
2025-12-12 18:03:37.375,smart_meter,send_encrypted_data,334265,5.396,495.574,true,none,432
2025-12-12 18:03:37.376,smart_meter,send_encrypted_data,334157,0.361,7405.141,true,none,433
2025-12-12 18:03:37.376,smart_meter,send_encrypted_data,334330,0.335,7984.000,true,none,300
2025-12-12 18:03:37.376,smart_meter,send_encrypted_data,334414,11.256,237.679,true,none,322
2025-12-12 18:03:37.376,smart_meter,send_encrypted_data,333782,6.277,425.403,true,none,331
2025-12-12 18:03:37.378,smart_meter,send_encrypted_data,334340,0.337,7936.855,true,none,436
2025-12-12 18:03:37.340,smart_meter,send_encrypted_data,334377,2.385,1121.600,true,none,150
2025-12-12 18:03:37.324,smart_meter,send_encrypted_data,334453,0.344,7777.977,true,none,412
2025-12-12 18:03:37.380,smart_meter,send_encrypted_data,334364,30.321,88.220,true,none,270
2025-12-12 18:03:37.380,smart_meter,send_encrypted_data,334331,29.657,90.186,true,none,348
2025-12-12 18:03:37.381,smart_meter,send_encrypted_data,334306,0.369,7247.827,true,none,389
2025-12-12 18:03:37.381,smart_meter,send_encrypted_data,334477,28.281,94.615,true,none,425
2025-12-12 18:03:37.382,smart_meter,send_encrypted_data,334504,1.401,1910.087,true,none,423
2025-12-12 18:03:37.382,smart_meter,send_encrypted_data,334046,39.021,68.485,true,none,259
2025-12-12 18:03:37.382,smart_meter,send_encrypted_data,333924,3.431,778.604,true,none,399
2025-12-12 18:03:37.382,smart_meter,send_encrypted_data,334437,22.665,118.045,true,none,340
2025-12-12 18:03:37.383,smart_meter,send_encrypted_data,334461,22.051,121.341,true,none,131
2025-12-12 18:03:37.385,smart_meter,send_encrypted_data,334133,0.474,5639.376,true,none,403
2025-12-12 18:03:37.385,smart_meter,send_encrypted_data,334386,0.485,5515.645,true,none,407
2025-12-12 18:03:37.386,smart_meter,send_encrypted_data,334243,14.416,185.484,true,none,420
2025-12-12 18:03:37.386,smart_meter,send_encrypted_data,334476,23.542,113.661,true,none,428
2025-12-12 18:03:37.386,smart_meter,send_encrypted_data,334263,24.139,110.779,true,none,426
2025-12-12 18:03:37.387,smart_meter,send_encrypted_data,334509,0.339,7894.018,true,none,431
2025-12-12 18:03:37.388,smart_meter,send_encrypted_data,334474,0.365,7330.937,true,none,287
2025-12-12 18:03:37.388,smart_meter,send_encrypted_data,334172,19.073,140.165,true,none,164
2025-12-12 18:03:37.389,smart_meter,send_encrypted_data,334329,3.007,889.469,true,none,392
2025-12-12 18:03:37.271,smart_meter,send_encrypted_data,334386,0.505,5297.204,true,none,86
2025-12-12 18:03:37.271,smart_meter,send_encrypted_data,334525,0.369,7252.575,true,none,260
2025-12-12 18:03:37.272,smart_meter,send_encrypted_data,334349,4.679,571.659,true,none,245
2025-12-12 18:03:37.272,smart_meter,send_encrypted_data,334376,0.350,7642.880,true,none,113
2025-12-12 18:03:37.274,smart_meter,send_encrypted_data,334265,0.351,7618.575,true,none,149
2025-12-12 18:03:37.274,smart_meter,send_encrypted_data,334378,0.393,6806.677,true,none,31
2025-12-12 18:03:37.393,smart_meter,send_encrypted_data,334514,0.336,7964.619,true,none,429
2025-12-12 18:03:37.321,smart_meter,send_encrypted_data,334038,0.375,7126.144,true,none,71
2025-12-12 18:03:37.321,smart_meter,send_encrypted_data,334299,0.365,7327.101,true,none,209
2025-12-12 18:03:37.396,smart_meter,send_encrypted_data,334121,11.410,234.265,true,none,395
2025-12-12 18:03:37.399,smart_meter,send_encrypted_data,334119,11.023,242.489,true,none,388
2025-12-12 18:03:37.399,smart_meter,send_encrypted_data,334258,0.664,4027.205,true,none,499
2025-12-12 18:03:37.321,smart_meter,send_encrypted_data,334429,0.345,7754.875,true,none,57
2025-12-12 18:03:37.387,smart_meter,send_encrypted_data,334241,0.362,7386.541,true,none,419
2025-12-12 18:03:37.403,smart_meter,send_encrypted_data,334141,0.408,6551.784,true,none,474
2025-12-12 18:03:37.405,smart_meter,send_encrypted_data,334234,0.339,7887.528,true,none,384
2025-12-12 18:03:37.414,smart_meter,send_encrypted_data,334121,0.342,7815.696,true,none,444
2025-12-12 18:03:37.322,smart_meter,send_encrypted_data,334393,0.352,7599.841,true,none,118
2025-12-12 18:03:37.414,smart_meter,send_encrypted_data,334344,8.425,317.478,true,none,437
2025-12-12 18:03:37.414,smart_meter,send_encrypted_data,334161,0.360,7425.800,true,none,492
2025-12-12 18:03:37.414,smart_meter,send_encrypted_data,334019,9.780,273.226,true,none,385
2025-12-12 18:03:37.416,smart_meter,send_encrypted_data,334107,0.381,7015.370,true,none,491
2025-12-12 18:03:37.416,smart_meter,send_encrypted_data,334294,0.734,3643.531,true,none,472
2025-12-12 18:03:37.322,smart_meter,send_encrypted_data,334111,0.334,8002.659,true,none,357
2025-12-12 18:03:37.318,smart_meter,send_encrypted_data,334358,9.254,289.049,true,none,358
2025-12-12 18:03:37.322,smart_meter,send_encrypted_data,333872,0.365,7317.742,true,none,39
2025-12-12 18:03:37.417,smart_meter,send_encrypted_data,333329,0.365,7305.841,true,none,471
2025-12-12 18:03:37.322,smart_meter,send_encrypted_data,334430,23.441,114.135,true,none,30
2025-12-12 18:03:37.418,smart_meter,send_encrypted_data,334385,0.361,7410.194,true,none,479
2025-12-12 18:03:37.418,smart_meter,send_encrypted_data,333752,0.382,6989.571,true,none,475
2025-12-12 18:03:37.322,smart_meter,send_encrypted_data,334260,0.367,7286.322,true,none,67
2025-12-12 18:03:37.322,smart_meter,send_encrypted_data,334355,0.351,7620.627,true,none,360
2025-12-12 18:03:37.322,smart_meter,send_encrypted_data,334205,8.394,318.518,true,none,370
2025-12-12 18:03:37.419,smart_meter,send_encrypted_data,334363,2.789,959.091,true,none,496
2025-12-12 18:03:37.323,smart_meter,send_encrypted_data,334354,0.387,6911.711,true,none,355
2025-12-12 18:03:37.323,smart_meter,send_encrypted_data,334287,14.996,178.334,true,none,116
2025-12-12 18:03:37.323,smart_meter,send_encrypted_data,334302,0.349,7663.083,true,none,330
2025-12-12 18:03:37.323,smart_meter,send_encrypted_data,334337,0.358,7471.218,true,none,349
2025-12-12 18:03:37.324,smart_meter,send_encrypted_data,334060,0.388,6887.835,true,none,367
2025-12-12 18:03:37.324,smart_meter,send_encrypted_data,334344,0.345,7752.904,true,none,310
2025-12-12 18:03:37.325,smart_meter,send_encrypted_data,334500,6.311,424.022,true,none,224
2025-12-12 18:03:37.325,smart_meter,send_encrypted_data,334127,0.386,6924.912,true,none,413
2025-12-12 18:03:37.325,smart_meter,send_encrypted_data,334424,0.356,7515.146,true,none,411
2025-12-12 18:03:37.326,smart_meter,send_encrypted_data,334070,21.758,122.831,true,none,276
2025-12-12 18:03:37.327,smart_meter,send_encrypted_data,334423,0.337,7938.825,true,none,11
2025-12-12 18:03:37.327,smart_meter,send_encrypted_data,334175,0.360,7426.111,true,none,176
2025-12-12 18:03:37.327,smart_meter,send_encrypted_data,334234,0.349,7661.524,true,none,41
2025-12-12 18:03:37.327,smart_meter,send_encrypted_data,333979,0.349,7655.679,true,none,123
2025-12-12 18:03:37.425,smart_meter,send_encrypted_data,334360,1.270,2106.205,true,none,489
2025-12-12 18:03:37.426,smart_meter,send_encrypted_data,334360,0.342,7821.287,true,none,401
2025-12-12 18:03:37.426,smart_meter,send_encrypted_data,334497,1.379,1940.519,true,none,424
2025-12-12 18:03:37.427,smart_meter,send_encrypted_data,334089,0.364,7342.615,true,none,493
2025-12-12 18:03:37.328,smart_meter,send_encrypted_data,334241,0.382,6999.812,true,none,323
2025-12-12 18:03:37.428,smart_meter,send_encrypted_data,334498,0.359,7453.994,true,none,448
2025-12-12 18:03:37.429,smart_meter,send_encrypted_data,334498,0.357,7495.754,true,none,430
2025-12-12 18:03:37.429,smart_meter,send_encrypted_data,334391,0.355,7535.572,true,none,478
2025-12-12 18:03:37.428,smart_meter,send_encrypted_data,334406,0.842,3177.254,true,none,484
2025-12-12 18:03:37.429,smart_meter,send_encrypted_data,334315,3.296,811.444,true,none,476
2025-12-12 18:03:37.431,smart_meter,send_encrypted_data,334485,0.343,7801.399,true,none,482
2025-12-12 18:03:37.329,smart_meter,send_encrypted_data,334359,2.579,1037.174,true,none,145
2025-12-12 18:03:37.329,smart_meter,send_encrypted_data,334166,0.361,7405.341,true,none,292
2025-12-12 18:03:37.433,smart_meter,send_encrypted_data,334211,0.377,7092.011,true,none,480
2025-12-12 18:03:37.433,smart_meter,send_encrypted_data,334060,0.333,8025.465,true,none,450
2025-12-12 18:03:37.435,smart_meter,send_encrypted_data,334404,1.165,2296.336,true,none,457
2025-12-12 18:03:37.330,smart_meter,send_encrypted_data,334389,0.402,6654.507,true,none,78
2025-12-12 18:03:37.330,smart_meter,send_encrypted_data,334389,0.412,6492.990,true,none,299
2025-12-12 18:03:37.436,smart_meter,send_encrypted_data,334349,0.356,7513.461,true,none,460
2025-12-12 18:03:37.436,smart_meter,send_encrypted_data,334396,0.337,7938.184,true,none,427
2025-12-12 18:03:37.438,smart_meter,send_encrypted_data,334389,0.353,7578.221,true,none,417
2025-12-12 18:03:37.438,smart_meter,send_encrypted_data,333873,0.343,7787.125,true,none,458
2025-12-12 18:03:37.438,smart_meter,send_encrypted_data,334366,0.330,8105.842,true,none,464
2025-12-12 18:03:37.440,smart_meter,send_encrypted_data,334128,0.335,7979.176,true,none,486
2025-12-12 18:03:37.442,smart_meter,send_encrypted_data,334484,10.067,265.806,true,none,455
2025-12-12 18:03:37.443,smart_meter,send_encrypted_data,334404,0.364,7349.538,true,none,461
2025-12-12 18:03:37.440,smart_meter,send_encrypted_data,334319,0.343,7797.528,true,none,456
2025-12-12 18:03:37.446,smart_meter,send_encrypted_data,334446,0.379,7059.546,true,none,473
2025-12-12 18:03:37.331,smart_meter,send_encrypted_data,334397,0.423,6324.293,true,none,140
2025-12-12 18:03:37.331,smart_meter,send_encrypted_data,334364,0.423,6323.669,true,none,2
2025-12-12 18:03:37.331,smart_meter,send_encrypted_data,334301,0.417,6413.448,true,none,218
2025-12-12 18:03:37.331,smart_meter,send_encrypted_data,334464,0.410,6526.127,true,none,326
2025-12-12 18:03:37.448,smart_meter,send_encrypted_data,334406,0.326,8206.282,true,none,445
2025-12-12 18:03:37.448,smart_meter,send_encrypted_data,334411,0.346,7732.046,true,none,462
2025-12-12 18:03:37.449,smart_meter,send_encrypted_data,334436,0.472,5668.407,true,none,452
2025-12-12 18:03:37.449,smart_meter,send_encrypted_data,334126,0.352,7593.773,true,none,441
2025-12-12 18:03:37.451,smart_meter,send_encrypted_data,334091,0.351,7614.610,true,none,469
2025-12-12 18:03:37.451,smart_meter,send_encrypted_data,334421,0.353,7578.946,true,none,465
2025-12-12 18:03:37.452,smart_meter,send_encrypted_data,333909,0.816,3273.618,true,none,447
2025-12-12 18:03:37.452,smart_meter,send_encrypted_data,334242,0.589,4539.789,true,none,488
2025-12-12 18:03:37.331,smart_meter,send_encrypted_data,334352,0.421,6353.482,true,none,217
2025-12-12 18:03:37.331,smart_meter,send_encrypted_data,334444,0.421,6355.230,true,none,272
2025-12-12 18:03:37.331,smart_meter,send_encrypted_data,333915,0.354,7546.102,true,none,242
2025-12-12 18:03:37.456,smart_meter,send_encrypted_data,334395,0.367,7289.264,true,none,495
2025-12-12 18:03:37.332,smart_meter,send_encrypted_data,334380,0.364,7349.011,true,none,18
2025-12-12 18:03:37.459,smart_meter,send_encrypted_data,334347,0.526,5085.125,true,none,440
2025-12-12 18:03:37.459,smart_meter,send_encrypted_data,334393,0.818,3270.347,true,none,221
2025-12-12 18:03:37.459,smart_meter,send_encrypted_data,334249,0.413,6474.557,true,none,449
2025-12-12 18:03:37.460,smart_meter,send_encrypted_data,333960,0.344,7766.512,true,none,467
2025-12-12 18:03:37.332,smart_meter,send_encrypted_data,334270,0.370,7227.459,true,none,213
2025-12-12 18:03:37.461,smart_meter,send_encrypted_data,334339,0.347,7708.104,true,none,481
2025-12-12 18:03:37.332,smart_meter,send_encrypted_data,334343,0.384,6965.479,true,none,173
2025-12-12 18:03:37.332,smart_meter,send_encrypted_data,334304,0.384,6964.667,true,none,192
2025-12-12 18:03:37.461,smart_meter,send_encrypted_data,334313,0.355,7533.814,true,none,500
2025-12-12 18:03:37.462,smart_meter,send_encrypted_data,334351,0.357,7492.459,true,none,477
2025-12-12 18:03:37.332,smart_meter,send_encrypted_data,334354,6.540,408.996,true,none,334
2025-12-12 18:03:37.333,smart_meter,send_encrypted_data,334414,0.392,6824.776,true,none,262
2025-12-12 18:03:37.333,smart_meter,send_encrypted_data,334232,0.398,6718.231,true,none,202
2025-12-12 18:03:37.333,smart_meter,send_encrypted_data,334311,0.340,7866.141,true,none,142
2025-12-12 18:03:37.334,smart_meter,send_encrypted_data,334456,0.343,7800.723,true,none,290
2025-12-12 18:03:37.334,smart_meter,send_encrypted_data,334095,0.361,7403.767,true,none,205
2025-12-12 18:03:37.334,smart_meter,send_encrypted_data,333940,0.338,7903.905,true,none,163
2025-12-12 18:03:37.334,smart_meter,send_encrypted_data,334066,7.332,364.502,true,none,307
2025-12-12 18:03:37.335,smart_meter,send_encrypted_data,333656,0.350,7626.423,true,none,379
2025-12-12 18:03:37.335,smart_meter,send_encrypted_data,334472,0.375,7135.403,true,none,347
2025-12-12 18:03:37.335,smart_meter,send_encrypted_data,334368,0.370,7229.578,true,none,311
2025-12-12 18:03:37.463,smart_meter,send_encrypted_data,334337,3.908,684.416,true,none,454
2025-12-12 18:03:37.336,smart_meter,send_encrypted_data,334453,0.354,7558.260,true,none,53
2025-12-12 18:03:37.336,smart_meter,send_encrypted_data,334110,21.986,121.572,true,none,271
2025-12-12 18:03:37.336,smart_meter,send_encrypted_data,334250,0.380,7036.842,true,none,220
2025-12-12 18:03:37.336,smart_meter,send_encrypted_data,334292,20.229,132.203,true,none,25
2025-12-12 18:03:37.336,smart_meter,send_encrypted_data,334291,14.267,187.449,true,none,305
2025-12-12 18:03:37.336,smart_meter,send_encrypted_data,334378,0.345,7753.693,true,none,32
2025-12-12 18:03:37.337,smart_meter,send_encrypted_data,334490,0.352,7602.045,true,none,155
2025-12-12 18:03:37.337,smart_meter,send_encrypted_data,334415,0.342,7822.573,true,none,371
2025-12-12 18:03:37.337,smart_meter,send_encrypted_data,334531,0.373,7174.928,true,none,223
2025-12-12 18:03:37.337,smart_meter,send_encrypted_data,334056,19.466,137.288,true,none,64
2025-12-12 18:03:37.337,smart_meter,send_encrypted_data,334496,0.401,6673.237,true,none,141
2025-12-12 18:03:37.337,smart_meter,send_encrypted_data,334262,12.359,216.368,true,none,390
2025-12-12 18:03:37.338,smart_meter,send_encrypted_data,334022,0.355,7527.256,true,none,248
2025-12-12 18:03:37.338,smart_meter,send_encrypted_data,333954,10.118,264.047,true,none,126
2025-12-12 18:03:37.338,smart_meter,send_encrypted_data,334155,0.349,7659.713,true,none,228
2025-12-12 18:03:37.470,smart_meter,send_encrypted_data,334486,0.396,6757.293,true,none,483
2025-12-12 18:03:37.338,smart_meter,send_encrypted_data,333959,0.393,6798.148,true,none,329
2025-12-12 18:03:37.338,smart_meter,send_encrypted_data,334364,0.374,7152.171,true,none,47
2025-12-12 18:03:37.338,smart_meter,send_encrypted_data,333387,0.377,7074.525,true,none,90
2025-12-12 18:03:37.338,smart_meter,send_encrypted_data,334094,4.857,550.289,true,none,183
2025-12-12 18:03:37.338,smart_meter,send_encrypted_data,334447,0.352,7601.068,true,none,100
2025-12-12 18:03:37.339,smart_meter,send_encrypted_data,334057,41.320,64.677,true,none,112
2025-12-12 18:03:37.339,smart_meter,send_encrypted_data,334162,0.341,7839.578,true,none,386
2025-12-12 18:03:37.340,smart_meter,send_encrypted_data,334384,0.358,7472.268,true,none,394
2025-12-12 18:03:37.340,smart_meter,send_encrypted_data,334520,0.331,8085.076,true,none,319
2025-12-12 18:03:37.340,smart_meter,send_encrypted_data,334357,0.360,7430.156,true,none,297
2025-12-12 18:03:37.340,smart_meter,send_encrypted_data,334196,0.386,6926.342,true,none,16
2025-12-12 18:03:37.340,smart_meter,send_encrypted_data,334478,16.567,161.515,true,none,184
2025-12-12 18:03:37.340,smart_meter,send_encrypted_data,334097,0.365,7322.674,true,none,157
2025-12-12 18:03:37.341,smart_meter,send_encrypted_data,334292,0.363,7367.317,true,none,58
2025-12-12 18:03:37.341,smart_meter,send_encrypted_data,334455,4.828,554.192,true,none,200
2025-12-12 18:03:37.341,smart_meter,send_encrypted_data,334324,0.450,5943.538,true,none,263
2025-12-12 18:03:37.341,smart_meter,send_encrypted_data,334199,0.390,6855.364,true,none,219
2025-12-12 18:03:37.341,smart_meter,send_encrypted_data,334211,0.356,7510.360,true,none,366
2025-12-12 18:03:37.341,smart_meter,send_encrypted_data,334006,0.332,8048.337,true,none,103
2025-12-12 18:03:37.342,smart_meter,send_encrypted_data,334300,0.351,7619.373,true,none,265
2025-12-12 18:03:37.342,smart_meter,send_encrypted_data,334349,0.364,7348.330,true,none,235
2025-12-12 18:03:37.342,smart_meter,send_encrypted_data,334400,0.422,6339.336,true,none,204
2025-12-12 18:03:37.342,smart_meter,send_encrypted_data,334068,0.422,6333.043,true,none,199
2025-12-12 18:03:37.342,smart_meter,send_encrypted_data,334451,0.397,6739.567,true,none,193
2025-12-12 18:03:37.342,smart_meter,send_encrypted_data,334365,12.683,210.906,true,none,20
2025-12-12 18:03:37.343,smart_meter,send_encrypted_data,334366,0.388,6894.144,true,none,210
2025-12-12 18:03:37.343,smart_meter,send_encrypted_data,334418,0.379,7058.955,true,none,65
2025-12-12 18:03:37.343,smart_meter,send_encrypted_data,334123,0.404,6616.297,true,none,136
2025-12-12 18:03:37.344,smart_meter,send_encrypted_data,334396,0.345,7754.110,true,none,406
2025-12-12 18:03:37.344,smart_meter,send_encrypted_data,334424,0.382,7003.644,true,none,359
2025-12-12 18:03:37.344,smart_meter,send_encrypted_data,333943,13.722,194.691,true,none,402
2025-12-12 18:03:37.477,smart_meter,send_encrypted_data,334183,0.388,6890.371,true,none,453
2025-12-12 18:03:37.344,smart_meter,send_encrypted_data,334101,0.347,7702.617,true,none,422
2025-12-12 18:03:37.345,smart_meter,send_encrypted_data,334549,1.324,2021.444,true,none,315
2025-12-12 18:03:37.345,smart_meter,send_encrypted_data,333259,5.628,473.716,true,none,335
2025-12-12 18:03:37.345,smart_meter,send_encrypted_data,334422,0.362,7390.541,true,none,341
2025-12-12 18:03:37.346,smart_meter,send_encrypted_data,334371,1.573,1700.552,true,none,129
2025-12-12 18:03:37.478,smart_meter,send_encrypted_data,334351,0.458,5840.192,true,none,443
2025-12-12 18:03:37.346,smart_meter,send_encrypted_data,334218,0.372,7187.484,true,none,9
2025-12-12 18:03:37.346,smart_meter,send_encrypted_data,334090,10.582,252.572,true,none,365
2025-12-12 18:03:37.348,smart_meter,send_encrypted_data,334317,33.124,80.743,true,none,201
2025-12-12 18:03:37.349,smart_meter,send_encrypted_data,334128,0.368,7263.652,true,none,414
2025-12-12 18:03:37.349,smart_meter,send_encrypted_data,334378,7.065,378.630,true,none,380
2025-12-12 18:03:37.350,smart_meter,send_encrypted_data,334045,0.337,7929.852,true,none,98
2025-12-12 18:03:37.350,smart_meter,send_encrypted_data,334546,0.368,7272.739,true,none,106
2025-12-12 18:03:37.350,smart_meter,send_encrypted_data,334345,0.366,7308.087,true,none,418
2025-12-12 18:03:37.351,smart_meter,send_encrypted_data,334341,0.358,7471.307,true,none,332
2025-12-12 18:03:37.351,smart_meter,send_encrypted_data,334173,0.360,7426.067,true,none,237
2025-12-12 18:03:37.352,smart_meter,send_encrypted_data,334301,0.415,6444.357,true,none,36
2025-12-12 18:03:37.352,smart_meter,send_encrypted_data,334286,0.379,7056.169,true,none,91
2025-12-12 18:03:37.353,smart_meter,send_encrypted_data,334161,0.351,7616.205,true,none,214
2025-12-12 18:03:37.353,smart_meter,send_encrypted_data,334331,0.393,6805.720,true,none,230
2025-12-12 18:03:37.353,smart_meter,send_encrypted_data,334422,6.101,438.514,true,none,251
2025-12-12 18:03:37.354,smart_meter,send_encrypted_data,334428,0.364,7350.066,true,none,337
2025-12-12 18:03:37.354,smart_meter,send_encrypted_data,334121,0.373,7166.134,true,none,139
2025-12-12 18:03:37.354,smart_meter,send_encrypted_data,334276,0.355,7532.980,true,none,373
2025-12-12 18:03:37.355,smart_meter,send_encrypted_data,334427,0.347,7710.133,true,none,258
2025-12-12 18:03:37.355,smart_meter,send_encrypted_data,334016,43.734,61.100,true,none,117
2025-12-12 18:03:37.355,smart_meter,send_encrypted_data,334339,0.380,7038.716,true,none,181
2025-12-12 18:03:37.356,smart_meter,send_encrypted_data,334358,8.265,323.638,true,none,252
2025-12-12 18:03:37.356,smart_meter,send_encrypted_data,334431,0.387,6913.302,true,none,313
2025-12-12 18:03:37.356,smart_meter,send_encrypted_data,334415,0.366,7309.617,true,none,43
2025-12-12 18:03:37.481,smart_meter,send_encrypted_data,334458,0.413,6478.605,true,none,498
2025-12-12 18:03:37.481,smart_meter,send_encrypted_data,334125,0.365,7323.288,true,none,490
2025-12-12 18:03:37.485,smart_meter,send_encrypted_data,334399,0.387,6912.641,true,none,459
2025-12-12 18:03:37.487,smart_meter,send_encrypted_data,334422,0.612,4371.529,true,none,446
2025-12-12 18:03:37.487,smart_meter,send_encrypted_data,333893,1.014,2634.264,true,none,442
2025-12-12 18:03:37.489,smart_meter,send_encrypted_data,334381,0.377,7095.618,true,none,470
2025-12-12 18:03:37.489,smart_meter,send_encrypted_data,334207,0.452,5915.168,true,none,451
2025-12-12 18:03:37.490,smart_meter,send_encrypted_data,334008,0.522,5118.897,true,none,497
2025-12-12 18:03:37.491,smart_meter,send_encrypted_data,334495,0.467,5730.107,true,none,485
2025-12-12 18:03:37.493,smart_meter,send_encrypted_data,334456,0.494,5416.291,true,none,463
2025-12-12 18:03:37.493,smart_meter,send_encrypted_data,333984,0.743,3596.059,true,none,487
2025-12-12 18:03:37.494,smart_meter,send_encrypted_data,334082,0.431,6201.058,true,none,466
2025-12-12 18:03:37.494,smart_meter,send_encrypted_data,334469,0.392,6825.898,true,none,468
2025-12-12 18:03:37.499,smart_meter,send_encrypted_data,334164,0.453,5901.351,true,none,494
2025-12-12 18:04:42.586,smart_meter,send_encrypted_data,334448,0.368,7270.609,true,none,17
2025-12-12 18:04:42.589,smart_meter,send_encrypted_data,334156,1.729,1546.124,true,none,16
2025-12-12 18:04:42.593,smart_meter,send_encrypted_data,334502,0.353,7580.782,true,none,50
2025-12-12 18:04:42.594,smart_meter,send_encrypted_data,334285,0.378,7074.815,true,none,68
2025-12-12 18:04:42.595,smart_meter,send_encrypted_data,334347,0.382,7002.031,true,none,12
2025-12-12 18:04:42.596,smart_meter,send_encrypted_data,334471,0.362,7391.624,true,none,69
2025-12-12 18:04:42.597,smart_meter,send_encrypted_data,334255,0.440,6077.364,true,none,9
2025-12-12 18:04:42.598,smart_meter,send_encrypted_data,334398,0.424,6309.396,true,none,87
2025-12-12 18:04:42.601,smart_meter,send_encrypted_data,334070,0.360,7423.778,true,none,196
2025-12-12 18:04:42.600,smart_meter,send_encrypted_data,334214,0.363,7365.598,true,none,106
2025-12-12 18:04:42.602,smart_meter,send_encrypted_data,334081,0.380,7033.284,true,none,84
2025-12-12 18:04:42.602,smart_meter,send_encrypted_data,334438,0.381,7022.320,true,none,138
2025-12-12 18:04:42.602,smart_meter,send_encrypted_data,334030,0.378,7069.418,true,none,101
2025-12-12 18:04:42.603,smart_meter,send_encrypted_data,334220,0.423,6320.946,true,none,137
2025-12-12 18:04:42.603,smart_meter,send_encrypted_data,334452,1.290,2074.121,true,none,36
2025-12-12 18:04:42.604,smart_meter,send_encrypted_data,334367,0.382,7002.450,true,none,45
2025-12-12 18:04:42.604,smart_meter,send_encrypted_data,334196,1.337,1999.677,true,none,132
2025-12-12 18:04:42.603,smart_meter,send_encrypted_data,334060,0.410,6518.244,true,none,154
2025-12-12 18:04:42.604,smart_meter,send_encrypted_data,334311,0.344,7774.674,true,none,43
2025-12-12 18:04:42.605,smart_meter,send_encrypted_data,334266,0.422,6336.796,true,none,139
2025-12-12 18:04:42.605,smart_meter,send_encrypted_data,334065,0.369,7242.602,true,none,27
2025-12-12 18:04:42.605,smart_meter,send_encrypted_data,334219,0.369,7245.940,true,none,85
2025-12-12 18:04:42.606,smart_meter,send_encrypted_data,334367,0.381,7020.829,true,none,91
2025-12-12 18:04:42.606,smart_meter,send_encrypted_data,334459,0.387,6913.881,true,none,129
2025-12-12 18:04:42.606,smart_meter,send_encrypted_data,334500,0.355,7538.028,true,none,98
2025-12-12 18:04:42.607,smart_meter,send_encrypted_data,334521,0.351,7624.410,true,none,186
2025-12-12 18:04:42.607,smart_meter,send_encrypted_data,334405,0.345,7754.319,true,none,80
2025-12-12 18:04:42.608,smart_meter,send_encrypted_data,334444,0.395,6773.549,true,none,1
2025-12-12 18:04:42.608,smart_meter,send_encrypted_data,334418,0.374,7153.326,true,none,34
2025-12-12 18:04:42.609,smart_meter,send_encrypted_data,334376,0.367,7288.850,true,none,131
2025-12-12 18:04:42.609,smart_meter,send_encrypted_data,334192,0.362,7385.459,true,none,164
2025-12-12 18:04:42.610,smart_meter,send_encrypted_data,334343,0.347,7708.196,true,none,19
2025-12-12 18:04:42.613,smart_meter,send_encrypted_data,334028,0.374,7144.984,true,none,44
2025-12-12 18:04:42.613,smart_meter,send_encrypted_data,334362,0.408,6556.118,true,none,38
2025-12-12 18:04:42.614,smart_meter,send_encrypted_data,334095,0.354,7550.169,true,none,152
2025-12-12 18:04:42.614,smart_meter,send_encrypted_data,334436,3.219,831.155,true,none,300
2025-12-12 18:04:42.615,smart_meter,send_encrypted_data,334365,0.548,4881.241,true,none,162
2025-12-12 18:04:42.615,smart_meter,send_encrypted_data,334323,0.353,7576.725,true,none,66
2025-12-12 18:04:42.617,smart_meter,send_encrypted_data,334029,0.346,7723.214,true,none,4
2025-12-12 18:04:42.617,smart_meter,send_encrypted_data,333797,1.381,1933.654,true,none,179
2025-12-12 18:04:42.617,smart_meter,send_encrypted_data,334177,0.353,7573.416,true,none,127
2025-12-12 18:04:42.618,smart_meter,send_encrypted_data,334145,2.543,1051.184,true,none,115
2025-12-12 18:04:42.619,smart_meter,send_encrypted_data,334325,0.362,7388.398,true,none,378
2025-12-12 18:04:42.620,smart_meter,send_encrypted_data,334424,4.790,558.537,true,none,151
2025-12-12 18:04:42.620,smart_meter,send_encrypted_data,334208,4.547,588.006,true,none,114
2025-12-12 18:04:42.620,smart_meter,send_encrypted_data,334336,0.376,7113.532,true,none,94
2025-12-12 18:04:42.622,smart_meter,send_encrypted_data,334434,0.340,7869.035,true,none,190
2025-12-12 18:04:42.622,smart_meter,send_encrypted_data,334429,0.357,7494.207,true,none,421
2025-12-12 18:04:42.623,smart_meter,send_encrypted_data,334477,0.793,3374.295,true,none,134
2025-12-12 18:04:42.623,smart_meter,send_encrypted_data,334199,0.367,7284.992,true,none,415
2025-12-12 18:04:42.624,smart_meter,send_encrypted_data,334082,0.375,7127.083,true,none,99
2025-12-12 18:04:42.624,smart_meter,send_encrypted_data,334391,0.393,6806.941,true,none,298
2025-12-12 18:04:42.624,smart_meter,send_encrypted_data,334413,0.406,6589.419,true,none,146
2025-12-12 18:04:42.624,smart_meter,send_encrypted_data,333368,0.367,7266.877,true,none,397
2025-12-12 18:04:42.625,smart_meter,send_encrypted_data,334370,0.376,7114.255,true,none,149
2025-12-12 18:04:42.625,smart_meter,send_encrypted_data,334396,0.376,7114.809,true,none,125
2025-12-12 18:04:42.625,smart_meter,send_encrypted_data,334208,1.360,1965.929,true,none,230
2025-12-12 18:04:42.626,smart_meter,send_encrypted_data,334167,0.345,7748.800,true,none,432
2025-12-12 18:04:42.627,smart_meter,send_encrypted_data,334049,0.359,7443.989,true,none,245
2025-12-12 18:04:42.627,smart_meter,send_encrypted_data,334420,0.366,7309.727,true,none,433
2025-12-12 18:04:42.628,smart_meter,send_encrypted_data,334265,0.357,7490.532,true,none,124
2025-12-12 18:04:42.629,smart_meter,send_encrypted_data,334206,0.441,6062.694,true,none,170
2025-12-12 18:04:42.629,smart_meter,send_encrypted_data,334341,0.365,7328.022,true,none,82
2025-12-12 18:04:42.630,smart_meter,send_encrypted_data,334265,1.167,2291.448,true,none,92
2025-12-12 18:04:42.630,smart_meter,send_encrypted_data,334233,0.353,7574.686,true,none,303
2025-12-12 18:04:42.631,smart_meter,send_encrypted_data,334032,3.311,807.084,true,none,376
2025-12-12 18:04:42.632,smart_meter,send_encrypted_data,334035,0.367,7281.417,true,none,104
2025-12-12 18:04:42.633,smart_meter,send_encrypted_data,334402,0.372,7191.441,true,none,144
2025-12-12 18:04:42.634,smart_meter,send_encrypted_data,334172,0.337,7932.866,true,none,14
2025-12-12 18:04:42.634,smart_meter,send_encrypted_data,334422,0.452,5918.973,true,none,148
2025-12-12 18:04:42.635,smart_meter,send_encrypted_data,334340,0.412,6492.039,true,none,443
2025-12-12 18:04:42.636,smart_meter,send_encrypted_data,334329,0.338,7913.112,true,none,409
2025-12-12 18:04:42.637,smart_meter,send_encrypted_data,334283,0.393,6804.743,true,none,194
2025-12-12 18:04:42.637,smart_meter,send_encrypted_data,334039,0.368,7261.717,true,none,243
2025-12-12 18:04:42.638,smart_meter,send_encrypted_data,334401,0.379,7058.596,true,none,6
2025-12-12 18:04:42.638,smart_meter,send_encrypted_data,334381,0.345,7753.762,true,none,61
2025-12-12 18:04:42.639,smart_meter,send_encrypted_data,334325,0.368,7267.935,true,none,46
2025-12-12 18:04:42.639,smart_meter,send_encrypted_data,334426,0.366,7309.858,true,none,312
2025-12-12 18:04:42.640,smart_meter,send_encrypted_data,334422,0.371,7211.256,true,none,178
2025-12-12 18:04:42.640,smart_meter,send_encrypted_data,334225,0.387,6909.044,true,none,26
2025-12-12 18:04:42.641,smart_meter,send_encrypted_data,334484,0.346,7733.734,true,none,182
2025-12-12 18:04:42.641,smart_meter,send_encrypted_data,334325,0.379,7056.992,true,none,161
2025-12-12 18:04:42.641,smart_meter,send_encrypted_data,334141,0.347,7703.539,true,none,28
2025-12-12 18:04:42.641,smart_meter,send_encrypted_data,334155,0.689,3879.884,true,none,231
2025-12-12 18:04:42.642,smart_meter,send_encrypted_data,334359,0.360,7430.200,true,none,31
2025-12-12 18:04:42.642,smart_meter,send_encrypted_data,334172,0.365,7324.318,true,none,122
2025-12-12 18:04:42.642,smart_meter,send_encrypted_data,334265,0.367,7286.431,true,none,234
2025-12-12 18:04:42.642,smart_meter,send_encrypted_data,334156,0.366,7303.956,true,none,21
2025-12-12 18:04:42.644,smart_meter,send_encrypted_data,334044,0.602,4439.123,true,none,427
2025-12-12 18:04:42.644,smart_meter,send_encrypted_data,334380,0.419,6384.344,true,none,63
2025-12-12 18:04:42.644,smart_meter,send_encrypted_data,334349,0.391,6840.900,true,none,225
2025-12-12 18:04:42.645,smart_meter,send_encrypted_data,334424,0.348,7687.908,true,none,86
2025-12-12 18:04:42.645,smart_meter,send_encrypted_data,334307,0.383,6982.914,true,none,391
2025-12-12 18:04:42.646,smart_meter,send_encrypted_data,334407,0.740,3615.211,true,none,232
2025-12-12 18:04:42.646,smart_meter,send_encrypted_data,334439,0.370,7231.114,true,none,70
2025-12-12 18:04:42.646,smart_meter,send_encrypted_data,334087,0.373,7165.405,true,none,13
2025-12-12 18:04:42.647,smart_meter,send_encrypted_data,333871,0.438,6098.100,true,none,195
2025-12-12 18:04:42.647,smart_meter,send_encrypted_data,334419,0.440,6080.345,true,none,497
2025-12-12 18:04:42.647,smart_meter,send_encrypted_data,334440,0.399,6705.564,true,none,30
2025-12-12 18:04:42.648,smart_meter,send_encrypted_data,334358,0.348,7686.391,true,none,206
2025-12-12 18:04:42.648,smart_meter,send_encrypted_data,334107,0.337,7931.323,true,none,105
2025-12-12 18:04:42.649,smart_meter,send_encrypted_data,334382,0.370,7229.881,true,none,147
2025-12-12 18:04:42.650,smart_meter,send_encrypted_data,334377,0.400,6687.540,true,none,168
2025-12-12 18:04:42.650,smart_meter,send_encrypted_data,334423,0.348,7687.885,true,none,55
2025-12-12 18:04:42.651,smart_meter,send_encrypted_data,334328,0.396,6754.101,true,none,222
2025-12-12 18:04:42.651,smart_meter,send_encrypted_data,334138,0.422,6334.370,true,none,362
2025-12-12 18:04:42.652,smart_meter,send_encrypted_data,334469,0.353,7580.034,true,none,240
2025-12-12 18:04:42.652,smart_meter,send_encrypted_data,334102,0.383,6978.632,true,none,256
2025-12-12 18:04:42.652,smart_meter,send_encrypted_data,333884,0.414,6451.865,true,none,267
2025-12-12 18:04:42.652,smart_meter,send_encrypted_data,334407,0.376,7115.043,true,none,89
2025-12-12 18:04:42.653,smart_meter,send_encrypted_data,334235,0.374,7149.412,true,none,191
2025-12-12 18:04:42.653,smart_meter,send_encrypted_data,334337,0.388,6893.546,true,none,216
2025-12-12 18:04:42.653,smart_meter,send_encrypted_data,334379,4.614,579.764,true,none,120
2025-12-12 18:04:42.660,smart_meter,send_encrypted_data,334320,0.382,7001.466,true,none,3
2025-12-12 18:04:42.660,smart_meter,send_encrypted_data,334462,0.383,6986.151,true,none,121
2025-12-12 18:04:42.660,smart_meter,send_encrypted_data,334437,0.340,7869.106,true,none,135
2025-12-12 18:04:42.661,smart_meter,send_encrypted_data,334272,6.968,383.780,true,none,253
2025-12-12 18:04:42.661,smart_meter,send_encrypted_data,334128,0.370,7224.389,true,none,60
2025-12-12 18:04:42.661,smart_meter,send_encrypted_data,334310,0.396,6753.737,true,none,187
2025-12-12 18:04:42.662,smart_meter,send_encrypted_data,334486,0.378,7079.069,true,none,107
2025-12-12 18:04:42.662,smart_meter,send_encrypted_data,334153,0.405,6600.553,true,none,304
2025-12-12 18:04:42.662,smart_meter,send_encrypted_data,334439,0.354,7557.944,true,none,470
2025-12-12 18:04:42.663,smart_meter,send_encrypted_data,334126,0.359,7445.705,true,none,77
2025-12-12 18:04:42.664,smart_meter,send_encrypted_data,334410,0.406,6589.360,true,none,499
2025-12-12 18:04:42.664,smart_meter,send_encrypted_data,334218,0.412,6489.670,true,none,185
2025-12-12 18:04:42.664,smart_meter,send_encrypted_data,334431,3.175,842.661,true,none,212
2025-12-12 18:04:42.664,smart_meter,send_encrypted_data,334362,0.420,6368.800,true,none,72
2025-12-12 18:04:42.654,smart_meter,send_encrypted_data,334153,3.895,686.322,true,none,257
2025-12-12 18:04:42.664,smart_meter,send_encrypted_data,334372,0.362,7389.436,true,none,479
2025-12-12 18:04:42.665,smart_meter,send_encrypted_data,334079,9.431,283.388,true,none,249
2025-12-12 18:04:42.665,smart_meter,send_encrypted_data,334184,11.287,236.863,true,none,314
2025-12-12 18:04:42.666,smart_meter,send_encrypted_data,334362,0.407,6572.226,true,none,284
2025-12-12 18:04:42.666,smart_meter,send_encrypted_data,334349,10.030,266.679,true,none,22
2025-12-12 18:04:42.666,smart_meter,send_encrypted_data,334151,0.404,6616.851,true,none,171
2025-12-12 18:04:42.666,smart_meter,send_encrypted_data,334478,0.375,7135.531,true,none,24
2025-12-12 18:04:42.667,smart_meter,send_encrypted_data,334157,0.369,7244.596,true,none,158
2025-12-12 18:04:42.667,smart_meter,send_encrypted_data,334152,30.256,88.353,true,none,79
2025-12-12 18:04:42.667,smart_meter,send_encrypted_data,334346,0.348,7686.115,true,none,76
2025-12-12 18:04:42.667,smart_meter,send_encrypted_data,334404,9.478,282.257,true,none,40
2025-12-12 18:04:42.675,smart_meter,send_encrypted_data,334316,0.398,6719.920,true,none,11
2025-12-12 18:04:42.675,smart_meter,send_encrypted_data,334304,0.381,7019.507,true,none,412
2025-12-12 18:04:42.675,smart_meter,send_encrypted_data,333998,3.421,781.053,true,none,271
2025-12-12 18:04:42.676,smart_meter,send_encrypted_data,334431,15.203,175.982,true,none,405
2025-12-12 18:04:42.674,smart_meter,send_encrypted_data,334357,13.693,195.345,true,none,180
2025-12-12 18:04:42.676,smart_meter,send_encrypted_data,334422,0.357,7494.050,true,none,413
2025-12-12 18:04:42.676,smart_meter,send_encrypted_data,334107,0.351,7614.974,true,none,41
2025-12-12 18:04:42.676,smart_meter,send_encrypted_data,334369,0.358,7471.933,true,none,2
2025-12-12 18:04:42.676,smart_meter,send_encrypted_data,334426,14.982,178.575,true,none,10
2025-12-12 18:04:42.665,smart_meter,send_encrypted_data,334075,3.797,703.871,true,none,165
2025-12-12 18:04:42.676,smart_meter,send_encrypted_data,334275,15.063,177.534,true,none,37
2025-12-12 18:04:42.676,smart_meter,send_encrypted_data,334255,0.350,7640.114,true,none,357
2025-12-12 18:04:42.676,smart_meter,send_encrypted_data,334477,0.351,7623.407,true,none,175
2025-12-12 18:04:42.677,smart_meter,send_encrypted_data,334482,0.427,6266.642,true,none,145
2025-12-12 18:04:42.677,smart_meter,send_encrypted_data,334437,0.440,6080.673,true,none,140
2025-12-12 18:04:42.677,smart_meter,send_encrypted_data,334184,4.412,605.955,true,none,224
2025-12-12 18:04:42.678,smart_meter,send_encrypted_data,334154,0.344,7771.023,true,none,209
2025-12-12 18:04:42.678,smart_meter,send_encrypted_data,334024,0.383,6977.003,true,none,213
2025-12-12 18:04:42.678,smart_meter,send_encrypted_data,334156,0.350,7637.851,true,none,310
2025-12-12 18:04:42.679,smart_meter,send_encrypted_data,334474,0.401,6672.798,true,none,233
2025-12-12 18:04:42.679,smart_meter,send_encrypted_data,334492,0.393,6808.997,true,none,472
2025-12-12 18:04:42.679,smart_meter,send_encrypted_data,334488,0.368,7271.478,true,none,71
2025-12-12 18:04:42.679,smart_meter,send_encrypted_data,334234,0.379,7055.071,true,none,272
2025-12-12 18:04:42.679,smart_meter,send_encrypted_data,334097,0.397,6732.433,true,none,57
2025-12-12 18:04:42.679,smart_meter,send_encrypted_data,334262,0.370,7227.286,true,none,360
2025-12-12 18:04:42.654,smart_meter,send_encrypted_data,334208,0.347,7705.084,true,none,208
2025-12-12 18:04:42.680,smart_meter,send_encrypted_data,334431,11.460,233.460,true,none,59
2025-12-12 18:04:42.680,smart_meter,send_encrypted_data,334347,0.349,7664.115,true,none,410
2025-12-12 18:04:42.681,smart_meter,send_encrypted_data,334411,0.357,7493.804,true,none,471
2025-12-12 18:04:42.681,smart_meter,send_encrypted_data,334443,0.383,6985.755,true,none,305
2025-12-12 18:04:42.681,smart_meter,send_encrypted_data,334277,0.362,7387.337,true,none,88
2025-12-12 18:04:42.681,smart_meter,send_encrypted_data,334440,0.351,7622.564,true,none,118
2025-12-12 18:04:42.682,smart_meter,send_encrypted_data,334478,0.358,7474.369,true,none,18
2025-12-12 18:04:42.682,smart_meter,send_encrypted_data,334467,8.418,317.859,true,none,309
2025-12-12 18:04:42.682,smart_meter,send_encrypted_data,334294,0.398,6719.477,true,none,202
2025-12-12 18:04:42.682,smart_meter,send_encrypted_data,334038,0.356,7506.472,true,none,279
2025-12-12 18:04:42.683,smart_meter,send_encrypted_data,334102,0.350,7636.617,true,none,163
2025-12-12 18:04:42.683,smart_meter,send_encrypted_data,334451,0.351,7622.815,true,none,126
2025-12-12 18:04:42.683,smart_meter,send_encrypted_data,334258,22.630,118.165,true,none,143
2025-12-12 18:04:42.683,smart_meter,send_encrypted_data,334298,0.373,7169.930,true,none,123
2025-12-12 18:04:42.683,smart_meter,send_encrypted_data,334320,0.347,7707.666,true,none,215
2025-12-12 18:04:42.680,smart_meter,send_encrypted_data,334356,10.776,248.223,true,none,48
2025-12-12 18:04:42.684,smart_meter,send_encrypted_data,334199,27.411,97.537,true,none,113
2025-12-12 18:04:42.684,smart_meter,send_encrypted_data,334257,0.373,7169.051,true,none,311
2025-12-12 18:04:42.684,smart_meter,send_encrypted_data,334066,9.537,280.227,true,none,317
2025-12-12 18:04:42.677,smart_meter,send_encrypted_data,334432,8.517,314.131,true,none,389
2025-12-12 18:04:42.685,smart_meter,send_encrypted_data,334400,0.370,7230.270,true,none,475
2025-12-12 18:04:42.685,smart_meter,send_encrypted_data,334186,0.357,7488.762,true,none,365
2025-12-12 18:04:42.686,smart_meter,send_encrypted_data,334422,6.939,385.556,true,none,250
2025-12-12 18:04:42.687,smart_meter,send_encrypted_data,334086,0.363,7362.777,true,none,496
2025-12-12 18:04:42.687,smart_meter,send_encrypted_data,334188,0.364,7344.791,true,none,20
2025-12-12 18:04:42.687,smart_meter,send_encrypted_data,334143,0.383,6979.488,true,none,218
2025-12-12 18:04:42.687,smart_meter,send_encrypted_data,334381,6.726,397.718,true,none,367
2025-12-12 18:04:42.688,smart_meter,send_encrypted_data,334491,0.350,7645.509,true,none,287
2025-12-12 18:04:42.688,smart_meter,send_encrypted_data,334259,0.334,8006.204,true,none,465
2025-12-12 18:04:42.689,smart_meter,send_encrypted_data,334176,8.714,306.795,true,none,67
2025-12-12 18:04:42.689,smart_meter,send_encrypted_data,334417,6.342,421.844,true,none,390
2025-12-12 18:04:42.689,smart_meter,send_encrypted_data,334051,0.348,7679.333,true,none,199
2025-12-12 18:04:42.690,smart_meter,send_encrypted_data,334363,0.389,6876.360,true,none,290
2025-12-12 18:04:42.690,smart_meter,send_encrypted_data,334103,13.055,204.736,true,none,33
2025-12-12 18:04:42.688,smart_meter,send_encrypted_data,334095,7.005,381.550,true,none,29
2025-12-12 18:04:42.688,smart_meter,send_encrypted_data,334447,6.812,392.774,true,none,223
2025-12-12 18:04:42.690,smart_meter,send_encrypted_data,333876,0.386,6919.710,true,none,197
2025-12-12 18:04:42.690,smart_meter,send_encrypted_data,334448,0.361,7411.590,true,none,299
2025-12-12 18:04:42.689,smart_meter,send_encrypted_data,334360,8.585,311.576,true,none,217
2025-12-12 18:04:42.691,smart_meter,send_encrypted_data,334098,0.393,6800.977,true,none,480
2025-12-12 18:04:42.691,smart_meter,send_encrypted_data,334356,0.393,6806.229,true,none,173
2025-12-12 18:04:42.692,smart_meter,send_encrypted_data,334459,0.398,6722.794,true,none,102
2025-12-12 18:04:42.692,smart_meter,send_encrypted_data,334326,3.788,706.074,true,none,366
2025-12-12 18:04:42.692,smart_meter,send_encrypted_data,334201,0.335,7980.919,true,none,183
2025-12-12 18:04:42.692,smart_meter,send_encrypted_data,334213,2.261,1182.532,true,none,422
2025-12-12 18:04:42.693,smart_meter,send_encrypted_data,334161,0.348,7681.862,true,none,65
2025-12-12 18:04:42.693,smart_meter,send_encrypted_data,334495,0.370,7232.324,true,none,295
2025-12-12 18:04:42.693,smart_meter,send_encrypted_data,334079,13.802,193.641,true,none,176
2025-12-12 18:04:42.694,smart_meter,send_encrypted_data,334269,0.354,7554.102,true,none,58
2025-12-12 18:04:42.694,smart_meter,send_encrypted_data,334499,0.347,7711.793,true,none,90
2025-12-12 18:04:42.694,smart_meter,send_encrypted_data,334494,19.423,137.772,true,none,78
2025-12-12 18:04:42.694,smart_meter,send_encrypted_data,334240,1.579,1693.426,true,none,418
2025-12-12 18:04:42.694,smart_meter,send_encrypted_data,334422,16.336,163.772,true,none,444
2025-12-12 18:04:42.694,smart_meter,send_encrypted_data,334374,0.364,7348.879,true,none,136
2025-12-12 18:04:42.695,smart_meter,send_encrypted_data,334515,1.441,1857.127,true,none,333
2025-12-12 18:04:42.695,smart_meter,send_encrypted_data,334401,0.348,7687.379,true,none,326
2025-12-12 18:04:42.696,smart_meter,send_encrypted_data,334104,0.341,7838.217,true,none,47
2025-12-12 18:04:42.696,smart_meter,send_encrypted_data,334206,15.053,177.616,true,none,39
2025-12-12 18:04:42.696,smart_meter,send_encrypted_data,334453,0.862,3103.972,true,none,81
2025-12-12 18:04:42.696,smart_meter,send_encrypted_data,333592,0.364,7331.692,true,none,394
2025-12-12 18:04:42.697,smart_meter,send_encrypted_data,334473,0.373,7173.684,true,none,205
2025-12-12 18:04:42.697,smart_meter,send_encrypted_data,334163,17.414,153.515,true,none,42
2025-12-12 18:04:42.697,smart_meter,send_encrypted_data,334134,3.155,847.249,true,none,336
2025-12-12 18:04:42.697,smart_meter,send_encrypted_data,334436,17.485,153.016,true,none,49
2025-12-12 18:04:42.697,smart_meter,send_encrypted_data,334360,0.355,7534.873,true,none,331
2025-12-12 18:04:42.698,smart_meter,send_encrypted_data,334442,0.373,7173.019,true,none,402
2025-12-12 18:04:42.698,smart_meter,send_encrypted_data,334386,0.405,6605.156,true,none,141
2025-12-12 18:04:42.699,smart_meter,send_encrypted_data,334342,0.375,7132.629,true,none,100
2025-12-12 18:04:42.699,smart_meter,send_encrypted_data,334260,0.377,7093.050,true,none,308
2025-12-12 18:04:42.699,smart_meter,send_encrypted_data,334302,0.333,8031.279,true,none,380
2025-12-12 18:04:42.700,smart_meter,send_encrypted_data,334326,0.368,7267.957,true,none,469
2025-12-12 18:04:42.701,smart_meter,send_encrypted_data,334338,0.342,7820.772,true,none,382
2025-12-12 18:04:42.701,smart_meter,send_encrypted_data,334381,0.330,8106.206,true,none,354
2025-12-12 18:04:42.701,smart_meter,send_encrypted_data,334542,0.367,7292.469,true,none,128
2025-12-12 18:04:42.701,smart_meter,send_encrypted_data,334490,0.351,7623.704,true,none,338
2025-12-12 18:04:42.702,smart_meter,send_encrypted_data,334503,4.854,551.303,true,none,337
2025-12-12 18:04:42.702,smart_meter,send_encrypted_data,334410,0.413,6477.676,true,none,384
2025-12-12 18:04:42.702,smart_meter,send_encrypted_data,334399,0.340,7868.212,true,none,373
2025-12-12 18:04:42.703,smart_meter,send_encrypted_data,334182,0.334,8004.359,true,none,307
2025-12-12 18:04:42.699,smart_meter,send_encrypted_data,334337,2.830,945.122,true,none,335
2025-12-12 18:04:42.703,smart_meter,send_encrypted_data,334456,0.369,7251.079,true,none,464
2025-12-12 18:04:42.703,smart_meter,send_encrypted_data,334093,0.335,7978.340,true,none,377
2025-12-12 18:04:42.704,smart_meter,send_encrypted_data,334445,0.361,7411.524,true,none,372
2025-12-12 18:04:42.704,smart_meter,send_encrypted_data,334390,0.348,7687.126,true,none,319
2025-12-12 18:04:42.704,smart_meter,send_encrypted_data,334305,0.377,7094.005,true,none,313
2025-12-12 18:04:42.705,smart_meter,send_encrypted_data,334321,17.741,150.756,true,none,32
2025-12-12 18:04:42.654,smart_meter,send_encrypted_data,334408,0.382,7003.309,true,none,5
2025-12-12 18:04:42.705,smart_meter,send_encrypted_data,334175,0.340,7862.941,true,none,478
2025-12-12 18:04:42.705,smart_meter,send_encrypted_data,334472,0.406,6590.581,true,none,332
2025-12-12 18:04:42.705,smart_meter,send_encrypted_data,334476,23.472,114.000,true,none,142
2025-12-12 18:04:42.705,smart_meter,send_encrypted_data,334091,0.364,7342.659,true,none,359
2025-12-12 18:04:42.705,smart_meter,send_encrypted_data,334132,9.864,270.991,true,none,157
2025-12-12 18:04:42.706,smart_meter,send_encrypted_data,334358,0.363,7368.771,true,none,181
2025-12-12 18:04:42.706,smart_meter,send_encrypted_data,334120,1.840,1452.696,true,none,392
2025-12-12 18:04:42.706,smart_meter,send_encrypted_data,334357,5.872,455.527,true,none,252
2025-12-12 18:04:42.706,smart_meter,send_encrypted_data,334301,0.363,7367.515,true,none,302
2025-12-12 18:04:42.707,smart_meter,send_encrypted_data,334400,8.745,305.912,true,none,150
2025-12-12 18:04:42.707,smart_meter,send_encrypted_data,334434,5.671,471.781,true,none,110
2025-12-12 18:04:42.708,smart_meter,send_encrypted_data,334309,0.363,7367.691,true,none,420
2025-12-12 18:04:42.708,smart_meter,send_encrypted_data,334555,0.365,7332.712,true,none,259
2025-12-12 18:04:42.709,smart_meter,send_encrypted_data,334442,0.357,7494.499,true,none,404
2025-12-12 18:04:42.709,smart_meter,send_encrypted_data,334242,2.721,982.703,true,none,414
2025-12-12 18:04:42.709,smart_meter,send_encrypted_data,334098,14.857,179.901,true,none,293
2025-12-12 18:04:42.709,smart_meter,send_encrypted_data,334100,0.338,7907.692,true,none,189
2025-12-12 18:04:42.710,smart_meter,send_encrypted_data,334302,14.024,190.703,true,none,457
2025-12-12 18:04:42.710,smart_meter,send_encrypted_data,334270,0.380,7037.263,true,none,461
2025-12-12 18:04:42.710,smart_meter,send_encrypted_data,334141,0.341,7839.085,true,none,462
2025-12-12 18:04:42.711,smart_meter,send_encrypted_data,333881,0.362,7378.586,true,none,406
2025-12-12 18:04:42.711,smart_meter,send_encrypted_data,334321,0.346,7729.965,true,none,352
2025-12-12 18:04:42.712,smart_meter,send_encrypted_data,334337,0.347,7708.058,true,none,277
2025-12-12 18:04:42.712,smart_meter,send_encrypted_data,334409,2.116,1264.306,true,none,274
2025-12-12 18:04:42.712,smart_meter,send_encrypted_data,334210,1.735,1541.026,true,none,153
2025-12-12 18:04:42.712,smart_meter,send_encrypted_data,334468,0.337,7939.893,true,none,345
2025-12-12 18:04:42.713,smart_meter,send_encrypted_data,334219,1.213,2204.247,true,none,95
2025-12-12 18:04:42.713,smart_meter,send_encrypted_data,334483,0.390,6861.190,true,none,167
2025-12-12 18:04:42.713,smart_meter,send_encrypted_data,334200,2.393,1117.259,true,none,495
2025-12-12 18:04:42.714,smart_meter,send_encrypted_data,334423,0.341,7845.701,true,none,381
2025-12-12 18:04:42.714,smart_meter,send_encrypted_data,334418,28.362,94.328,true,none,53
2025-12-12 18:04:42.714,smart_meter,send_encrypted_data,334150,17.464,153.069,true,none,322
2025-12-12 18:04:42.715,smart_meter,send_encrypted_data,334376,0.385,6948.073,true,none,169
2025-12-12 18:04:42.715,smart_meter,send_encrypted_data,334162,0.330,8100.897,true,none,103
2025-12-12 18:04:42.715,smart_meter,send_encrypted_data,334262,0.394,6787.046,true,none,425
2025-12-12 18:04:42.715,smart_meter,send_encrypted_data,334239,2.803,953.946,true,none,477
2025-12-12 18:04:42.716,smart_meter,send_encrypted_data,334464,12.413,215.557,true,none,339
2025-12-12 18:04:42.716,smart_meter,send_encrypted_data,334366,0.347,7708.726,true,none,371
2025-12-12 18:04:42.718,smart_meter,send_encrypted_data,334432,26.969,99.205,true,none,489
2025-12-12 18:04:42.718,smart_meter,send_encrypted_data,334253,0.351,7618.302,true,none,172
2025-12-12 18:04:42.719,smart_meter,send_encrypted_data,334410,0.392,6824.694,true,none,356
2025-12-12 18:04:42.719,smart_meter,send_encrypted_data,334237,1.643,1627.447,true,none,346
2025-12-12 18:04:42.719,smart_meter,send_encrypted_data,333359,0.377,7073.931,true,none,204
2025-12-12 18:04:42.719,smart_meter,send_encrypted_data,334474,1.674,1598.442,true,none,174
2025-12-12 18:04:42.719,smart_meter,send_encrypted_data,334312,7.595,352.139,true,none,316
2025-12-12 18:04:42.719,smart_meter,send_encrypted_data,334178,0.944,2832.017,true,none,481
2025-12-12 18:04:42.720,smart_meter,send_encrypted_data,334462,0.346,7733.225,true,none,318
2025-12-12 18:04:42.720,smart_meter,send_encrypted_data,334482,0.349,7667.209,true,none,280
2025-12-12 18:04:42.720,smart_meter,send_encrypted_data,334358,2.407,1111.285,true,none,159
2025-12-12 18:04:42.721,smart_meter,send_encrypted_data,334435,0.378,7077.989,true,none,184
2025-12-12 18:04:42.721,smart_meter,send_encrypted_data,334407,0.380,7040.147,true,none,358
2025-12-12 18:04:42.721,smart_meter,send_encrypted_data,334486,3.702,722.822,true,none,361
2025-12-12 18:04:42.722,smart_meter,send_encrypted_data,334440,0.347,7710.432,true,none,214
2025-12-12 18:04:42.723,smart_meter,send_encrypted_data,334199,0.394,6785.766,true,none,363
2025-12-12 18:04:42.723,smart_meter,send_encrypted_data,334363,0.353,7577.632,true,none,238
2025-12-12 18:04:42.723,smart_meter,send_encrypted_data,334074,0.337,7930.540,true,none,177
2025-12-12 18:04:42.724,smart_meter,send_encrypted_data,334146,0.390,6854.277,true,none,166
2025-12-12 18:04:42.725,smart_meter,send_encrypted_data,334171,0.349,7660.080,true,none,321
2025-12-12 18:04:42.725,smart_meter,send_encrypted_data,334445,0.370,7231.243,true,none,395
2025-12-12 18:04:42.725,smart_meter,send_encrypted_data,334361,0.353,7577.586,true,none,403
2025-12-12 18:04:42.725,smart_meter,send_encrypted_data,334380,20.865,128.207,true,none,344
2025-12-12 18:04:42.726,smart_meter,send_encrypted_data,334512,0.345,7756.800,true,none,347
2025-12-12 18:04:42.726,smart_meter,send_encrypted_data,334314,18.081,147.918,true,none,251
2025-12-12 18:04:42.726,smart_meter,send_encrypted_data,334383,0.350,7643.040,true,none,408
2025-12-12 18:04:42.726,smart_meter,send_encrypted_data,334431,0.350,7644.137,true,none,320
2025-12-12 18:04:42.727,smart_meter,send_encrypted_data,334092,33.277,80.318,true,none,235
2025-12-12 18:04:42.727,smart_meter,send_encrypted_data,334160,25.592,104.458,true,none,200
2025-12-12 18:04:42.728,smart_meter,send_encrypted_data,334360,0.368,7268.696,true,none,426
2025-12-12 18:04:42.728,smart_meter,send_encrypted_data,334317,0.378,7075.492,true,none,428
2025-12-12 18:04:42.728,smart_meter,send_encrypted_data,334304,2.984,896.257,true,none,330
2025-12-12 18:04:42.728,smart_meter,send_encrypted_data,334212,2.615,1022.446,true,none,236
2025-12-12 18:04:42.728,smart_meter,send_encrypted_data,334347,2.147,1245.820,true,none,383
2025-12-12 18:04:42.728,smart_meter,send_encrypted_data,334445,0.373,7173.083,true,none,353
2025-12-12 18:04:42.728,smart_meter,send_encrypted_data,334435,0.368,7270.326,true,none,355
2025-12-12 18:04:42.728,smart_meter,send_encrypted_data,334223,0.376,7111.128,true,none,379
2025-12-12 18:04:42.730,smart_meter,send_encrypted_data,334386,3.359,796.394,true,none,438
2025-12-12 18:04:42.730,smart_meter,send_encrypted_data,334118,0.358,7466.324,true,none,258
2025-12-12 18:04:42.730,smart_meter,send_encrypted_data,334338,3.633,736.225,true,none,155
2025-12-12 18:04:42.730,smart_meter,send_encrypted_data,334136,0.367,7283.619,true,none,416
2025-12-12 18:04:42.730,smart_meter,send_encrypted_data,334361,14.882,179.740,true,none,210
2025-12-12 18:04:42.731,smart_meter,send_encrypted_data,334189,6.964,383.905,true,none,364
2025-12-12 18:04:42.731,smart_meter,send_encrypted_data,334382,9.605,278.507,true,none,398
2025-12-12 18:04:42.731,smart_meter,send_encrypted_data,333860,0.340,7855.529,true,none,237
2025-12-12 18:04:42.731,smart_meter,send_encrypted_data,334472,0.347,7711.170,true,none,429
2025-12-12 18:04:42.706,smart_meter,send_encrypted_data,333309,0.351,7596.786,true,none,297
2025-12-12 18:04:42.732,smart_meter,send_encrypted_data,334410,8.079,331.140,true,none,254
2025-12-12 18:04:42.732,smart_meter,send_encrypted_data,334324,4.408,606.759,true,none,349
2025-12-12 18:04:42.732,smart_meter,send_encrypted_data,334181,3.050,876.540,true,none,241
2025-12-12 18:04:42.733,smart_meter,send_encrypted_data,334363,3.871,691.011,true,none,83
2025-12-12 18:04:42.733,smart_meter,send_encrypted_data,334116,3.042,878.675,true,none,446
2025-12-12 18:04:42.733,smart_meter,send_encrypted_data,334463,0.391,6843.233,true,none,417
2025-12-12 18:04:42.733,smart_meter,send_encrypted_data,334363,0.383,6984.084,true,none,262
2025-12-12 18:04:42.734,smart_meter,send_encrypted_data,334091,8.120,329.154,true,none,351
2025-12-12 18:04:42.734,smart_meter,send_encrypted_data,334048,0.369,7242.233,true,none,374
2025-12-12 18:04:42.734,smart_meter,send_encrypted_data,334383,0.388,6894.495,true,none,437
2025-12-12 18:04:42.734,smart_meter,send_encrypted_data,334449,0.344,7777.884,true,none,386
2025-12-12 18:04:42.733,smart_meter,send_encrypted_data,334452,1.867,1433.110,true,none,242
2025-12-12 18:04:42.735,smart_meter,send_encrypted_data,334277,0.587,4555.734,true,none,459
2025-12-12 18:04:42.654,smart_meter,send_encrypted_data,333992,0.349,7655.977,true,none,441
2025-12-12 18:04:42.736,smart_meter,send_encrypted_data,334175,0.370,7225.405,true,none,388
2025-12-12 18:04:42.736,smart_meter,send_encrypted_data,334284,1.252,2136.000,true,none,453
2025-12-12 18:04:42.736,smart_meter,send_encrypted_data,334507,2.533,1056.477,true,none,452
2025-12-12 18:04:42.737,smart_meter,send_encrypted_data,334363,0.354,7556.226,true,none,456
2025-12-12 18:04:42.738,smart_meter,send_encrypted_data,334220,3.089,865.575,true,none,227
2025-12-12 18:04:42.738,smart_meter,send_encrypted_data,334493,2.862,934.991,true,none,270
2025-12-12 18:04:42.738,smart_meter,send_encrypted_data,334494,0.352,7602.136,true,none,466
2025-12-12 18:04:42.739,smart_meter,send_encrypted_data,333959,0.380,7030.716,true,none,458
2025-12-12 18:04:42.739,smart_meter,send_encrypted_data,334444,1.887,1417.887,true,none,301
2025-12-12 18:04:42.739,smart_meter,send_encrypted_data,334449,0.332,8059.012,true,none,264
2025-12-12 18:04:42.739,smart_meter,send_encrypted_data,334202,2.647,1010.055,true,none,400
2025-12-12 18:04:42.739,smart_meter,send_encrypted_data,334290,0.352,7597.500,true,none,201
2025-12-12 18:04:42.740,smart_meter,send_encrypted_data,334498,0.354,7559.277,true,none,467
2025-12-12 18:04:42.654,smart_meter,send_encrypted_data,334315,8.494,314.872,true,none,289
2025-12-12 18:04:42.741,smart_meter,send_encrypted_data,334095,0.353,7571.558,true,none,484
2025-12-12 18:04:42.741,smart_meter,send_encrypted_data,334454,0.830,3223.653,true,none,468
2025-12-12 18:04:42.741,smart_meter,send_encrypted_data,334390,0.621,4307.762,true,none,485
2025-12-12 18:04:42.741,smart_meter,send_encrypted_data,334506,0.375,7136.128,true,none,486
2025-12-12 18:04:42.742,smart_meter,send_encrypted_data,334310,1.552,1723.247,true,none,463
2025-12-12 18:04:42.742,smart_meter,send_encrypted_data,334276,0.354,7554.260,true,none,490
2025-12-12 18:04:42.743,smart_meter,send_encrypted_data,334463,0.373,7173.469,true,none,487
2025-12-12 18:04:42.744,smart_meter,send_encrypted_data,334425,3.610,741.108,true,none,448
2025-12-12 18:04:42.744,smart_meter,send_encrypted_data,334091,0.352,7592.977,true,none,493
2025-12-12 18:04:42.744,smart_meter,send_encrypted_data,334463,0.380,7041.326,true,none,246
2025-12-12 18:04:42.745,smart_meter,send_encrypted_data,334168,0.358,7467.441,true,none,491
2025-12-12 18:04:42.654,smart_meter,send_encrypted_data,334393,0.363,7369.543,true,none,445
2025-12-12 18:04:42.745,smart_meter,send_encrypted_data,334230,1.464,1826.393,true,none,494
2025-12-12 18:04:42.655,smart_meter,send_encrypted_data,334429,6.764,395.540,true,none,119
2025-12-12 18:04:42.655,smart_meter,send_encrypted_data,334328,0.437,6120.421,true,none,52
2025-12-12 18:04:42.746,smart_meter,send_encrypted_data,334366,0.334,8008.766,true,none,211
2025-12-12 18:04:42.747,smart_meter,send_encrypted_data,334254,4.481,596.749,true,none,498
2025-12-12 18:04:42.748,smart_meter,send_encrypted_data,334201,3.143,850.655,true,none,483
2025-12-12 18:04:42.655,smart_meter,send_encrypted_data,334440,0.388,6895.670,true,none,73
2025-12-12 18:04:42.749,smart_meter,send_encrypted_data,334471,1.812,1476.693,true,none,203
2025-12-12 18:04:42.750,smart_meter,send_encrypted_data,334337,3.535,756.633,true,none,192
2025-12-12 18:04:42.750,smart_meter,send_encrypted_data,334108,0.346,7725.040,true,none,265
2025-12-12 18:04:42.656,smart_meter,send_encrypted_data,334119,0.341,7838.569,true,none,51
2025-12-12 18:04:42.752,smart_meter,send_encrypted_data,334112,1.003,2664.901,true,none,315
2025-12-12 18:04:42.656,smart_meter,send_encrypted_data,334350,0.310,8628.387,true,none,269
2025-12-12 18:04:42.754,smart_meter,send_encrypted_data,334416,1.030,2597.406,true,none,281
2025-12-12 18:04:42.757,smart_meter,send_encrypted_data,334408,0.367,7289.548,true,none,283
2025-12-12 18:04:42.759,smart_meter,send_encrypted_data,334222,0.371,7206.943,true,none,276
2025-12-12 18:04:42.759,smart_meter,send_encrypted_data,334409,3.848,695.237,true,none,273
2025-12-12 18:04:42.656,smart_meter,send_encrypted_data,334421,0.343,7799.907,true,none,436
2025-12-12 18:04:42.657,smart_meter,send_encrypted_data,334221,0.433,6174.984,true,none,35
2025-12-12 18:04:42.657,smart_meter,send_encrypted_data,334396,4.391,609.239,true,none,8
2025-12-12 18:04:42.763,smart_meter,send_encrypted_data,334444,1.422,1881.541,true,none,282
2025-12-12 18:04:42.763,smart_meter,send_encrypted_data,334080,3.011,887.625,true,none,328
2025-12-12 18:04:42.657,smart_meter,send_encrypted_data,334453,0.376,7116.021,true,none,133
2025-12-12 18:04:42.763,smart_meter,send_encrypted_data,334154,1.473,1814.821,true,none,329
2025-12-12 18:04:42.766,smart_meter,send_encrypted_data,334224,0.356,7510.652,true,none,323
2025-12-12 18:04:42.766,smart_meter,send_encrypted_data,334456,0.352,7601.273,true,none,334
2025-12-12 18:04:42.766,smart_meter,send_encrypted_data,334196,0.356,7510.022,true,none,292
2025-12-12 18:04:42.767,smart_meter,send_encrypted_data,333970,2.560,1043.656,true,none,268
2025-12-12 18:04:42.767,smart_meter,send_encrypted_data,334150,0.357,7487.955,true,none,343
2025-12-12 18:04:42.657,smart_meter,send_encrypted_data,334395,0.393,6807.023,true,none,93
2025-12-12 18:04:42.768,smart_meter,send_encrypted_data,334514,1.577,1696.964,true,none,341
2025-12-12 18:04:42.658,smart_meter,send_encrypted_data,334159,0.398,6716.764,true,none,306
2025-12-12 18:04:42.773,smart_meter,send_encrypted_data,334340,0.355,7534.423,true,none,342
2025-12-12 18:04:42.774,smart_meter,send_encrypted_data,334400,0.428,6250.467,true,none,296
2025-12-12 18:04:42.774,smart_meter,send_encrypted_data,334241,0.364,7345.956,true,none,393
2025-12-12 18:04:42.774,smart_meter,send_encrypted_data,334313,0.369,7247.978,true,none,291
2025-12-12 18:04:42.774,smart_meter,send_encrypted_data,334420,0.347,7709.971,true,none,156
2025-12-12 18:04:42.775,smart_meter,send_encrypted_data,334413,0.380,7040.274,true,none,96
2025-12-12 18:04:42.775,smart_meter,send_encrypted_data,334407,0.386,6930.715,true,none,221
2025-12-12 18:04:42.776,smart_meter,send_encrypted_data,334057,0.377,7088.743,true,none,370
2025-12-12 18:04:42.778,smart_meter,send_encrypted_data,334318,0.451,5930.253,true,none,226
2025-12-12 18:04:42.780,smart_meter,send_encrypted_data,334298,5.481,487.937,true,none,348
2025-12-12 18:04:42.781,smart_meter,send_encrypted_data,334401,0.348,7687.379,true,none,220
2025-12-12 18:04:42.781,smart_meter,send_encrypted_data,334194,0.384,6962.375,true,none,435
2025-12-12 18:04:42.781,smart_meter,send_encrypted_data,334363,0.396,6754.808,true,none,368
2025-12-12 18:04:42.658,smart_meter,send_encrypted_data,334325,0.400,6686.500,true,none,325
2025-12-12 18:04:42.782,smart_meter,send_encrypted_data,334294,0.344,7774.279,true,none,375
2025-12-12 18:04:42.783,smart_meter,send_encrypted_data,334440,5.549,482.163,true,none,385
2025-12-12 18:04:42.783,smart_meter,send_encrypted_data,334241,7.860,340.194,true,none,263
2025-12-12 18:04:42.783,smart_meter,send_encrypted_data,333620,2.948,905.346,true,none,439
2025-12-12 18:04:42.659,smart_meter,send_encrypted_data,334100,0.370,7223.784,true,none,108
2025-12-12 18:04:42.784,smart_meter,send_encrypted_data,334352,1.957,1366.794,true,none,369
2025-12-12 18:04:42.659,smart_meter,send_encrypted_data,334293,0.374,7150.652,true,none,399
2025-12-12 18:04:42.659,smart_meter,send_encrypted_data,334212,1.137,2351.536,true,none,54
2025-12-12 18:04:42.659,smart_meter,send_encrypted_data,334391,3.002,891.115,true,none,424
2025-12-12 18:04:42.786,smart_meter,send_encrypted_data,334392,0.397,6738.378,true,none,447
2025-12-12 18:04:42.787,smart_meter,send_encrypted_data,334301,0.354,7554.825,true,none,449
2025-12-12 18:04:42.659,smart_meter,send_encrypted_data,334428,0.392,6825.061,true,none,430
2025-12-12 18:04:42.787,smart_meter,send_encrypted_data,334142,0.336,7955.762,true,none,229
2025-12-12 18:04:42.787,smart_meter,send_encrypted_data,334199,0.718,3723.666,true,none,228
2025-12-12 18:04:42.788,smart_meter,send_encrypted_data,334378,0.349,7664.825,true,none,450
2025-12-12 18:04:42.789,smart_meter,send_encrypted_data,334382,0.343,7798.997,true,none,193
2025-12-12 18:04:42.789,smart_meter,send_encrypted_data,334022,0.362,7381.702,true,none,451
2025-12-12 18:04:42.790,smart_meter,send_encrypted_data,333840,0.355,7523.155,true,none,401
2025-12-12 18:04:42.659,smart_meter,send_encrypted_data,334523,0.409,6543.237,true,none,56
2025-12-12 18:04:42.794,smart_meter,send_encrypted_data,334037,0.883,3026.383,true,none,476
2025-12-12 18:04:42.794,smart_meter,send_encrypted_data,334128,0.344,7770.419,true,none,460
2025-12-12 18:04:42.659,smart_meter,send_encrypted_data,334378,23.587,113.411,true,none,160
2025-12-12 18:04:42.796,smart_meter,send_encrypted_data,334412,0.988,2707.789,true,none,248
2025-12-12 18:04:42.796,smart_meter,send_encrypted_data,333961,1.767,1511.991,true,none,455
2025-12-12 18:04:42.797,smart_meter,send_encrypted_data,334458,0.351,7622.974,true,none,207
2025-12-12 18:04:42.798,smart_meter,send_encrypted_data,334356,2.330,1148.003,true,none,492
2025-12-12 18:04:42.802,smart_meter,send_encrypted_data,334457,0.313,8548.422,true,none,500
2025-12-12 18:04:42.660,smart_meter,send_encrypted_data,334222,0.373,7168.300,true,none,7
2025-12-12 18:04:42.804,smart_meter,send_encrypted_data,334462,9.509,281.386,true,none,454
2025-12-12 18:04:42.805,smart_meter,send_encrypted_data,334433,0.343,7800.187,true,none,285
2025-12-12 18:04:42.806,smart_meter,send_encrypted_data,334193,0.403,6634.104,true,none,324
2025-12-12 18:04:42.808,smart_meter,send_encrypted_data,334451,0.350,7644.594,true,none,327
2025-12-12 18:04:42.668,smart_meter,send_encrypted_data,334359,0.364,7348.549,true,none,442
2025-12-12 18:04:42.814,smart_meter,send_encrypted_data,334431,0.389,6877.758,true,none,255
2025-12-12 18:04:42.815,smart_meter,send_encrypted_data,334420,0.348,7687.816,true,none,396
2025-12-12 18:04:42.816,smart_meter,send_encrypted_data,334412,18.006,148.578,true,none,488
2025-12-12 18:04:42.816,smart_meter,send_encrypted_data,333545,0.452,5903.451,true,none,278
2025-12-12 18:04:42.818,smart_meter,send_encrypted_data,334421,13.415,199.431,true,none,247
2025-12-12 18:04:42.818,smart_meter,send_encrypted_data,334333,0.355,7534.265,true,none,350
2025-12-12 18:04:42.818,smart_meter,send_encrypted_data,334144,9.619,277.903,true,none,294
2025-12-12 18:04:42.819,smart_meter,send_encrypted_data,334300,0.374,7150.802,true,none,239
2025-12-12 18:04:42.819,smart_meter,send_encrypted_data,334514,9.010,297.016,true,none,340
2025-12-12 18:04:42.820,smart_meter,send_encrypted_data,334381,0.343,7798.974,true,none,473
2025-12-12 18:04:42.821,smart_meter,send_encrypted_data,334073,0.355,7528.406,true,none,482
2025-12-12 18:04:42.822,smart_meter,send_encrypted_data,334313,0.343,7797.388,true,none,275
2025-12-12 18:04:42.668,smart_meter,send_encrypted_data,334408,0.350,7643.611,true,none,117
2025-12-12 18:04:42.668,smart_meter,send_encrypted_data,334415,0.354,7557.401,true,none,109
2025-12-12 18:04:42.823,smart_meter,send_encrypted_data,334341,0.348,7686.000,true,none,440
2025-12-12 18:04:42.824,smart_meter,send_encrypted_data,334361,0.359,7450.942,true,none,407
2025-12-12 18:04:42.825,smart_meter,send_encrypted_data,334346,0.387,6911.545,true,none,188
2025-12-12 18:04:42.826,smart_meter,send_encrypted_data,334389,0.339,7891.186,true,none,198
2025-12-12 18:04:42.828,smart_meter,send_encrypted_data,334224,0.732,3652.721,true,none,434
2025-12-12 18:04:42.828,smart_meter,send_encrypted_data,334437,6.587,406.178,true,none,219
2025-12-12 18:04:42.829,smart_meter,send_encrypted_data,334128,5.923,451.296,true,none,261
2025-12-12 18:04:42.669,smart_meter,send_encrypted_data,334186,0.343,7794.426,true,none,112
2025-12-12 18:04:42.669,smart_meter,send_encrypted_data,334492,0.351,7623.749,true,none,431
2025-12-12 18:04:42.670,smart_meter,send_encrypted_data,334417,0.376,7115.255,true,none,23
2025-12-12 18:04:42.670,smart_meter,send_encrypted_data,334321,0.340,7866.376,true,none,25
2025-12-12 18:04:42.670,smart_meter,send_encrypted_data,334296,0.390,6857.354,true,none,260
2025-12-12 18:04:42.670,smart_meter,send_encrypted_data,334412,9.659,276.974,true,none,97
2025-12-12 18:04:42.670,smart_meter,send_encrypted_data,334408,0.364,7349.626,true,none,244
2025-12-12 18:04:42.671,smart_meter,send_encrypted_data,334058,0.354,7549.333,true,none,15
2025-12-12 18:04:42.666,smart_meter,send_encrypted_data,334348,10.981,243.583,true,none,387
2025-12-12 18:04:42.671,smart_meter,send_encrypted_data,334391,12.950,206.574,true,none,116
2025-12-12 18:04:42.672,smart_meter,send_encrypted_data,334391,0.363,7369.499,true,none,74
2025-12-12 18:04:42.672,smart_meter,send_encrypted_data,334214,17.720,150.887,true,none,419
2025-12-12 18:04:42.673,smart_meter,send_encrypted_data,334387,0.337,7937.970,true,none,288
2025-12-12 18:04:42.673,smart_meter,send_encrypted_data,334306,15.858,168.650,true,none,75
2025-12-12 18:04:42.673,smart_meter,send_encrypted_data,334392,0.340,7868.047,true,none,411
2025-12-12 18:04:42.673,smart_meter,send_encrypted_data,334162,0.341,7839.578,true,none,64
2025-12-12 18:04:42.672,smart_meter,send_encrypted_data,334265,18.871,141.705,true,none,474
2025-12-12 18:04:42.674,smart_meter,send_encrypted_data,334598,0.369,7254.157,true,none,423
2025-12-12 18:04:42.674,smart_meter,send_encrypted_data,334294,6.372,419.704,true,none,286
2025-12-12 18:04:42.674,smart_meter,send_encrypted_data,334240,7.276,367.499,true,none,266
2025-12-12 18:04:42.674,smart_meter,send_encrypted_data,334105,31.056,86.065,true,none,130
2025-12-12 18:04:42.675,smart_meter,send_encrypted_data,334323,13.977,191.356,true,none,111
2025-12-12 18:04:42.675,smart_meter,send_encrypted_data,334411,14.292,187.188,true,none,62
2025-12-12 18:05:47.847,smart_meter,send_encrypted_data,334473,0.359,7453.437,true,none,68
2025-12-12 18:05:47.848,smart_meter,send_encrypted_data,334039,0.368,7261.717,true,none,16
2025-12-12 18:05:47.854,smart_meter,send_encrypted_data,334323,0.341,7843.355,true,none,50
2025-12-12 18:05:47.856,smart_meter,send_encrypted_data,333325,0.403,6616.873,true,none,69
2025-12-12 18:05:47.857,smart_meter,send_encrypted_data,334317,0.366,7307.475,true,none,12
2025-12-12 18:05:47.858,smart_meter,send_encrypted_data,334378,0.367,7288.894,true,none,138
2025-12-12 18:05:47.861,smart_meter,send_encrypted_data,334215,0.383,6980.992,true,none,83
2025-12-12 18:05:47.862,smart_meter,send_encrypted_data,334444,0.336,7962.952,true,none,106
2025-12-12 18:05:47.862,smart_meter,send_encrypted_data,334515,0.369,7252.358,true,none,36
2025-12-12 18:05:47.863,smart_meter,send_encrypted_data,334469,0.371,7212.270,true,none,17
2025-12-12 18:05:47.863,smart_meter,send_encrypted_data,334208,0.354,7552.723,true,none,316
2025-12-12 18:05:47.863,smart_meter,send_encrypted_data,334184,0.381,7016.987,true,none,128
2025-12-12 18:05:47.863,smart_meter,send_encrypted_data,334232,0.384,6963.167,true,none,132
2025-12-12 18:05:47.864,smart_meter,send_encrypted_data,334229,0.361,7406.737,true,none,81
2025-12-12 18:05:47.865,smart_meter,send_encrypted_data,334120,0.366,7303.169,true,none,210
2025-12-12 18:05:47.865,smart_meter,send_encrypted_data,334132,0.384,6961.083,true,none,91
2025-12-12 18:05:47.865,smart_meter,send_encrypted_data,334362,0.369,7249.041,true,none,45
2025-12-12 18:05:47.865,smart_meter,send_encrypted_data,333887,1.799,1484.767,true,none,1
2025-12-12 18:05:47.866,smart_meter,send_encrypted_data,334298,0.337,7935.858,true,none,38
2025-12-12 18:05:47.866,smart_meter,send_encrypted_data,334250,0.374,7149.733,true,none,110
2025-12-12 18:05:47.866,smart_meter,send_encrypted_data,334486,0.391,6843.703,true,none,27
2025-12-12 18:05:47.866,smart_meter,send_encrypted_data,334475,0.347,7711.239,true,none,263
2025-12-12 18:05:47.867,smart_meter,send_encrypted_data,334363,0.341,7844.293,true,none,348
2025-12-12 18:05:47.867,smart_meter,send_encrypted_data,334249,0.365,7326.005,true,none,261
2025-12-12 18:05:47.867,smart_meter,send_encrypted_data,334335,0.356,7513.146,true,none,9
2025-12-12 18:05:47.868,smart_meter,send_encrypted_data,334380,0.369,7249.431,true,none,259
2025-12-12 18:05:47.868,smart_meter,send_encrypted_data,334094,0.350,7636.434,true,none,313
2025-12-12 18:05:47.869,smart_meter,send_encrypted_data,334473,0.456,5867.947,true,none,34
2025-12-12 18:05:47.871,smart_meter,send_encrypted_data,334183,0.343,7794.356,true,none,378
2025-12-12 18:05:47.871,smart_meter,send_encrypted_data,334487,0.358,7474.570,true,none,337
2025-12-12 18:05:47.872,smart_meter,send_encrypted_data,334175,0.360,7426.111,true,none,154
2025-12-12 18:05:47.873,smart_meter,send_encrypted_data,334342,0.355,7534.468,true,none,454
2025-12-12 18:05:47.873,smart_meter,send_encrypted_data,334427,0.482,5550.656,true,none,187
2025-12-12 18:05:47.873,smart_meter,send_encrypted_data,334365,1.453,1840.964,true,none,177
2025-12-12 18:05:47.874,smart_meter,send_encrypted_data,334356,0.542,4935.144,true,none,101
2025-12-12 18:05:47.874,smart_meter,send_encrypted_data,334286,0.497,5380.861,true,none,162
2025-12-12 18:05:47.874,smart_meter,send_encrypted_data,334403,0.345,7754.272,true,none,4
2025-12-12 18:05:47.875,smart_meter,send_encrypted_data,334093,0.364,7342.703,true,none,350
2025-12-12 18:05:47.875,smart_meter,send_encrypted_data,334099,0.360,7424.422,true,none,186
2025-12-12 18:05:47.876,smart_meter,send_encrypted_data,334494,0.352,7602.136,true,none,447
2025-12-12 18:05:47.876,smart_meter,send_encrypted_data,334360,0.355,7534.873,true,none,426
2025-12-12 18:05:47.880,smart_meter,send_encrypted_data,334409,0.361,7410.726,true,none,245
2025-12-12 18:05:47.880,smart_meter,send_encrypted_data,334426,0.361,7411.102,true,none,196
2025-12-12 18:05:47.881,smart_meter,send_encrypted_data,334003,3.336,800.966,true,none,230
2025-12-12 18:05:47.881,smart_meter,send_encrypted_data,334571,0.390,6862.995,true,none,221
2025-12-12 18:05:47.876,smart_meter,send_encrypted_data,334167,0.363,7364.562,true,none,152
2025-12-12 18:05:47.881,smart_meter,send_encrypted_data,334445,0.346,7732.832,true,none,407
2025-12-12 18:05:47.882,smart_meter,send_encrypted_data,334186,0.360,7426.356,true,none,315
2025-12-12 18:05:47.882,smart_meter,send_encrypted_data,334418,0.356,7515.011,true,none,94
2025-12-12 18:05:47.883,smart_meter,send_encrypted_data,334412,0.384,6966.917,true,none,237
2025-12-12 18:05:47.883,smart_meter,send_encrypted_data,334362,0.317,8438.158,true,none,44
2025-12-12 18:05:47.884,smart_meter,send_encrypted_data,334240,0.360,7427.556,true,none,198
2025-12-12 18:05:47.884,smart_meter,send_encrypted_data,334165,1.498,1784.593,true,none,300
2025-12-12 18:05:47.885,smart_meter,send_encrypted_data,334417,5.126,521.915,true,none,98
2025-12-12 18:05:47.885,smart_meter,send_encrypted_data,333898,0.344,7765.070,true,none,189
2025-12-12 18:05:47.885,smart_meter,send_encrypted_data,334106,0.367,7282.965,true,none,137
2025-12-12 18:05:47.885,smart_meter,send_encrypted_data,334415,0.332,8058.193,true,none,134
2025-12-12 18:05:47.885,smart_meter,send_encrypted_data,334027,4.617,578.778,true,none,139
2025-12-12 18:05:47.886,smart_meter,send_encrypted_data,334432,6.548,408.591,true,none,131
2025-12-12 18:05:47.886,smart_meter,send_encrypted_data,334515,5.540,483.054,true,none,84
2025-12-12 18:05:47.886,smart_meter,send_encrypted_data,334187,7.457,358.522,true,none,85
2025-12-12 18:05:47.886,smart_meter,send_encrypted_data,334348,0.360,7429.956,true,none,322
2025-12-12 18:05:47.886,smart_meter,send_encrypted_data,334259,0.359,7448.669,true,none,99
2025-12-12 18:05:47.887,smart_meter,send_encrypted_data,334205,0.387,6908.630,true,none,298
2025-12-12 18:05:47.887,smart_meter,send_encrypted_data,334469,1.850,1446.352,true,none,151
2025-12-12 18:05:47.888,smart_meter,send_encrypted_data,334097,0.341,7838.053,true,none,429
2025-12-12 18:05:47.888,smart_meter,send_encrypted_data,334457,0.374,7154.160,true,none,222
2025-12-12 18:05:47.888,smart_meter,send_encrypted_data,334287,0.383,6982.496,true,none,232
2025-12-12 18:05:47.888,smart_meter,send_encrypted_data,334170,0.382,6998.325,true,none,226
2025-12-12 18:05:47.889,smart_meter,send_encrypted_data,334156,0.379,7053.425,true,none,170
2025-12-12 18:05:47.889,smart_meter,send_encrypted_data,334415,0.389,6877.429,true,none,149
2025-12-12 18:05:47.890,smart_meter,send_encrypted_data,334226,0.354,7553.130,true,none,293
2025-12-12 18:05:47.890,smart_meter,send_encrypted_data,334317,0.346,7729.873,true,none,104
2025-12-12 18:05:47.891,smart_meter,send_encrypted_data,334392,13.127,203.789,true,none,179
2025-12-12 18:05:47.876,smart_meter,send_encrypted_data,334444,1.575,1698.763,true,none,66
2025-12-12 18:05:47.891,smart_meter,send_encrypted_data,334448,2.132,1254.964,true,none,428
2025-12-12 18:05:47.891,smart_meter,send_encrypted_data,334292,0.345,7751.699,true,none,241
2025-12-12 18:05:47.892,smart_meter,send_encrypted_data,334500,0.361,7412.742,true,none,82
2025-12-12 18:05:47.893,smart_meter,send_encrypted_data,334165,0.397,6733.804,true,none,225
2025-12-12 18:05:47.893,smart_meter,send_encrypted_data,334353,0.406,6588.236,true,none,191
2025-12-12 18:05:47.894,smart_meter,send_encrypted_data,334474,1.527,1752.320,true,none,86
2025-12-12 18:05:47.894,smart_meter,send_encrypted_data,334368,0.416,6430.154,true,none,312
2025-12-12 18:05:47.894,smart_meter,send_encrypted_data,334387,4.998,535.233,true,none,124
2025-12-12 18:05:47.895,smart_meter,send_encrypted_data,334226,3.253,821.951,true,none,174
2025-12-12 18:05:47.896,smart_meter,send_encrypted_data,334316,0.341,7843.191,true,none,369
2025-12-12 18:05:47.896,smart_meter,send_encrypted_data,334449,0.380,7041.032,true,none,397
2025-12-12 18:05:47.896,smart_meter,send_encrypted_data,334352,0.359,7450.741,true,none,6
2025-12-12 18:05:47.897,smart_meter,send_encrypted_data,333880,0.350,7631.543,true,none,301
2025-12-12 18:05:47.897,smart_meter,send_encrypted_data,333326,2.182,1222.093,true,none,160
2025-12-12 18:05:47.897,smart_meter,send_encrypted_data,334161,0.369,7244.683,true,none,317
2025-12-12 18:05:47.897,smart_meter,send_encrypted_data,334329,3.978,672.356,true,none,92
2025-12-12 18:05:47.898,smart_meter,send_encrypted_data,334060,0.371,7203.450,true,none,148
2025-12-12 18:05:47.898,smart_meter,send_encrypted_data,334363,0.353,7577.632,true,none,308
2025-12-12 18:05:47.898,smart_meter,send_encrypted_data,334443,0.390,6860.369,true,none,61
2025-12-12 18:05:47.898,smart_meter,send_encrypted_data,334427,0.379,7059.145,true,none,14
2025-12-12 18:05:47.899,smart_meter,send_encrypted_data,334447,0.376,7115.894,true,none,185
2025-12-12 18:05:47.899,smart_meter,send_encrypted_data,334436,0.353,7579.286,true,none,31
2025-12-12 18:05:47.877,smart_meter,send_encrypted_data,334013,0.388,6886.866,true,none,214
2025-12-12 18:05:47.900,smart_meter,send_encrypted_data,334187,0.346,7726.867,true,none,216
2025-12-12 18:05:47.900,smart_meter,send_encrypted_data,334356,0.369,7248.911,true,none,26
2025-12-12 18:05:47.900,smart_meter,send_encrypted_data,334135,0.386,6925.078,true,none,28
2025-12-12 18:05:47.901,smart_meter,send_encrypted_data,334490,3.029,883.433,true,none,115
2025-12-12 18:05:47.901,smart_meter,send_encrypted_data,334496,1.215,2202.443,true,none,63
2025-12-12 18:05:47.901,smart_meter,send_encrypted_data,334312,2.756,970.427,true,none,21
2025-12-12 18:05:47.902,smart_meter,send_encrypted_data,334369,0.374,7152.278,true,none,194
2025-12-12 18:05:47.902,smart_meter,send_encrypted_data,334328,3.442,777.055,true,none,396
2025-12-12 18:05:47.902,smart_meter,send_encrypted_data,334325,0.393,6805.598,true,none,46
2025-12-12 18:05:47.902,smart_meter,send_encrypted_data,334224,0.401,6667.810,true,none,105
2025-12-12 18:05:47.902,smart_meter,send_encrypted_data,334106,4.602,580.801,true,none,283
2025-12-12 18:05:47.903,smart_meter,send_encrypted_data,334268,0.331,8078.985,true,none,79
2025-12-12 18:05:47.903,smart_meter,send_encrypted_data,334468,6.043,442.784,true,none,195
2025-12-12 18:05:47.903,smart_meter,send_encrypted_data,334097,1.585,1686.294,true,none,421
2025-12-12 18:05:47.901,smart_meter,send_encrypted_data,334113,0.375,7127.744,true,none,409
2025-12-12 18:05:47.877,smart_meter,send_encrypted_data,334423,0.374,7153.433,true,none,415
2025-12-12 18:05:47.904,smart_meter,send_encrypted_data,334439,0.369,7250.710,true,none,427
2025-12-12 18:05:47.878,smart_meter,send_encrypted_data,334483,2.249,1189.802,true,none,19
2025-12-12 18:05:47.904,smart_meter,send_encrypted_data,334430,0.350,7644.114,true,none,181
2025-12-12 18:05:47.904,smart_meter,send_encrypted_data,334157,0.368,7264.283,true,none,380
2025-12-12 18:05:47.905,smart_meter,send_encrypted_data,334391,0.389,6876.936,true,none,55
2025-12-12 18:05:47.906,smart_meter,send_encrypted_data,334530,0.344,7779.767,true,none,233
2025-12-12 18:05:47.906,smart_meter,send_encrypted_data,334363,0.390,6858.728,true,none,345
2025-12-12 18:05:47.907,smart_meter,send_encrypted_data,334250,0.339,7887.906,true,none,294
2025-12-12 18:05:47.907,smart_meter,send_encrypted_data,334313,1.094,2444.702,true,none,168
2025-12-12 18:05:47.908,smart_meter,send_encrypted_data,334428,0.340,7868.894,true,none,113
2025-12-12 18:05:47.908,smart_meter,send_encrypted_data,334188,0.346,7726.890,true,none,147
2025-12-12 18:05:47.909,smart_meter,send_encrypted_data,333348,7.915,336.928,true,none,243
2025-12-12 18:05:47.909,smart_meter,send_encrypted_data,334388,0.386,6930.321,true,none,161
2025-12-12 18:05:47.909,smart_meter,send_encrypted_data,334155,1.850,1444.995,true,none,93
2025-12-12 18:05:47.909,smart_meter,send_encrypted_data,334296,2.105,1270.484,true,none,30
2025-12-12 18:05:47.910,smart_meter,send_encrypted_data,334448,0.402,6655.682,true,none,399
2025-12-12 18:05:47.910,smart_meter,send_encrypted_data,334310,0.354,7555.028,true,none,260
2025-12-12 18:05:47.911,smart_meter,send_encrypted_data,334431,1.580,1693.322,true,none,119
2025-12-12 18:05:47.911,smart_meter,send_encrypted_data,334220,0.396,6751.919,true,none,208
2025-12-12 18:05:47.911,smart_meter,send_encrypted_data,334397,0.355,7535.707,true,none,256
2025-12-12 18:05:47.911,smart_meter,send_encrypted_data,334412,0.346,7732.069,true,none,393
2025-12-12 18:05:47.911,smart_meter,send_encrypted_data,334254,0.359,7448.557,true,none,54
2025-12-12 18:05:47.912,smart_meter,send_encrypted_data,334442,0.361,7411.457,true,none,35
2025-12-12 18:05:47.912,smart_meter,send_encrypted_data,334417,0.360,7431.489,true,none,358
2025-12-12 18:05:47.912,smart_meter,send_encrypted_data,334100,0.344,7769.767,true,none,22
2025-12-12 18:05:47.913,smart_meter,send_encrypted_data,334355,0.342,7821.170,true,none,264
2025-12-12 18:05:47.913,smart_meter,send_encrypted_data,334492,0.373,7174.091,true,none,77
2025-12-12 18:05:47.913,smart_meter,send_encrypted_data,334388,5.852,457.126,true,none,73
2025-12-12 18:05:47.913,smart_meter,send_encrypted_data,334330,0.358,7471.061,true,none,60
2025-12-12 18:05:47.913,smart_meter,send_encrypted_data,334391,7.568,353.479,true,none,120
2025-12-12 18:05:47.915,smart_meter,send_encrypted_data,334415,0.347,7709.856,true,none,368
2025-12-12 18:05:47.915,smart_meter,send_encrypted_data,334170,0.356,7509.438,true,none,133
2025-12-12 18:05:47.916,smart_meter,send_encrypted_data,334467,11.228,238.309,true,none,320
2025-12-12 18:05:47.916,smart_meter,send_encrypted_data,334168,0.354,7551.819,true,none,153
2025-12-12 18:05:47.917,smart_meter,send_encrypted_data,334204,0.335,7980.991,true,none,249
2025-12-12 18:05:47.917,smart_meter,send_encrypted_data,333418,0.396,6735.717,true,none,266
2025-12-12 18:05:47.917,smart_meter,send_encrypted_data,334435,7.709,347.059,true,none,5
2025-12-12 18:05:47.917,smart_meter,send_encrypted_data,334407,0.346,7731.954,true,none,425
2025-12-12 18:05:47.918,smart_meter,send_encrypted_data,334321,0.354,7555.277,true,none,10
2025-12-12 18:05:47.918,smart_meter,send_encrypted_data,333951,0.354,7546.915,true,none,240
2025-12-12 18:05:47.918,smart_meter,send_encrypted_data,334315,0.344,7774.767,true,none,108
2025-12-12 18:05:47.918,smart_meter,send_encrypted_data,334054,0.346,7723.792,true,none,314
2025-12-12 18:05:47.919,smart_meter,send_encrypted_data,334490,0.379,7060.475,true,none,253
2025-12-12 18:05:47.919,smart_meter,send_encrypted_data,334369,0.363,7369.014,true,none,304
2025-12-12 18:05:47.920,smart_meter,send_encrypted_data,334273,7.507,356.225,true,none,51
2025-12-12 18:05:47.921,smart_meter,send_encrypted_data,334485,0.411,6510.657,true,none,40
2025-12-12 18:05:47.921,smart_meter,send_encrypted_data,334385,7.451,359.023,true,none,342
2025-12-12 18:05:47.921,smart_meter,send_encrypted_data,334270,0.363,7366.832,true,none,24
2025-12-12 18:05:47.922,smart_meter,send_encrypted_data,334167,6.123,436.606,true,none,111
2025-12-12 18:05:47.922,smart_meter,send_encrypted_data,334188,0.352,7595.182,true,none,7
2025-12-12 18:05:47.922,smart_meter,send_encrypted_data,333898,6.794,393.168,true,none,362
2025-12-12 18:05:47.922,smart_meter,send_encrypted_data,334493,0.348,7689.494,true,none,48
2025-12-12 18:05:47.923,smart_meter,send_encrypted_data,334315,0.369,7248.022,true,none,56
2025-12-12 18:05:47.923,smart_meter,send_encrypted_data,334106,6.145,434.963,true,none,244
2025-12-12 18:05:47.923,smart_meter,send_encrypted_data,334342,0.383,6983.645,true,none,306
2025-12-12 18:05:47.923,smart_meter,send_encrypted_data,334513,8.146,328.518,true,none,212
2025-12-12 18:05:47.923,smart_meter,send_encrypted_data,334401,7.340,364.470,true,none,89
2025-12-12 18:05:47.923,smart_meter,send_encrypted_data,334298,0.411,6507.017,true,none,62
2025-12-12 18:05:47.923,smart_meter,send_encrypted_data,334138,0.379,7053.045,true,none,75
2025-12-12 18:05:47.924,smart_meter,send_encrypted_data,334264,4.618,579.063,true,none,385
2025-12-12 18:05:47.924,smart_meter,send_encrypted_data,334169,0.406,6584.611,true,none,165
2025-12-12 18:05:47.924,smart_meter,send_encrypted_data,334391,0.406,6588.985,true,none,257
2025-12-12 18:05:47.924,smart_meter,send_encrypted_data,333313,0.362,7366.033,true,none,339
2025-12-12 18:05:47.925,smart_meter,send_encrypted_data,334457,0.362,7391.315,true,none,8
2025-12-12 18:05:47.925,smart_meter,send_encrypted_data,334202,0.354,7552.588,true,none,37
2025-12-12 18:05:47.926,smart_meter,send_encrypted_data,334130,20.962,127.518,true,none,13
2025-12-12 18:05:47.926,smart_meter,send_encrypted_data,334474,0.365,7330.937,true,none,116
2025-12-12 18:05:47.925,smart_meter,send_encrypted_data,334336,9.336,286.492,true,none,346
2025-12-12 18:05:47.927,smart_meter,send_encrypted_data,334276,0.394,6787.330,true,none,411
2025-12-12 18:05:47.927,smart_meter,send_encrypted_data,334419,8.647,309.397,true,none,239
2025-12-12 18:05:47.927,smart_meter,send_encrypted_data,333415,0.337,7914.896,true,none,156
2025-12-12 18:05:47.927,smart_meter,send_encrypted_data,334188,1.710,1563.453,true,none,389
2025-12-12 18:05:47.928,smart_meter,send_encrypted_data,334144,8.462,315.901,true,none,288
2025-12-12 18:05:47.928,smart_meter,send_encrypted_data,334490,2.892,925.284,true,none,3
2025-12-12 18:05:47.928,smart_meter,send_encrypted_data,334528,0.374,7155.679,true,none,121
2025-12-12 18:05:47.928,smart_meter,send_encrypted_data,334203,0.384,6962.562,true,none,333
2025-12-12 18:05:47.929,smart_meter,send_encrypted_data,334305,9.068,294.932,true,none,158
2025-12-12 18:05:47.929,smart_meter,send_encrypted_data,334363,0.369,7249.062,true,none,171
2025-12-12 18:05:47.930,smart_meter,send_encrypted_data,334373,0.332,8057.181,true,none,2
2025-12-12 18:05:47.930,smart_meter,send_encrypted_data,334368,0.401,6670.683,true,none,52
2025-12-12 18:05:47.930,smart_meter,send_encrypted_data,334454,0.368,7270.739,true,none,413
2025-12-12 18:05:47.931,smart_meter,send_encrypted_data,334276,0.354,7554.260,true,none,203
2025-12-12 18:05:47.931,smart_meter,send_encrypted_data,334157,1.670,1600.752,true,none,387
2025-12-12 18:05:47.931,smart_meter,send_encrypted_data,334143,0.381,7016.126,true,none,271
2025-12-12 18:05:47.931,smart_meter,send_encrypted_data,333950,5.602,476.901,true,none,159
2025-12-12 18:05:47.932,smart_meter,send_encrypted_data,334486,0.351,7623.613,true,none,25
2025-12-12 18:05:47.932,smart_meter,send_encrypted_data,334461,0.426,6280.958,true,none,201
2025-12-12 18:05:47.933,smart_meter,send_encrypted_data,334475,6.893,388.191,true,none,281
2025-12-12 18:05:47.933,smart_meter,send_encrypted_data,334035,0.353,7570.198,true,none,268
2025-12-12 18:05:47.933,smart_meter,send_encrypted_data,334375,0.349,7664.756,true,none,479
2025-12-12 18:05:47.934,smart_meter,send_encrypted_data,334388,0.349,7665.054,true,none,117
2025-12-12 18:05:47.934,smart_meter,send_encrypted_data,334338,24.809,107.812,true,none,344
2025-12-12 18:05:47.934,smart_meter,send_encrypted_data,334449,1.757,1522.818,true,none,223
2025-12-12 18:05:47.934,smart_meter,send_encrypted_data,334515,0.338,7917.515,true,none,336
2025-12-12 18:05:47.879,smart_meter,send_encrypted_data,334440,0.362,7390.939,true,none,43
2025-12-12 18:05:47.935,smart_meter,send_encrypted_data,334238,1.548,1727.328,true,none,76
2025-12-12 18:05:47.935,smart_meter,send_encrypted_data,334307,0.415,6444.472,true,none,23
2025-12-12 18:05:47.935,smart_meter,send_encrypted_data,334353,0.390,6858.523,true,none,375
2025-12-12 18:05:47.936,smart_meter,send_encrypted_data,334066,0.335,7977.696,true,none,224
2025-12-12 18:05:47.936,smart_meter,send_encrypted_data,334471,0.356,7516.202,true,none,217
2025-12-12 18:05:47.936,smart_meter,send_encrypted_data,334050,3.244,823.798,true,none,59
2025-12-12 18:05:47.935,smart_meter,send_encrypted_data,334414,15.599,171.505,true,none,383
2025-12-12 18:05:47.936,smart_meter,send_encrypted_data,334394,0.358,7472.492,true,none,330
2025-12-12 18:05:47.937,smart_meter,send_encrypted_data,333972,0.354,7547.390,true,none,15
2025-12-12 18:05:47.937,smart_meter,send_encrypted_data,333927,0.350,7632.617,true,none,229
2025-12-12 18:05:47.938,smart_meter,send_encrypted_data,334417,0.372,7191.763,true,none,209
2025-12-12 18:05:47.938,smart_meter,send_encrypted_data,334168,0.399,6700.110,true,none,282
2025-12-12 18:05:47.939,smart_meter,send_encrypted_data,334455,0.363,7370.909,true,none,355
2025-12-12 18:05:47.939,smart_meter,send_encrypted_data,334312,0.385,6946.743,true,none,199
2025-12-12 18:05:47.939,smart_meter,send_encrypted_data,334398,0.370,7230.227,true,none,109
2025-12-12 18:05:47.940,smart_meter,send_encrypted_data,334252,0.357,7490.241,true,none,390
2025-12-12 18:05:47.940,smart_meter,send_encrypted_data,334446,0.363,7370.711,true,none,325
2025-12-12 18:05:47.940,smart_meter,send_encrypted_data,334438,0.370,7231.092,true,none,142
2025-12-12 18:05:47.940,smart_meter,send_encrypted_data,334341,0.381,7020.283,true,none,412
2025-12-12 18:05:47.941,smart_meter,send_encrypted_data,334413,0.357,7493.849,true,none,352
2025-12-12 18:05:47.941,smart_meter,send_encrypted_data,334398,0.346,7731.746,true,none,188
2025-12-12 18:05:47.942,smart_meter,send_encrypted_data,334421,0.347,7709.994,true,none,480
2025-12-12 18:05:47.942,smart_meter,send_encrypted_data,334397,0.368,7269.500,true,none,410
2025-12-12 18:05:47.942,smart_meter,send_encrypted_data,334218,0.367,7285.406,true,none,247
2025-12-12 18:05:47.942,smart_meter,send_encrypted_data,334470,0.360,7432.667,true,none,140
2025-12-12 18:05:47.943,smart_meter,send_encrypted_data,334373,0.407,6572.442,true,none,255
2025-12-12 18:05:47.943,smart_meter,send_encrypted_data,334416,0.381,7021.858,true,none,90
2025-12-12 18:05:47.943,smart_meter,send_encrypted_data,334311,0.398,6719.819,true,none,172
2025-12-12 18:05:47.943,smart_meter,send_encrypted_data,333792,0.370,7217.124,true,none,227
2025-12-12 18:05:47.943,smart_meter,send_encrypted_data,334437,0.410,6525.600,true,none,323
2025-12-12 18:05:47.944,smart_meter,send_encrypted_data,334294,0.345,7751.745,true,none,446
2025-12-12 18:05:47.950,smart_meter,send_encrypted_data,334453,3.397,787.643,true,none,218
2025-12-12 18:05:47.951,smart_meter,send_encrypted_data,334229,1.958,1365.593,true,none,118
2025-12-12 18:05:47.951,smart_meter,send_encrypted_data,334245,3.241,825.042,true,none,136
2025-12-12 18:05:47.879,smart_meter,send_encrypted_data,334141,0.403,6633.072,true,none,125
2025-12-12 18:05:47.951,smart_meter,send_encrypted_data,334272,5.123,521.994,true,none,20
2025-12-12 18:05:47.951,smart_meter,send_encrypted_data,334246,0.378,7073.989,true,none,335
2025-12-12 18:05:47.952,smart_meter,send_encrypted_data,334257,0.363,7366.545,true,none,405
2025-12-12 18:05:47.952,smart_meter,send_encrypted_data,333839,1.593,1676.530,true,none,354
2025-12-12 18:05:47.953,smart_meter,send_encrypted_data,334263,0.389,6874.303,true,none,176
2025-12-12 18:05:47.953,smart_meter,send_encrypted_data,334445,0.382,7004.084,true,none,49
2025-12-12 18:05:47.953,smart_meter,send_encrypted_data,334257,1.347,1985.194,true,none,384
2025-12-12 18:05:47.953,smart_meter,send_encrypted_data,334469,0.347,7711.101,true,none,250
2025-12-12 18:05:47.953,smart_meter,send_encrypted_data,334173,0.687,3891.389,true,none,205
2025-12-12 18:05:47.954,smart_meter,send_encrypted_data,334181,0.359,7446.930,true,none,103
2025-12-12 18:05:47.954,smart_meter,send_encrypted_data,334305,3.407,784.984,true,none,386
2025-12-12 18:05:47.954,smart_meter,send_encrypted_data,334334,0.340,7866.682,true,none,287
2025-12-12 18:05:47.954,smart_meter,send_encrypted_data,334003,0.343,7790.157,true,none,334
2025-12-12 18:05:47.955,smart_meter,send_encrypted_data,333880,5.006,533.568,true,none,270
2025-12-12 18:05:47.955,smart_meter,send_encrypted_data,334305,3.916,682.952,true,none,486
2025-12-12 18:05:47.955,smart_meter,send_encrypted_data,334490,0.343,7801.516,true,none,126
2025-12-12 18:05:47.955,smart_meter,send_encrypted_data,334351,0.344,7775.605,true,none,395
2025-12-12 18:05:47.955,smart_meter,send_encrypted_data,334325,0.358,7470.950,true,none,58
2025-12-12 18:05:47.956,smart_meter,send_encrypted_data,334039,0.353,7570.289,true,none,299
2025-12-12 18:05:47.956,smart_meter,send_encrypted_data,334109,0.352,7593.386,true,none,262
2025-12-12 18:05:47.957,smart_meter,send_encrypted_data,334341,0.342,7820.842,true,none,207
2025-12-12 18:05:47.957,smart_meter,send_encrypted_data,334336,0.348,7685.885,true,none,87
2025-12-12 18:05:47.957,smart_meter,send_encrypted_data,334301,0.346,7729.503,true,none,402
2025-12-12 18:05:47.957,smart_meter,send_encrypted_data,334492,0.341,7847.320,true,none,307
2025-12-12 18:05:47.957,smart_meter,send_encrypted_data,334161,0.384,6961.688,true,none,155
2025-12-12 18:05:47.958,smart_meter,send_encrypted_data,334419,0.362,7390.475,true,none,65
2025-12-12 18:05:47.958,smart_meter,send_encrypted_data,334356,2.539,1053.505,true,none,192
2025-12-12 18:05:47.958,smart_meter,send_encrypted_data,334325,0.345,7752.464,true,none,29
2025-12-12 18:05:47.959,smart_meter,send_encrypted_data,334406,0.348,7687.494,true,none,200
2025-12-12 18:05:47.959,smart_meter,send_encrypted_data,334358,5.537,483.089,true,none,193
2025-12-12 18:05:47.959,smart_meter,send_encrypted_data,334468,4.338,616.815,true,none,451
2025-12-12 18:05:47.960,smart_meter,send_encrypted_data,334415,0.367,7289.700,true,none,332
2025-12-12 18:05:47.961,smart_meter,send_encrypted_data,334120,1.506,1774.874,true,none,466
2025-12-12 18:05:47.961,smart_meter,send_encrypted_data,334392,0.363,7369.521,true,none,290
2025-12-12 18:05:47.961,smart_meter,send_encrypted_data,334357,19.172,139.519,true,none,472
2025-12-12 18:05:47.962,smart_meter,send_encrypted_data,334459,0.536,4991.925,true,none,382
2025-12-12 18:05:47.963,smart_meter,send_encrypted_data,333656,0.337,7920.617,true,none,406
2025-12-12 18:05:47.963,smart_meter,send_encrypted_data,334452,0.363,7370.843,true,none,379
2025-12-12 18:05:47.963,smart_meter,send_encrypted_data,334172,0.383,6980.094,true,none,252
2025-12-12 18:05:47.963,smart_meter,send_encrypted_data,334429,1.910,1400.750,true,none,251
2025-12-12 18:05:47.964,smart_meter,send_encrypted_data,334250,0.381,7018.373,true,none,297
2025-12-12 18:05:47.964,smart_meter,send_encrypted_data,334430,0.412,6493.786,true,none,392
2025-12-12 18:05:47.965,smart_meter,send_encrypted_data,334213,0.332,8053.325,true,none,319
2025-12-12 18:05:47.965,smart_meter,send_encrypted_data,334315,0.423,6322.742,true,none,400
2025-12-12 18:05:47.965,smart_meter,send_encrypted_data,334307,0.350,7641.303,true,none,437
2025-12-12 18:05:47.966,smart_meter,send_encrypted_data,334374,0.365,7328.745,true,none,460
2025-12-12 18:05:47.966,smart_meter,send_encrypted_data,334330,0.377,7094.536,true,none,341
2025-12-12 18:05:47.966,smart_meter,send_encrypted_data,334089,0.390,6853.108,true,none,436
2025-12-12 18:05:47.967,smart_meter,send_encrypted_data,334366,1.035,2584.471,true,none,373
2025-12-12 18:05:47.967,smart_meter,send_encrypted_data,334455,3.199,836.399,true,none,418
2025-12-12 18:05:47.967,smart_meter,send_encrypted_data,334165,0.348,7681.954,true,none,438
2025-12-12 18:05:47.967,smart_meter,send_encrypted_data,333972,0.356,7504.989,true,none,164
2025-12-12 18:05:47.968,smart_meter,send_encrypted_data,334380,4.841,552.580,true,none,455
2025-12-12 18:05:47.968,smart_meter,send_encrypted_data,334224,0.377,7092.286,true,none,309
2025-12-12 18:05:47.968,smart_meter,send_encrypted_data,334361,0.377,7095.194,true,none,292
2025-12-12 18:05:47.968,smart_meter,send_encrypted_data,334429,0.342,7822.901,true,none,457
2025-12-12 18:05:47.969,smart_meter,send_encrypted_data,334146,17.550,152.317,true,none,213
2025-12-12 18:05:47.969,smart_meter,send_encrypted_data,334370,0.372,7190.753,true,none,463
2025-12-12 18:05:47.969,smart_meter,send_encrypted_data,334267,0.367,7286.474,true,none,487
2025-12-12 18:05:47.970,smart_meter,send_encrypted_data,334348,0.365,7328.175,true,none,141
2025-12-12 18:05:47.970,smart_meter,send_encrypted_data,334110,0.348,7680.690,true,none,488
2025-12-12 18:05:47.970,smart_meter,send_encrypted_data,334384,0.375,7133.525,true,none,277
2025-12-12 18:05:47.971,smart_meter,send_encrypted_data,334452,0.343,7800.630,true,none,278
2025-12-12 18:05:47.971,smart_meter,send_encrypted_data,334342,0.359,7450.518,true,none,470
2025-12-12 18:05:47.971,smart_meter,send_encrypted_data,334465,0.358,7474.078,true,none,491
2025-12-12 18:05:47.971,smart_meter,send_encrypted_data,334229,0.348,7683.425,true,none,302
2025-12-12 18:05:47.972,smart_meter,send_encrypted_data,334557,5.401,495.548,true,none,432
2025-12-12 18:05:47.972,smart_meter,send_encrypted_data,333969,0.353,7568.703,true,none,433
2025-12-12 18:05:47.973,smart_meter,send_encrypted_data,334324,8.203,326.050,true,none,453
2025-12-12 18:05:47.973,smart_meter,send_encrypted_data,334233,7.932,337.098,true,none,434
2025-12-12 18:05:47.973,smart_meter,send_encrypted_data,334202,3.491,765.860,true,none,467
2025-12-12 18:05:47.973,smart_meter,send_encrypted_data,334320,11.454,233.504,true,none,482
2025-12-12 18:05:47.974,smart_meter,send_encrypted_data,334258,8.039,332.636,true,none,452
2025-12-12 18:05:47.974,smart_meter,send_encrypted_data,334124,6.774,394.596,true,none,458
2025-12-12 18:05:47.974,smart_meter,send_encrypted_data,333627,0.361,7393.396,true,none,296
2025-12-12 18:05:47.974,smart_meter,send_encrypted_data,334450,0.354,7558.192,true,none,474
2025-12-12 18:05:47.975,smart_meter,send_encrypted_data,333369,2.323,1148.064,true,none,485
2025-12-12 18:05:47.975,smart_meter,send_encrypted_data,334326,2.463,1085.915,true,none,236
2025-12-12 18:05:47.975,smart_meter,send_encrypted_data,334435,0.344,7777.558,true,none,496
2025-12-12 18:05:47.976,smart_meter,send_encrypted_data,334104,4.325,617.996,true,none,490
2025-12-12 18:05:47.976,smart_meter,send_encrypted_data,334368,0.315,8491.886,true,none,493
2025-12-12 18:05:47.976,smart_meter,send_encrypted_data,334475,11.937,224.160,true,none,47
2025-12-12 18:05:47.976,smart_meter,send_encrypted_data,334358,32.454,82.420,true,none,71
2025-12-12 18:05:47.976,smart_meter,send_encrypted_data,334131,0.344,7770.488,true,none,492
2025-12-12 18:05:47.976,smart_meter,send_encrypted_data,334462,0.362,7391.425,true,none,365
2025-12-12 18:05:47.977,smart_meter,send_encrypted_data,334410,30.539,87.602,true,none,175
2025-12-12 18:05:47.879,smart_meter,send_encrypted_data,334406,0.335,7985.815,true,none,114
2025-12-12 18:05:47.977,smart_meter,send_encrypted_data,334488,2.663,1004.846,true,none,416
2025-12-12 18:05:47.978,smart_meter,send_encrypted_data,334212,37.205,71.864,true,none,361
2025-12-12 18:05:47.978,smart_meter,send_encrypted_data,334204,10.831,246.850,true,none,284
2025-12-12 18:05:47.979,smart_meter,send_encrypted_data,334203,0.345,7749.635,true,none,338
2025-12-12 18:05:47.979,smart_meter,send_encrypted_data,334474,0.361,7412.166,true,none,267
2025-12-12 18:05:47.980,smart_meter,send_encrypted_data,334339,0.383,6983.582,true,none,498
2025-12-12 18:05:47.980,smart_meter,send_encrypted_data,334143,0.372,7185.871,true,none,254
2025-12-12 18:05:47.980,smart_meter,send_encrypted_data,334091,0.385,6942.151,true,none,431
2025-12-12 18:05:47.981,smart_meter,send_encrypted_data,334290,7.274,367.655,true,none,273
2025-12-12 18:05:47.981,smart_meter,send_encrypted_data,334066,0.379,7051.525,true,none,391
2025-12-12 18:05:47.981,smart_meter,send_encrypted_data,334124,7.500,356.399,true,none,494
2025-12-12 18:05:47.981,smart_meter,send_encrypted_data,334291,7.274,367.656,true,none,471
2025-12-12 18:05:47.982,smart_meter,send_encrypted_data,334467,0.523,5116.130,true,none,265
2025-12-12 18:05:47.983,smart_meter,send_encrypted_data,333869,2.042,1308.008,true,none,430
2025-12-12 18:05:47.980,smart_meter,send_encrypted_data,334379,4.568,585.602,true,none,497
2025-12-12 18:05:47.984,smart_meter,send_encrypted_data,334509,0.339,7894.018,true,none,150
2025-12-12 18:05:47.880,smart_meter,send_encrypted_data,334440,0.344,7777.674,true,none,146
2025-12-12 18:05:47.984,smart_meter,send_encrypted_data,334409,0.404,6621.960,true,none,279
2025-12-12 18:05:47.984,smart_meter,send_encrypted_data,334284,0.340,7865.506,true,none,495
2025-12-12 18:05:47.984,smart_meter,send_encrypted_data,334107,6.246,427.931,true,none,275
2025-12-12 18:05:47.985,smart_meter,send_encrypted_data,334398,4.501,594.353,true,none,478
2025-12-12 18:05:47.985,smart_meter,send_encrypted_data,334419,3.946,677.991,true,none,356
2025-12-12 18:05:47.985,smart_meter,send_encrypted_data,334368,1.315,2034.178,true,none,499
2025-12-12 18:05:47.911,smart_meter,send_encrypted_data,334109,3.529,757.402,true,none,381
2025-12-12 18:05:47.986,smart_meter,send_encrypted_data,334232,1.416,1888.316,true,none,190
2025-12-12 18:05:47.986,smart_meter,send_encrypted_data,334379,2.365,1131.092,true,none,444
2025-12-12 18:05:47.986,smart_meter,send_encrypted_data,334333,0.358,7471.128,true,none,211
2025-12-12 18:05:47.987,smart_meter,send_encrypted_data,334317,0.372,7189.613,true,none,351
2025-12-12 18:05:47.987,smart_meter,send_encrypted_data,334312,0.351,7619.647,true,none,123
2025-12-12 18:05:47.987,smart_meter,send_encrypted_data,334147,2.030,1316.835,true,none,204
2025-12-12 18:05:47.988,smart_meter,send_encrypted_data,334328,0.393,6805.659,true,none,184
2025-12-12 18:05:47.988,smart_meter,send_encrypted_data,334310,0.341,7843.050,true,none,130
2025-12-12 18:05:47.989,smart_meter,send_encrypted_data,334469,0.336,7963.548,true,none,234
2025-12-12 18:05:47.990,smart_meter,send_encrypted_data,334098,0.328,8148.732,true,none,135
2025-12-12 18:05:47.990,smart_meter,send_encrypted_data,334278,3.649,732.865,true,none,100
2025-12-12 18:05:47.990,smart_meter,send_encrypted_data,334306,2.478,1079.277,true,none,80
2025-12-12 18:05:47.990,smart_meter,send_encrypted_data,334017,0.333,8024.432,true,none,107
2025-12-12 18:05:47.991,smart_meter,send_encrypted_data,334481,0.387,6914.336,true,none,321
2025-12-12 18:05:47.991,smart_meter,send_encrypted_data,334011,3.640,734.090,true,none,445
2025-12-12 18:05:47.992,smart_meter,send_encrypted_data,334226,1.081,2473.458,true,none,360
2025-12-12 18:05:47.992,smart_meter,send_encrypted_data,333819,0.375,7121.472,true,none,238
2025-12-12 18:05:47.992,smart_meter,send_encrypted_data,333960,0.363,7360.000,true,none,359
2025-12-12 18:05:47.993,smart_meter,send_encrypted_data,334203,4.537,589.293,true,none,215
2025-12-12 18:05:47.993,smart_meter,send_encrypted_data,334318,0.422,6337.782,true,none,329
2025-12-12 18:05:47.994,smart_meter,send_encrypted_data,334118,8.995,297.159,true,none,178
2025-12-12 18:05:47.994,smart_meter,send_encrypted_data,334327,0.340,7866.518,true,none,326
2025-12-12 18:05:47.994,smart_meter,send_encrypted_data,334322,0.356,7512.854,true,none,242
2025-12-12 18:05:47.992,smart_meter,send_encrypted_data,334319,3.261,820.163,true,none,97
2025-12-12 18:05:47.995,smart_meter,send_encrypted_data,334294,3.123,856.341,true,none,18
2025-12-12 18:05:47.995,smart_meter,send_encrypted_data,334449,0.375,7134.912,true,none,324
2025-12-12 18:05:47.995,smart_meter,send_encrypted_data,334298,4.435,603.018,true,none,366
2025-12-12 18:05:47.996,smart_meter,send_encrypted_data,334249,0.378,7074.053,true,none,127
2025-12-12 18:05:47.996,smart_meter,send_encrypted_data,334426,0.332,8058.458,true,none,367
2025-12-12 18:05:48.001,smart_meter,send_encrypted_data,334369,1.082,2472.229,true,none,258
2025-12-12 18:05:48.002,smart_meter,send_encrypted_data,334306,0.347,7707.343,true,none,414
2025-12-12 18:05:48.002,smart_meter,send_encrypted_data,333775,1.133,2356.752,true,none,424
2025-12-12 18:05:48.003,smart_meter,send_encrypted_data,334372,0.914,2926.670,true,none,376
2025-12-12 18:05:48.005,smart_meter,send_encrypted_data,334364,7.822,341.973,true,none,331
2025-12-12 18:05:48.007,smart_meter,send_encrypted_data,334479,12.647,211.578,true,none,311
2025-12-12 18:05:48.008,smart_meter,send_encrypted_data,334166,0.340,7862.729,true,none,423
2025-12-12 18:05:48.009,smart_meter,send_encrypted_data,334430,5.507,485.825,true,none,422
2025-12-12 18:05:48.010,smart_meter,send_encrypted_data,334494,0.933,2868.116,true,none,420
2025-12-12 18:05:48.010,smart_meter,send_encrypted_data,334155,2.211,1209.064,true,none,145
2025-12-12 18:05:48.012,smart_meter,send_encrypted_data,334104,0.369,7243.447,true,none,183
2025-12-12 18:05:48.013,smart_meter,send_encrypted_data,334436,0.394,6790.579,true,none,398
2025-12-12 18:05:48.014,smart_meter,send_encrypted_data,334399,0.335,7985.648,true,none,442
2025-12-12 18:05:48.014,smart_meter,send_encrypted_data,334196,0.332,8052.916,true,none,461
2025-12-12 18:05:48.015,smart_meter,send_encrypted_data,334455,1.426,1876.325,true,none,439
2025-12-12 18:05:47.913,smart_meter,send_encrypted_data,334445,0.372,7192.366,true,none,95
2025-12-12 18:05:48.015,smart_meter,send_encrypted_data,334438,10.691,250.258,true,none,370
2025-12-12 18:05:48.018,smart_meter,send_encrypted_data,334481,0.346,7733.665,true,none,401
2025-12-12 18:05:48.018,smart_meter,send_encrypted_data,334307,0.852,3139.033,true,none,440
2025-12-12 18:05:47.914,smart_meter,send_encrypted_data,334334,0.407,6571.676,true,none,112
2025-12-12 18:05:47.944,smart_meter,send_encrypted_data,334194,0.348,7682.621,true,none,443
2025-12-12 18:05:47.944,smart_meter,send_encrypted_data,334438,0.345,7755.084,true,none,202
2025-12-12 18:05:47.945,smart_meter,send_encrypted_data,334077,0.356,7507.348,true,none,197
2025-12-12 18:05:47.945,smart_meter,send_encrypted_data,334160,0.342,7816.608,true,none,78
2025-12-12 18:05:47.945,smart_meter,send_encrypted_data,334404,0.381,7021.606,true,none,11
2025-12-12 18:05:47.945,smart_meter,send_encrypted_data,334001,0.390,6851.303,true,none,371
2025-12-12 18:05:48.022,smart_meter,send_encrypted_data,334320,0.599,4465.042,true,none,404
2025-12-12 18:05:47.946,smart_meter,send_encrypted_data,334465,0.356,7516.067,true,none,39
2025-12-12 18:05:47.946,smart_meter,send_encrypted_data,333998,0.371,7202.113,true,none,274
2025-12-12 18:05:47.946,smart_meter,send_encrypted_data,334294,12.183,219.515,true,none,72
2025-12-12 18:05:47.946,smart_meter,send_encrypted_data,334547,5.211,513.601,true,none,129
2025-12-12 18:05:47.946,smart_meter,send_encrypted_data,334322,0.364,7347.736,true,none,220
2025-12-12 18:05:47.928,smart_meter,send_encrypted_data,333502,1.008,2646.841,true,none,167
2025-12-12 18:05:47.946,smart_meter,send_encrypted_data,334279,0.352,7597.250,true,none,32
2025-12-12 18:05:47.946,smart_meter,send_encrypted_data,334006,1.083,2467.265,true,none,219
2025-12-12 18:05:47.947,smart_meter,send_encrypted_data,334139,3.088,865.645,true,none,347
2025-12-12 18:05:47.947,smart_meter,send_encrypted_data,334461,0.374,7154.246,true,none,41
2025-12-12 18:05:47.947,smart_meter,send_encrypted_data,334366,0.376,7114.170,true,none,357
2025-12-12 18:05:47.947,smart_meter,send_encrypted_data,334367,3.760,711.419,true,none,318
2025-12-12 18:05:48.026,smart_meter,send_encrypted_data,334391,0.428,6250.299,true,none,417
2025-12-12 18:05:48.027,smart_meter,send_encrypted_data,334527,0.330,8109.745,true,none,448
2025-12-12 18:05:47.948,smart_meter,send_encrypted_data,334319,0.367,7287.608,true,none,349
2025-12-12 18:05:48.029,smart_meter,send_encrypted_data,334077,0.358,7465.408,true,none,456
2025-12-12 18:05:48.029,smart_meter,send_encrypted_data,334321,0.388,6893.216,true,none,464
2025-12-12 18:05:48.029,smart_meter,send_encrypted_data,334184,0.680,3931.576,true,none,408
2025-12-12 18:05:47.948,smart_meter,send_encrypted_data,334311,0.356,7512.607,true,none,42
2025-12-12 18:05:47.948,smart_meter,send_encrypted_data,334107,8.678,308.004,true,none,64
2025-12-12 18:05:48.030,smart_meter,send_encrypted_data,334207,0.336,7957.310,true,none,441
2025-12-12 18:05:48.032,smart_meter,send_encrypted_data,334409,0.350,7643.634,true,none,303
2025-12-12 18:05:47.948,smart_meter,send_encrypted_data,334420,0.351,7622.108,true,none,57
2025-12-12 18:05:47.949,smart_meter,send_encrypted_data,334246,0.347,7705.960,true,none,394
2025-12-12 18:05:47.949,smart_meter,send_encrypted_data,334478,0.359,7453.549,true,none,228
2025-12-12 18:05:47.949,smart_meter,send_encrypted_data,334455,0.375,7135.040,true,none,295
2025-12-12 18:05:47.949,smart_meter,send_encrypted_data,334116,8.387,318.699,true,none,67
2025-12-12 18:05:47.950,smart_meter,send_encrypted_data,334357,8.424,317.528,true,none,53
2025-12-12 18:05:47.950,smart_meter,send_encrypted_data,334270,0.355,7532.845,true,none,33
2025-12-12 18:05:48.033,smart_meter,send_encrypted_data,334298,0.351,7619.328,true,none,291
2025-12-12 18:05:48.033,smart_meter,send_encrypted_data,334369,0.381,7020.871,true,none,157
2025-12-12 18:05:47.950,smart_meter,send_encrypted_data,334344,2.693,993.224,true,none,88
2025-12-12 18:05:48.034,smart_meter,send_encrypted_data,334375,0.751,3561.917,true,none,459
2025-12-12 18:05:48.034,smart_meter,send_encrypted_data,334473,0.405,6606.874,true,none,435
2025-12-12 18:05:48.034,smart_meter,send_encrypted_data,334353,0.378,7076.254,true,none,449
2025-12-12 18:05:47.950,smart_meter,send_encrypted_data,334397,5.664,472.312,true,none,102
2025-12-12 18:05:48.036,smart_meter,send_encrypted_data,334432,0.337,7939.039,true,none,163
2025-12-12 18:05:48.037,smart_meter,send_encrypted_data,334025,1.005,2658.905,true,none,419
2025-12-12 18:05:48.036,smart_meter,send_encrypted_data,334477,0.350,7645.189,true,none,280
2025-12-12 18:05:48.038,smart_meter,send_encrypted_data,334319,0.424,6307.906,true,none,489
2025-12-12 18:05:48.038,smart_meter,send_encrypted_data,334364,1.706,1567.944,true,none,465
2025-12-12 18:05:48.039,smart_meter,send_encrypted_data,334095,1.265,2112.854,true,none,272
2025-12-12 18:05:48.039,smart_meter,send_encrypted_data,334443,1.959,1365.770,true,none,276
2025-12-12 18:05:48.039,smart_meter,send_encrypted_data,334375,2.595,1030.829,true,none,484
2025-12-12 18:05:48.039,smart_meter,send_encrypted_data,334355,0.386,6929.637,true,none,343
2025-12-12 18:05:48.041,smart_meter,send_encrypted_data,334141,0.402,6649.572,true,none,475
2025-12-12 18:05:48.041,smart_meter,send_encrypted_data,334169,0.448,5967.304,true,none,477
2025-12-12 18:05:48.041,smart_meter,send_encrypted_data,334455,0.374,7154.118,true,none,285
2025-12-12 18:05:48.042,smart_meter,send_encrypted_data,334162,0.360,7425.822,true,none,473
2025-12-12 18:05:48.043,smart_meter,send_encrypted_data,334475,1.365,1960.293,true,none,286
2025-12-12 18:05:48.044,smart_meter,send_encrypted_data,333946,0.356,7504.404,true,none,403
2025-12-12 18:05:48.045,smart_meter,send_encrypted_data,333968,0.690,3872.093,true,none,500
2025-12-12 18:05:48.045,smart_meter,send_encrypted_data,334292,0.338,7912.237,true,none,180
2025-12-12 18:05:48.048,smart_meter,send_encrypted_data,334065,0.470,5686.213,true,none,231
2025-12-12 18:05:48.048,smart_meter,send_encrypted_data,334294,0.349,7662.900,true,none,364
2025-12-12 18:05:48.049,smart_meter,send_encrypted_data,334198,0.294,9093.823,true,none,377
2025-12-12 18:05:48.050,smart_meter,send_encrypted_data,334323,0.864,3095.583,true,none,327
2025-12-12 18:05:48.050,smart_meter,send_encrypted_data,334360,0.329,8130.334,true,none,372
2025-12-12 18:05:48.051,smart_meter,send_encrypted_data,334244,2.853,937.242,true,none,353
2025-12-12 18:05:48.052,smart_meter,send_encrypted_data,334355,0.335,7984.597,true,none,363
2025-12-12 18:05:48.053,smart_meter,send_encrypted_data,334327,3.482,768.126,true,none,235
2025-12-12 18:05:48.053,smart_meter,send_encrypted_data,333211,3.521,757.083,true,none,269
2025-12-12 18:05:48.057,smart_meter,send_encrypted_data,334309,2.181,1226.260,true,none,166
2025-12-12 18:05:48.058,smart_meter,send_encrypted_data,333736,0.786,3396.804,true,none,143
2025-12-12 18:05:48.060,smart_meter,send_encrypted_data,334297,0.442,6050.624,true,none,483
2025-12-12 18:05:48.060,smart_meter,send_encrypted_data,334436,0.359,7452.613,true,none,305
2025-12-12 18:05:48.061,smart_meter,send_encrypted_data,334350,0.350,7642.286,true,none,450
2025-12-12 18:05:48.062,smart_meter,send_encrypted_data,334334,0.520,5143.600,true,none,469
2025-12-12 18:05:48.062,smart_meter,send_encrypted_data,334383,0.363,7369.322,true,none,248
2025-12-12 18:05:48.063,smart_meter,send_encrypted_data,334350,0.360,7430.000,true,none,246
2025-12-12 18:05:48.063,smart_meter,send_encrypted_data,334498,0.443,6040.596,true,none,144
2025-12-12 18:05:48.065,smart_meter,send_encrypted_data,334223,0.984,2717.260,true,none,289
2025-12-12 18:05:48.066,smart_meter,send_encrypted_data,334350,0.339,7890.265,true,none,374
2025-12-12 18:05:48.069,smart_meter,send_encrypted_data,334358,0.523,5114.463,true,none,169
2025-12-12 18:05:48.070,smart_meter,send_encrypted_data,334374,0.514,5204.265,true,none,462
2025-12-12 18:05:48.071,smart_meter,send_encrypted_data,334304,0.723,3699.076,true,none,468
2025-12-12 18:05:48.072,smart_meter,send_encrypted_data,334419,0.365,7329.732,true,none,173
2025-12-12 18:05:48.072,smart_meter,send_encrypted_data,334379,0.422,6338.938,true,none,340
2025-12-12 18:05:48.072,smart_meter,send_encrypted_data,334131,0.348,7681.172,true,none,122
2025-12-12 18:05:48.073,smart_meter,send_encrypted_data,334279,0.396,6753.111,true,none,96
2025-12-12 18:05:48.074,smart_meter,send_encrypted_data,334181,0.385,6944.021,true,none,481
2025-12-12 18:05:48.076,smart_meter,send_encrypted_data,334119,0.361,7404.299,true,none,388
2025-12-12 18:05:48.076,smart_meter,send_encrypted_data,334226,0.366,7305.486,true,none,310
2025-12-12 18:05:48.077,smart_meter,send_encrypted_data,334205,1.390,1923.482,true,none,328
2025-12-12 18:05:48.077,smart_meter,send_encrypted_data,334387,0.328,8155.780,true,none,206
2025-12-12 18:05:48.079,smart_meter,send_encrypted_data,334340,0.338,7913.373,true,none,476
2025-12-12 18:05:48.080,smart_meter,send_encrypted_data,334417,0.585,4573.224,true,none,74
2025-12-12 18:05:48.080,smart_meter,send_encrypted_data,334371,0.390,6858.892,true,none,182
2025-12-12 18:05:48.081,smart_meter,send_encrypted_data,334117,3.403,785.465,true,none,70
2025-12-12 18:06:53.109,smart_meter,send_encrypted_data,334366,0.379,7057.858,true,none,12
2025-12-12 18:06:53.111,smart_meter,send_encrypted_data,334438,1.312,2039.256,true,none,29
2025-12-12 18:06:53.117,smart_meter,send_encrypted_data,334320,7.558,353.871,true,none,16
2025-12-12 18:06:53.120,smart_meter,send_encrypted_data,333984,0.349,7655.794,true,none,83
2025-12-12 18:06:53.120,smart_meter,send_encrypted_data,334120,0.415,6440.867,true,none,38
2025-12-12 18:06:53.120,smart_meter,send_encrypted_data,334353,0.349,7664.252,true,none,128
2025-12-12 18:06:53.122,smart_meter,send_encrypted_data,334416,0.363,7370.050,true,none,85
2025-12-12 18:06:53.124,smart_meter,send_encrypted_data,334412,0.365,7329.578,true,none,154
2025-12-12 18:06:53.125,smart_meter,send_encrypted_data,334203,0.362,7385.702,true,none,186
2025-12-12 18:06:53.126,smart_meter,send_encrypted_data,334371,0.762,3510.457,true,none,69
2025-12-12 18:06:53.126,smart_meter,send_encrypted_data,334145,0.367,7283.815,true,none,210
2025-12-12 18:06:53.126,smart_meter,send_encrypted_data,334092,2.960,902.951,true,none,1
2025-12-12 18:06:53.126,smart_meter,send_encrypted_data,334172,0.347,7704.254,true,none,9
2025-12-12 18:06:53.127,smart_meter,send_encrypted_data,334294,0.368,7267.261,true,none,204
2025-12-12 18:06:53.127,smart_meter,send_encrypted_data,334292,0.413,6475.390,true,none,17
2025-12-12 18:06:53.127,smart_meter,send_encrypted_data,334380,6.757,395.892,true,none,129
2025-12-12 18:06:53.128,smart_meter,send_encrypted_data,334416,0.342,7822.596,true,none,84
2025-12-12 18:06:53.128,smart_meter,send_encrypted_data,334205,0.439,6090.296,true,none,45
2025-12-12 18:06:53.129,smart_meter,send_encrypted_data,334414,0.366,7309.596,true,none,139
2025-12-12 18:06:53.129,smart_meter,send_encrypted_data,334086,0.364,7342.549,true,none,19
2025-12-12 18:06:53.130,smart_meter,send_encrypted_data,334401,4.609,580.431,true,none,91
2025-12-12 18:06:53.131,smart_meter,send_encrypted_data,334405,7.062,378.822,true,none,132
2025-12-12 18:06:53.132,smart_meter,send_encrypted_data,334022,1.659,1610.715,true,none,146
2025-12-12 18:06:53.133,smart_meter,send_encrypted_data,334428,0.364,7350.066,true,none,110
2025-12-12 18:06:53.133,smart_meter,send_encrypted_data,334056,0.393,6800.122,true,none,27
2025-12-12 18:06:53.133,smart_meter,send_encrypted_data,334190,0.377,7091.565,true,none,50
2025-12-12 18:06:53.134,smart_meter,send_encrypted_data,334332,0.378,7075.810,true,none,198
2025-12-12 18:06:53.134,smart_meter,send_encrypted_data,334414,0.423,6324.615,true,none,101
2025-12-12 18:06:53.134,smart_meter,send_encrypted_data,334437,0.423,6325.050,true,none,115
2025-12-12 18:06:53.134,smart_meter,send_encrypted_data,333333,0.379,7036.053,true,none,149
2025-12-12 18:06:53.135,smart_meter,send_encrypted_data,334502,0.368,7271.783,true,none,44
2025-12-12 18:06:53.136,smart_meter,send_encrypted_data,334169,0.596,4485.490,true,none,66
2025-12-12 18:06:53.136,smart_meter,send_encrypted_data,334240,0.353,7574.844,true,none,277
2025-12-12 18:06:53.137,smart_meter,send_encrypted_data,334376,0.364,7348.923,true,none,179
2025-12-12 18:06:53.137,smart_meter,send_encrypted_data,334380,0.394,6789.442,true,none,80
2025-12-12 18:06:53.137,smart_meter,send_encrypted_data,334416,0.385,6948.904,true,none,87
2025-12-12 18:06:53.138,smart_meter,send_encrypted_data,334242,0.365,7325.852,true,none,4
2025-12-12 18:06:53.139,smart_meter,send_encrypted_data,334133,0.362,7384.155,true,none,106
2025-12-12 18:06:53.134,smart_meter,send_encrypted_data,334326,0.894,2991.732,true,none,275
2025-12-12 18:06:53.139,smart_meter,send_encrypted_data,334281,0.377,7093.496,true,none,131
2025-12-12 18:06:53.137,smart_meter,send_encrypted_data,334360,2.380,1123.899,true,none,190
2025-12-12 18:06:53.140,smart_meter,send_encrypted_data,334410,0.348,7687.586,true,none,98
2025-12-12 18:06:53.141,smart_meter,send_encrypted_data,334206,0.380,7035.916,true,none,269
2025-12-12 18:06:53.141,smart_meter,send_encrypted_data,334444,0.386,6931.482,true,none,137
2025-12-12 18:06:53.141,smart_meter,send_encrypted_data,334019,0.380,7031.979,true,none,181
2025-12-12 18:06:53.141,smart_meter,send_encrypted_data,334429,5.333,501.675,true,none,258
2025-12-12 18:06:53.142,smart_meter,send_encrypted_data,334489,0.349,7667.370,true,none,68
2025-12-12 18:06:53.143,smart_meter,send_encrypted_data,334217,0.361,7406.471,true,none,162
2025-12-12 18:06:53.143,smart_meter,send_encrypted_data,334407,0.356,7514.764,true,none,164
2025-12-12 18:06:53.143,smart_meter,send_encrypted_data,334504,0.370,7232.519,true,none,34
2025-12-12 18:06:53.143,smart_meter,send_encrypted_data,334145,0.338,7908.757,true,none,114
2025-12-12 18:06:53.144,smart_meter,send_encrypted_data,334515,5.732,466.874,true,none,127
2025-12-12 18:06:53.144,smart_meter,send_encrypted_data,334485,0.372,7193.226,true,none,221
2025-12-12 18:06:53.144,smart_meter,send_encrypted_data,334436,0.629,4253.558,true,none,152
2025-12-12 18:06:53.144,smart_meter,send_encrypted_data,334413,0.345,7754.504,true,none,263
2025-12-12 18:06:53.145,smart_meter,send_encrypted_data,334390,0.371,7210.566,true,none,99
2025-12-12 18:06:53.146,smart_meter,send_encrypted_data,334410,0.343,7799.650,true,none,157
2025-12-12 18:06:53.146,smart_meter,send_encrypted_data,334258,0.362,7386.917,true,none,189
2025-12-12 18:06:53.147,smart_meter,send_encrypted_data,334147,0.340,7862.282,true,none,125
2025-12-12 18:06:53.148,smart_meter,send_encrypted_data,334385,0.361,7410.194,true,none,104
2025-12-12 18:06:53.148,smart_meter,send_encrypted_data,333949,0.366,7299.432,true,none,170
2025-12-12 18:06:53.148,smart_meter,send_encrypted_data,334356,0.471,5679.083,true,none,232
2025-12-12 18:06:53.148,smart_meter,send_encrypted_data,334272,0.355,7532.890,true,none,144
2025-12-12 18:06:53.149,smart_meter,send_encrypted_data,334378,0.378,7076.783,true,none,226
2025-12-12 18:06:53.149,smart_meter,send_encrypted_data,334377,0.371,7210.286,true,none,214
2025-12-12 18:06:53.150,smart_meter,send_encrypted_data,334144,16.973,157.494,true,none,169
2025-12-12 18:06:53.150,smart_meter,send_encrypted_data,334245,0.346,7728.208,true,none,134
2025-12-12 18:06:53.150,smart_meter,send_encrypted_data,334407,18.069,148.058,true,none,261
2025-12-12 18:06:53.152,smart_meter,send_encrypted_data,334072,7.058,378.659,true,none,230
2025-12-12 18:06:53.153,smart_meter,send_encrypted_data,334302,0.348,7685.103,true,none,86
2025-12-12 18:06:53.153,smart_meter,send_encrypted_data,334436,0.349,7666.155,true,none,273
2025-12-12 18:06:53.154,smart_meter,send_encrypted_data,334322,0.355,7534.017,true,none,206
2025-12-12 18:06:53.154,smart_meter,send_encrypted_data,334321,0.382,7001.487,true,none,245
2025-12-12 18:06:53.154,smart_meter,send_encrypted_data,334276,2.697,991.549,true,none,453
2025-12-12 18:06:53.154,smart_meter,send_encrypted_data,334395,0.347,7709.395,true,none,6
2025-12-12 18:06:53.155,smart_meter,send_encrypted_data,334291,0.424,6307.377,true,none,409
2025-12-12 18:06:53.155,smart_meter,send_encrypted_data,334184,0.360,7426.311,true,none,47
2025-12-12 18:06:53.156,smart_meter,send_encrypted_data,334261,0.356,7511.483,true,none,194
2025-12-12 18:06:53.156,smart_meter,send_encrypted_data,334398,0.372,7191.355,true,none,30
2025-12-12 18:06:53.156,smart_meter,send_encrypted_data,334286,0.350,7640.823,true,none,122
2025-12-12 18:06:53.156,smart_meter,send_encrypted_data,334466,0.618,4329.657,true,none,415
2025-12-12 18:06:53.157,smart_meter,send_encrypted_data,334500,0.382,7005.236,true,none,178
2025-12-12 18:06:53.157,smart_meter,send_encrypted_data,334455,0.344,7778.023,true,none,177
2025-12-12 18:06:53.158,smart_meter,send_encrypted_data,333230,0.343,7772.128,true,none,28
2025-12-12 18:06:53.158,smart_meter,send_encrypted_data,334257,0.366,7306.164,true,none,191
2025-12-12 18:06:53.159,smart_meter,send_encrypted_data,334374,0.374,7152.385,true,none,124
2025-12-12 18:06:53.159,smart_meter,send_encrypted_data,334319,0.377,7094.302,true,none,166
2025-12-12 18:06:53.159,smart_meter,send_encrypted_data,334365,5.693,469.861,true,none,81
2025-12-12 18:06:53.159,smart_meter,send_encrypted_data,334292,12.292,217.567,true,none,36
2025-12-12 18:06:53.160,smart_meter,send_encrypted_data,334153,8.313,321.572,true,none,174
2025-12-12 18:06:53.160,smart_meter,send_encrypted_data,334043,0.390,6852.164,true,none,138
2025-12-12 18:06:53.160,smart_meter,send_encrypted_data,333390,4.900,544.310,true,none,225
2025-12-12 18:06:53.161,smart_meter,send_encrypted_data,334428,7.790,343.443,true,none,241
2025-12-12 18:06:53.161,smart_meter,send_encrypted_data,334465,8.280,323.155,true,none,216
2025-12-12 18:06:53.161,smart_meter,send_encrypted_data,334115,6.929,385.758,true,none,160
2025-12-12 18:06:53.161,smart_meter,send_encrypted_data,334175,0.361,7405.540,true,none,46
2025-12-12 18:06:53.161,smart_meter,send_encrypted_data,334523,0.362,7392.773,true,none,185
2025-12-12 18:06:53.162,smart_meter,send_encrypted_data,334382,0.361,7410.127,true,none,148
2025-12-12 18:06:53.162,smart_meter,send_encrypted_data,334255,0.362,7386.851,true,none,61
2025-12-12 18:06:53.162,smart_meter,send_encrypted_data,334300,0.345,7751.884,true,none,278
2025-12-12 18:06:53.163,smart_meter,send_encrypted_data,334408,0.342,7822.409,true,none,79
2025-12-12 18:06:53.163,smart_meter,send_encrypted_data,334328,0.397,6737.088,true,none,13
2025-12-12 18:06:53.163,smart_meter,send_encrypted_data,334301,11.535,231.852,true,none,141
2025-12-12 18:06:53.163,smart_meter,send_encrypted_data,334262,0.358,7469.542,true,none,120
2025-12-12 18:06:53.163,smart_meter,send_encrypted_data,334089,8.816,303.166,true,none,94
2025-12-12 18:06:53.163,smart_meter,send_encrypted_data,334190,3.670,728.480,true,none,168
2025-12-12 18:06:53.159,smart_meter,send_encrypted_data,334469,3.763,711.069,true,none,82
2025-12-12 18:06:53.165,smart_meter,send_encrypted_data,334294,0.364,7347.121,true,none,397
2025-12-12 18:06:53.165,smart_meter,send_encrypted_data,334128,0.372,7185.548,true,none,233
2025-12-12 18:06:53.165,smart_meter,send_encrypted_data,334264,3.745,714.049,true,none,113
2025-12-12 18:06:53.165,smart_meter,send_encrypted_data,334458,0.333,8035.027,true,none,70
2025-12-12 18:06:53.165,smart_meter,send_encrypted_data,334372,6.984,383.015,true,none,161
2025-12-12 18:06:53.166,smart_meter,send_encrypted_data,334310,6.103,438.224,true,none,31
2025-12-12 18:06:53.166,smart_meter,send_encrypted_data,334291,4.860,550.273,true,none,119
2025-12-12 18:06:53.166,smart_meter,send_encrypted_data,334178,3.258,820.572,true,none,208
2025-12-12 18:06:53.166,smart_meter,send_encrypted_data,334321,0.379,7056.908,true,none,22
2025-12-12 18:06:53.166,smart_meter,send_encrypted_data,334159,0.373,7166.949,true,none,21
2025-12-12 18:06:53.167,smart_meter,send_encrypted_data,334399,3.077,869.416,true,none,182
2025-12-12 18:06:53.167,smart_meter,send_encrypted_data,334179,0.354,7552.068,true,none,63
2025-12-12 18:06:53.167,smart_meter,send_encrypted_data,334338,0.382,7001.843,true,none,92
2025-12-12 18:06:53.167,smart_meter,send_encrypted_data,334299,0.353,7576.181,true,none,14
2025-12-12 18:06:53.168,smart_meter,send_encrypted_data,334243,2.827,945.859,true,none,391
2025-12-12 18:06:53.168,smart_meter,send_encrypted_data,334412,2.446,1093.743,true,none,393
2025-12-12 18:06:53.168,smart_meter,send_encrypted_data,333921,4.172,640.309,true,none,249
2025-12-12 18:06:53.169,smart_meter,send_encrypted_data,334053,0.366,7301.705,true,none,55
2025-12-12 18:06:53.169,smart_meter,send_encrypted_data,334440,9.419,284.056,true,none,195
2025-12-12 18:06:53.169,smart_meter,send_encrypted_data,334424,0.838,3192.592,true,none,40
2025-12-12 18:06:53.170,smart_meter,send_encrypted_data,334024,20.013,133.523,true,none,187
2025-12-12 18:06:53.170,smart_meter,send_encrypted_data,333319,0.412,6472.214,true,none,56
2025-12-12 18:06:53.171,smart_meter,send_encrypted_data,334416,0.368,7269.913,true,none,289
2025-12-12 18:06:53.171,smart_meter,send_encrypted_data,334277,0.379,7055.979,true,none,10
2025-12-12 18:06:53.172,smart_meter,send_encrypted_data,334487,0.358,7474.570,true,none,93
2025-12-12 18:06:53.172,smart_meter,send_encrypted_data,334441,1.311,2040.830,true,none,240
2025-12-12 18:06:53.173,smart_meter,send_encrypted_data,334443,0.376,7115.809,true,none,5
2025-12-12 18:06:53.173,smart_meter,send_encrypted_data,334357,3.276,816.501,true,none,267
2025-12-12 18:06:53.173,smart_meter,send_encrypted_data,334145,0.377,7090.610,true,none,238
2025-12-12 18:06:53.174,smart_meter,send_encrypted_data,334398,0.364,7349.407,true,none,266
2025-12-12 18:06:53.174,smart_meter,send_encrypted_data,334259,2.369,1128.777,true,none,348
2025-12-12 18:06:53.174,smart_meter,send_encrypted_data,334380,0.375,7133.440,true,none,374
2025-12-12 18:06:53.175,smart_meter,send_encrypted_data,334173,0.367,7284.425,true,none,255
2025-12-12 18:06:53.175,smart_meter,send_encrypted_data,334326,0.358,7470.972,true,none,203
2025-12-12 18:06:53.176,smart_meter,send_encrypted_data,334314,12.792,209.077,true,none,26
2025-12-12 18:06:53.176,smart_meter,send_encrypted_data,333942,3.137,851.621,true,none,158
2025-12-12 18:06:53.177,smart_meter,send_encrypted_data,334347,0.365,7328.153,true,none,24
2025-12-12 18:06:53.177,smart_meter,send_encrypted_data,334076,0.349,7657.903,true,none,419
2025-12-12 18:06:53.178,smart_meter,send_encrypted_data,334478,0.357,7495.305,true,none,77
2025-12-12 18:06:53.178,smart_meter,send_encrypted_data,334273,0.391,6839.345,true,none,260
2025-12-12 18:06:53.178,smart_meter,send_encrypted_data,333799,0.359,7438.418,true,none,62
2025-12-12 18:06:53.178,smart_meter,send_encrypted_data,334361,0.377,7095.194,true,none,130
2025-12-12 18:06:53.178,smart_meter,send_encrypted_data,334421,1.134,2359.231,true,none,239
2025-12-12 18:06:53.179,smart_meter,send_encrypted_data,334405,0.406,6589.261,true,none,445
2025-12-12 18:06:53.179,smart_meter,send_encrypted_data,334410,0.406,6589.360,true,none,75
2025-12-12 18:06:53.179,smart_meter,send_encrypted_data,334382,0.362,7389.657,true,none,153
2025-12-12 18:06:53.179,smart_meter,send_encrypted_data,334362,15.745,169.889,true,none,234
2025-12-12 18:06:53.180,smart_meter,send_encrypted_data,334337,0.385,6947.262,true,none,231
2025-12-12 18:06:53.180,smart_meter,send_encrypted_data,334526,5.093,525.468,true,none,264
2025-12-12 18:06:53.180,smart_meter,send_encrypted_data,334379,1.014,2638.099,true,none,167
2025-12-12 18:06:53.180,smart_meter,send_encrypted_data,334293,0.391,6839.754,true,none,73
2025-12-12 18:06:53.180,smart_meter,send_encrypted_data,334334,4.337,616.710,true,none,51
2025-12-12 18:06:53.181,smart_meter,send_encrypted_data,334171,4.429,603.605,true,none,133
2025-12-12 18:06:53.181,smart_meter,send_encrypted_data,334094,0.352,7593.045,true,none,95
2025-12-12 18:06:53.181,smart_meter,send_encrypted_data,334426,2.667,1003.153,true,none,306
2025-12-12 18:06:53.182,smart_meter,send_encrypted_data,334430,0.352,7600.682,true,none,387
2025-12-12 18:06:53.182,smart_meter,send_encrypted_data,334359,2.560,1044.872,true,none,89
2025-12-12 18:06:53.185,smart_meter,send_encrypted_data,334343,0.360,7429.844,true,none,135
2025-12-12 18:06:53.185,smart_meter,send_encrypted_data,333897,0.348,7675.793,true,none,483
2025-12-12 18:06:53.151,smart_meter,send_encrypted_data,334420,0.345,7754.667,true,none,151
2025-12-12 18:06:53.186,smart_meter,send_encrypted_data,334244,0.343,7795.778,true,none,112
2025-12-12 18:06:53.186,smart_meter,send_encrypted_data,333995,10.646,250.983,true,none,54
2025-12-12 18:06:53.187,smart_meter,send_encrypted_data,334281,0.379,7056.063,true,none,399
2025-12-12 18:06:53.185,smart_meter,send_encrypted_data,334379,3.879,689.619,true,none,156
2025-12-12 18:06:53.188,smart_meter,send_encrypted_data,334440,8.962,298.541,true,none,449
2025-12-12 18:06:53.188,smart_meter,send_encrypted_data,334160,0.342,7816.608,true,none,172
2025-12-12 18:06:53.189,smart_meter,send_encrypted_data,334240,0.376,7111.489,true,none,282
2025-12-12 18:06:53.189,smart_meter,send_encrypted_data,334257,0.361,7407.357,true,none,491
2025-12-12 18:06:53.190,smart_meter,send_encrypted_data,333321,0.389,6854.931,true,none,147
2025-12-12 18:06:53.190,smart_meter,send_encrypted_data,334422,0.389,6877.573,true,none,256
2025-12-12 18:06:53.190,smart_meter,send_encrypted_data,334289,0.390,6857.210,true,none,59
2025-12-12 18:06:53.190,smart_meter,send_encrypted_data,334523,0.345,7757.055,true,none,284
2025-12-12 18:06:53.191,smart_meter,send_encrypted_data,334407,0.352,7600.159,true,none,64
2025-12-12 18:06:53.191,smart_meter,send_encrypted_data,334347,0.365,7328.153,true,none,25
2025-12-12 18:06:53.191,smart_meter,send_encrypted_data,334415,0.368,7269.891,true,none,145
2025-12-12 18:06:53.191,smart_meter,send_encrypted_data,334292,0.379,7056.296,true,none,188
2025-12-12 18:06:53.191,smart_meter,send_encrypted_data,334284,0.358,7470.034,true,none,8
2025-12-12 18:06:53.192,smart_meter,send_encrypted_data,334376,0.356,7514.067,true,none,286
2025-12-12 18:06:53.192,smart_meter,send_encrypted_data,334391,0.368,7269.370,true,none,35
2025-12-12 18:06:53.192,smart_meter,send_encrypted_data,334342,0.356,7513.303,true,none,408
2025-12-12 18:06:53.192,smart_meter,send_encrypted_data,334365,0.356,7513.820,true,none,246
2025-12-12 18:06:53.193,smart_meter,send_encrypted_data,334194,0.343,7794.612,true,none,211
2025-12-12 18:06:53.193,smart_meter,send_encrypted_data,334376,0.364,7348.923,true,none,76
2025-12-12 18:06:53.193,smart_meter,send_encrypted_data,334473,0.388,6896.351,true,none,78
2025-12-12 18:06:53.193,smart_meter,send_encrypted_data,334284,0.333,8030.847,true,none,487
2025-12-12 18:06:53.194,smart_meter,send_encrypted_data,334346,0.365,7328.132,true,none,227
2025-12-12 18:06:53.194,smart_meter,send_encrypted_data,334156,0.379,7053.425,true,none,15
2025-12-12 18:06:53.194,smart_meter,send_encrypted_data,334126,0.358,7466.503,true,none,111
2025-12-12 18:06:53.194,smart_meter,send_encrypted_data,334449,0.386,6931.585,true,none,109
2025-12-12 18:06:53.195,smart_meter,send_encrypted_data,334306,0.350,7641.280,true,none,60
2025-12-12 18:06:53.195,smart_meter,send_encrypted_data,334402,44.146,60.599,true,none,43
2025-12-12 18:06:53.195,smart_meter,send_encrypted_data,334410,0.374,7153.155,true,none,485
2025-12-12 18:06:53.195,smart_meter,send_encrypted_data,333658,0.371,7194.782,true,none,265
2025-12-12 18:06:53.195,smart_meter,send_encrypted_data,334063,11.307,236.358,true,none,466
2025-12-12 18:06:53.196,smart_meter,send_encrypted_data,334179,5.940,450.073,true,none,180
2025-12-12 18:06:53.196,smart_meter,send_encrypted_data,334431,0.390,6860.123,true,none,202
2025-12-12 18:06:53.196,smart_meter,send_encrypted_data,334246,0.398,6718.513,true,none,3
2025-12-12 18:06:53.197,smart_meter,send_encrypted_data,334415,0.381,7021.837,true,none,142
2025-12-12 18:06:53.197,smart_meter,send_encrypted_data,334427,6.646,402.560,true,none,37
2025-12-12 18:06:53.182,smart_meter,send_encrypted_data,334341,0.380,7038.758,true,none,116
2025-12-12 18:06:53.205,smart_meter,send_encrypted_data,334407,0.371,7210.933,true,none,317
2025-12-12 18:06:53.205,smart_meter,send_encrypted_data,334314,0.365,7327.430,true,none,136
2025-12-12 18:06:53.206,smart_meter,send_encrypted_data,334213,0.398,6717.849,true,none,171
2025-12-12 18:06:53.206,smart_meter,send_encrypted_data,334297,0.393,6805.028,true,none,394
2025-12-12 18:06:53.207,smart_meter,send_encrypted_data,334552,0.364,7352.791,true,none,165
2025-12-12 18:06:53.207,smart_meter,send_encrypted_data,334183,0.354,7552.158,true,none,293
2025-12-12 18:06:53.207,smart_meter,send_encrypted_data,334381,15.759,169.747,true,none,39
2025-12-12 18:06:53.208,smart_meter,send_encrypted_data,334395,0.339,7891.327,true,none,474
2025-12-12 18:06:53.206,smart_meter,send_encrypted_data,334433,13.161,203.287,true,none,52
2025-12-12 18:06:53.203,smart_meter,send_encrypted_data,334335,8.780,304.633,true,none,271
2025-12-12 18:06:53.208,smart_meter,send_encrypted_data,334263,0.350,7640.297,true,none,288
2025-12-12 18:06:53.209,smart_meter,send_encrypted_data,334107,0.339,7884.531,true,none,108
2025-12-12 18:06:53.209,smart_meter,send_encrypted_data,334345,0.356,7513.371,true,none,294
2025-12-12 18:06:53.209,smart_meter,send_encrypted_data,334478,0.358,7474.369,true,none,451
2025-12-12 18:06:53.210,smart_meter,send_encrypted_data,334448,0.379,7059.588,true,none,48
2025-12-12 18:06:53.210,smart_meter,send_encrypted_data,334098,0.361,7403.834,true,none,320
2025-12-12 18:06:53.211,smart_meter,send_encrypted_data,334205,0.334,8004.910,true,none,446
2025-12-12 18:06:53.211,smart_meter,send_encrypted_data,334314,0.358,7470.704,true,none,470
2025-12-12 18:06:53.211,smart_meter,send_encrypted_data,334382,0.342,7821.801,true,none,472
2025-12-12 18:06:53.212,smart_meter,send_encrypted_data,334114,0.401,6665.616,true,none,296
2025-12-12 18:06:53.212,smart_meter,send_encrypted_data,334280,5.885,454.416,true,none,20
2025-12-12 18:06:53.221,smart_meter,send_encrypted_data,334457,0.364,7350.703,true,none,220
2025-12-12 18:06:53.221,smart_meter,send_encrypted_data,334155,0.378,7072.063,true,none,123
2025-12-12 18:06:53.221,smart_meter,send_encrypted_data,333362,0.371,7188.399,true,none,467
2025-12-12 18:06:53.182,smart_meter,send_encrypted_data,334414,0.366,7309.596,true,none,463
2025-12-12 18:06:53.222,smart_meter,send_encrypted_data,334305,0.349,7663.152,true,none,307
2025-12-12 18:06:53.222,smart_meter,send_encrypted_data,334288,0.354,7554.531,true,none,274
2025-12-12 18:06:53.223,smart_meter,send_encrypted_data,333918,35.020,76.281,true,none,107
2025-12-12 18:06:53.223,smart_meter,send_encrypted_data,334232,0.413,6474.228,true,none,422
2025-12-12 18:06:53.223,smart_meter,send_encrypted_data,334108,0.357,7487.014,true,none,251
2025-12-12 18:06:53.223,smart_meter,send_encrypted_data,334081,0.374,7146.118,true,none,279
2025-12-12 18:06:53.224,smart_meter,send_encrypted_data,334278,3.529,757.785,true,none,313
2025-12-12 18:06:53.222,smart_meter,send_encrypted_data,333327,3.577,745.490,true,none,236
2025-12-12 18:06:53.224,smart_meter,send_encrypted_data,334348,0.394,6788.792,true,none,473
2025-12-12 18:06:53.222,smart_meter,send_encrypted_data,334427,3.890,687.768,true,none,207
2025-12-12 18:06:53.222,smart_meter,send_encrypted_data,334466,3.656,731.873,true,none,205
2025-12-12 18:06:53.223,smart_meter,send_encrypted_data,334438,3.207,834.270,true,none,237
2025-12-12 18:06:53.224,smart_meter,send_encrypted_data,334335,0.332,8056.265,true,none,126
2025-12-12 18:06:53.225,smart_meter,send_encrypted_data,334340,0.350,7642.057,true,none,71
2025-12-12 18:06:53.225,smart_meter,send_encrypted_data,334438,0.364,7350.286,true,none,450
2025-12-12 18:06:53.225,smart_meter,send_encrypted_data,334152,0.349,7659.645,true,none,103
2025-12-12 18:06:53.225,smart_meter,send_encrypted_data,334489,0.365,7331.266,true,none,176
2025-12-12 18:06:53.226,smart_meter,send_encrypted_data,334484,0.358,7474.503,true,none,32
2025-12-12 18:06:53.226,smart_meter,send_encrypted_data,334476,0.377,7097.634,true,none,400
2025-12-12 18:06:53.227,smart_meter,send_encrypted_data,334148,0.396,6750.465,true,none,402
2025-12-12 18:06:53.227,smart_meter,send_encrypted_data,334271,0.359,7448.936,true,none,395
2025-12-12 18:06:53.228,smart_meter,send_encrypted_data,334430,5.321,502.808,true,none,462
2025-12-12 18:06:53.228,smart_meter,send_encrypted_data,334178,17.435,153.337,true,none,118
2025-12-12 18:06:53.228,smart_meter,send_encrypted_data,334125,0.318,8405.660,true,none,427
2025-12-12 18:06:53.228,smart_meter,send_encrypted_data,334144,0.352,7594.182,true,none,242
2025-12-12 18:06:53.228,smart_meter,send_encrypted_data,334332,0.336,7960.286,true,none,196
2025-12-12 18:06:53.229,smart_meter,send_encrypted_data,334379,0.374,7152.492,true,none,53
2025-12-12 18:06:53.229,smart_meter,send_encrypted_data,334450,0.342,7823.392,true,none,438
2025-12-12 18:06:53.229,smart_meter,send_encrypted_data,334057,0.303,8819.987,true,none,436
2025-12-12 18:06:53.229,smart_meter,send_encrypted_data,334309,0.333,8031.447,true,none,461
2025-12-12 18:06:53.230,smart_meter,send_encrypted_data,334470,0.375,7135.360,true,none,347
2025-12-12 18:06:53.230,smart_meter,send_encrypted_data,334313,21.947,121.862,true,none,310
2025-12-12 18:06:53.183,smart_meter,send_encrypted_data,333824,0.350,7630.263,true,none,212
2025-12-12 18:06:53.230,smart_meter,send_encrypted_data,334425,0.393,6807.634,true,none,90
2025-12-12 18:06:53.231,smart_meter,send_encrypted_data,334181,0.330,8101.358,true,none,338
2025-12-12 18:06:53.231,smart_meter,send_encrypted_data,334108,0.368,7263.217,true,none,259
2025-12-12 18:06:53.231,smart_meter,send_encrypted_data,333911,0.351,7610.507,true,none,213
2025-12-12 18:06:53.232,smart_meter,send_encrypted_data,334322,55.448,48.236,true,none,490
2025-12-12 18:06:53.232,smart_meter,send_encrypted_data,334385,0.359,7451.476,true,none,437
2025-12-12 18:06:53.233,smart_meter,send_encrypted_data,334385,0.358,7472.291,true,none,228
2025-12-12 18:06:53.233,smart_meter,send_encrypted_data,334373,0.364,7348.857,true,none,423
2025-12-12 18:06:53.233,smart_meter,send_encrypted_data,334150,23.737,112.617,true,none,183
2025-12-12 18:06:53.195,smart_meter,send_encrypted_data,334427,0.380,7040.568,true,none,175
2025-12-12 18:06:53.233,smart_meter,send_encrypted_data,334155,8.457,316.098,true,none,344
2025-12-12 18:06:53.234,smart_meter,send_encrypted_data,334395,68.959,38.793,true,none,243
2025-12-12 18:06:53.234,smart_meter,send_encrypted_data,334322,0.358,7470.883,true,none,150
2025-12-12 18:06:53.234,smart_meter,send_encrypted_data,334436,0.342,7823.064,true,none,398
2025-12-12 18:06:53.235,smart_meter,send_encrypted_data,334404,0.376,7114.979,true,none,301
2025-12-12 18:06:53.235,smart_meter,send_encrypted_data,334160,0.389,6872.185,true,none,215
2025-12-12 18:06:53.235,smart_meter,send_encrypted_data,334385,0.379,7058.259,true,none,455
2025-12-12 18:06:53.236,smart_meter,send_encrypted_data,333962,9.637,277.233,true,none,469
2025-12-12 18:06:53.236,smart_meter,send_encrypted_data,334380,10.717,249.607,true,none,429
2025-12-12 18:06:53.236,smart_meter,send_encrypted_data,334153,0.374,7147.658,true,none,336
2025-12-12 18:06:53.236,smart_meter,send_encrypted_data,334097,0.352,7593.114,true,none,416
2025-12-12 18:06:53.236,smart_meter,send_encrypted_data,334393,0.336,7961.738,true,none,285
2025-12-12 18:06:53.237,smart_meter,send_encrypted_data,334446,0.365,7330.323,true,none,334
2025-12-12 18:06:53.237,smart_meter,send_encrypted_data,334240,0.371,7207.332,true,none,155
2025-12-12 18:06:53.237,smart_meter,send_encrypted_data,334430,0.367,7290.027,true,none,481
2025-12-12 18:06:53.237,smart_meter,send_encrypted_data,334249,0.373,7168.879,true,none,254
2025-12-12 18:06:53.238,smart_meter,send_encrypted_data,334406,2.871,931.817,true,none,447
2025-12-12 18:06:53.238,smart_meter,send_encrypted_data,334137,0.421,6349.397,true,none,308
2025-12-12 18:06:53.238,smart_meter,send_encrypted_data,334433,0.396,6756.222,true,none,432
2025-12-12 18:06:53.238,smart_meter,send_encrypted_data,334423,7.508,356.338,true,none,479
2025-12-12 18:06:53.238,smart_meter,send_encrypted_data,334043,6.641,402.401,true,none,318
2025-12-12 18:06:53.239,smart_meter,send_encrypted_data,334116,0.364,7343.209,true,none,343
2025-12-12 18:06:53.239,smart_meter,send_encrypted_data,334497,0.360,7433.267,true,none,434
2025-12-12 18:06:53.239,smart_meter,send_encrypted_data,334415,0.342,7822.573,true,none,290
2025-12-12 18:06:53.240,smart_meter,send_encrypted_data,334181,0.361,7405.673,true,none,270
2025-12-12 18:06:53.240,smart_meter,send_encrypted_data,334101,39.222,68.146,true,none,484
2025-12-12 18:06:53.240,smart_meter,send_encrypted_data,334303,14.778,180.973,true,none,252
2025-12-12 18:06:53.240,smart_meter,send_encrypted_data,334478,0.864,3097.019,true,none,433
2025-12-12 18:06:53.241,smart_meter,send_encrypted_data,334396,0.341,7845.067,true,none,448
2025-12-12 18:06:53.241,smart_meter,send_encrypted_data,334459,21.595,123.902,true,none,18
2025-12-12 18:06:53.242,smart_meter,send_encrypted_data,334371,0.346,7731.121,true,none,235
2025-12-12 18:06:53.183,smart_meter,send_encrypted_data,334466,0.385,6949.943,true,none,2
2025-12-12 18:06:53.243,smart_meter,send_encrypted_data,334354,0.353,7577.428,true,none,414
2025-12-12 18:06:53.243,smart_meter,send_encrypted_data,334370,0.396,6754.949,true,none,200
2025-12-12 18:06:53.244,smart_meter,send_encrypted_data,334227,0.343,7795.382,true,none,458
2025-12-12 18:06:53.245,smart_meter,send_encrypted_data,334466,0.349,7666.842,true,none,309
2025-12-12 18:06:53.245,smart_meter,send_encrypted_data,334311,5.591,478.356,true,none,459
2025-12-12 18:06:53.245,smart_meter,send_encrypted_data,334426,0.345,7754.806,true,none,482
2025-12-12 18:06:53.246,smart_meter,send_encrypted_data,334351,1.920,1393.129,true,none,367
2025-12-12 18:06:53.246,smart_meter,send_encrypted_data,334433,0.371,7211.493,true,none,486
2025-12-12 18:06:53.246,smart_meter,send_encrypted_data,334414,0.340,7868.565,true,none,442
2025-12-12 18:06:53.247,smart_meter,send_encrypted_data,334185,18.037,148.222,true,none,392
2025-12-12 18:06:53.247,smart_meter,send_encrypted_data,334486,0.380,7041.811,true,none,248
2025-12-12 18:06:53.247,smart_meter,send_encrypted_data,334530,0.381,7024.252,true,none,366
2025-12-12 18:06:53.245,smart_meter,send_encrypted_data,334307,4.821,554.751,true,none,435
2025-12-12 18:06:53.247,smart_meter,send_encrypted_data,334297,3.614,740.004,true,none,359
2025-12-12 18:06:53.214,smart_meter,send_encrypted_data,334179,0.373,7167.378,true,none,287
2025-12-12 18:06:53.183,smart_meter,send_encrypted_data,334420,0.363,7370.138,true,none,96
2025-12-12 18:06:53.247,smart_meter,send_encrypted_data,333242,0.361,7384.864,true,none,295
2025-12-12 18:06:53.247,smart_meter,send_encrypted_data,334410,17.397,153.778,true,none,173
2025-12-12 18:06:53.243,smart_meter,send_encrypted_data,334491,0.340,7870.376,true,none,369
2025-12-12 18:06:53.248,smart_meter,send_encrypted_data,334424,16.070,166.484,true,none,460
2025-12-12 18:06:53.184,smart_meter,send_encrypted_data,334103,0.332,8050.675,true,none,105
2025-12-12 18:06:53.184,smart_meter,send_encrypted_data,334377,7.612,351.421,true,none,257
2025-12-12 18:06:53.248,smart_meter,send_encrypted_data,334052,3.537,755.560,true,none,364
2025-12-12 18:06:53.184,smart_meter,send_encrypted_data,334207,5.581,479.064,true,none,121
2025-12-12 18:06:53.248,smart_meter,send_encrypted_data,334101,7.464,358.093,true,none,454
2025-12-12 18:06:53.248,smart_meter,send_encrypted_data,334063,0.362,7382.608,true,none,330
2025-12-12 18:06:53.184,smart_meter,send_encrypted_data,334404,0.388,6894.928,true,none,411
2025-12-12 18:06:53.197,smart_meter,send_encrypted_data,334249,0.360,7427.756,true,none,303
2025-12-12 18:06:53.249,smart_meter,send_encrypted_data,334297,0.357,7491.249,true,none,388
2025-12-12 18:06:53.250,smart_meter,send_encrypted_data,334310,0.395,6770.835,true,none,58
2025-12-12 18:06:53.250,smart_meter,send_encrypted_data,334387,0.407,6572.717,true,none,311
2025-12-12 18:06:53.248,smart_meter,send_encrypted_data,334263,2.479,1078.703,true,none,372
2025-12-12 18:06:53.250,smart_meter,send_encrypted_data,334531,0.340,7871.318,true,none,421
2025-12-12 18:06:53.197,smart_meter,send_encrypted_data,334249,0.371,7207.526,true,none,67
2025-12-12 18:06:53.197,smart_meter,send_encrypted_data,334340,12.292,217.598,true,none,229
2025-12-12 18:06:53.198,smart_meter,send_encrypted_data,334157,0.347,7703.908,true,none,209
2025-12-12 18:06:53.251,smart_meter,send_encrypted_data,334237,0.352,7596.295,true,none,456
2025-12-12 18:06:53.251,smart_meter,send_encrypted_data,334436,1.257,2128.471,true,none,300
2025-12-12 18:06:53.252,smart_meter,send_encrypted_data,334272,0.700,3820.251,true,none,488
2025-12-12 18:06:53.252,smart_meter,send_encrypted_data,334307,0.371,7208.776,true,none,452
2025-12-12 18:06:53.254,smart_meter,send_encrypted_data,334204,0.378,7073.101,true,none,370
2025-12-12 18:06:53.254,smart_meter,send_encrypted_data,334200,22.350,119.624,true,none,219
2025-12-12 18:06:53.255,smart_meter,send_encrypted_data,334457,0.355,7537.059,true,none,360
2025-12-12 18:06:53.255,smart_meter,send_encrypted_data,334112,0.335,7978.794,true,none,363
2025-12-12 18:06:53.256,smart_meter,send_encrypted_data,334384,0.346,7731.422,true,none,368
2025-12-12 18:06:53.198,smart_meter,send_encrypted_data,334091,0.349,7658.246,true,none,247
2025-12-12 18:06:53.257,smart_meter,send_encrypted_data,334279,12.374,216.117,true,none,341
2025-12-12 18:06:53.257,smart_meter,send_encrypted_data,334460,8.511,314.379,true,none,441
2025-12-12 18:06:53.258,smart_meter,send_encrypted_data,334279,0.354,7554.328,true,none,298
2025-12-12 18:06:53.259,smart_meter,send_encrypted_data,334201,0.654,4088.086,true,none,322
2025-12-12 18:06:53.259,smart_meter,send_encrypted_data,334159,0.354,7551.616,true,none,325
2025-12-12 18:06:53.259,smart_meter,send_encrypted_data,333958,0.342,7811.883,true,none,323
2025-12-12 18:06:53.259,smart_meter,send_encrypted_data,334248,0.338,7911.195,true,none,224
2025-12-12 18:06:53.260,smart_meter,send_encrypted_data,334397,8.000,334.397,true,none,350
2025-12-12 18:06:53.260,smart_meter,send_encrypted_data,334395,0.362,7389.945,true,none,420
2025-12-12 18:06:53.260,smart_meter,send_encrypted_data,334392,0.340,7868.047,true,none,328
2025-12-12 18:06:53.261,smart_meter,send_encrypted_data,334405,1.381,1937.176,true,none,329
2025-12-12 18:06:53.261,smart_meter,send_encrypted_data,334408,1.841,1453.158,true,none,321
2025-12-12 18:06:53.198,smart_meter,send_encrypted_data,334128,0.352,7593.818,true,none,102
2025-12-12 18:06:53.199,smart_meter,send_encrypted_data,334432,0.404,6622.416,true,none,184
2025-12-12 18:06:53.199,smart_meter,send_encrypted_data,334372,5.533,483.459,true,none,143
2025-12-12 18:06:53.200,smart_meter,send_encrypted_data,334141,0.341,7839.085,true,none,305
2025-12-12 18:06:53.264,smart_meter,send_encrypted_data,334444,0.344,7777.767,true,none,403
2025-12-12 18:06:53.265,smart_meter,send_encrypted_data,334502,0.338,7917.207,true,none,404
2025-12-12 18:06:53.200,smart_meter,send_encrypted_data,334332,0.372,7189.935,true,none,41
2025-12-12 18:06:53.267,smart_meter,send_encrypted_data,334317,0.348,7685.448,true,none,324
2025-12-12 18:06:53.201,smart_meter,send_encrypted_data,333686,12.895,207.017,true,none,281
2025-12-12 18:06:53.267,smart_meter,send_encrypted_data,334161,0.376,7109.809,true,none,335
2025-12-12 18:06:53.267,smart_meter,send_encrypted_data,334396,0.345,7754.110,true,none,297
2025-12-12 18:06:53.270,smart_meter,send_encrypted_data,334116,0.922,2899.054,true,none,396
2025-12-12 18:06:53.201,smart_meter,send_encrypted_data,334452,8.371,319.629,true,none,7
2025-12-12 18:06:53.272,smart_meter,send_encrypted_data,334107,0.356,7508.022,true,none,331
2025-12-12 18:06:53.274,smart_meter,send_encrypted_data,334125,0.344,7770.349,true,none,425
2025-12-12 18:06:53.276,smart_meter,send_encrypted_data,333258,4.671,570.769,true,none,337
2025-12-12 18:06:53.201,smart_meter,send_encrypted_data,334257,9.180,291.292,true,none,253
2025-12-12 18:06:53.277,smart_meter,send_encrypted_data,334310,1.230,2174.374,true,none,332
2025-12-12 18:06:53.277,smart_meter,send_encrypted_data,334006,1.298,2058.589,true,none,319
2025-12-12 18:06:53.201,smart_meter,send_encrypted_data,334394,0.332,8057.687,true,none,302
2025-12-12 18:06:53.277,smart_meter,send_encrypted_data,334446,2.230,1199.806,true,none,428
2025-12-12 18:06:53.278,smart_meter,send_encrypted_data,334329,2.117,1263.407,true,none,339
2025-12-12 18:06:53.202,smart_meter,send_encrypted_data,334210,0.353,7574.164,true,none,268
2025-12-12 18:06:53.198,smart_meter,send_encrypted_data,334346,8.888,300.941,true,none,201
2025-12-12 18:06:53.279,smart_meter,send_encrypted_data,334439,0.343,7800.327,true,none,352
2025-12-12 18:06:53.279,smart_meter,send_encrypted_data,334477,0.551,4856.290,true,none,353
2025-12-12 18:06:53.280,smart_meter,send_encrypted_data,334410,0.347,7709.741,true,none,333
2025-12-12 18:06:53.280,smart_meter,send_encrypted_data,334447,0.381,7022.509,true,none,354
2025-12-12 18:06:53.202,smart_meter,send_encrypted_data,334146,0.419,6379.876,true,none,312
2025-12-12 18:06:53.281,smart_meter,send_encrypted_data,334334,1.970,1357.702,true,none,440
2025-12-12 18:06:53.202,smart_meter,send_encrypted_data,333860,0.361,7398.560,true,none,159
2025-12-12 18:06:53.282,smart_meter,send_encrypted_data,334316,0.351,7619.738,true,none,430
2025-12-12 18:06:53.203,smart_meter,send_encrypted_data,334366,0.348,7686.575,true,none,476
2025-12-12 18:06:53.203,smart_meter,send_encrypted_data,334375,8.799,304.012,true,none,23
2025-12-12 18:06:53.281,smart_meter,send_encrypted_data,334468,0.360,7432.622,true,none,357
2025-12-12 18:06:53.203,smart_meter,send_encrypted_data,334205,0.333,8028.949,true,none,375
2025-12-12 18:06:53.283,smart_meter,send_encrypted_data,334226,2.461,1086.472,true,none,345
2025-12-12 18:06:53.283,smart_meter,send_encrypted_data,334488,1.273,2102.046,true,none,439
2025-12-12 18:06:53.203,smart_meter,send_encrypted_data,334177,0.364,7344.549,true,none,480
2025-12-12 18:06:53.285,smart_meter,send_encrypted_data,334235,0.295,9064.000,true,none,410
2025-12-12 18:06:53.204,smart_meter,send_encrypted_data,334297,11.671,229.147,true,none,413
2025-12-12 18:06:53.204,smart_meter,send_encrypted_data,334359,0.385,6947.719,true,none,140
2025-12-12 18:06:53.212,smart_meter,send_encrypted_data,334441,0.370,7231.157,true,none,33
2025-12-12 18:06:53.212,smart_meter,send_encrypted_data,334452,12.234,218.703,true,none,471
2025-12-12 18:06:53.213,smart_meter,send_encrypted_data,334408,0.332,8058.024,true,none,389
2025-12-12 18:06:53.213,smart_meter,send_encrypted_data,334214,0.348,7683.080,true,none,218
2025-12-12 18:06:53.213,smart_meter,send_encrypted_data,334330,0.383,6983.394,true,none,11
2025-12-12 18:06:53.213,smart_meter,send_encrypted_data,334073,13.718,194.823,true,none,390
2025-12-12 18:06:53.287,smart_meter,send_encrypted_data,334425,0.371,7211.321,true,none,371
2025-12-12 18:06:53.213,smart_meter,send_encrypted_data,333560,0.354,7538.079,true,none,57
2025-12-12 18:06:53.213,smart_meter,send_encrypted_data,334545,0.383,6987.885,true,none,316
2025-12-12 18:06:53.288,smart_meter,send_encrypted_data,333742,0.345,7738.945,true,none,376
2025-12-12 18:06:53.214,smart_meter,send_encrypted_data,334110,0.340,7861.412,true,none,72
2025-12-12 18:06:53.289,smart_meter,send_encrypted_data,334417,0.370,7230.638,true,none,315
2025-12-12 18:06:53.289,smart_meter,send_encrypted_data,334359,1.234,2167.643,true,none,361
2025-12-12 18:06:53.289,smart_meter,send_encrypted_data,334251,0.601,4449.265,true,none,358
2025-12-12 18:06:53.214,smart_meter,send_encrypted_data,334145,11.518,232.085,true,none,272
2025-12-12 18:06:53.291,smart_meter,send_encrypted_data,334301,0.361,7408.332,true,none,406
2025-12-12 18:06:53.292,smart_meter,send_encrypted_data,334093,0.355,7528.856,true,none,385
2025-12-12 18:06:53.292,smart_meter,send_encrypted_data,334165,1.339,1996.505,true,none,380
2025-12-12 18:06:53.214,smart_meter,send_encrypted_data,334408,0.366,7309.464,true,none,117
2025-12-12 18:06:53.293,smart_meter,send_encrypted_data,334226,0.339,7887.339,true,none,405
2025-12-12 18:06:53.294,smart_meter,send_encrypted_data,334369,0.334,8008.838,true,none,365
2025-12-12 18:06:53.295,smart_meter,send_encrypted_data,334326,1.458,1834.436,true,none,465
2025-12-12 18:06:53.215,smart_meter,send_encrypted_data,333768,0.360,7417.067,true,none,250
2025-12-12 18:06:53.297,smart_meter,send_encrypted_data,334524,0.343,7802.309,true,none,378
2025-12-12 18:06:53.299,smart_meter,send_encrypted_data,334278,1.475,1813.033,true,none,327
2025-12-12 18:06:53.215,smart_meter,send_encrypted_data,334514,0.367,7291.858,true,none,468
2025-12-12 18:06:53.299,smart_meter,send_encrypted_data,334035,5.334,500.990,true,none,382
2025-12-12 18:06:53.299,smart_meter,send_encrypted_data,334496,4.698,569.597,true,none,383
2025-12-12 18:06:53.299,smart_meter,send_encrypted_data,334257,0.465,5750.658,true,none,493
2025-12-12 18:06:53.300,smart_meter,send_encrypted_data,334119,0.381,7015.622,true,none,444
2025-12-12 18:06:53.215,smart_meter,send_encrypted_data,334268,0.373,7169.287,true,none,283
2025-12-12 18:06:53.301,smart_meter,send_encrypted_data,334157,1.411,1894.583,true,none,362
2025-12-12 18:06:53.302,smart_meter,send_encrypted_data,334277,0.329,8128.316,true,none,346
2025-12-12 18:06:53.215,smart_meter,send_encrypted_data,334377,0.395,6772.192,true,none,262
2025-12-12 18:06:53.216,smart_meter,send_encrypted_data,334503,0.374,7155.144,true,none,417
2025-12-12 18:06:53.304,smart_meter,send_encrypted_data,334381,0.333,8033.177,true,none,342
2025-12-12 18:06:53.216,smart_meter,send_encrypted_data,334311,0.369,7247.935,true,none,74
2025-12-12 18:06:53.216,smart_meter,send_encrypted_data,333319,0.374,7129.818,true,none,412
2025-12-12 18:06:53.306,smart_meter,send_encrypted_data,334385,0.444,6024.955,true,none,381
2025-12-12 18:06:53.307,smart_meter,send_encrypted_data,334370,0.331,8081.450,true,none,292
2025-12-12 18:06:53.216,smart_meter,send_encrypted_data,333837,0.367,7277.101,true,none,464
2025-12-12 18:06:53.216,smart_meter,send_encrypted_data,334377,0.368,7269.065,true,none,223
2025-12-12 18:06:53.309,smart_meter,send_encrypted_data,334156,0.938,2849.945,true,none,386
2025-12-12 18:06:53.216,smart_meter,send_encrypted_data,334087,0.351,7614.519,true,none,492
2025-12-12 18:06:53.216,smart_meter,send_encrypted_data,334355,0.338,7913.728,true,none,299
2025-12-12 18:06:53.217,smart_meter,send_encrypted_data,334130,12.329,216.809,true,none,197
2025-12-12 18:06:53.310,smart_meter,send_encrypted_data,334468,0.536,4992.060,true,none,377
2025-12-12 18:06:53.311,smart_meter,send_encrypted_data,334099,0.373,7165.662,true,none,244
2025-12-12 18:06:53.217,smart_meter,send_encrypted_data,333307,0.386,6907.917,true,none,217
2025-12-12 18:06:53.313,smart_meter,send_encrypted_data,334200,0.365,7324.932,true,none,326
2025-12-12 18:06:53.314,smart_meter,send_encrypted_data,334274,6.189,432.088,true,none,222
2025-12-12 18:06:53.314,smart_meter,send_encrypted_data,334347,2.572,1039.960,true,none,401
2025-12-12 18:06:53.311,smart_meter,send_encrypted_data,334454,0.333,8034.931,true,none,349
2025-12-12 18:06:53.314,smart_meter,send_encrypted_data,333947,0.356,7504.427,true,none,355
2025-12-12 18:06:53.315,smart_meter,send_encrypted_data,334432,0.331,8082.949,true,none,496
2025-12-12 18:06:53.217,smart_meter,send_encrypted_data,334418,0.386,6930.943,true,none,163
2025-12-12 18:06:53.217,smart_meter,send_encrypted_data,334457,12.290,217.710,true,none,42
2025-12-12 18:06:53.217,smart_meter,send_encrypted_data,334382,0.366,7308.896,true,none,100
2025-12-12 18:06:53.217,smart_meter,send_encrypted_data,334264,0.401,6668.608,true,none,97
2025-12-12 18:06:53.218,smart_meter,send_encrypted_data,334224,0.342,7818.105,true,none,418
2025-12-12 18:06:53.218,smart_meter,send_encrypted_data,334287,0.351,7619.077,true,none,489
2025-12-12 18:06:53.218,smart_meter,send_encrypted_data,333349,0.353,7554.652,true,none,49
2025-12-12 18:06:53.218,smart_meter,send_encrypted_data,334408,0.353,7578.652,true,none,478
2025-12-12 18:06:53.219,smart_meter,send_encrypted_data,334102,16.067,166.354,true,none,199
2025-12-12 18:06:53.219,smart_meter,send_encrypted_data,334278,17.982,148.717,true,none,304
2025-12-12 18:06:53.319,smart_meter,send_encrypted_data,334128,0.344,7770.419,true,none,499
2025-12-12 18:06:53.320,smart_meter,send_encrypted_data,334462,0.365,7330.674,true,none,340
2025-12-12 18:06:53.219,smart_meter,send_encrypted_data,334485,0.402,6656.418,true,none,475
2025-12-12 18:06:53.219,smart_meter,send_encrypted_data,334371,0.350,7642.766,true,none,457
2025-12-12 18:06:53.321,smart_meter,send_encrypted_data,334488,0.374,7154.824,true,none,477
2025-12-12 18:06:53.322,smart_meter,send_encrypted_data,334185,1.752,1525.959,true,none,356
2025-12-12 18:06:53.220,smart_meter,send_encrypted_data,334379,0.358,7472.156,true,none,407
2025-12-12 18:06:53.214,smart_meter,send_encrypted_data,334438,10.366,258.104,true,none,88
2025-12-12 18:06:53.220,smart_meter,send_encrypted_data,334055,14.374,185.922,true,none,291
2025-12-12 18:06:53.326,smart_meter,send_encrypted_data,334058,0.363,7362.160,true,none,495
2025-12-12 18:06:53.326,smart_meter,send_encrypted_data,334291,0.411,6506.881,true,none,314
2025-12-12 18:06:53.220,smart_meter,send_encrypted_data,334341,36.285,73.714,true,none,276
2025-12-12 18:06:53.220,smart_meter,send_encrypted_data,334363,0.375,7133.077,true,none,192
2025-12-12 18:06:53.220,smart_meter,send_encrypted_data,334263,0.341,7841.947,true,none,65
2025-12-12 18:06:53.221,smart_meter,send_encrypted_data,333933,0.365,7319.079,true,none,193
2025-12-12 18:06:53.328,smart_meter,send_encrypted_data,334279,4.991,535.811,true,none,379
2025-12-12 18:06:53.328,smart_meter,send_encrypted_data,334362,0.343,7798.531,true,none,384
2025-12-12 18:06:53.330,smart_meter,send_encrypted_data,334319,0.351,7619.806,true,none,424
2025-12-12 18:06:53.330,smart_meter,send_encrypted_data,334359,0.368,7268.674,true,none,426
2025-12-12 18:06:53.331,smart_meter,send_encrypted_data,333942,0.310,8617.858,true,none,351
2025-12-12 18:06:53.331,smart_meter,send_encrypted_data,334436,0.885,3023.150,true,none,494
2025-12-12 18:06:53.332,smart_meter,send_encrypted_data,334289,0.475,5630.131,true,none,443
2025-12-12 18:06:53.333,smart_meter,send_encrypted_data,334298,0.330,8104.194,true,none,280
2025-12-12 18:06:53.333,smart_meter,send_encrypted_data,334355,0.479,5584.217,true,none,373
2025-12-12 18:06:53.334,smart_meter,send_encrypted_data,334165,0.402,6650.050,true,none,431
2025-12-12 18:06:53.349,smart_meter,send_encrypted_data,334296,0.386,6928.415,true,none,500
2025-12-12 18:06:53.351,smart_meter,send_encrypted_data,334478,0.425,6296.056,true,none,497
2025-12-12 18:06:53.366,smart_meter,send_encrypted_data,334401,0.450,5944.907,true,none,498
2025-12-12 18:07:58.467,smart_meter,send_encrypted_data,334142,0.769,3476.120,true,none,90
2025-12-12 18:07:58.468,smart_meter,send_encrypted_data,334376,2.263,1182.063,true,none,103
2025-12-12 18:07:58.469,smart_meter,send_encrypted_data,334451,0.365,7330.433,true,none,69
2025-12-12 18:07:58.469,smart_meter,send_encrypted_data,334461,0.516,5185.442,true,none,1
2025-12-12 18:07:58.470,smart_meter,send_encrypted_data,334459,1.263,2118.505,true,none,16
2025-12-12 18:07:58.470,smart_meter,send_encrypted_data,333959,1.671,1598.846,true,none,32
2025-12-12 18:07:58.473,smart_meter,send_encrypted_data,333380,0.380,7018.526,true,none,150
2025-12-12 18:07:58.473,smart_meter,send_encrypted_data,334330,0.407,6571.597,true,none,85
2025-12-12 18:07:58.475,smart_meter,send_encrypted_data,334327,0.349,7663.656,true,none,53
2025-12-12 18:07:58.476,smart_meter,send_encrypted_data,334279,0.346,7728.994,true,none,155
2025-12-12 18:07:58.478,smart_meter,send_encrypted_data,334474,0.345,7755.919,true,none,200
2025-12-12 18:07:58.479,smart_meter,send_encrypted_data,334288,0.345,7751.606,true,none,141
2025-12-12 18:07:58.480,smart_meter,send_encrypted_data,334478,0.391,6843.540,true,none,9
2025-12-12 18:07:58.481,smart_meter,send_encrypted_data,333275,0.457,5834.136,true,none,302
2025-12-12 18:07:58.481,smart_meter,send_encrypted_data,334245,0.356,7511.124,true,none,169
2025-12-12 18:07:58.482,smart_meter,send_encrypted_data,334123,0.374,7147.016,true,none,259
2025-12-12 18:07:58.483,smart_meter,send_encrypted_data,334394,0.367,7289.243,true,none,341
2025-12-12 18:07:58.483,smart_meter,send_encrypted_data,334261,0.381,7018.604,true,none,38
2025-12-12 18:07:58.483,smart_meter,send_encrypted_data,334387,0.361,7410.238,true,none,19
2025-12-12 18:07:58.484,smart_meter,send_encrypted_data,334119,0.372,7185.355,true,none,251
2025-12-12 18:07:58.484,smart_meter,send_encrypted_data,334204,0.342,7817.637,true,none,58
2025-12-12 18:07:58.485,smart_meter,send_encrypted_data,334231,0.372,7187.763,true,none,138
2025-12-12 18:07:58.485,smart_meter,send_encrypted_data,334313,0.339,7889.392,true,none,186
2025-12-12 18:07:58.488,smart_meter,send_encrypted_data,334329,0.367,7287.826,true,none,45
2025-12-12 18:07:58.489,smart_meter,send_encrypted_data,334159,0.379,7053.488,true,none,313
2025-12-12 18:07:58.489,smart_meter,send_encrypted_data,334336,0.379,7057.224,true,none,114
2025-12-12 18:07:58.489,smart_meter,send_encrypted_data,334445,0.350,7644.457,true,none,4
2025-12-12 18:07:58.490,smart_meter,send_encrypted_data,334422,4.322,619.013,true,none,252
2025-12-12 18:07:58.490,smart_meter,send_encrypted_data,334053,2.813,950.026,true,none,303
2025-12-12 18:07:58.491,smart_meter,send_encrypted_data,334334,5.653,473.142,true,none,68
2025-12-12 18:07:58.491,smart_meter,send_encrypted_data,334223,0.352,7595.977,true,none,298
2025-12-12 18:07:58.491,smart_meter,send_encrypted_data,334152,4.140,645.704,true,none,280
2025-12-12 18:07:58.491,smart_meter,send_encrypted_data,334262,7.361,363.279,true,none,12
2025-12-12 18:07:58.492,smart_meter,send_encrypted_data,334394,0.376,7114.766,true,none,132
2025-12-12 18:07:58.492,smart_meter,send_encrypted_data,334423,5.930,451.161,true,none,137
2025-12-12 18:07:58.492,smart_meter,send_encrypted_data,334480,5.456,490.440,true,none,29
2025-12-12 18:07:58.492,smart_meter,send_encrypted_data,334090,6.991,382.309,true,none,106
2025-12-12 18:07:58.493,smart_meter,send_encrypted_data,334360,6.695,399.534,true,none,181
2025-12-12 18:07:58.493,smart_meter,send_encrypted_data,334462,0.361,7411.900,true,none,44
2025-12-12 18:07:58.494,smart_meter,send_encrypted_data,334473,0.343,7801.120,true,none,198
2025-12-12 18:07:58.494,smart_meter,send_encrypted_data,334280,0.394,6787.411,true,none,84
2025-12-12 18:07:58.495,smart_meter,send_encrypted_data,333415,0.416,6411.827,true,none,50
2025-12-12 18:07:58.495,smart_meter,send_encrypted_data,334498,0.422,6341.194,true,none,421
2025-12-12 18:07:58.495,smart_meter,send_encrypted_data,334184,0.348,7682.391,true,none,315
2025-12-12 18:07:58.496,smart_meter,send_encrypted_data,334380,0.357,7493.109,true,none,416
2025-12-12 18:07:58.496,smart_meter,send_encrypted_data,334496,0.388,6896.825,true,none,277
2025-12-12 18:07:58.497,smart_meter,send_encrypted_data,334044,0.364,7341.626,true,none,275
2025-12-12 18:07:58.497,smart_meter,send_encrypted_data,334475,0.382,7004.712,true,none,380
2025-12-12 18:07:58.497,smart_meter,send_encrypted_data,334325,0.378,7075.661,true,none,414
2025-12-12 18:07:58.497,smart_meter,send_encrypted_data,334447,0.348,7688.437,true,none,300
2025-12-12 18:07:58.498,smart_meter,send_encrypted_data,334394,0.391,6841.821,true,none,66
2025-12-12 18:07:58.498,smart_meter,send_encrypted_data,334447,0.362,7391.094,true,none,316
2025-12-12 18:07:58.498,smart_meter,send_encrypted_data,334374,0.524,5104.947,true,none,99
2025-12-12 18:07:58.498,smart_meter,send_encrypted_data,334368,0.405,6604.800,true,none,337
2025-12-12 18:07:58.498,smart_meter,send_encrypted_data,334457,0.404,6622.911,true,none,164
2025-12-12 18:07:58.499,smart_meter,send_encrypted_data,334430,19.444,137.597,true,none,71
2025-12-12 18:07:58.499,smart_meter,send_encrypted_data,333977,1.718,1555.190,true,none,297
2025-12-12 18:07:58.499,smart_meter,send_encrypted_data,334220,0.335,7981.373,true,none,127
2025-12-12 18:07:58.500,smart_meter,send_encrypted_data,334516,17.233,155.291,true,none,83
2025-12-12 18:07:58.500,smart_meter,send_encrypted_data,334389,18.987,140.892,true,none,128
2025-12-12 18:07:58.500,smart_meter,send_encrypted_data,334257,1.862,1436.120,true,none,144
2025-12-12 18:07:58.500,smart_meter,send_encrypted_data,334370,1.158,2309.983,true,none,124
2025-12-12 18:07:58.501,smart_meter,send_encrypted_data,334373,1.281,2088.200,true,none,206
2025-12-12 18:07:58.501,smart_meter,send_encrypted_data,334282,5.258,508.607,true,none,378
2025-12-12 18:07:58.502,smart_meter,send_encrypted_data,334303,14.449,185.094,true,none,192
2025-12-12 18:07:58.502,smart_meter,send_encrypted_data,334547,0.387,6915.700,true,none,115
2025-12-12 18:07:58.502,smart_meter,send_encrypted_data,334463,16.055,166.659,true,none,235
2025-12-12 18:07:58.503,smart_meter,send_encrypted_data,334416,6.959,384.441,true,none,269
2025-12-12 18:07:58.503,smart_meter,send_encrypted_data,334367,7.344,364.234,true,none,110
2025-12-12 18:07:58.504,smart_meter,send_encrypted_data,334119,0.696,3840.448,true,none,174
2025-12-12 18:07:58.505,smart_meter,send_encrypted_data,334148,0.336,7955.905,true,none,34
2025-12-12 18:07:58.505,smart_meter,send_encrypted_data,334467,0.360,7432.600,true,none,322
2025-12-12 18:07:58.506,smart_meter,send_encrypted_data,334127,0.391,6836.358,true,none,373
2025-12-12 18:07:58.507,smart_meter,send_encrypted_data,334483,3.807,702.880,true,none,228
2025-12-12 18:07:58.507,smart_meter,send_encrypted_data,334413,0.513,5215.018,true,none,162
2025-12-12 18:07:58.507,smart_meter,send_encrypted_data,334221,0.369,7245.984,true,none,222
2025-12-12 18:07:58.508,smart_meter,send_encrypted_data,334214,0.399,6701.033,true,none,152
2025-12-12 18:07:58.508,smart_meter,send_encrypted_data,334240,0.389,6873.830,true,none,210
2025-12-12 18:07:58.509,smart_meter,send_encrypted_data,334218,5.259,508.413,true,none,91
2025-12-12 18:07:58.509,smart_meter,send_encrypted_data,334447,0.426,6280.695,true,none,216
2025-12-12 18:07:58.509,smart_meter,send_encrypted_data,334414,0.419,6384.993,true,none,17
2025-12-12 18:07:58.494,smart_meter,send_encrypted_data,334204,0.391,6837.934,true,none,331
2025-12-12 18:07:58.510,smart_meter,send_encrypted_data,334266,0.335,7982.472,true,none,81
2025-12-12 18:07:58.511,smart_meter,send_encrypted_data,334454,0.399,6705.845,true,none,129
2025-12-12 18:07:58.511,smart_meter,send_encrypted_data,334455,0.371,7211.968,true,none,82
2025-12-12 18:07:58.512,smart_meter,send_encrypted_data,334456,0.360,7432.356,true,none,214
2025-12-12 18:07:58.512,smart_meter,send_encrypted_data,334203,0.385,6944.478,true,none,241
2025-12-12 18:07:58.513,smart_meter,send_encrypted_data,333973,0.349,7655.542,true,none,345
2025-12-12 18:07:58.513,smart_meter,send_encrypted_data,334241,0.344,7773.047,true,none,122
2025-12-12 18:07:58.513,smart_meter,send_encrypted_data,334307,0.348,7685.218,true,none,426
2025-12-12 18:07:58.514,smart_meter,send_encrypted_data,334290,0.360,7428.667,true,none,420
2025-12-12 18:07:58.514,smart_meter,send_encrypted_data,334353,0.371,7209.768,true,none,134
2025-12-12 18:07:58.514,smart_meter,send_encrypted_data,334324,11.800,226.660,true,none,189
2025-12-12 18:07:58.514,smart_meter,send_encrypted_data,334331,0.347,7707.919,true,none,146
2025-12-12 18:07:58.515,smart_meter,send_encrypted_data,333882,0.347,7697.568,true,none,168
2025-12-12 18:07:58.515,smart_meter,send_encrypted_data,334451,0.356,7515.753,true,none,131
2025-12-12 18:07:58.515,smart_meter,send_encrypted_data,334319,0.348,7685.494,true,none,27
2025-12-12 18:07:58.515,smart_meter,send_encrypted_data,333933,7.569,352.948,true,none,270
2025-12-12 18:07:58.534,smart_meter,send_encrypted_data,334403,0.369,7249.930,true,none,203
2025-12-12 18:07:58.535,smart_meter,send_encrypted_data,334366,0.367,7288.632,true,none,424
2025-12-12 18:07:58.535,smart_meter,send_encrypted_data,333973,0.341,7835.144,true,none,487
2025-12-12 18:07:58.535,smart_meter,send_encrypted_data,334244,0.361,7407.069,true,none,35
2025-12-12 18:07:58.536,smart_meter,send_encrypted_data,334398,0.359,7451.766,true,none,325
2025-12-12 18:07:58.536,smart_meter,send_encrypted_data,334422,0.383,6985.316,true,none,121
2025-12-12 18:07:58.536,smart_meter,send_encrypted_data,334265,3.288,813.297,true,none,411
2025-12-12 18:07:58.537,smart_meter,send_encrypted_data,334292,5.393,495.890,true,none,105
2025-12-12 18:07:58.538,smart_meter,send_encrypted_data,334435,0.350,7644.229,true,none,346
2025-12-12 18:07:58.539,smart_meter,send_encrypted_data,334028,0.367,7281.264,true,none,75
2025-12-12 18:07:58.539,smart_meter,send_encrypted_data,334098,0.386,6924.311,true,none,161
2025-12-12 18:07:58.540,smart_meter,send_encrypted_data,334422,5.593,478.344,true,none,96
2025-12-12 18:07:58.540,smart_meter,send_encrypted_data,334206,0.368,7265.348,true,none,344
2025-12-12 18:07:58.540,smart_meter,send_encrypted_data,334453,0.386,6931.668,true,none,296
2025-12-12 18:07:58.540,smart_meter,send_encrypted_data,334373,0.353,7577.858,true,none,375
2025-12-12 18:07:58.540,smart_meter,send_encrypted_data,333774,0.338,7899.976,true,none,282
2025-12-12 18:07:58.541,smart_meter,send_encrypted_data,334172,0.384,6961.917,true,none,116
2025-12-12 18:07:58.541,smart_meter,send_encrypted_data,334354,0.306,8741.281,true,none,179
2025-12-12 18:07:58.542,smart_meter,send_encrypted_data,334471,0.361,7412.100,true,none,356
2025-12-12 18:07:58.542,smart_meter,send_encrypted_data,334378,2.408,1110.890,true,none,291
2025-12-12 18:07:58.542,smart_meter,send_encrypted_data,334161,0.349,7659.851,true,none,37
2025-12-12 18:07:58.515,smart_meter,send_encrypted_data,334340,0.357,7492.213,true,none,70
2025-12-12 18:07:58.542,smart_meter,send_encrypted_data,334387,0.355,7535.482,true,none,97
2025-12-12 18:07:58.543,smart_meter,send_encrypted_data,334413,0.355,7536.068,true,none,80
2025-12-12 18:07:58.543,smart_meter,send_encrypted_data,334435,0.383,6985.587,true,none,145
2025-12-12 18:07:58.543,smart_meter,send_encrypted_data,334481,13.442,199.066,true,none,383
2025-12-12 18:07:58.543,smart_meter,send_encrypted_data,334392,0.351,7621.470,true,none,304
2025-12-12 18:07:58.543,smart_meter,send_encrypted_data,334373,14.203,188.339,true,none,257
2025-12-12 18:07:58.544,smart_meter,send_encrypted_data,334402,0.352,7600.045,true,none,76
2025-12-12 18:07:58.544,smart_meter,send_encrypted_data,333941,0.378,7067.534,true,none,369
2025-12-12 18:07:58.545,smart_meter,send_encrypted_data,334105,0.334,8002.515,true,none,227
2025-12-12 18:07:58.545,smart_meter,send_encrypted_data,334038,5.124,521.527,true,none,351
2025-12-12 18:07:58.545,smart_meter,send_encrypted_data,334133,0.361,7404.609,true,none,135
2025-12-12 18:07:58.545,smart_meter,send_encrypted_data,334454,0.365,7330.499,true,none,59
2025-12-12 18:07:58.545,smart_meter,send_encrypted_data,334441,0.336,7962.881,true,none,370
2025-12-12 18:07:58.546,smart_meter,send_encrypted_data,334154,0.370,7224.951,true,none,201
2025-12-12 18:07:58.546,smart_meter,send_encrypted_data,334283,2.987,895.301,true,none,318
2025-12-12 18:07:58.546,smart_meter,send_encrypted_data,334360,2.199,1216.407,true,none,108
2025-12-12 18:07:58.546,smart_meter,send_encrypted_data,334197,0.350,7638.789,true,none,87
2025-12-12 18:07:58.547,smart_meter,send_encrypted_data,334397,3.364,795.237,true,none,171
2025-12-12 18:07:58.547,smart_meter,send_encrypted_data,334303,0.397,6736.584,true,none,15
2025-12-12 18:07:58.547,smart_meter,send_encrypted_data,334379,0.371,7210.329,true,none,64
2025-12-12 18:07:58.547,smart_meter,send_encrypted_data,334372,3.240,825.610,true,none,78
2025-12-12 18:07:58.547,smart_meter,send_encrypted_data,334039,0.342,7813.778,true,none,330
2025-12-12 18:07:58.548,smart_meter,send_encrypted_data,334183,0.349,7660.355,true,none,470
2025-12-12 18:07:58.516,smart_meter,send_encrypted_data,334189,0.406,6585.005,true,none,234
2025-12-12 18:07:58.548,smart_meter,send_encrypted_data,334483,0.338,7916.757,true,none,180
2025-12-12 18:07:58.549,smart_meter,send_encrypted_data,334460,1.045,2560.459,true,none,323
2025-12-12 18:07:58.549,smart_meter,send_encrypted_data,334463,0.382,7004.461,true,none,159
2025-12-12 18:07:58.549,smart_meter,send_encrypted_data,334291,0.353,7576.000,true,none,175
2025-12-12 18:07:58.550,smart_meter,send_encrypted_data,334178,0.373,7167.357,true,none,142
2025-12-12 18:07:58.550,smart_meter,send_encrypted_data,334452,0.365,7330.455,true,none,281
2025-12-12 18:07:58.550,smart_meter,send_encrypted_data,334083,0.332,8050.193,true,none,368
2025-12-12 18:07:58.550,smart_meter,send_encrypted_data,334013,0.346,7722.844,true,none,365
2025-12-12 18:07:58.551,smart_meter,send_encrypted_data,334308,4.700,569.035,true,none,423
2025-12-12 18:07:58.551,smart_meter,send_encrypted_data,334197,0.372,7187.032,true,none,364
2025-12-12 18:07:58.551,smart_meter,send_encrypted_data,334303,0.374,7150.866,true,none,202
2025-12-12 18:07:58.551,smart_meter,send_encrypted_data,334419,0.345,7754.643,true,none,286
2025-12-12 18:07:58.552,smart_meter,send_encrypted_data,333980,6.462,413.470,true,none,246
2025-12-12 18:07:58.552,smart_meter,send_encrypted_data,334397,0.338,7914.722,true,none,399
2025-12-12 18:07:58.552,smart_meter,send_encrypted_data,334343,0.358,7471.352,true,none,355
2025-12-12 18:07:58.553,smart_meter,send_encrypted_data,334378,0.387,6912.207,true,none,271
2025-12-12 18:07:58.553,smart_meter,send_encrypted_data,334386,0.340,7867.906,true,none,39
2025-12-12 18:07:58.554,smart_meter,send_encrypted_data,334432,3.494,765.729,true,none,88
2025-12-12 18:07:58.554,smart_meter,send_encrypted_data,334334,0.373,7170.702,true,none,284
2025-12-12 18:07:58.554,smart_meter,send_encrypted_data,334221,0.376,7111.085,true,none,208
2025-12-12 18:07:58.554,smart_meter,send_encrypted_data,334426,0.346,7732.393,true,none,23
2025-12-12 18:07:58.555,smart_meter,send_encrypted_data,334088,0.337,7930.872,true,none,48
2025-12-12 18:07:58.555,smart_meter,send_encrypted_data,333508,15.725,169.670,true,none,2
2025-12-12 18:07:58.555,smart_meter,send_encrypted_data,334336,0.334,8008.048,true,none,143
2025-12-12 18:07:58.555,smart_meter,send_encrypted_data,334069,0.375,7126.805,true,none,41
2025-12-12 18:07:58.556,smart_meter,send_encrypted_data,334393,0.393,6806.982,true,none,165
2025-12-12 18:07:58.556,smart_meter,send_encrypted_data,334322,0.374,7151.273,true,none,209
2025-12-12 18:07:58.556,smart_meter,send_encrypted_data,334380,0.347,7709.049,true,none,265
2025-12-12 18:07:58.557,smart_meter,send_encrypted_data,334437,0.359,7452.635,true,none,212
2025-12-12 18:07:58.557,smart_meter,send_encrypted_data,334391,0.381,7021.333,true,none,394
2025-12-12 18:07:58.557,smart_meter,send_encrypted_data,334261,20.196,132.407,true,none,158
2025-12-12 18:07:58.557,smart_meter,send_encrypted_data,334117,6.147,434.836,true,none,225
2025-12-12 18:07:58.558,smart_meter,send_encrypted_data,334074,0.352,7592.591,true,none,118
2025-12-12 18:07:58.557,smart_meter,send_encrypted_data,334313,6.369,419.925,true,none,326
2025-12-12 18:07:58.558,smart_meter,send_encrypted_data,334126,0.377,7090.207,true,none,389
2025-12-12 18:07:58.557,smart_meter,send_encrypted_data,334321,5.538,482.948,true,none,102
2025-12-12 18:07:58.558,smart_meter,send_encrypted_data,334189,0.340,7863.271,true,none,361
2025-12-12 18:07:58.559,smart_meter,send_encrypted_data,334299,0.333,8031.207,true,none,471
2025-12-12 18:07:58.560,smart_meter,send_encrypted_data,334366,0.346,7731.006,true,none,140
2025-12-12 18:07:58.560,smart_meter,send_encrypted_data,334107,0.354,7550.441,true,none,272
2025-12-12 18:07:58.561,smart_meter,send_encrypted_data,334184,8.999,297.085,true,none,109
2025-12-12 18:07:58.561,smart_meter,send_encrypted_data,334383,1.154,2318.080,true,none,176
2025-12-12 18:07:58.561,smart_meter,send_encrypted_data,334361,0.404,6621.010,true,none,247
2025-12-12 18:07:58.561,smart_meter,send_encrypted_data,334092,0.404,6615.683,true,none,100
2025-12-12 18:07:58.561,smart_meter,send_encrypted_data,334414,0.357,7493.871,true,none,72
2025-12-12 18:07:58.562,smart_meter,send_encrypted_data,334404,0.376,7114.979,true,none,42
2025-12-12 18:07:58.562,smart_meter,send_encrypted_data,334098,0.527,5071.696,true,none,263
2025-12-12 18:07:58.563,smart_meter,send_encrypted_data,334381,0.328,8155.634,true,none,74
2025-12-12 18:07:58.564,smart_meter,send_encrypted_data,334245,0.376,7111.596,true,none,230
2025-12-12 18:07:58.564,smart_meter,send_encrypted_data,334183,0.376,7110.277,true,none,226
2025-12-12 18:07:58.516,smart_meter,send_encrypted_data,334359,0.424,6308.660,true,none,86
2025-12-12 18:07:58.565,smart_meter,send_encrypted_data,334428,16.167,165.487,true,none,107
2025-12-12 18:07:58.565,smart_meter,send_encrypted_data,333728,0.387,6898.770,true,none,33
2025-12-12 18:07:58.565,smart_meter,send_encrypted_data,334305,9.412,284.152,true,none,268
2025-12-12 18:07:58.566,smart_meter,send_encrypted_data,334478,0.359,7453.549,true,none,243
2025-12-12 18:07:58.566,smart_meter,send_encrypted_data,333994,9.439,283.076,true,none,390
2025-12-12 18:07:58.567,smart_meter,send_encrypted_data,334155,0.337,7932.463,true,none,223
2025-12-12 18:07:58.567,smart_meter,send_encrypted_data,334251,2.009,1331.014,true,none,309
2025-12-12 18:07:58.567,smart_meter,send_encrypted_data,333319,0.363,7345.873,true,none,274
2025-12-12 18:07:58.568,smart_meter,send_encrypted_data,334432,3.446,776.395,true,none,305
2025-12-12 18:07:58.568,smart_meter,send_encrypted_data,334413,0.403,6638.471,true,none,217
2025-12-12 18:07:58.566,smart_meter,send_encrypted_data,334239,3.709,720.925,true,none,197
2025-12-12 18:07:58.568,smart_meter,send_encrypted_data,334335,3.034,881.569,true,none,254
2025-12-12 18:07:58.569,smart_meter,send_encrypted_data,334289,3.564,750.368,true,none,328
2025-12-12 18:07:58.570,smart_meter,send_encrypted_data,334471,0.366,7310.842,true,none,18
2025-12-12 18:07:58.569,smart_meter,send_encrypted_data,334470,3.089,866.222,true,none,406
2025-12-12 18:07:58.570,smart_meter,send_encrypted_data,334217,0.357,7489.457,true,none,123
2025-12-12 18:07:58.571,smart_meter,send_encrypted_data,334225,16.686,160.242,true,none,7
2025-12-12 18:07:58.572,smart_meter,send_encrypted_data,334427,0.344,7777.372,true,none,428
2025-12-12 18:07:58.572,smart_meter,send_encrypted_data,334075,0.365,7322.192,true,none,65
2025-12-12 18:07:58.572,smart_meter,send_encrypted_data,334437,0.337,7939.157,true,none,183
2025-12-12 18:07:58.573,smart_meter,send_encrypted_data,334193,0.374,7148.513,true,none,20
2025-12-12 18:07:58.574,smart_meter,send_encrypted_data,334349,0.359,7450.674,true,none,279
2025-12-12 18:07:58.574,smart_meter,send_encrypted_data,334404,0.361,7410.615,true,none,379
2025-12-12 18:07:58.575,smart_meter,send_encrypted_data,334197,0.361,7406.028,true,none,485
2025-12-12 18:07:58.575,smart_meter,send_encrypted_data,334135,0.375,7128.213,true,none,339
2025-12-12 18:07:58.575,smart_meter,send_encrypted_data,334304,7.782,343.669,true,none,229
2025-12-12 18:07:58.576,smart_meter,send_encrypted_data,333464,0.378,7057.439,true,none,292
2025-12-12 18:07:58.576,smart_meter,send_encrypted_data,333911,3.803,702.416,true,none,479
2025-12-12 18:07:58.577,smart_meter,send_encrypted_data,334469,0.395,6774.056,true,none,460
2025-12-12 18:07:58.577,smart_meter,send_encrypted_data,334471,0.369,7251.404,true,none,49
2025-12-12 18:07:58.577,smart_meter,send_encrypted_data,334485,0.369,7251.707,true,none,11
2025-12-12 18:07:58.577,smart_meter,send_encrypted_data,334258,0.386,6927.627,true,none,372
2025-12-12 18:07:58.578,smart_meter,send_encrypted_data,334148,2.378,1124.131,true,none,474
2025-12-12 18:07:58.578,smart_meter,send_encrypted_data,334385,3.238,826.152,true,none,431
2025-12-12 18:07:58.578,smart_meter,send_encrypted_data,334191,0.401,6667.152,true,none,354
2025-12-12 18:07:58.578,smart_meter,send_encrypted_data,334336,18.974,140.966,true,none,260
2025-12-12 18:07:58.578,smart_meter,send_encrypted_data,334024,3.862,691.919,true,none,480
2025-12-12 18:07:58.578,smart_meter,send_encrypted_data,334222,4.314,619.790,true,none,477
2025-12-12 18:07:58.578,smart_meter,send_encrypted_data,334464,0.337,7939.798,true,none,384
2025-12-12 18:07:58.579,smart_meter,send_encrypted_data,334201,2.895,923.526,true,none,476
2025-12-12 18:07:58.579,smart_meter,send_encrypted_data,334086,0.391,6835.519,true,none,242
2025-12-12 18:07:58.579,smart_meter,send_encrypted_data,334417,0.359,7452.189,true,none,422
2025-12-12 18:07:58.579,smart_meter,send_encrypted_data,334434,0.364,7350.198,true,none,367
2025-12-12 18:07:58.580,smart_meter,send_encrypted_data,334176,0.349,7660.195,true,none,250
2025-12-12 18:07:58.580,smart_meter,send_encrypted_data,334234,18.023,148.359,true,none,310
2025-12-12 18:07:58.580,smart_meter,send_encrypted_data,334368,23.097,115.813,true,none,199
2025-12-12 18:07:58.580,smart_meter,send_encrypted_data,334318,0.375,7132.117,true,none,262
2025-12-12 18:07:58.580,smart_meter,send_encrypted_data,334074,0.342,7814.596,true,none,461
2025-12-12 18:07:58.581,smart_meter,send_encrypted_data,334223,0.347,7705.429,true,none,295
2025-12-12 18:07:58.581,smart_meter,send_encrypted_data,334350,18.469,144.826,true,none,405
2025-12-12 18:07:58.581,smart_meter,send_encrypted_data,334316,0.373,7170.316,true,none,418
2025-12-12 18:07:58.582,smart_meter,send_encrypted_data,334349,2.180,1226.969,true,none,248
2025-12-12 18:07:58.582,smart_meter,send_encrypted_data,334289,0.392,6822.224,true,none,163
2025-12-12 18:07:58.582,smart_meter,send_encrypted_data,334392,0.367,7289.199,true,none,285
2025-12-12 18:07:58.582,smart_meter,send_encrypted_data,334279,0.360,7428.422,true,none,319
2025-12-12 18:07:58.583,smart_meter,send_encrypted_data,334368,0.329,8130.529,true,none,335
2025-12-12 18:07:58.583,smart_meter,send_encrypted_data,334267,0.379,7055.768,true,none,392
2025-12-12 18:07:58.542,smart_meter,send_encrypted_data,334222,0.359,7447.844,true,none,160
2025-12-12 18:07:58.583,smart_meter,send_encrypted_data,334059,24.713,108.140,true,none,404
2025-12-12 18:07:58.583,smart_meter,send_encrypted_data,334517,2.533,1056.508,true,none,468
2025-12-12 18:07:58.586,smart_meter,send_encrypted_data,334199,3.660,730.490,true,none,412
2025-12-12 18:07:58.586,smart_meter,send_encrypted_data,334424,0.351,7622.199,true,none,299
2025-12-12 18:07:58.584,smart_meter,send_encrypted_data,334407,0.394,6789.990,true,none,321
2025-12-12 18:07:58.587,smart_meter,send_encrypted_data,334437,2.324,1151.246,true,none,193
2025-12-12 18:07:58.587,smart_meter,send_encrypted_data,334093,0.350,7636.411,true,none,440
2025-12-12 18:07:58.588,smart_meter,send_encrypted_data,334193,0.353,7573.779,true,none,215
2025-12-12 18:07:58.588,smart_meter,send_encrypted_data,334464,0.378,7078.603,true,none,207
2025-12-12 18:07:58.589,smart_meter,send_encrypted_data,334293,0.335,7983.116,true,none,347
2025-12-12 18:07:58.589,smart_meter,send_encrypted_data,334391,0.364,7349.253,true,none,329
2025-12-12 18:07:58.589,smart_meter,send_encrypted_data,334173,23.293,114.772,true,none,410
2025-12-12 18:07:58.589,smart_meter,send_encrypted_data,334372,20.576,130.005,true,none,220
2025-12-12 18:07:58.590,smart_meter,send_encrypted_data,334334,0.335,7984.096,true,none,332
2025-12-12 18:07:58.590,smart_meter,send_encrypted_data,334548,0.363,7372.959,true,none,467
2025-12-12 18:07:58.590,smart_meter,send_encrypted_data,334194,0.371,7206.340,true,none,366
2025-12-12 18:07:58.591,smart_meter,send_encrypted_data,334227,0.361,7406.693,true,none,398
2025-12-12 18:07:58.591,smart_meter,send_encrypted_data,334306,0.376,7112.894,true,none,407
2025-12-12 18:07:58.591,smart_meter,send_encrypted_data,334335,5.396,495.678,true,none,126
2025-12-12 18:07:58.592,smart_meter,send_encrypted_data,334274,0.338,7911.811,true,none,432
2025-12-12 18:07:58.592,smart_meter,send_encrypted_data,334114,0.375,7127.765,true,none,400
2025-12-12 18:07:58.592,smart_meter,send_encrypted_data,334428,14.473,184.856,true,none,307
2025-12-12 18:07:58.592,smart_meter,send_encrypted_data,334279,5.677,471.064,true,none,219
2025-12-12 18:07:58.593,smart_meter,send_encrypted_data,334381,0.413,6477.114,true,none,377
2025-12-12 18:07:58.593,smart_meter,send_encrypted_data,334345,0.366,7308.087,true,none,429
2025-12-12 18:07:58.594,smart_meter,send_encrypted_data,334354,0.339,7890.360,true,none,435
2025-12-12 18:07:58.594,smart_meter,send_encrypted_data,334417,9.379,285.247,true,none,363
2025-12-12 18:07:58.594,smart_meter,send_encrypted_data,334249,12.501,213.902,true,none,173
2025-12-12 18:07:58.595,smart_meter,send_encrypted_data,334144,17.637,151.565,true,none,464
2025-12-12 18:07:58.595,smart_meter,send_encrypted_data,334416,0.369,7250.211,true,none,489
2025-12-12 18:07:58.596,smart_meter,send_encrypted_data,333245,8.846,301.375,true,none,236
2025-12-12 18:07:58.516,smart_meter,send_encrypted_data,333306,0.424,6288.792,true,none,317
2025-12-12 18:07:58.596,smart_meter,send_encrypted_data,334341,0.331,8080.749,true,none,218
2025-12-12 18:07:58.596,smart_meter,send_encrypted_data,334359,9.497,281.654,true,none,261
2025-12-12 18:07:58.517,smart_meter,send_encrypted_data,334161,0.351,7616.205,true,none,31
2025-12-12 18:07:58.517,smart_meter,send_encrypted_data,334366,0.369,7249.127,true,none,182
2025-12-12 18:07:58.599,smart_meter,send_encrypted_data,333778,0.346,7717.410,true,none,450
2025-12-12 18:07:58.599,smart_meter,send_encrypted_data,334490,1.001,2673.247,true,none,491
2025-12-12 18:07:58.599,smart_meter,send_encrypted_data,334432,4.430,603.940,true,none,488
2025-12-12 18:07:58.517,smart_meter,send_encrypted_data,334409,0.390,6859.672,true,none,98
2025-12-12 18:07:58.601,smart_meter,send_encrypted_data,334215,0.338,7910.414,true,none,495
2025-12-12 18:07:58.602,smart_meter,send_encrypted_data,334311,0.403,6636.447,true,none,453
2025-12-12 18:07:58.603,smart_meter,send_encrypted_data,334114,0.353,7571.989,true,none,249
2025-12-12 18:07:58.604,smart_meter,send_encrypted_data,334455,0.889,3009.719,true,none,496
2025-12-12 18:07:58.517,smart_meter,send_encrypted_data,334486,0.388,6896.619,true,none,324
2025-12-12 18:07:58.605,smart_meter,send_encrypted_data,334452,0.341,7846.381,true,none,500
2025-12-12 18:07:58.517,smart_meter,send_encrypted_data,334184,0.371,7206.124,true,none,5
2025-12-12 18:07:58.517,smart_meter,send_encrypted_data,334387,11.763,227.416,true,none,273
2025-12-12 18:07:58.607,smart_meter,send_encrypted_data,334219,0.392,6820.796,true,none,466
2025-12-12 18:07:58.607,smart_meter,send_encrypted_data,334062,0.854,3129.386,true,none,494
2025-12-12 18:07:58.608,smart_meter,send_encrypted_data,334449,0.365,7330.389,true,none,447
2025-12-12 18:07:58.608,smart_meter,send_encrypted_data,334395,0.552,4846.304,true,none,443
2025-12-12 18:07:58.609,smart_meter,send_encrypted_data,334335,0.339,7889.912,true,none,465
2025-12-12 18:07:58.610,smart_meter,send_encrypted_data,334431,0.398,6722.231,true,none,444
2025-12-12 18:07:58.610,smart_meter,send_encrypted_data,334155,2.875,929.823,true,none,469
2025-12-12 18:07:58.517,smart_meter,send_encrypted_data,334434,0.370,7231.005,true,none,233
2025-12-12 18:07:58.517,smart_meter,send_encrypted_data,334340,0.384,6965.417,true,none,425
2025-12-12 18:07:58.518,smart_meter,send_encrypted_data,334365,0.353,7577.677,true,none,278
2025-12-12 18:07:58.518,smart_meter,send_encrypted_data,334163,0.408,6552.216,true,none,397
2025-12-12 18:07:58.518,smart_meter,send_encrypted_data,334432,0.385,6949.236,true,none,30
2025-12-12 18:07:58.519,smart_meter,send_encrypted_data,334149,0.376,7109.553,true,none,28
2025-12-12 18:07:58.519,smart_meter,send_encrypted_data,334251,0.378,7074.095,true,none,178
2025-12-12 18:07:58.611,smart_meter,send_encrypted_data,334433,0.382,7003.832,true,none,457
2025-12-12 18:07:58.611,smart_meter,send_encrypted_data,334149,0.349,7659.576,true,none,448
2025-12-12 18:07:58.519,smart_meter,send_encrypted_data,334290,2.233,1197.635,true,none,148
2025-12-12 18:07:58.613,smart_meter,send_encrypted_data,334259,0.376,7111.894,true,none,245
2025-12-12 18:07:58.614,smart_meter,send_encrypted_data,334234,0.333,8029.646,true,none,293
2025-12-12 18:07:58.519,smart_meter,send_encrypted_data,334342,4.451,600.929,true,none,312
2025-12-12 18:07:58.614,smart_meter,send_encrypted_data,334203,0.371,7206.534,true,none,67
2025-12-12 18:07:58.615,smart_meter,send_encrypted_data,334272,3.193,837.512,true,none,455
2025-12-12 18:07:58.615,smart_meter,send_encrypted_data,334556,0.397,6741.683,true,none,170
2025-12-12 18:07:58.615,smart_meter,send_encrypted_data,334404,3.602,742.707,true,none,449
2025-12-12 18:07:58.616,smart_meter,send_encrypted_data,334091,1.309,2041.809,true,none,111
2025-12-12 18:07:58.616,smart_meter,send_encrypted_data,333918,1.134,2355.683,true,none,117
2025-12-12 18:07:58.520,smart_meter,send_encrypted_data,334318,2.990,894.496,true,none,221
2025-12-12 18:07:58.520,smart_meter,send_encrypted_data,334333,9.114,293.468,true,none,166
2025-12-12 18:07:58.520,smart_meter,send_encrypted_data,334041,0.364,7341.560,true,none,46
2025-12-12 18:07:58.520,smart_meter,send_encrypted_data,333932,0.375,7123.883,true,none,191
2025-12-12 18:07:58.520,smart_meter,send_encrypted_data,334328,0.362,7388.464,true,none,92
2025-12-12 18:07:58.617,smart_meter,send_encrypted_data,334208,4.267,626.591,true,none,451
2025-12-12 18:07:58.617,smart_meter,send_encrypted_data,333962,3.735,715.314,true,none,136
2025-12-12 18:07:58.520,smart_meter,send_encrypted_data,334337,0.550,4863.084,true,none,195
2025-12-12 18:07:58.521,smart_meter,send_encrypted_data,334335,9.293,287.817,true,none,101
2025-12-12 18:07:58.521,smart_meter,send_encrypted_data,334087,0.386,6924.083,true,none,125
2025-12-12 18:07:58.521,smart_meter,send_encrypted_data,334397,0.552,4846.333,true,none,342
2025-12-12 18:07:58.618,smart_meter,send_encrypted_data,334483,0.885,3023.575,true,none,333
2025-12-12 18:07:58.521,smart_meter,send_encrypted_data,334415,4.901,545.872,true,none,340
2025-12-12 18:07:58.522,smart_meter,send_encrypted_data,334285,0.838,3191.265,true,none,14
2025-12-12 18:07:58.522,smart_meter,send_encrypted_data,334253,14.424,185.387,true,none,94
2025-12-12 18:07:58.619,smart_meter,send_encrypted_data,334175,0.338,7909.467,true,none,187
2025-12-12 18:07:58.522,smart_meter,send_encrypted_data,334439,0.358,7473.497,true,none,95
2025-12-12 18:07:58.523,smart_meter,send_encrypted_data,334129,0.425,6289.487,true,none,93
2025-12-12 18:07:58.620,smart_meter,send_encrypted_data,334430,0.341,7845.865,true,none,338
2025-12-12 18:07:58.523,smart_meter,send_encrypted_data,334308,0.549,4871.519,true,none,391
2025-12-12 18:07:58.523,smart_meter,send_encrypted_data,334468,0.375,7135.317,true,none,353
2025-12-12 18:07:58.506,smart_meter,send_encrypted_data,334315,0.379,7056.781,true,none,283
2025-12-12 18:07:58.524,smart_meter,send_encrypted_data,334087,0.372,7184.667,true,none,393
2025-12-12 18:07:58.524,smart_meter,send_encrypted_data,334181,0.375,7129.195,true,none,61
2025-12-12 18:07:58.524,smart_meter,send_encrypted_data,334312,0.368,7267.652,true,none,239
2025-12-12 18:07:58.524,smart_meter,send_encrypted_data,334420,0.377,7096.446,true,none,13
2025-12-12 18:07:58.524,smart_meter,send_encrypted_data,334364,17.928,149.203,true,none,232
2025-12-12 18:07:58.511,smart_meter,send_encrypted_data,334159,4.999,534.761,true,none,376
2025-12-12 18:07:58.525,smart_meter,send_encrypted_data,334106,0.341,7838.264,true,none,55
2025-12-12 18:07:58.525,smart_meter,send_encrypted_data,334193,0.378,7072.868,true,none,301
2025-12-12 18:07:58.506,smart_meter,send_encrypted_data,334357,0.339,7890.431,true,none,104
2025-12-12 18:07:58.622,smart_meter,send_encrypted_data,334414,0.691,3871.653,true,none,336
2025-12-12 18:07:58.525,smart_meter,send_encrypted_data,334004,0.338,7905.420,true,none,22
2025-12-12 18:07:58.526,smart_meter,send_encrypted_data,334441,0.383,6985.713,true,none,51
2025-12-12 18:07:58.526,smart_meter,send_encrypted_data,334363,0.400,6687.260,true,none,63
2025-12-12 18:07:58.526,smart_meter,send_encrypted_data,334309,1.459,1833.086,true,none,133
2025-12-12 18:07:58.526,smart_meter,send_encrypted_data,333342,0.377,7073.570,true,none,73
2025-12-12 18:07:58.526,smart_meter,send_encrypted_data,334414,0.395,6772.942,true,none,79
2025-12-12 18:07:58.526,smart_meter,send_encrypted_data,334145,1.564,1709.182,true,none,40
2025-12-12 18:07:58.526,smart_meter,send_encrypted_data,334419,0.385,6948.966,true,none,308
2025-12-12 18:07:58.526,smart_meter,send_encrypted_data,334333,10.327,258.997,true,none,320
2025-12-12 18:07:58.526,smart_meter,send_encrypted_data,334415,2.383,1122.669,true,none,172
2025-12-12 18:07:58.526,smart_meter,send_encrypted_data,333541,0.376,7096.617,true,none,56
2025-12-12 18:07:58.527,smart_meter,send_encrypted_data,334293,0.406,6587.054,true,none,240
2025-12-12 18:07:58.527,smart_meter,send_encrypted_data,334332,0.442,6051.258,true,none,211
2025-12-12 18:07:58.527,smart_meter,send_encrypted_data,334294,8.819,303.249,true,none,26
2025-12-12 18:07:58.527,smart_meter,send_encrypted_data,333866,0.381,7010.310,true,none,54
2025-12-12 18:07:58.527,smart_meter,send_encrypted_data,334268,14.556,183.714,true,none,151
2025-12-12 18:07:58.630,smart_meter,send_encrypted_data,334430,0.326,8206.871,true,none,154
2025-12-12 18:07:58.527,smart_meter,send_encrypted_data,334331,0.358,7471.084,true,none,113
2025-12-12 18:07:58.528,smart_meter,send_encrypted_data,334492,0.355,7537.848,true,none,255
2025-12-12 18:07:58.528,smart_meter,send_encrypted_data,334477,9.391,284.934,true,none,43
2025-12-12 18:07:58.528,smart_meter,send_encrypted_data,334460,21.319,125.507,true,none,6
2025-12-12 18:07:58.631,smart_meter,send_encrypted_data,334255,0.351,7618.348,true,none,290
2025-12-12 18:07:58.528,smart_meter,send_encrypted_data,333974,0.345,7744.325,true,none,25
2025-12-12 18:07:58.529,smart_meter,send_encrypted_data,334165,0.360,7425.889,true,none,24
2025-12-12 18:07:58.632,smart_meter,send_encrypted_data,334484,0.340,7870.212,true,none,348
2025-12-12 18:07:58.633,smart_meter,send_encrypted_data,334373,0.324,8256.123,true,none,359
2025-12-12 18:07:58.529,smart_meter,send_encrypted_data,334402,15.744,169.920,true,none,327
2025-12-12 18:07:58.633,smart_meter,send_encrypted_data,334188,0.400,6683.760,true,none,36
2025-12-12 18:07:58.633,smart_meter,send_encrypted_data,334335,0.363,7368.264,true,none,194
2025-12-12 18:07:58.633,smart_meter,send_encrypted_data,334443,0.354,7558.034,true,none,352
2025-12-12 18:07:58.634,smart_meter,send_encrypted_data,334250,1.234,2166.937,true,none,360
2025-12-12 18:07:58.634,smart_meter,send_encrypted_data,334153,0.374,7147.658,true,none,358
2025-12-12 18:07:58.634,smart_meter,send_encrypted_data,334473,0.347,7711.193,true,none,350
2025-12-12 18:07:58.635,smart_meter,send_encrypted_data,334342,3.141,851.556,true,none,343
2025-12-12 18:07:58.635,smart_meter,send_encrypted_data,334404,1.498,1785.869,true,none,357
2025-12-12 18:07:58.636,smart_meter,send_encrypted_data,333927,0.361,7400.044,true,none,382
2025-12-12 18:07:58.637,smart_meter,send_encrypted_data,334357,0.356,7513.640,true,none,190
2025-12-12 18:07:58.639,smart_meter,send_encrypted_data,334361,0.400,6687.220,true,none,306
2025-12-12 18:07:58.640,smart_meter,send_encrypted_data,334119,0.324,8249.852,true,none,409
2025-12-12 18:07:58.641,smart_meter,send_encrypted_data,334308,0.367,7287.368,true,none,408
2025-12-12 18:07:58.529,smart_meter,send_encrypted_data,334369,0.358,7471.933,true,none,276
2025-12-12 18:07:58.642,smart_meter,send_encrypted_data,334447,4.412,606.432,true,none,349
2025-12-12 18:07:58.529,smart_meter,send_encrypted_data,334500,0.361,7412.742,true,none,153
2025-12-12 18:07:58.529,smart_meter,send_encrypted_data,334198,7.895,338.643,true,none,415
2025-12-12 18:07:58.644,smart_meter,send_encrypted_data,334310,0.351,7619.601,true,none,483
2025-12-12 18:07:58.644,smart_meter,send_encrypted_data,334311,0.363,7367.736,true,none,441
2025-12-12 18:07:58.530,smart_meter,send_encrypted_data,334444,0.366,7310.251,true,none,266
2025-12-12 18:07:58.530,smart_meter,send_encrypted_data,334252,0.407,6570.064,true,none,294
2025-12-12 18:07:58.530,smart_meter,send_encrypted_data,334316,13.310,200.941,true,none,120
2025-12-12 18:07:58.530,smart_meter,send_encrypted_data,334059,2.555,1045.977,true,none,238
2025-12-12 18:07:58.530,smart_meter,send_encrypted_data,334530,2.343,1142.228,true,none,119
2025-12-12 18:07:58.646,smart_meter,send_encrypted_data,334165,3.809,701.843,true,none,436
2025-12-12 18:07:58.531,smart_meter,send_encrypted_data,334252,0.355,7532.439,true,none,60
2025-12-12 18:07:58.646,smart_meter,send_encrypted_data,333803,2.810,950.329,true,none,439
2025-12-12 18:07:58.531,smart_meter,send_encrypted_data,334014,0.372,7183.097,true,none,264
2025-12-12 18:07:58.647,smart_meter,send_encrypted_data,334290,1.295,2065.112,true,none,47
2025-12-12 18:07:58.531,smart_meter,send_encrypted_data,334372,7.005,381.867,true,none,21
2025-12-12 18:07:58.531,smart_meter,send_encrypted_data,333945,0.344,7766.163,true,none,147
2025-12-12 18:07:58.531,smart_meter,send_encrypted_data,334411,0.341,7845.419,true,none,362
2025-12-12 18:07:58.532,smart_meter,send_encrypted_data,334165,0.404,6617.129,true,none,89
2025-12-12 18:07:58.532,smart_meter,send_encrypted_data,334190,0.344,7771.860,true,none,77
2025-12-12 18:07:58.532,smart_meter,send_encrypted_data,334324,0.354,7555.345,true,none,463
2025-12-12 18:07:58.532,smart_meter,send_encrypted_data,334165,0.461,5798.959,true,none,3
2025-12-12 18:07:58.532,smart_meter,send_encrypted_data,334221,0.757,3532.058,true,none,112
2025-12-12 18:07:58.532,smart_meter,send_encrypted_data,334380,0.373,7171.689,true,none,442
2025-12-12 18:07:58.532,smart_meter,send_encrypted_data,334496,0.374,7154.995,true,none,385
2025-12-12 18:07:58.532,smart_meter,send_encrypted_data,334313,0.348,7685.356,true,none,156
2025-12-12 18:07:58.533,smart_meter,send_encrypted_data,334132,0.380,7034.358,true,none,8
2025-12-12 18:07:58.533,smart_meter,send_encrypted_data,334124,0.430,6216.260,true,none,256
2025-12-12 18:07:58.533,smart_meter,send_encrypted_data,334296,0.387,6910.512,true,none,244
2025-12-12 18:07:58.534,smart_meter,send_encrypted_data,334436,0.348,7688.184,true,none,167
2025-12-12 18:07:58.534,smart_meter,send_encrypted_data,334323,0.353,7576.725,true,none,314
2025-12-12 18:07:58.534,smart_meter,send_encrypted_data,334362,0.384,6965.875,true,none,387
2025-12-12 18:07:58.534,smart_meter,send_encrypted_data,334207,0.402,6650.886,true,none,267
2025-12-12 18:07:58.534,smart_meter,send_encrypted_data,334212,0.374,7148.920,true,none,419
2025-12-12 18:07:58.654,smart_meter,send_encrypted_data,334358,0.335,7984.669,true,none,452
2025-12-12 18:07:58.537,smart_meter,send_encrypted_data,334319,9.708,275.500,true,none,388
2025-12-12 18:07:58.535,smart_meter,send_encrypted_data,334083,4.399,607.562,true,none,231
2025-12-12 18:07:58.538,smart_meter,send_encrypted_data,334364,3.764,710.657,true,none,62
2025-12-12 18:07:58.538,smart_meter,send_encrypted_data,334226,0.370,7226.508,true,none,52
2025-12-12 18:07:58.538,smart_meter,send_encrypted_data,334453,0.408,6557.902,true,none,157
2025-12-12 18:07:58.561,smart_meter,send_encrypted_data,334342,1.068,2504.434,true,none,417
2025-12-12 18:07:58.584,smart_meter,send_encrypted_data,334383,11.372,235.233,true,none,224
2025-12-12 18:07:58.584,smart_meter,send_encrypted_data,334450,0.373,7173.190,true,none,334
2025-12-12 18:07:58.584,smart_meter,send_encrypted_data,334407,0.368,7269.717,true,none,57
2025-12-12 18:07:58.584,smart_meter,send_encrypted_data,334422,0.370,7230.746,true,none,287
2025-12-12 18:07:58.584,smart_meter,send_encrypted_data,334097,0.394,6783.695,true,none,205
2025-12-12 18:07:58.584,smart_meter,send_encrypted_data,334170,8.717,306.683,true,none,386
2025-12-12 18:07:58.575,smart_meter,send_encrypted_data,334277,0.368,7266.891,true,none,184
2025-12-12 18:07:58.585,smart_meter,send_encrypted_data,334176,0.334,8004.216,true,none,213
2025-12-12 18:07:58.586,smart_meter,send_encrypted_data,334241,0.363,7366.193,true,none,237
2025-12-12 18:07:58.655,smart_meter,send_encrypted_data,334455,0.355,7537.014,true,none,498
2025-12-12 18:07:58.586,smart_meter,send_encrypted_data,334372,0.346,7731.145,true,none,311
2025-12-12 18:07:58.656,smart_meter,send_encrypted_data,334048,2.897,922.466,true,none,499
2025-12-12 18:07:58.656,smart_meter,send_encrypted_data,334354,0.379,7057.604,true,none,497
2025-12-12 18:07:58.584,smart_meter,send_encrypted_data,334425,1.967,1360.142,true,none,196
2025-12-12 18:07:58.657,smart_meter,send_encrypted_data,334248,0.377,7092.796,true,none,456
2025-12-12 18:07:58.657,smart_meter,send_encrypted_data,334285,0.340,7865.529,true,none,462
2025-12-12 18:07:58.658,smart_meter,send_encrypted_data,334218,0.680,3931.976,true,none,493
2025-12-12 18:07:58.658,smart_meter,send_encrypted_data,334156,0.823,3248.175,true,none,458
2025-12-12 18:07:58.659,smart_meter,send_encrypted_data,334243,0.370,7226.876,true,none,253
2025-12-12 18:07:58.659,smart_meter,send_encrypted_data,334385,1.323,2021.980,true,none,445
2025-12-12 18:07:58.660,smart_meter,send_encrypted_data,334444,0.384,6967.583,true,none,149
2025-12-12 18:07:58.660,smart_meter,send_encrypted_data,334188,0.359,7447.086,true,none,130
2025-12-12 18:07:58.663,smart_meter,send_encrypted_data,334273,0.447,5982.515,true,none,288
2025-12-12 18:07:58.664,smart_meter,send_encrypted_data,334203,0.875,3055.570,true,none,10
2025-12-12 18:07:58.664,smart_meter,send_encrypted_data,334114,2.599,1028.439,true,none,177
2025-12-12 18:07:58.664,smart_meter,send_encrypted_data,334480,0.467,5729.850,true,none,188
2025-12-12 18:07:58.667,smart_meter,send_encrypted_data,333551,0.391,6824.573,true,none,204
2025-12-12 18:07:58.667,smart_meter,send_encrypted_data,333891,0.380,7029.284,true,none,139
2025-12-12 18:07:58.668,smart_meter,send_encrypted_data,334233,0.426,6276.676,true,none,381
2025-12-12 18:07:58.669,smart_meter,send_encrypted_data,334453,0.713,3752.628,true,none,403
2025-12-12 18:07:58.669,smart_meter,send_encrypted_data,334282,0.345,7751.467,true,none,401
2025-12-12 18:07:58.670,smart_meter,send_encrypted_data,334401,0.947,2824.929,true,none,396
2025-12-12 18:07:58.671,smart_meter,send_encrypted_data,334119,0.365,7323.156,true,none,484
2025-12-12 18:07:58.672,smart_meter,send_encrypted_data,334044,0.333,8025.081,true,none,478
2025-12-12 18:07:58.672,smart_meter,send_encrypted_data,333966,0.351,7611.761,true,none,437
2025-12-12 18:07:58.672,smart_meter,send_encrypted_data,334435,1.311,2040.793,true,none,481
2025-12-12 18:07:58.673,smart_meter,send_encrypted_data,334411,0.382,7003.372,true,none,433
2025-12-12 18:07:58.674,smart_meter,send_encrypted_data,333432,0.455,5862.541,true,none,438
2025-12-12 18:07:58.675,smart_meter,send_encrypted_data,334148,0.365,7323.792,true,none,473
2025-12-12 18:07:58.679,smart_meter,send_encrypted_data,334314,0.331,8080.097,true,none,490
2025-12-12 18:07:58.680,smart_meter,send_encrypted_data,334434,0.350,7644.206,true,none,459
2025-12-12 18:07:58.680,smart_meter,send_encrypted_data,334186,0.692,3863.422,true,none,472
2025-12-12 18:07:58.680,smart_meter,send_encrypted_data,334350,0.369,7248.780,true,none,492
2025-12-12 18:07:58.681,smart_meter,send_encrypted_data,334130,0.378,7071.534,true,none,258
2025-12-12 18:07:58.683,smart_meter,send_encrypted_data,333351,0.369,7227.122,true,none,185
2025-12-12 18:07:58.683,smart_meter,send_encrypted_data,334062,0.411,6502.423,true,none,446
2025-12-12 18:07:58.684,smart_meter,send_encrypted_data,334286,0.471,5677.894,true,none,371
2025-12-12 18:07:58.684,smart_meter,send_encrypted_data,334444,0.422,6340.171,true,none,374
2025-12-12 18:07:58.685,smart_meter,send_encrypted_data,334384,0.756,3538.455,true,none,430
2025-12-12 18:07:58.686,smart_meter,send_encrypted_data,334347,0.388,6893.753,true,none,413
2025-12-12 18:07:58.686,smart_meter,send_encrypted_data,334108,0.376,7108.681,true,none,427
2025-12-12 18:07:58.686,smart_meter,send_encrypted_data,334318,0.472,5666.407,true,none,482
2025-12-12 18:07:58.687,smart_meter,send_encrypted_data,334333,0.384,6965.271,true,none,486
2025-12-12 18:07:58.688,smart_meter,send_encrypted_data,334513,3.496,765.476,true,none,395
2025-12-12 18:07:58.689,smart_meter,send_encrypted_data,334528,0.344,7779.721,true,none,454
2025-12-12 18:07:58.690,smart_meter,send_encrypted_data,334312,3.634,735.965,true,none,434
2025-12-12 18:07:58.690,smart_meter,send_encrypted_data,334157,2.683,996.368,true,none,289
2025-12-12 18:07:58.692,smart_meter,send_encrypted_data,334043,0.384,6959.229,true,none,475
2025-12-12 18:07:58.696,smart_meter,send_encrypted_data,334373,0.476,5619.714,true,none,402
2025-12-12 18:09:03.722,smart_meter,send_encrypted_data,334372,0.351,7621.014,true,none,11
2025-12-12 18:09:03.723,smart_meter,send_encrypted_data,334045,0.353,7570.425,true,none,16
2025-12-12 18:09:03.725,smart_meter,send_encrypted_data,334374,0.360,7430.533,true,none,32
2025-12-12 18:09:03.725,smart_meter,send_encrypted_data,333982,0.457,5846.512,true,none,57
2025-12-12 18:09:03.733,smart_meter,send_encrypted_data,334356,0.362,7389.083,true,none,29
2025-12-12 18:09:03.733,smart_meter,send_encrypted_data,334492,0.371,7212.765,true,none,47
2025-12-12 18:09:03.734,smart_meter,send_encrypted_data,334072,0.355,7528.383,true,none,38
2025-12-12 18:09:03.734,smart_meter,send_encrypted_data,334289,0.360,7428.644,true,none,69
2025-12-12 18:09:03.734,smart_meter,send_encrypted_data,334352,0.368,7268.522,true,none,53
2025-12-12 18:09:03.735,smart_meter,send_encrypted_data,334127,0.401,6665.875,true,none,34
2025-12-12 18:09:03.735,smart_meter,send_encrypted_data,334086,0.979,2730.018,true,none,1
2025-12-12 18:09:03.736,smart_meter,send_encrypted_data,334266,0.359,7448.825,true,none,90
2025-12-12 18:09:03.735,smart_meter,send_encrypted_data,334278,0.857,3120.448,true,none,103
2025-12-12 18:09:03.737,smart_meter,send_encrypted_data,334461,0.425,6295.736,true,none,58
2025-12-12 18:09:03.737,smart_meter,send_encrypted_data,334373,1.197,2234.740,true,none,126
2025-12-12 18:09:03.738,smart_meter,send_encrypted_data,333964,0.358,7462.883,true,none,132
2025-12-12 18:09:03.739,smart_meter,send_encrypted_data,334134,0.366,7303.475,true,none,138
2025-12-12 18:09:03.740,smart_meter,send_encrypted_data,334462,0.366,7310.645,true,none,12
2025-12-12 18:09:03.740,smart_meter,send_encrypted_data,334175,0.383,6980.157,true,none,128
2025-12-12 18:09:03.740,smart_meter,send_encrypted_data,334076,0.347,7702.040,true,none,9
2025-12-12 18:09:03.741,smart_meter,send_encrypted_data,334450,3.860,693.161,true,none,177
2025-12-12 18:09:03.742,smart_meter,send_encrypted_data,334245,0.360,7427.667,true,none,19
2025-12-12 18:09:03.739,smart_meter,send_encrypted_data,334306,0.378,7075.259,true,none,141
2025-12-12 18:09:03.744,smart_meter,send_encrypted_data,333973,0.338,7904.686,true,none,87
2025-12-12 18:09:03.745,smart_meter,send_encrypted_data,334290,0.373,7169.759,true,none,44
2025-12-12 18:09:03.742,smart_meter,send_encrypted_data,334423,1.631,1640.334,true,none,139
2025-12-12 18:09:03.747,smart_meter,send_encrypted_data,334316,0.352,7598.091,true,none,45
2025-12-12 18:09:03.747,smart_meter,send_encrypted_data,334303,1.063,2515.921,true,none,179
2025-12-12 18:09:03.748,smart_meter,send_encrypted_data,334180,0.984,2716.911,true,none,50
2025-12-12 18:09:03.748,smart_meter,send_encrypted_data,334187,1.736,1540.032,true,none,68
2025-12-12 18:09:03.748,smart_meter,send_encrypted_data,334485,0.366,7311.148,true,none,4
2025-12-12 18:09:03.749,smart_meter,send_encrypted_data,334413,0.362,7390.343,true,none,36
2025-12-12 18:09:03.749,smart_meter,send_encrypted_data,334427,0.364,7350.044,true,none,27
2025-12-12 18:09:03.750,smart_meter,send_encrypted_data,334363,0.431,6206.274,true,none,110
2025-12-12 18:09:03.750,smart_meter,send_encrypted_data,334425,0.345,7754.783,true,none,80
2025-12-12 18:09:03.750,smart_meter,send_encrypted_data,334250,0.364,7346.154,true,none,66
2025-12-12 18:09:03.751,smart_meter,send_encrypted_data,334353,0.365,7328.285,true,none,106
2025-12-12 18:09:03.751,smart_meter,send_encrypted_data,334390,0.347,7709.280,true,none,146
2025-12-12 18:09:03.751,smart_meter,send_encrypted_data,333918,0.357,7482.756,true,none,137
2025-12-12 18:09:03.751,smart_meter,send_encrypted_data,333853,3.577,746.666,true,none,114
2025-12-12 18:09:03.752,smart_meter,send_encrypted_data,334317,1.311,2040.073,true,none,181
2025-12-12 18:09:03.753,smart_meter,send_encrypted_data,334292,0.344,7774.233,true,none,164
2025-12-12 18:09:03.754,smart_meter,send_encrypted_data,334259,0.357,7490.398,true,none,275
2025-12-12 18:09:03.754,smart_meter,send_encrypted_data,334469,0.346,7733.387,true,none,144
2025-12-12 18:09:03.755,smart_meter,send_encrypted_data,334400,0.364,7349.451,true,none,115
2025-12-12 18:09:03.756,smart_meter,send_encrypted_data,334051,0.341,7836.974,true,none,124
2025-12-12 18:09:03.756,smart_meter,send_encrypted_data,334279,0.346,7728.994,true,none,99
2025-12-12 18:09:03.757,smart_meter,send_encrypted_data,334385,0.372,7191.075,true,none,94
2025-12-12 18:09:03.758,smart_meter,send_encrypted_data,334331,4.626,578.177,true,none,157
2025-12-12 18:09:03.758,smart_meter,send_encrypted_data,334346,0.364,7348.264,true,none,174
2025-12-12 18:09:03.759,smart_meter,send_encrypted_data,334479,0.383,6986.507,true,none,152
2025-12-12 18:09:03.759,smart_meter,send_encrypted_data,334470,0.366,7310.820,true,none,91
2025-12-12 18:09:03.759,smart_meter,send_encrypted_data,334126,0.375,7128.021,true,none,245
2025-12-12 18:09:03.759,smart_meter,send_encrypted_data,334191,0.342,7817.333,true,none,17
2025-12-12 18:09:03.760,smart_meter,send_encrypted_data,334483,0.377,7097.782,true,none,216
2025-12-12 18:09:03.762,smart_meter,send_encrypted_data,334435,0.386,6931.295,true,none,6
2025-12-12 18:09:03.762,smart_meter,send_encrypted_data,334427,0.375,7134.443,true,none,232
2025-12-12 18:09:03.762,smart_meter,send_encrypted_data,334129,4.415,605.443,true,none,84
2025-12-12 18:09:03.762,smart_meter,send_encrypted_data,334315,1.821,1468.710,true,none,162
2025-12-12 18:09:03.763,smart_meter,send_encrypted_data,334287,0.364,7346.967,true,none,149
2025-12-12 18:09:03.763,smart_meter,send_encrypted_data,334192,8.895,300.566,true,none,129
2025-12-12 18:09:03.763,smart_meter,send_encrypted_data,334262,3.035,881.086,true,none,154
2025-12-12 18:09:03.757,smart_meter,send_encrypted_data,334484,4.067,657.947,true,none,127
2025-12-12 18:09:03.764,smart_meter,send_encrypted_data,334095,2.832,943.771,true,none,206
2025-12-12 18:09:03.763,smart_meter,send_encrypted_data,334505,6.525,410.121,true,none,104
2025-12-12 18:09:03.764,smart_meter,send_encrypted_data,334393,4.249,629.594,true,none,160
2025-12-12 18:09:03.765,smart_meter,send_encrypted_data,334177,0.371,7205.973,true,none,187
2025-12-12 18:09:03.765,smart_meter,send_encrypted_data,334472,0.350,7645.074,true,none,82
2025-12-12 18:09:03.765,smart_meter,send_encrypted_data,334322,0.354,7555.299,true,none,166
2025-12-12 18:09:03.767,smart_meter,send_encrypted_data,334354,0.371,7209.790,true,none,278
2025-12-12 18:09:03.768,smart_meter,send_encrypted_data,334372,0.340,7867.576,true,none,226
2025-12-12 18:09:03.768,smart_meter,send_encrypted_data,334080,0.351,7614.359,true,none,30
2025-12-12 18:09:03.769,smart_meter,send_encrypted_data,334141,0.395,6767.413,true,none,340
2025-12-12 18:09:03.769,smart_meter,send_encrypted_data,334385,0.359,7451.476,true,none,46
2025-12-12 18:09:03.770,smart_meter,send_encrypted_data,333362,2.665,1000.711,true,none,98
2025-12-12 18:09:03.767,smart_meter,send_encrypted_data,334533,0.359,7454.774,true,none,168
2025-12-12 18:09:03.771,smart_meter,send_encrypted_data,334174,0.359,7446.774,true,none,291
2025-12-12 18:09:03.771,smart_meter,send_encrypted_data,334456,3.887,688.358,true,none,241
2025-12-12 18:09:03.772,smart_meter,send_encrypted_data,334054,4.494,594.667,true,none,28
2025-12-12 18:09:03.772,smart_meter,send_encrypted_data,334341,0.368,7268.283,true,none,26
2025-12-12 18:09:03.773,smart_meter,send_encrypted_data,334390,1.958,1366.251,true,none,92
2025-12-12 18:09:03.774,smart_meter,send_encrypted_data,334402,0.392,6824.531,true,none,70
2025-12-12 18:09:03.774,smart_meter,send_encrypted_data,334261,0.385,6945.683,true,none,225
2025-12-12 18:09:03.774,smart_meter,send_encrypted_data,334080,0.398,6715.176,true,none,81
2025-12-12 18:09:03.774,smart_meter,send_encrypted_data,334265,0.350,7640.343,true,none,21
2025-12-12 18:09:03.774,smart_meter,send_encrypted_data,334099,0.403,6632.238,true,none,134
2025-12-12 18:09:03.775,smart_meter,send_encrypted_data,334541,0.400,6690.820,true,none,131
2025-12-12 18:09:03.776,smart_meter,send_encrypted_data,334379,0.343,7798.927,true,none,14
2025-12-12 18:09:03.776,smart_meter,send_encrypted_data,334433,1.293,2069.191,true,none,148
2025-12-12 18:09:03.776,smart_meter,send_encrypted_data,334157,0.337,7932.510,true,none,43
2025-12-12 18:09:03.776,smart_meter,send_encrypted_data,334147,0.355,7530.073,true,none,393
2025-12-12 18:09:03.776,smart_meter,send_encrypted_data,334373,0.350,7642.811,true,none,240
2025-12-12 18:09:03.777,smart_meter,send_encrypted_data,334181,9.561,279.620,true,none,86
2025-12-12 18:09:03.773,smart_meter,send_encrypted_data,334463,0.356,7516.022,true,none,151
2025-12-12 18:09:03.777,smart_meter,send_encrypted_data,333300,10.386,256.730,true,none,194
2025-12-12 18:09:03.777,smart_meter,send_encrypted_data,333868,0.378,7065.989,true,none,391
2025-12-12 18:09:03.777,smart_meter,send_encrypted_data,334262,0.372,7188.430,true,none,13
2025-12-12 18:09:03.777,smart_meter,send_encrypted_data,334402,9.184,291.291,true,none,317
2025-12-12 18:09:03.778,smart_meter,send_encrypted_data,334334,0.341,7843.613,true,none,161
2025-12-12 18:09:03.778,smart_meter,send_encrypted_data,334254,0.346,7728.416,true,none,301
2025-12-12 18:09:03.779,smart_meter,send_encrypted_data,333879,0.374,7141.797,true,none,208
2025-12-12 18:09:03.779,smart_meter,send_encrypted_data,334269,0.347,7706.490,true,none,79
2025-12-12 18:09:03.780,smart_meter,send_encrypted_data,334325,0.367,7287.738,true,none,73
2025-12-12 18:09:03.780,smart_meter,send_encrypted_data,334174,0.451,5927.698,true,none,22
2025-12-12 18:09:03.780,smart_meter,send_encrypted_data,334412,0.339,7891.729,true,none,113
2025-12-12 18:09:03.780,smart_meter,send_encrypted_data,334299,0.352,7597.705,true,none,125
2025-12-12 18:09:03.781,smart_meter,send_encrypted_data,334419,0.346,7732.231,true,none,249
2025-12-12 18:09:03.781,smart_meter,send_encrypted_data,334453,1.832,1460.493,true,none,120
2025-12-12 18:09:03.781,smart_meter,send_encrypted_data,334344,0.363,7368.463,true,none,308
2025-12-12 18:09:03.781,smart_meter,send_encrypted_data,333890,0.351,7610.028,true,none,40
2025-12-12 18:09:03.782,smart_meter,send_encrypted_data,333901,1.571,1700.323,true,none,342
2025-12-12 18:09:03.782,smart_meter,send_encrypted_data,334110,0.376,7108.723,true,none,356
2025-12-12 18:09:03.782,smart_meter,send_encrypted_data,334369,0.371,7210.113,true,none,61
2025-12-12 18:09:03.783,smart_meter,send_encrypted_data,334278,0.346,7728.971,true,none,255
2025-12-12 18:09:03.783,smart_meter,send_encrypted_data,334286,3.455,774.034,true,none,233
2025-12-12 18:09:03.783,smart_meter,send_encrypted_data,334221,0.386,6926.860,true,none,122
2025-12-12 18:09:03.783,smart_meter,send_encrypted_data,334276,0.343,7796.525,true,none,95
2025-12-12 18:09:03.784,smart_meter,send_encrypted_data,334100,0.359,7445.125,true,none,388
2025-12-12 18:09:03.784,smart_meter,send_encrypted_data,333327,6.483,411.324,true,none,5
2025-12-12 18:09:03.779,smart_meter,send_encrypted_data,334326,0.330,8104.873,true,none,51
2025-12-12 18:09:03.784,smart_meter,send_encrypted_data,334389,0.355,7535.527,true,none,63
2025-12-12 18:09:03.785,smart_meter,send_encrypted_data,334360,5.321,502.702,true,none,170
2025-12-12 18:09:03.785,smart_meter,send_encrypted_data,334259,7.465,358.215,true,none,93
2025-12-12 18:09:03.786,smart_meter,send_encrypted_data,333604,6.547,407.642,true,none,185
2025-12-12 18:09:03.786,smart_meter,send_encrypted_data,334267,0.364,7346.527,true,none,358
2025-12-12 18:09:03.786,smart_meter,send_encrypted_data,334452,7.230,370.071,true,none,353
2025-12-12 18:09:03.787,smart_meter,send_encrypted_data,334049,0.372,7183.849,true,none,10
2025-12-12 18:09:03.788,smart_meter,send_encrypted_data,334476,0.415,6447.730,true,none,244
2025-12-12 18:09:03.788,smart_meter,send_encrypted_data,334289,0.372,7189.011,true,none,256
2025-12-12 18:09:03.788,smart_meter,send_encrypted_data,334325,9.740,274.600,true,none,31
2025-12-12 18:09:03.788,smart_meter,send_encrypted_data,334362,6.137,435.864,true,none,257
2025-12-12 18:09:03.789,smart_meter,send_encrypted_data,334280,8.368,319.579,true,none,178
2025-12-12 18:09:03.789,smart_meter,send_encrypted_data,334223,4.501,594.042,true,none,25
2025-12-12 18:09:03.787,smart_meter,send_encrypted_data,334311,0.367,7287.433,true,none,130
2025-12-12 18:09:03.797,smart_meter,send_encrypted_data,334410,0.373,7172.332,true,none,64
2025-12-12 18:09:03.797,smart_meter,send_encrypted_data,334377,0.366,7308.787,true,none,37
2025-12-12 18:09:03.798,smart_meter,send_encrypted_data,333916,0.373,7161.737,true,none,105
2025-12-12 18:09:03.798,smart_meter,send_encrypted_data,334028,0.364,7341.275,true,none,39
2025-12-12 18:09:03.798,smart_meter,send_encrypted_data,334371,0.371,7210.156,true,none,145
2025-12-12 18:09:03.798,smart_meter,send_encrypted_data,334100,1.842,1451.031,true,none,112
2025-12-12 18:09:03.799,smart_meter,send_encrypted_data,334448,7.502,356.649,true,none,77
2025-12-12 18:09:03.799,smart_meter,send_encrypted_data,334167,0.353,7573.190,true,none,227
2025-12-12 18:09:03.799,smart_meter,send_encrypted_data,334400,0.363,7369.697,true,none,171
2025-12-12 18:09:03.788,smart_meter,send_encrypted_data,334317,0.389,6875.414,true,none,119
2025-12-12 18:09:03.799,smart_meter,send_encrypted_data,334246,0.381,7018.289,true,none,107
2025-12-12 18:09:03.800,smart_meter,send_encrypted_data,334345,0.348,7686.092,true,none,318
2025-12-12 18:09:03.800,smart_meter,send_encrypted_data,334175,0.389,6872.494,true,none,109
2025-12-12 18:09:03.800,smart_meter,send_encrypted_data,334388,0.389,6876.874,true,none,108
2025-12-12 18:09:03.800,smart_meter,send_encrypted_data,334293,10.403,257.074,true,none,56
2025-12-12 18:09:03.800,smart_meter,send_encrypted_data,334380,0.330,8106.182,true,none,180
2025-12-12 18:09:03.800,smart_meter,send_encrypted_data,333960,0.376,7105.532,true,none,159
2025-12-12 18:09:03.801,smart_meter,send_encrypted_data,334382,6.812,392.698,true,none,260
2025-12-12 18:09:03.801,smart_meter,send_encrypted_data,334385,5.236,510.901,true,none,229
2025-12-12 18:09:03.801,smart_meter,send_encrypted_data,334098,5.092,524.899,true,none,2
2025-12-12 18:09:03.802,smart_meter,send_encrypted_data,334057,4.197,636.754,true,none,116
2025-12-12 18:09:03.802,smart_meter,send_encrypted_data,334386,1.372,1949.773,true,none,175
2025-12-12 18:09:03.801,smart_meter,send_encrypted_data,334432,6.642,402.809,true,none,111
2025-12-12 18:09:03.802,smart_meter,send_encrypted_data,334448,0.366,7310.339,true,none,286
2025-12-12 18:09:03.802,smart_meter,send_encrypted_data,334364,6.340,421.910,true,none,35
2025-12-12 18:09:03.803,smart_meter,send_encrypted_data,333926,0.356,7503.955,true,none,246
2025-12-12 18:09:03.802,smart_meter,send_encrypted_data,334343,3.438,777.994,true,none,52
2025-12-12 18:09:03.804,smart_meter,send_encrypted_data,334134,6.514,410.358,true,none,121
2025-12-12 18:09:03.804,smart_meter,send_encrypted_data,334479,0.337,7940.154,true,none,336
2025-12-12 18:09:03.805,smart_meter,send_encrypted_data,334339,0.374,7151.636,true,none,188
2025-12-12 18:09:03.806,smart_meter,send_encrypted_data,333906,0.384,6956.375,true,none,7
2025-12-12 18:09:03.790,smart_meter,send_encrypted_data,334453,1.882,1421.692,true,none,147
2025-12-12 18:09:03.806,smart_meter,send_encrypted_data,334440,0.340,7869.176,true,none,288
2025-12-12 18:09:03.806,smart_meter,send_encrypted_data,334328,0.342,7820.538,true,none,140
2025-12-12 18:09:03.807,smart_meter,send_encrypted_data,334305,3.376,792.192,true,none,253
2025-12-12 18:09:03.808,smart_meter,send_encrypted_data,334155,0.371,7205.499,true,none,48
2025-12-12 18:09:03.808,smart_meter,send_encrypted_data,334162,0.364,7344.220,true,none,59
2025-12-12 18:09:03.809,smart_meter,send_encrypted_data,334306,2.667,1002.793,true,none,23
2025-12-12 18:09:03.790,smart_meter,send_encrypted_data,334127,0.340,7861.812,true,none,60
2025-12-12 18:09:03.812,smart_meter,send_encrypted_data,334398,0.337,7938.231,true,none,272
2025-12-12 18:09:03.813,smart_meter,send_encrypted_data,334089,0.417,6409.381,true,none,281
2025-12-12 18:09:03.813,smart_meter,send_encrypted_data,334044,1.731,1543.820,true,none,102
2025-12-12 18:09:03.813,smart_meter,send_encrypted_data,334423,5.296,505.171,true,none,202
2025-12-12 18:09:03.814,smart_meter,send_encrypted_data,333936,4.352,613.853,true,none,247
2025-12-12 18:09:03.813,smart_meter,send_encrypted_data,334322,3.682,726.392,true,none,41
2025-12-12 18:09:03.814,smart_meter,send_encrypted_data,334231,3.571,748.767,true,none,165
2025-12-12 18:09:03.815,smart_meter,send_encrypted_data,334031,0.403,6630.888,true,none,72
2025-12-12 18:09:03.815,smart_meter,send_encrypted_data,334412,3.491,766.341,true,none,136
2025-12-12 18:09:03.790,smart_meter,send_encrypted_data,334461,0.347,7710.916,true,none,156
2025-12-12 18:09:03.816,smart_meter,send_encrypted_data,334476,0.363,7371.372,true,none,357
2025-12-12 18:09:03.817,smart_meter,send_encrypted_data,334466,0.344,7778.279,true,none,361
2025-12-12 18:09:03.817,smart_meter,send_encrypted_data,334446,0.359,7452.836,true,none,305
2025-12-12 18:09:03.817,smart_meter,send_encrypted_data,334408,1.675,1597.173,true,none,33
2025-12-12 18:09:03.818,smart_meter,send_encrypted_data,334418,1.667,1604.885,true,none,224
2025-12-12 18:09:03.818,smart_meter,send_encrypted_data,334447,0.365,7330.345,true,none,101
2025-12-12 18:09:03.819,smart_meter,send_encrypted_data,334401,0.380,7040.021,true,none,74
2025-12-12 18:09:03.820,smart_meter,send_encrypted_data,334320,0.345,7752.348,true,none,354
2025-12-12 18:09:03.817,smart_meter,send_encrypted_data,334493,0.351,7623.772,true,none,196
2025-12-12 18:09:03.820,smart_meter,send_encrypted_data,334539,0.342,7825.474,true,none,274
2025-12-12 18:09:03.790,smart_meter,send_encrypted_data,334467,0.348,7688.897,true,none,399
2025-12-12 18:09:03.821,smart_meter,send_encrypted_data,334144,0.346,7725.873,true,none,402
2025-12-12 18:09:03.821,smart_meter,send_encrypted_data,334402,1.229,2176.742,true,none,20
2025-12-12 18:09:03.821,smart_meter,send_encrypted_data,334381,0.377,7095.618,true,none,197
2025-12-12 18:09:03.821,smart_meter,send_encrypted_data,334145,1.110,2408.252,true,none,117
2025-12-12 18:09:03.821,smart_meter,send_encrypted_data,333462,0.354,7535.864,true,none,311
2025-12-12 18:09:03.822,smart_meter,send_encrypted_data,333845,0.371,7198.814,true,none,184
2025-12-12 18:09:03.822,smart_meter,send_encrypted_data,333637,0.339,7873.440,true,none,339
2025-12-12 18:09:03.823,smart_meter,send_encrypted_data,334498,0.335,7988.012,true,none,100
2025-12-12 18:09:03.791,smart_meter,send_encrypted_data,334375,0.371,7210.243,true,none,238
2025-12-12 18:09:03.823,smart_meter,send_encrypted_data,334362,0.348,7686.483,true,none,310
2025-12-12 18:09:03.824,smart_meter,send_encrypted_data,334222,0.375,7130.069,true,none,293
2025-12-12 18:09:03.826,smart_meter,send_encrypted_data,334328,0.378,7075.725,true,none,276
2025-12-12 18:09:03.827,smart_meter,send_encrypted_data,334322,0.352,7598.227,true,none,123
2025-12-12 18:09:03.827,smart_meter,send_encrypted_data,334351,0.360,7430.022,true,none,320
2025-12-12 18:09:03.791,smart_meter,send_encrypted_data,333943,0.341,7834.440,true,none,362
2025-12-12 18:09:03.828,smart_meter,send_encrypted_data,334426,0.364,7350.022,true,none,294
2025-12-12 18:09:03.791,smart_meter,send_encrypted_data,334278,0.348,7684.552,true,none,96
2025-12-12 18:09:03.829,smart_meter,send_encrypted_data,334354,2.733,978.716,true,none,193
2025-12-12 18:09:03.829,smart_meter,send_encrypted_data,334025,0.338,7905.917,true,none,85
2025-12-12 18:09:03.792,smart_meter,send_encrypted_data,334176,9.486,281.827,true,none,239
2025-12-12 18:09:03.829,smart_meter,send_encrypted_data,334259,0.345,7750.933,true,none,183
2025-12-12 18:09:03.830,smart_meter,send_encrypted_data,334402,1.736,1541.023,true,none,71
2025-12-12 18:09:03.792,smart_meter,send_encrypted_data,334421,0.405,6605.847,true,none,158
2025-12-12 18:09:03.830,smart_meter,send_encrypted_data,334387,0.344,7776.442,true,none,18
2025-12-12 18:09:03.830,smart_meter,send_encrypted_data,334260,0.498,5369.639,true,none,42
2025-12-12 18:09:03.831,smart_meter,send_encrypted_data,334112,0.395,6766.825,true,none,248
2025-12-12 18:09:03.792,smart_meter,send_encrypted_data,334272,0.384,6964.000,true,none,167
2025-12-12 18:09:03.831,smart_meter,send_encrypted_data,334361,2.174,1230.399,true,none,65
2025-12-12 18:09:03.831,smart_meter,send_encrypted_data,334108,0.399,6698.907,true,none,242
2025-12-12 18:09:03.832,smart_meter,send_encrypted_data,334277,5.318,502.861,true,none,176
2025-12-12 18:09:03.832,smart_meter,send_encrypted_data,334188,2.347,1139.115,true,none,307
2025-12-12 18:09:03.833,smart_meter,send_encrypted_data,334422,0.386,6931.026,true,none,295
2025-12-12 18:09:03.834,smart_meter,send_encrypted_data,334481,0.353,7580.306,true,none,49
2025-12-12 18:09:03.834,smart_meter,send_encrypted_data,334249,0.316,8462.000,true,none,323
2025-12-12 18:09:03.834,smart_meter,send_encrypted_data,334325,0.405,6603.951,true,none,169
2025-12-12 18:09:03.834,smart_meter,send_encrypted_data,334331,2.985,896.029,true,none,218
2025-12-12 18:09:03.835,smart_meter,send_encrypted_data,334148,0.334,8003.545,true,none,250
2025-12-12 18:09:03.792,smart_meter,send_encrypted_data,334460,4.972,538.150,true,none,133
2025-12-12 18:09:03.835,smart_meter,send_encrypted_data,334463,0.351,7623.088,true,none,392
2025-12-12 18:09:03.836,smart_meter,send_encrypted_data,334349,0.407,6571.971,true,none,418
2025-12-12 18:09:03.836,smart_meter,send_encrypted_data,334368,0.407,6572.344,true,none,359
2025-12-12 18:09:03.836,smart_meter,send_encrypted_data,334183,1.719,1555.244,true,none,259
2025-12-12 18:09:03.837,smart_meter,send_encrypted_data,334063,0.378,7070.116,true,none,302
2025-12-12 18:09:03.838,smart_meter,send_encrypted_data,334403,0.479,5585.019,true,none,186
2025-12-12 18:09:03.838,smart_meter,send_encrypted_data,334489,0.376,7116.787,true,none,321
2025-12-12 18:09:03.838,smart_meter,send_encrypted_data,334219,0.341,7840.915,true,none,347
2025-12-12 18:09:03.838,smart_meter,send_encrypted_data,334404,0.420,6369.600,true,none,205
2025-12-12 18:09:03.839,smart_meter,send_encrypted_data,334171,0.360,7426.022,true,none,285
2025-12-12 18:09:03.839,smart_meter,send_encrypted_data,334413,0.382,7003.414,true,none,261
2025-12-12 18:09:03.839,smart_meter,send_encrypted_data,334151,0.366,7303.847,true,none,284
2025-12-12 18:09:03.838,smart_meter,send_encrypted_data,334454,0.354,7558.282,true,none,237
2025-12-12 18:09:03.841,smart_meter,send_encrypted_data,334481,0.365,7331.090,true,none,290
2025-12-12 18:09:03.841,smart_meter,send_encrypted_data,334162,0.362,7384.796,true,none,299
2025-12-12 18:09:03.841,smart_meter,send_encrypted_data,334053,0.413,6470.760,true,none,254
2025-12-12 18:09:03.843,smart_meter,send_encrypted_data,334441,0.341,7846.123,true,none,326
2025-12-12 18:09:03.843,smart_meter,send_encrypted_data,334509,0.373,7174.456,true,none,236
2025-12-12 18:09:03.844,smart_meter,send_encrypted_data,334319,0.336,7959.976,true,none,258
2025-12-12 18:09:03.844,smart_meter,send_encrypted_data,334220,0.372,7187.527,true,none,329
2025-12-12 18:09:03.844,smart_meter,send_encrypted_data,334084,1.302,2052.743,true,none,192
2025-12-12 18:09:03.844,smart_meter,send_encrypted_data,334391,0.366,7309.093,true,none,298
2025-12-12 18:09:03.792,smart_meter,send_encrypted_data,334059,0.347,7701.648,true,none,75
2025-12-12 18:09:03.845,smart_meter,send_encrypted_data,334071,0.382,6996.251,true,none,338
2025-12-12 18:09:03.846,smart_meter,send_encrypted_data,334364,7.180,372.550,true,none,251
2025-12-12 18:09:03.846,smart_meter,send_encrypted_data,334162,0.340,7862.635,true,none,335
2025-12-12 18:09:03.837,smart_meter,send_encrypted_data,334211,0.362,7385.878,true,none,173
2025-12-12 18:09:03.846,smart_meter,send_encrypted_data,334201,0.351,7617.117,true,none,204
2025-12-12 18:09:03.847,smart_meter,send_encrypted_data,334361,0.363,7368.837,true,none,200
2025-12-12 18:09:03.793,smart_meter,send_encrypted_data,334380,0.360,7430.667,true,none,89
2025-12-12 18:09:03.848,smart_meter,send_encrypted_data,333939,0.373,7162.231,true,none,207
2025-12-12 18:09:03.848,smart_meter,send_encrypted_data,334459,0.352,7601.341,true,none,314
2025-12-12 18:09:03.848,smart_meter,send_encrypted_data,334149,0.348,7681.586,true,none,327
2025-12-12 18:09:03.849,smart_meter,send_encrypted_data,334490,0.984,2719.431,true,none,189
2025-12-12 18:09:03.849,smart_meter,send_encrypted_data,334442,0.387,6913.530,true,none,252
2025-12-12 18:09:03.850,smart_meter,send_encrypted_data,334238,0.337,7934.433,true,none,400
2025-12-12 18:09:03.850,smart_meter,send_encrypted_data,333851,0.293,9115.386,true,none,330
2025-12-12 18:09:03.850,smart_meter,send_encrypted_data,334446,0.356,7515.640,true,none,300
2025-12-12 18:09:03.851,smart_meter,send_encrypted_data,334342,1.193,2242.025,true,none,190
2025-12-12 18:09:03.851,smart_meter,send_encrypted_data,334255,0.344,7773.372,true,none,277
2025-12-12 18:09:03.852,smart_meter,send_encrypted_data,334124,0.393,6801.506,true,none,269
2025-12-12 18:09:03.793,smart_meter,send_encrypted_data,334183,0.364,7344.681,true,none,3
2025-12-12 18:09:03.853,smart_meter,send_encrypted_data,334218,0.335,7981.325,true,none,316
2025-12-12 18:09:03.853,smart_meter,send_encrypted_data,334191,0.337,7933.318,true,none,403
2025-12-12 18:09:03.854,smart_meter,send_encrypted_data,334258,0.364,7346.330,true,none,341
2025-12-12 18:09:03.854,smart_meter,send_encrypted_data,334308,0.372,7189.419,true,none,219
2025-12-12 18:09:03.793,smart_meter,send_encrypted_data,334148,14.225,187.922,true,none,191
2025-12-12 18:09:03.854,smart_meter,send_encrypted_data,334123,0.372,7185.441,true,none,348
2025-12-12 18:09:03.855,smart_meter,send_encrypted_data,334191,2.527,1057.985,true,none,235
2025-12-12 18:09:03.855,smart_meter,send_encrypted_data,334508,0.338,7917.349,true,none,215
2025-12-12 18:09:03.793,smart_meter,send_encrypted_data,334157,4.631,577.252,true,none,405
2025-12-12 18:09:03.856,smart_meter,send_encrypted_data,334160,4.279,624.744,true,none,214
2025-12-12 18:09:03.856,smart_meter,send_encrypted_data,334324,0.353,7576.748,true,none,433
2025-12-12 18:09:03.856,smart_meter,send_encrypted_data,334471,0.367,7290.921,true,none,322
2025-12-12 18:09:03.857,smart_meter,send_encrypted_data,334481,0.432,6194.093,true,none,376
2025-12-12 18:09:03.858,smart_meter,send_encrypted_data,334448,0.375,7134.891,true,none,344
2025-12-12 18:09:03.858,smart_meter,send_encrypted_data,334474,0.348,7689.057,true,none,213
2025-12-12 18:09:03.859,smart_meter,send_encrypted_data,334409,0.342,7822.433,true,none,313
2025-12-12 18:09:03.859,smart_meter,send_encrypted_data,334378,8.640,309.609,true,none,198
2025-12-12 18:09:03.860,smart_meter,send_encrypted_data,334259,0.550,4861.949,true,none,385
2025-12-12 18:09:03.860,smart_meter,send_encrypted_data,334146,0.382,6997.822,true,none,378
2025-12-12 18:09:03.861,smart_meter,send_encrypted_data,334090,0.340,7860.941,true,none,280
2025-12-12 18:09:03.861,smart_meter,send_encrypted_data,334396,0.353,7578.380,true,none,352
2025-12-12 18:09:03.861,smart_meter,send_encrypted_data,334299,16.153,165.566,true,none,334
2025-12-12 18:09:03.861,smart_meter,send_encrypted_data,334347,0.358,7471.441,true,none,220
2025-12-12 18:09:03.862,smart_meter,send_encrypted_data,334448,0.335,7986.818,true,none,297
2025-12-12 18:09:03.793,smart_meter,send_encrypted_data,334372,0.352,7599.364,true,none,97
2025-12-12 18:09:03.862,smart_meter,send_encrypted_data,334291,0.348,7684.851,true,none,351
2025-12-12 18:09:03.862,smart_meter,send_encrypted_data,334162,0.382,6998.157,true,none,349
2025-12-12 18:09:03.862,smart_meter,send_encrypted_data,333914,0.359,7440.981,true,none,380
2025-12-12 18:09:03.793,smart_meter,send_encrypted_data,334488,0.356,7516.584,true,none,383
2025-12-12 18:09:03.863,smart_meter,send_encrypted_data,334383,0.359,7451.432,true,none,387
2025-12-12 18:09:03.864,smart_meter,send_encrypted_data,334371,0.342,7821.544,true,none,368
2025-12-12 18:09:03.865,smart_meter,send_encrypted_data,334372,0.363,7369.080,true,none,371
2025-12-12 18:09:03.865,smart_meter,send_encrypted_data,334360,0.344,7775.814,true,none,303
2025-12-12 18:09:03.866,smart_meter,send_encrypted_data,334220,0.397,6734.912,true,none,372
2025-12-12 18:09:03.866,smart_meter,send_encrypted_data,334393,0.358,7472.469,true,none,221
2025-12-12 18:09:03.867,smart_meter,send_encrypted_data,334225,0.383,6981.201,true,none,381
2025-12-12 18:09:03.867,smart_meter,send_encrypted_data,334195,13.423,199.178,true,none,211
2025-12-12 18:09:03.867,smart_meter,send_encrypted_data,334438,0.368,7270.391,true,none,370
2025-12-12 18:09:03.868,smart_meter,send_encrypted_data,334404,0.396,6755.636,true,none,365
2025-12-12 18:09:03.868,smart_meter,send_encrypted_data,334290,0.382,7000.838,true,none,384
2025-12-12 18:09:03.868,smart_meter,send_encrypted_data,334086,0.350,7636.251,true,none,366
2025-12-12 18:09:03.869,smart_meter,send_encrypted_data,334468,0.406,6590.502,true,none,155
2025-12-12 18:09:03.870,smart_meter,send_encrypted_data,334295,0.392,6822.347,true,none,203
2025-12-12 18:09:03.870,smart_meter,send_encrypted_data,334079,1.780,1501.479,true,none,88
2025-12-12 18:09:03.870,smart_meter,send_encrypted_data,334440,0.377,7096.870,true,none,398
2025-12-12 18:09:03.870,smart_meter,send_encrypted_data,334229,0.436,6132.642,true,none,367
2025-12-12 18:09:03.871,smart_meter,send_encrypted_data,333998,0.526,5079.817,true,none,364
2025-12-12 18:09:03.871,smart_meter,send_encrypted_data,334280,0.370,7227.676,true,none,150
2025-12-12 18:09:03.871,smart_meter,send_encrypted_data,334313,0.369,7247.978,true,none,363
2025-12-12 18:09:03.871,smart_meter,send_encrypted_data,334347,0.348,7686.138,true,none,345
2025-12-12 18:09:03.872,smart_meter,send_encrypted_data,334067,0.377,7088.955,true,none,228
2025-12-12 18:09:03.873,smart_meter,send_encrypted_data,334485,0.398,6723.317,true,none,374
2025-12-12 18:09:03.873,smart_meter,send_encrypted_data,334388,0.355,7535.504,true,none,369
2025-12-12 18:09:03.873,smart_meter,send_encrypted_data,334339,0.406,6587.961,true,none,396
2025-12-12 18:09:03.874,smart_meter,send_encrypted_data,334438,0.341,7846.053,true,none,360
2025-12-12 18:09:03.875,smart_meter,send_encrypted_data,334128,0.362,7384.044,true,none,343
2025-12-12 18:09:03.875,smart_meter,send_encrypted_data,334340,11.914,224.502,true,none,350
2025-12-12 18:09:03.876,smart_meter,send_encrypted_data,334241,0.960,2785.342,true,none,217
2025-12-12 18:09:03.876,smart_meter,send_encrypted_data,334457,0.402,6655.861,true,none,263
2025-12-12 18:09:03.875,smart_meter,send_encrypted_data,334263,18.305,146.086,true,none,346
2025-12-12 18:09:03.876,smart_meter,send_encrypted_data,334217,0.350,7639.246,true,none,382
2025-12-12 18:09:03.876,smart_meter,send_encrypted_data,334223,0.354,7553.062,true,none,264
2025-12-12 18:09:03.877,smart_meter,send_encrypted_data,334300,7.117,375.776,true,none,355
2025-12-12 18:09:03.877,smart_meter,send_encrypted_data,334408,3.387,789.862,true,none,230
2025-12-12 18:09:03.877,smart_meter,send_encrypted_data,334294,18.315,146.020,true,none,377
2025-12-12 18:09:03.877,smart_meter,send_encrypted_data,334216,8.381,319.023,true,none,394
2025-12-12 18:09:03.878,smart_meter,send_encrypted_data,334155,3.709,720.744,true,none,397
2025-12-12 18:09:03.878,smart_meter,send_encrypted_data,334477,0.375,7135.509,true,none,404
2025-12-12 18:09:03.877,smart_meter,send_encrypted_data,334482,15.560,171.970,true,none,379
2025-12-12 18:09:03.878,smart_meter,send_encrypted_data,334528,1.536,1742.333,true,none,83
2025-12-12 18:09:03.879,smart_meter,send_encrypted_data,334403,0.342,7822.292,true,none,265
2025-12-12 18:09:03.879,smart_meter,send_encrypted_data,334122,0.341,7838.639,true,none,411
2025-12-12 18:09:03.880,smart_meter,send_encrypted_data,334276,0.373,7169.458,true,none,409
2025-12-12 18:09:03.881,smart_meter,send_encrypted_data,334159,24.065,111.085,true,none,309
2025-12-12 18:09:03.881,smart_meter,send_encrypted_data,334213,16.425,162.783,true,none,386
2025-12-12 18:09:03.882,smart_meter,send_encrypted_data,334273,0.385,6945.932,true,none,434
2025-12-12 18:09:03.882,smart_meter,send_encrypted_data,334348,0.385,6947.491,true,none,415
2025-12-12 18:09:03.882,smart_meter,send_encrypted_data,334041,8.376,319.046,true,none,163
2025-12-12 18:09:03.882,smart_meter,send_encrypted_data,334165,0.651,4106.482,true,none,419
2025-12-12 18:09:03.882,smart_meter,send_encrypted_data,334249,22.851,117.019,true,none,337
2025-12-12 18:09:03.858,smart_meter,send_encrypted_data,334382,0.374,7152.556,true,none,331
2025-12-12 18:09:03.885,smart_meter,send_encrypted_data,334045,0.340,7859.882,true,none,417
2025-12-12 18:09:03.885,smart_meter,send_encrypted_data,334387,8.659,308.938,true,none,234
2025-12-12 18:09:03.886,smart_meter,send_encrypted_data,334061,0.360,7423.578,true,none,420
2025-12-12 18:09:03.886,smart_meter,send_encrypted_data,334221,0.352,7595.932,true,none,267
2025-12-12 18:09:03.888,smart_meter,send_encrypted_data,334277,0.338,7911.882,true,none,421
2025-12-12 18:09:03.888,smart_meter,send_encrypted_data,333616,0.333,8014.799,true,none,416
2025-12-12 18:09:03.889,smart_meter,send_encrypted_data,333948,0.435,6141.572,true,none,413
2025-12-12 18:09:03.889,smart_meter,send_encrypted_data,333794,0.365,7316.033,true,none,279
2025-12-12 18:09:03.891,smart_meter,send_encrypted_data,334096,0.357,7486.745,true,none,273
2025-12-12 18:09:03.893,smart_meter,send_encrypted_data,334004,24.645,108.421,true,none,231
2025-12-12 18:09:03.794,smart_meter,send_encrypted_data,334404,0.357,7493.647,true,none,304
2025-12-12 18:09:03.793,smart_meter,send_encrypted_data,334140,8.169,327.227,true,none,55
2025-12-12 18:09:03.794,smart_meter,send_encrypted_data,334157,0.377,7090.865,true,none,375
2025-12-12 18:09:03.894,smart_meter,send_encrypted_data,334144,0.360,7425.422,true,none,243
2025-12-12 18:09:03.895,smart_meter,send_encrypted_data,334138,0.346,7725.734,true,none,422
2025-12-12 18:09:03.793,smart_meter,send_encrypted_data,334514,9.976,268.255,true,none,54
2025-12-12 18:09:03.896,smart_meter,send_encrypted_data,334364,13.079,204.520,true,none,410
2025-12-12 18:09:03.794,smart_meter,send_encrypted_data,333925,0.367,7279.019,true,none,62
2025-12-12 18:09:03.794,smart_meter,send_encrypted_data,334168,0.362,7384.928,true,none,76
2025-12-12 18:09:03.794,smart_meter,send_encrypted_data,333827,0.389,6865.337,true,none,135
2025-12-12 18:09:03.795,smart_meter,send_encrypted_data,334491,0.341,7847.296,true,none,153
2025-12-12 18:09:03.795,smart_meter,send_encrypted_data,334112,0.373,7165.941,true,none,8
2025-12-12 18:09:03.795,smart_meter,send_encrypted_data,334492,0.363,7371.725,true,none,266
2025-12-12 18:09:03.795,smart_meter,send_encrypted_data,334329,0.343,7797.761,true,none,78
2025-12-12 18:09:03.796,smart_meter,send_encrypted_data,334208,8.337,320.699,true,none,172
2025-12-12 18:09:03.796,smart_meter,send_encrypted_data,334371,0.364,7348.813,true,none,24
2025-12-12 18:09:03.809,smart_meter,send_encrypted_data,334431,0.342,7822.947,true,none,271
2025-12-12 18:09:03.810,smart_meter,send_encrypted_data,334412,0.372,7191.656,true,none,15
2025-12-12 18:09:03.904,smart_meter,send_encrypted_data,334233,0.347,7705.660,true,none,431
2025-12-12 18:09:03.810,smart_meter,send_encrypted_data,334322,0.378,7075.598,true,none,390
2025-12-12 18:09:03.810,smart_meter,send_encrypted_data,334339,1.523,1756.213,true,none,142
2025-12-12 18:09:03.810,smart_meter,send_encrypted_data,334132,0.342,7815.953,true,none,143
2025-12-12 18:09:03.909,smart_meter,send_encrypted_data,334197,0.335,7980.824,true,none,270
2025-12-12 18:09:03.909,smart_meter,send_encrypted_data,334418,1.328,2014.566,true,none,282
2025-12-12 18:09:03.910,smart_meter,send_encrypted_data,334456,0.359,7453.058,true,none,324
2025-12-12 18:09:03.910,smart_meter,send_encrypted_data,334177,0.446,5994.206,true,none,195
2025-12-12 18:09:03.910,smart_meter,send_encrypted_data,334157,0.357,7488.112,true,none,328
2025-12-12 18:09:03.811,smart_meter,send_encrypted_data,334394,0.368,7269.435,true,none,268
2025-12-12 18:09:03.811,smart_meter,send_encrypted_data,334309,0.424,6307.717,true,none,199
2025-12-12 18:09:03.811,smart_meter,send_encrypted_data,334438,0.366,7310.120,true,none,389
2025-12-12 18:09:03.913,smart_meter,send_encrypted_data,334125,0.391,6836.317,true,none,332
2025-12-12 18:09:03.914,smart_meter,send_encrypted_data,334174,0.373,7167.271,true,none,296
2025-12-12 18:09:03.914,smart_meter,send_encrypted_data,334437,0.379,7059.356,true,none,287
2025-12-12 18:09:03.916,smart_meter,send_encrypted_data,334245,0.412,6490.194,true,none,373
2025-12-12 18:09:03.917,smart_meter,send_encrypted_data,334196,0.347,7704.807,true,none,315
2025-12-12 18:09:03.917,smart_meter,send_encrypted_data,334232,0.351,7617.823,true,none,333
2025-12-12 18:09:03.918,smart_meter,send_encrypted_data,334347,0.335,7984.406,true,none,182
2025-12-12 18:09:03.919,smart_meter,send_encrypted_data,334382,0.350,7643.017,true,none,223
2025-12-12 18:09:03.811,smart_meter,send_encrypted_data,334093,0.379,7052.095,true,none,67
2025-12-12 18:09:03.919,smart_meter,send_encrypted_data,333951,0.369,7240.130,true,none,312
2025-12-12 18:09:03.811,smart_meter,send_encrypted_data,334355,0.392,6823.571,true,none,118
2025-12-12 18:09:03.918,smart_meter,send_encrypted_data,334435,2.914,918.147,true,none,210
2025-12-12 18:09:03.920,smart_meter,send_encrypted_data,334499,0.350,7645.691,true,none,408
2025-12-12 18:09:03.812,smart_meter,send_encrypted_data,334197,0.362,7385.569,true,none,209
2025-12-12 18:09:03.924,smart_meter,send_encrypted_data,334110,3.600,742.467,true,none,306
2025-12-12 18:09:03.924,smart_meter,send_encrypted_data,334479,0.358,7474.391,true,none,424
2025-12-12 18:09:03.925,smart_meter,send_encrypted_data,334268,0.358,7469.676,true,none,426
2025-12-12 18:09:03.926,smart_meter,send_encrypted_data,334401,0.362,7390.077,true,none,427
2025-12-12 18:09:03.927,smart_meter,send_encrypted_data,334200,2.991,893.882,true,none,425
2025-12-12 18:09:03.927,smart_meter,send_encrypted_data,334407,2.168,1233.974,true,none,414
2025-12-12 18:09:03.928,smart_meter,send_encrypted_data,334487,0.696,3844.678,true,none,430
2025-12-12 18:09:03.928,smart_meter,send_encrypted_data,334288,0.450,5942.898,true,none,429
2025-12-12 18:09:03.929,smart_meter,send_encrypted_data,334303,2.130,1255.598,true,none,428
2025-12-12 18:09:03.935,smart_meter,send_encrypted_data,334251,2.709,987.083,true,none,283
2025-12-12 18:09:03.935,smart_meter,send_encrypted_data,334181,0.382,6998.555,true,none,292
2025-12-12 18:09:03.936,smart_meter,send_encrypted_data,334337,4.302,621.733,true,none,319
2025-12-12 18:09:03.936,smart_meter,send_encrypted_data,334163,0.369,7244.726,true,none,201
2025-12-12 18:09:03.937,smart_meter,send_encrypted_data,334171,0.357,7488.426,true,none,395
2025-12-12 18:09:03.938,smart_meter,send_encrypted_data,334326,0.348,7685.655,true,none,212
2025-12-12 18:09:03.938,smart_meter,send_encrypted_data,334220,0.503,5315.626,true,none,495
2025-12-12 18:09:03.940,smart_meter,send_encrypted_data,334264,0.348,7684.230,true,none,438
2025-12-12 18:09:03.940,smart_meter,send_encrypted_data,334415,0.339,7891.799,true,none,462
2025-12-12 18:09:03.941,smart_meter,send_encrypted_data,333330,0.339,7866.195,true,none,262
2025-12-12 18:09:03.941,smart_meter,send_encrypted_data,334033,0.457,5847.405,true,none,423
2025-12-12 18:09:03.943,smart_meter,send_encrypted_data,334067,0.346,7724.092,true,none,482
2025-12-12 18:09:03.944,smart_meter,send_encrypted_data,334382,0.400,6687.640,true,none,325
2025-12-12 18:09:03.944,smart_meter,send_encrypted_data,334455,0.396,6756.667,true,none,473
2025-12-12 18:09:03.945,smart_meter,send_encrypted_data,333994,0.340,7858.682,true,none,432
2025-12-12 18:09:03.946,smart_meter,send_encrypted_data,334478,3.425,781.262,true,none,412
2025-12-12 18:09:03.946,smart_meter,send_encrypted_data,334223,1.122,2383.052,true,none,458
2025-12-12 18:09:03.946,smart_meter,send_encrypted_data,334396,0.331,8082.079,true,none,469
2025-12-12 18:09:03.946,smart_meter,send_encrypted_data,334401,2.992,894.120,true,none,454
2025-12-12 18:09:03.948,smart_meter,send_encrypted_data,334348,0.677,3950.936,true,none,406
2025-12-12 18:09:03.948,smart_meter,send_encrypted_data,334422,0.659,4059.751,true,none,401
2025-12-12 18:09:03.949,smart_meter,send_encrypted_data,333972,0.337,7928.119,true,none,481
2025-12-12 18:09:03.950,smart_meter,send_encrypted_data,334385,0.339,7891.091,true,none,437
2025-12-12 18:09:03.951,smart_meter,send_encrypted_data,334356,1.332,2008.144,true,none,447
2025-12-12 18:09:03.951,smart_meter,send_encrypted_data,334365,0.353,7577.677,true,none,450
2025-12-12 18:09:03.953,smart_meter,send_encrypted_data,334393,0.347,7709.349,true,none,222
2025-12-12 18:09:03.953,smart_meter,send_encrypted_data,334364,0.783,3416.235,true,none,435
2025-12-12 18:09:03.954,smart_meter,send_encrypted_data,334317,2.244,1191.861,true,none,448
2025-12-12 18:09:03.954,smart_meter,send_encrypted_data,334480,2.651,1009.370,true,none,467
2025-12-12 18:09:03.955,smart_meter,send_encrypted_data,334048,0.652,4098.748,true,none,407
2025-12-12 18:09:03.957,smart_meter,send_encrypted_data,333305,0.355,7511.099,true,none,440
2025-12-12 18:09:03.958,smart_meter,send_encrypted_data,334163,0.369,7244.726,true,none,486
2025-12-12 18:09:03.959,smart_meter,send_encrypted_data,334484,0.341,7847.132,true,none,459
2025-12-12 18:09:03.959,smart_meter,send_encrypted_data,333880,0.645,4141.147,true,none,452
2025-12-12 18:09:03.959,smart_meter,send_encrypted_data,334413,0.348,7687.655,true,none,477
2025-12-12 18:09:03.961,smart_meter,send_encrypted_data,334283,0.351,7618.986,true,none,488
2025-12-12 18:09:03.962,smart_meter,send_encrypted_data,334172,0.885,3020.764,true,none,289
2025-12-12 18:09:03.964,smart_meter,send_encrypted_data,334448,0.446,5999.067,true,none,439
2025-12-12 18:09:03.965,smart_meter,send_encrypted_data,334195,0.461,5799.479,true,none,497
2025-12-12 18:09:03.965,smart_meter,send_encrypted_data,334313,0.347,7707.504,true,none,453
2025-12-12 18:09:03.967,smart_meter,send_encrypted_data,334137,1.064,2512.308,true,none,500
2025-12-12 18:09:03.968,smart_meter,send_encrypted_data,334158,0.464,5761.345,true,none,456
2025-12-12 18:09:03.973,smart_meter,send_encrypted_data,334417,0.435,6150.198,true,none,443
2025-12-12 18:09:03.976,smart_meter,send_encrypted_data,334119,0.329,8124.474,true,none,474
2025-12-12 18:09:03.984,smart_meter,send_encrypted_data,333621,0.385,6932.384,true,none,499
2025-12-12 18:09:03.984,smart_meter,send_encrypted_data,334237,1.138,2349.645,true,none,498
2025-12-12 18:09:03.985,smart_meter,send_encrypted_data,334502,0.343,7801.796,true,none,490
2025-12-12 18:09:03.988,smart_meter,send_encrypted_data,334308,0.432,6190.889,true,none,485
2025-12-12 18:09:03.989,smart_meter,send_encrypted_data,334254,0.340,7864.800,true,none,487
2025-12-12 18:09:03.989,smart_meter,send_encrypted_data,334204,0.374,7148.749,true,none,442
2025-12-12 18:09:03.989,smart_meter,send_encrypted_data,334086,0.442,6046.805,true,none,466
2025-12-12 18:09:03.990,smart_meter,send_encrypted_data,334235,0.407,6569.730,true,none,436
2025-12-12 18:09:03.991,smart_meter,send_encrypted_data,334244,0.343,7795.778,true,none,445
2025-12-12 18:09:03.991,smart_meter,send_encrypted_data,334390,0.379,7058.364,true,none,483
2025-12-12 18:09:03.993,smart_meter,send_encrypted_data,334490,0.368,7271.522,true,none,449
2025-12-12 18:09:03.994,smart_meter,send_encrypted_data,334502,0.388,6896.948,true,none,494
2025-12-12 18:09:03.994,smart_meter,send_encrypted_data,334411,0.489,5470.937,true,none,463
2025-12-12 18:09:04.000,smart_meter,send_encrypted_data,334411,0.388,6895.072,true,none,446
2025-12-12 18:09:04.001,smart_meter,send_encrypted_data,334362,0.458,5840.384,true,none,491
2025-12-12 18:09:04.004,smart_meter,send_encrypted_data,334305,0.367,7287.302,true,none,441
2025-12-12 18:09:04.004,smart_meter,send_encrypted_data,334316,0.374,7151.144,true,none,444
2025-12-12 18:09:04.007,smart_meter,send_encrypted_data,333823,0.380,7027.853,true,none,470
2025-12-12 18:09:04.007,smart_meter,send_encrypted_data,334127,0.472,5663.169,true,none,451
2025-12-12 18:09:04.008,smart_meter,send_encrypted_data,333807,0.379,7046.058,true,none,472
2025-12-12 18:09:04.008,smart_meter,send_encrypted_data,334129,0.369,7243.989,true,none,479
2025-12-12 18:09:04.008,smart_meter,send_encrypted_data,334175,0.354,7551.977,true,none,471
2025-12-12 18:09:04.009,smart_meter,send_encrypted_data,334124,0.440,6074.982,true,none,480
2025-12-12 18:09:04.012,smart_meter,send_encrypted_data,333305,0.360,7406.778,true,none,476
2025-12-12 18:09:04.012,smart_meter,send_encrypted_data,334499,0.366,7311.454,true,none,493
2025-12-12 18:09:04.013,smart_meter,send_encrypted_data,334124,0.620,4311.277,true,none,484
2025-12-12 18:09:04.014,smart_meter,send_encrypted_data,334425,0.365,7329.863,true,none,468
2025-12-12 18:09:04.016,smart_meter,send_encrypted_data,334371,0.468,5715.744,true,none,492
2025-12-12 18:09:04.018,smart_meter,send_encrypted_data,334477,0.374,7154.588,true,none,465
2025-12-12 18:09:04.018,smart_meter,send_encrypted_data,334217,0.422,6335.867,true,none,496
2025-12-12 18:09:04.021,smart_meter,send_encrypted_data,333378,0.460,5797.878,true,none,475
2025-12-12 18:09:04.022,smart_meter,send_encrypted_data,334352,0.570,4692.660,true,none,464
2025-12-12 18:09:04.026,smart_meter,send_encrypted_data,334422,0.394,6790.294,true,none,460
2025-12-12 18:09:04.029,smart_meter,send_encrypted_data,334422,0.347,7710.017,true,none,461
2025-12-12 18:09:04.029,smart_meter,send_encrypted_data,334092,0.616,4338.857,true,none,457
2025-12-12 18:09:04.031,smart_meter,send_encrypted_data,334330,0.425,6293.271,true,none,489
2025-12-12 18:09:04.034,smart_meter,send_encrypted_data,334325,0.489,5469.530,true,none,478
2025-12-12 18:09:04.034,smart_meter,send_encrypted_data,334408,0.352,7600.182,true,none,455
2025-12-12 18:10:09.085,smart_meter,send_encrypted_data,334438,0.387,6913.447,true,none,32
2025-12-12 18:10:09.086,smart_meter,send_encrypted_data,334389,0.372,7191.161,true,none,18
2025-12-12 18:10:09.087,smart_meter,send_encrypted_data,334328,0.404,6620.356,true,none,11
2025-12-12 18:10:09.094,smart_meter,send_encrypted_data,334475,0.351,7623.362,true,none,49
2025-12-12 18:10:09.097,smart_meter,send_encrypted_data,334493,1.690,1583.399,true,none,83
2025-12-12 18:10:09.098,smart_meter,send_encrypted_data,334357,0.372,7190.473,true,none,141
2025-12-12 18:10:09.099,smart_meter,send_encrypted_data,334455,0.407,6574.054,true,none,101
2025-12-12 18:10:09.099,smart_meter,send_encrypted_data,334419,0.401,6671.701,true,none,126
2025-12-12 18:10:09.100,smart_meter,send_encrypted_data,334346,0.378,7076.106,true,none,9
2025-12-12 18:10:09.100,smart_meter,send_encrypted_data,334422,1.626,1645.373,true,none,34
2025-12-12 18:10:09.101,smart_meter,send_encrypted_data,334220,0.366,7305.355,true,none,19
2025-12-12 18:10:09.101,smart_meter,send_encrypted_data,334317,0.368,7267.761,true,none,87
2025-12-12 18:10:09.100,smart_meter,send_encrypted_data,334397,0.348,7687.287,true,none,29
2025-12-12 18:10:09.102,smart_meter,send_encrypted_data,334361,0.394,6789.056,true,none,53
2025-12-12 18:10:09.103,smart_meter,send_encrypted_data,334437,1.631,1640.402,true,none,58
2025-12-12 18:10:09.103,smart_meter,send_encrypted_data,334517,0.351,7624.319,true,none,103
2025-12-12 18:10:09.104,smart_meter,send_encrypted_data,334462,0.357,7494.947,true,none,139
2025-12-12 18:10:09.104,smart_meter,send_encrypted_data,334348,0.474,5643.004,true,none,4
2025-12-12 18:10:09.105,smart_meter,send_encrypted_data,334412,0.463,5778.177,true,none,68
2025-12-12 18:10:09.107,smart_meter,send_encrypted_data,334242,0.345,7750.539,true,none,38
2025-12-12 18:10:09.108,smart_meter,send_encrypted_data,334425,4.632,577.591,true,none,90
2025-12-12 18:10:09.109,smart_meter,send_encrypted_data,334148,0.349,7659.553,true,none,179
2025-12-12 18:10:09.109,smart_meter,send_encrypted_data,334231,8.049,332.196,true,none,132
2025-12-12 18:10:09.109,smart_meter,send_encrypted_data,334424,0.462,5790.892,true,none,50
2025-12-12 18:10:09.109,smart_meter,send_encrypted_data,334444,0.384,6967.583,true,none,146
2025-12-12 18:10:09.110,smart_meter,send_encrypted_data,334426,0.368,7270.130,true,none,137
2025-12-12 18:10:09.111,smart_meter,send_encrypted_data,334236,0.375,7130.368,true,none,127
2025-12-12 18:10:09.111,smart_meter,send_encrypted_data,334374,3.133,853.812,true,none,45
2025-12-12 18:10:09.112,smart_meter,send_encrypted_data,334367,0.396,6754.889,true,none,110
2025-12-12 18:10:09.103,smart_meter,send_encrypted_data,334433,0.372,7192.108,true,none,69
2025-12-12 18:10:09.103,smart_meter,send_encrypted_data,334242,0.353,7574.890,true,none,47
2025-12-12 18:10:09.114,smart_meter,send_encrypted_data,334338,0.377,7094.706,true,none,94
2025-12-12 18:10:09.115,smart_meter,send_encrypted_data,334269,0.372,7188.581,true,none,124
2025-12-12 18:10:09.115,smart_meter,send_encrypted_data,334300,1.808,1479.204,true,none,226
2025-12-12 18:10:09.115,smart_meter,send_encrypted_data,334438,0.359,7452.657,true,none,66
2025-12-12 18:10:09.116,smart_meter,send_encrypted_data,334239,0.360,7427.533,true,none,204
2025-12-12 18:10:09.116,smart_meter,send_encrypted_data,334419,0.377,7096.424,true,none,104
2025-12-12 18:10:09.117,smart_meter,send_encrypted_data,334137,0.391,6836.563,true,none,99
2025-12-12 18:10:09.117,smart_meter,send_encrypted_data,334148,0.365,7323.792,true,none,154
2025-12-12 18:10:09.117,smart_meter,send_encrypted_data,334387,0.362,7389.768,true,none,114
2025-12-12 18:10:09.118,smart_meter,send_encrypted_data,334343,0.391,6840.777,true,none,27
2025-12-12 18:10:09.118,smart_meter,send_encrypted_data,334320,0.341,7843.284,true,none,91
2025-12-12 18:10:09.117,smart_meter,send_encrypted_data,334138,0.390,6854.113,true,none,106
2025-12-12 18:10:09.119,smart_meter,send_encrypted_data,334425,0.344,7777.326,true,none,160
2025-12-12 18:10:09.120,smart_meter,send_encrypted_data,334385,2.158,1239.611,true,none,44
2025-12-12 18:10:09.120,smart_meter,send_encrypted_data,334399,0.364,7349.429,true,none,149
2025-12-12 18:10:09.122,smart_meter,send_encrypted_data,334420,12.265,218.130,true,none,12
2025-12-12 18:10:09.129,smart_meter,send_encrypted_data,334438,0.391,6842.721,true,none,456
2025-12-12 18:10:09.129,smart_meter,send_encrypted_data,334281,4.290,623.368,true,none,452
2025-12-12 18:10:09.129,smart_meter,send_encrypted_data,333925,0.363,7359.229,true,none,46
2025-12-12 18:10:09.129,smart_meter,send_encrypted_data,334321,0.382,7001.487,true,none,381
2025-12-12 18:10:09.130,smart_meter,send_encrypted_data,334469,0.345,7755.803,true,none,31
2025-12-12 18:10:09.130,smart_meter,send_encrypted_data,334350,3.818,700.576,true,none,115
2025-12-12 18:10:09.132,smart_meter,send_encrypted_data,334401,9.592,278.900,true,none,144
2025-12-12 18:10:09.132,smart_meter,send_encrypted_data,334228,0.421,6351.126,true,none,433
2025-12-12 18:10:09.132,smart_meter,send_encrypted_data,334490,0.384,6968.542,true,none,198
2025-12-12 18:10:09.133,smart_meter,send_encrypted_data,334311,0.383,6982.997,true,none,5
2025-12-12 18:10:09.132,smart_meter,send_encrypted_data,334293,5.202,514.099,true,none,82
2025-12-12 18:10:09.134,smart_meter,send_encrypted_data,334326,0.418,6398.584,true,none,194
2025-12-12 18:10:09.135,smart_meter,send_encrypted_data,334436,0.362,7390.851,true,none,435
2025-12-12 18:10:09.135,smart_meter,send_encrypted_data,334446,0.344,7777.814,true,none,92
2025-12-12 18:10:09.136,smart_meter,send_encrypted_data,334331,0.449,5956.900,true,none,369
2025-12-12 18:10:09.136,smart_meter,send_encrypted_data,334480,1.491,1794.661,true,none,210
2025-12-12 18:10:09.122,smart_meter,send_encrypted_data,334430,0.367,7290.027,true,none,129
2025-12-12 18:10:09.137,smart_meter,send_encrypted_data,334455,0.344,7778.023,true,none,134
2025-12-12 18:10:09.137,smart_meter,send_encrypted_data,334014,0.342,7813.193,true,none,189
2025-12-12 18:10:09.137,smart_meter,send_encrypted_data,334137,0.381,7016.000,true,none,125
2025-12-12 18:10:09.137,smart_meter,send_encrypted_data,334042,3.060,873.312,true,none,86
2025-12-12 18:10:09.135,smart_meter,send_encrypted_data,334353,7.219,370.526,true,none,269
2025-12-12 18:10:09.138,smart_meter,send_encrypted_data,334301,0.358,7470.413,true,none,208
2025-12-12 18:10:09.138,smart_meter,send_encrypted_data,334096,0.350,7636.480,true,none,13
2025-12-12 18:10:09.138,smart_meter,send_encrypted_data,334458,0.372,7192.645,true,none,151
2025-12-12 18:10:09.123,smart_meter,send_encrypted_data,334421,0.349,7665.811,true,none,36
2025-12-12 18:10:09.138,smart_meter,send_encrypted_data,334247,0.367,7286.038,true,none,120
2025-12-12 18:10:09.131,smart_meter,send_encrypted_data,333972,0.346,7721.896,true,none,6
2025-12-12 18:10:09.138,smart_meter,send_encrypted_data,334167,0.364,7344.330,true,none,63
2025-12-12 18:10:09.139,smart_meter,send_encrypted_data,334462,5.332,501.818,true,none,43
2025-12-12 18:10:09.139,smart_meter,send_encrypted_data,334516,12.557,213.118,true,none,28
2025-12-12 18:10:09.139,smart_meter,send_encrypted_data,334348,0.393,6806.066,true,none,70
2025-12-12 18:10:09.140,smart_meter,send_encrypted_data,334070,0.400,6681.400,true,none,148
2025-12-12 18:10:09.140,smart_meter,send_encrypted_data,334092,0.349,7658.269,true,none,21
2025-12-12 18:10:09.141,smart_meter,send_encrypted_data,334402,0.376,7114.936,true,none,14
2025-12-12 18:10:09.141,smart_meter,send_encrypted_data,334335,0.359,7450.362,true,none,81
2025-12-12 18:10:09.133,smart_meter,send_encrypted_data,334460,1.569,1705.341,true,none,190
2025-12-12 18:10:09.142,smart_meter,send_encrypted_data,334420,0.368,7270.000,true,none,342
2025-12-12 18:10:09.142,smart_meter,send_encrypted_data,334149,2.668,1001.946,true,none,61
2025-12-12 18:10:09.142,smart_meter,send_encrypted_data,334079,0.355,7528.541,true,none,185
2025-12-12 18:10:09.142,smart_meter,send_encrypted_data,334462,6.973,383.722,true,none,122
2025-12-12 18:10:09.143,smart_meter,send_encrypted_data,334487,8.966,298.449,true,none,98
2025-12-12 18:10:09.143,smart_meter,send_encrypted_data,334212,0.366,7305.180,true,none,434
2025-12-12 18:10:09.143,smart_meter,send_encrypted_data,334217,0.335,7981.301,true,none,73
2025-12-12 18:10:09.144,smart_meter,send_encrypted_data,333922,6.239,428.174,true,none,26
2025-12-12 18:10:09.144,smart_meter,send_encrypted_data,333986,5.630,474.580,true,none,131
2025-12-12 18:10:09.145,smart_meter,send_encrypted_data,334418,0.388,6895.216,true,none,51
2025-12-12 18:10:09.146,smart_meter,send_encrypted_data,334336,3.357,796.749,true,none,75
2025-12-12 18:10:09.146,smart_meter,send_encrypted_data,334440,0.350,7644.343,true,none,225
2025-12-12 18:10:09.147,smart_meter,send_encrypted_data,334280,0.377,7093.475,true,none,95
2025-12-12 18:10:09.147,smart_meter,send_encrypted_data,334202,0.347,7704.945,true,none,490
2025-12-12 18:10:09.147,smart_meter,send_encrypted_data,334317,8.486,315.170,true,none,30
2025-12-12 18:10:09.148,smart_meter,send_encrypted_data,334341,0.357,7492.235,true,none,133
2025-12-12 18:10:09.148,smart_meter,send_encrypted_data,333969,2.588,1032.362,true,none,499
2025-12-12 18:10:09.148,smart_meter,send_encrypted_data,334320,1.514,1766.552,true,none,167
2025-12-12 18:10:09.149,smart_meter,send_encrypted_data,334113,0.365,7323.025,true,none,60
2025-12-12 18:10:09.149,smart_meter,send_encrypted_data,334144,4.192,637.679,true,none,385
2025-12-12 18:10:09.150,smart_meter,send_encrypted_data,334376,0.357,7493.020,true,none,174
2025-12-12 18:10:09.151,smart_meter,send_encrypted_data,334375,2.184,1224.817,true,none,93
2025-12-12 18:10:09.151,smart_meter,send_encrypted_data,334397,1.902,1406.507,true,none,166
2025-12-12 18:10:09.150,smart_meter,send_encrypted_data,334112,4.848,551.340,true,none,498
2025-12-12 18:10:09.151,smart_meter,send_encrypted_data,334299,7.933,337.122,true,none,191
2025-12-12 18:10:09.151,smart_meter,send_encrypted_data,334346,4.622,578.704,true,none,79
2025-12-12 18:10:09.123,smart_meter,send_encrypted_data,334360,0.350,7642.514,true,none,84
2025-12-12 18:10:09.151,smart_meter,send_encrypted_data,334133,0.373,7166.391,true,none,37
2025-12-12 18:10:09.123,smart_meter,send_encrypted_data,334442,0.347,7710.478,true,none,80
2025-12-12 18:10:09.126,smart_meter,send_encrypted_data,334365,0.356,7513.820,true,none,17
2025-12-12 18:10:09.127,smart_meter,send_encrypted_data,334469,0.346,7733.387,true,none,222
2025-12-12 18:10:09.154,smart_meter,send_encrypted_data,334322,7.562,353.686,true,none,96
2025-12-12 18:10:09.154,smart_meter,send_encrypted_data,334463,1.248,2143.994,true,none,113
2025-12-12 18:10:09.154,smart_meter,send_encrypted_data,334235,0.362,7386.409,true,none,214
2025-12-12 18:10:09.154,smart_meter,send_encrypted_data,334374,0.376,7114.340,true,none,22
2025-12-12 18:10:09.155,smart_meter,send_encrypted_data,334419,1.762,1518.361,true,none,97
2025-12-12 18:10:09.155,smart_meter,send_encrypted_data,334426,0.411,6509.509,true,none,211
2025-12-12 18:10:09.155,smart_meter,send_encrypted_data,334426,1.085,2465.814,true,none,119
2025-12-12 18:10:09.156,smart_meter,send_encrypted_data,334325,0.338,7913.018,true,none,257
2025-12-12 18:10:09.156,smart_meter,send_encrypted_data,334338,0.365,7327.956,true,none,10
2025-12-12 18:10:09.156,smart_meter,send_encrypted_data,334473,0.363,7371.306,true,none,40
2025-12-12 18:10:09.156,smart_meter,send_encrypted_data,334367,0.360,7430.378,true,none,238
2025-12-12 18:10:09.157,smart_meter,send_encrypted_data,334312,0.393,6805.333,true,none,25
2025-12-12 18:10:09.158,smart_meter,send_encrypted_data,334439,0.370,7231.114,true,none,304
2025-12-12 18:10:09.158,smart_meter,send_encrypted_data,334053,0.414,6455.130,true,none,178
2025-12-12 18:10:09.158,smart_meter,send_encrypted_data,334452,0.342,7823.439,true,none,64
2025-12-12 18:10:09.158,smart_meter,send_encrypted_data,334089,0.348,7680.207,true,none,135
2025-12-12 18:10:09.159,smart_meter,send_encrypted_data,334318,0.375,7132.117,true,none,387
2025-12-12 18:10:09.159,smart_meter,send_encrypted_data,334198,0.334,8004.743,true,none,55
2025-12-12 18:10:09.159,smart_meter,send_encrypted_data,333966,0.349,7655.381,true,none,383
2025-12-12 18:10:09.160,smart_meter,send_encrypted_data,333600,0.361,7392.798,true,none,424
2025-12-12 18:10:09.159,smart_meter,send_encrypted_data,334246,2.030,1317.226,true,none,240
2025-12-12 18:10:09.160,smart_meter,send_encrypted_data,334140,0.389,6871.774,true,none,39
2025-12-12 18:10:09.161,smart_meter,send_encrypted_data,334412,0.337,7938.564,true,none,77
2025-12-12 18:10:09.161,smart_meter,send_encrypted_data,333335,0.451,5912.816,true,none,116
2025-12-12 18:10:09.161,smart_meter,send_encrypted_data,334387,0.348,7687.057,true,none,188
2025-12-12 18:10:09.127,smart_meter,send_encrypted_data,333977,0.396,6747.010,true,none,425
2025-12-12 18:10:09.161,smart_meter,send_encrypted_data,334415,0.363,7370.028,true,none,62
2025-12-12 18:10:09.162,smart_meter,send_encrypted_data,334548,2.838,943.053,true,none,78
2025-12-12 18:10:09.128,smart_meter,send_encrypted_data,334475,2.823,947.857,true,none,230
2025-12-12 18:10:09.128,smart_meter,send_encrypted_data,334491,0.395,6774.501,true,none,426
2025-12-12 18:10:09.128,smart_meter,send_encrypted_data,334273,0.401,6668.788,true,none,192
2025-12-12 18:10:09.128,smart_meter,send_encrypted_data,334169,18.598,143.744,true,none,1
2025-12-12 18:10:09.162,smart_meter,send_encrypted_data,334235,0.369,7246.287,true,none,130
2025-12-12 18:10:09.163,smart_meter,send_encrypted_data,334506,0.384,6968.875,true,none,494
2025-12-12 18:10:09.163,smart_meter,send_encrypted_data,334343,0.380,7038.800,true,none,201
2025-12-12 18:10:09.164,smart_meter,send_encrypted_data,334185,0.375,7129.280,true,none,401
2025-12-12 18:10:09.164,smart_meter,send_encrypted_data,334167,0.362,7384.906,true,none,239
2025-12-12 18:10:09.164,smart_meter,send_encrypted_data,334500,0.421,6356.295,true,none,107
2025-12-12 18:10:09.164,smart_meter,send_encrypted_data,334442,0.339,7892.437,true,none,2
2025-12-12 18:10:09.165,smart_meter,send_encrypted_data,334490,0.364,7351.429,true,none,8
2025-12-12 18:10:09.165,smart_meter,send_encrypted_data,333896,0.385,6938.099,true,none,362
2025-12-12 18:10:09.165,smart_meter,send_encrypted_data,333319,6.631,402.134,true,none,182
2025-12-12 18:10:09.165,smart_meter,send_encrypted_data,334026,0.350,7634.880,true,none,76
2025-12-12 18:10:09.166,smart_meter,send_encrypted_data,334371,0.370,7229.643,true,none,284
2025-12-12 18:10:09.166,smart_meter,send_encrypted_data,334222,0.355,7531.763,true,none,35
2025-12-12 18:10:09.166,smart_meter,send_encrypted_data,334093,6.654,401.675,true,none,245
2025-12-12 18:10:09.166,smart_meter,send_encrypted_data,334245,20.687,129.258,true,none,56
2025-12-12 18:10:09.167,smart_meter,send_encrypted_data,334348,2.018,1325.463,true,none,423
2025-12-12 18:10:09.167,smart_meter,send_encrypted_data,334252,0.390,6856.451,true,none,145
2025-12-12 18:10:09.167,smart_meter,send_encrypted_data,334509,0.378,7079.556,true,none,109
2025-12-12 18:10:09.167,smart_meter,send_encrypted_data,334498,18.310,146.149,true,none,54
2025-12-12 18:10:09.167,smart_meter,send_encrypted_data,334365,15.690,170.486,true,none,89
2025-12-12 18:10:09.168,smart_meter,send_encrypted_data,334289,0.351,7619.123,true,none,142
2025-12-12 18:10:09.168,smart_meter,send_encrypted_data,334434,0.377,7096.743,true,none,52
2025-12-12 18:10:09.168,smart_meter,send_encrypted_data,334480,5.438,492.063,true,none,24
2025-12-12 18:10:09.168,smart_meter,send_encrypted_data,334352,4.288,623.791,true,none,121
2025-12-12 18:10:09.168,smart_meter,send_encrypted_data,334346,2.250,1188.786,true,none,147
2025-12-12 18:10:09.168,smart_meter,send_encrypted_data,334397,0.937,2855.044,true,none,15
2025-12-12 18:10:09.169,smart_meter,send_encrypted_data,334294,0.375,7131.605,true,none,212
2025-12-12 18:10:09.170,smart_meter,send_encrypted_data,334529,0.353,7581.394,true,none,48
2025-12-12 18:10:09.170,smart_meter,send_encrypted_data,334390,0.365,7329.096,true,none,318
2025-12-12 18:10:09.170,smart_meter,send_encrypted_data,334132,0.368,7263.739,true,none,59
2025-12-12 18:10:09.171,smart_meter,send_encrypted_data,334289,0.413,6475.332,true,none,118
2025-12-12 18:10:09.172,smart_meter,send_encrypted_data,334462,0.350,7644.846,true,none,105
2025-12-12 18:10:09.172,smart_meter,send_encrypted_data,334450,11.020,242.795,true,none,112
2025-12-12 18:10:09.172,smart_meter,send_encrypted_data,334374,13.479,198.456,true,none,111
2025-12-12 18:10:09.173,smart_meter,send_encrypted_data,334456,0.342,7823.532,true,none,165
2025-12-12 18:10:09.173,smart_meter,send_encrypted_data,334057,0.352,7592.205,true,none,199
2025-12-12 18:10:09.174,smart_meter,send_encrypted_data,334414,0.380,7040.295,true,none,41
2025-12-12 18:10:09.174,smart_meter,send_encrypted_data,333383,0.379,7037.108,true,none,67
2025-12-12 18:10:09.175,smart_meter,send_encrypted_data,334442,0.496,5394.226,true,none,263
2025-12-12 18:10:09.175,smart_meter,send_encrypted_data,334340,0.374,7151.658,true,none,271
2025-12-12 18:10:09.175,smart_meter,send_encrypted_data,334481,9.207,290.632,true,none,108
2025-12-12 18:10:09.175,smart_meter,send_encrypted_data,334350,0.340,7867.059,true,none,88
2025-12-12 18:10:09.175,smart_meter,send_encrypted_data,334298,0.353,7576.159,true,none,175
2025-12-12 18:10:09.176,smart_meter,send_encrypted_data,334213,0.340,7863.835,true,none,265
2025-12-12 18:10:09.176,smart_meter,send_encrypted_data,334366,0.352,7599.227,true,none,136
2025-12-12 18:10:09.177,smart_meter,send_encrypted_data,334302,0.385,6946.535,true,none,74
2025-12-12 18:10:09.178,smart_meter,send_encrypted_data,334271,0.415,6443.778,true,none,140
2025-12-12 18:10:09.178,smart_meter,send_encrypted_data,334388,0.345,7753.925,true,none,283
2025-12-12 18:10:09.178,smart_meter,send_encrypted_data,334348,0.360,7429.956,true,none,7
2025-12-12 18:10:09.178,smart_meter,send_encrypted_data,334420,1.854,1443.020,true,none,23
2025-12-12 18:10:09.179,smart_meter,send_encrypted_data,334403,13.274,201.539,true,none,3
2025-12-12 18:10:09.179,smart_meter,send_encrypted_data,333724,5.316,502.218,true,none,143
2025-12-12 18:10:09.180,smart_meter,send_encrypted_data,334070,4.304,620.948,true,none,209
2025-12-12 18:10:09.180,smart_meter,send_encrypted_data,334494,0.378,7079.238,true,none,386
2025-12-12 18:10:09.181,smart_meter,send_encrypted_data,334361,0.339,7890.525,true,none,184
2025-12-12 18:10:09.181,smart_meter,send_encrypted_data,334064,0.370,7223.005,true,none,264
2025-12-12 18:10:09.181,smart_meter,send_encrypted_data,334344,0.384,6965.500,true,none,200
2025-12-12 18:10:09.181,smart_meter,send_encrypted_data,334261,5.117,522.589,true,none,278
2025-12-12 18:10:09.181,smart_meter,send_encrypted_data,334415,1.085,2465.733,true,none,279
2025-12-12 18:10:09.182,smart_meter,send_encrypted_data,333621,0.349,7647.473,true,none,169
2025-12-12 18:10:09.182,smart_meter,send_encrypted_data,334328,0.385,6947.075,true,none,100
2025-12-12 18:10:09.182,smart_meter,send_encrypted_data,334243,1.176,2273.762,true,none,291
2025-12-12 18:10:09.182,smart_meter,send_encrypted_data,334125,0.354,7550.847,true,none,281
2025-12-12 18:10:09.183,smart_meter,send_encrypted_data,334473,0.412,6494.621,true,none,117
2025-12-12 18:10:09.184,smart_meter,send_encrypted_data,334051,0.366,7301.661,true,none,493
2025-12-12 18:10:09.184,smart_meter,send_encrypted_data,334393,0.343,7799.254,true,none,72
2025-12-12 18:10:09.184,smart_meter,send_encrypted_data,334403,0.345,7754.272,true,none,20
2025-12-12 18:10:09.184,smart_meter,send_encrypted_data,334371,0.380,7039.389,true,none,288
2025-12-12 18:10:09.185,smart_meter,send_encrypted_data,334509,10.294,259.964,true,none,102
2025-12-12 18:10:09.185,smart_meter,send_encrypted_data,334132,1.472,1815.935,true,none,223
2025-12-12 18:10:09.186,smart_meter,send_encrypted_data,334453,0.353,7579.671,true,none,496
2025-12-12 18:10:09.186,smart_meter,send_encrypted_data,334503,0.336,7964.357,true,none,292
2025-12-12 18:10:09.186,smart_meter,send_encrypted_data,334385,0.394,6789.543,true,none,384
2025-12-12 18:10:09.187,smart_meter,send_encrypted_data,334253,0.377,7092.902,true,none,308
2025-12-12 18:10:09.187,smart_meter,send_encrypted_data,334069,0.402,6648.139,true,none,71
2025-12-12 18:10:09.187,smart_meter,send_encrypted_data,334328,13.348,200.376,true,none,202
2025-12-12 18:10:09.187,smart_meter,send_encrypted_data,334281,0.349,7662.602,true,none,197
2025-12-12 18:10:09.188,smart_meter,send_encrypted_data,334358,5.268,507.757,true,none,123
2025-12-12 18:10:09.188,smart_meter,send_encrypted_data,334532,0.348,7690.391,true,none,193
2025-12-12 18:10:09.188,smart_meter,send_encrypted_data,334303,0.355,7533.589,true,none,65
2025-12-12 18:10:09.189,smart_meter,send_encrypted_data,334325,0.385,6947.013,true,none,475
2025-12-12 18:10:09.190,smart_meter,send_encrypted_data,334318,0.348,7685.471,true,none,438
2025-12-12 18:10:09.188,smart_meter,send_encrypted_data,334474,1.048,2553.237,true,none,16
2025-12-12 18:10:09.190,smart_meter,send_encrypted_data,334010,0.383,6976.710,true,none,85
2025-12-12 18:10:09.191,smart_meter,send_encrypted_data,334296,2.528,1057.899,true,none,183
2025-12-12 18:10:09.191,smart_meter,send_encrypted_data,334308,0.679,3938.828,true,none,367
2025-12-12 18:10:09.192,smart_meter,send_encrypted_data,334341,0.464,5764.500,true,none,296
2025-12-12 18:10:09.193,smart_meter,send_encrypted_data,334453,0.392,6825.571,true,none,297
2025-12-12 18:10:09.194,smart_meter,send_encrypted_data,334392,0.378,7077.079,true,none,128
2025-12-12 18:10:09.194,smart_meter,send_encrypted_data,334227,0.377,7092.350,true,none,301
2025-12-12 18:10:09.194,smart_meter,send_encrypted_data,334391,0.378,7077.058,true,none,379
2025-12-12 18:10:09.195,smart_meter,send_encrypted_data,333997,4.584,582.892,true,none,314
2025-12-12 18:10:09.195,smart_meter,send_encrypted_data,334184,0.383,6980.345,true,none,233
2025-12-12 18:10:09.195,smart_meter,send_encrypted_data,334407,4.290,623.603,true,none,218
2025-12-12 18:10:09.195,smart_meter,send_encrypted_data,334229,0.356,7510.764,true,none,215
2025-12-12 18:10:09.196,smart_meter,send_encrypted_data,334353,0.349,7664.252,true,none,495
2025-12-12 18:10:09.197,smart_meter,send_encrypted_data,334268,0.341,7842.065,true,none,138
2025-12-12 18:10:09.197,smart_meter,send_encrypted_data,334364,0.378,7076.487,true,none,382
2025-12-12 18:10:09.197,smart_meter,send_encrypted_data,334468,7.938,337.080,true,none,431
2025-12-12 18:10:09.198,smart_meter,send_encrypted_data,334159,5.869,455.490,true,none,295
2025-12-12 18:10:09.198,smart_meter,send_encrypted_data,334230,0.383,6981.305,true,none,328
2025-12-12 18:10:09.199,smart_meter,send_encrypted_data,334397,0.344,7776.674,true,none,57
2025-12-12 18:10:09.199,smart_meter,send_encrypted_data,334116,3.147,849.357,true,none,207
2025-12-12 18:10:09.199,smart_meter,send_encrypted_data,334209,0.346,7727.376,true,none,280
2025-12-12 18:10:09.200,smart_meter,send_encrypted_data,334470,0.361,7412.078,true,none,285
2025-12-12 18:10:09.200,smart_meter,send_encrypted_data,334248,5.988,446.557,true,none,455
2025-12-12 18:10:09.197,smart_meter,send_encrypted_data,334399,2.268,1179.538,true,none,251
2025-12-12 18:10:09.200,smart_meter,send_encrypted_data,333959,0.378,7067.915,true,none,42
2025-12-12 18:10:09.201,smart_meter,send_encrypted_data,334003,0.362,7381.282,true,none,268
2025-12-12 18:10:09.201,smart_meter,send_encrypted_data,334431,3.629,737.241,true,none,150
2025-12-12 18:10:09.201,smart_meter,send_encrypted_data,334177,0.404,6617.366,true,none,324
2025-12-12 18:10:09.202,smart_meter,send_encrypted_data,334203,16.921,158.006,true,none,476
2025-12-12 18:10:09.202,smart_meter,send_encrypted_data,334162,0.356,7509.258,true,none,450
2025-12-12 18:10:09.202,smart_meter,send_encrypted_data,334075,2.219,1204.416,true,none,163
2025-12-12 18:10:09.202,smart_meter,send_encrypted_data,334315,0.394,6788.122,true,none,248
2025-12-12 18:10:09.202,smart_meter,send_encrypted_data,334402,0.391,6841.985,true,none,299
2025-12-12 18:10:09.201,smart_meter,send_encrypted_data,334240,4.640,576.276,true,none,232
2025-12-12 18:10:09.203,smart_meter,send_encrypted_data,334130,0.395,6767.190,true,none,303
2025-12-12 18:10:09.203,smart_meter,send_encrypted_data,334077,2.169,1232.188,true,none,320
2025-12-12 18:10:09.204,smart_meter,send_encrypted_data,334274,0.363,7366.920,true,none,259
2025-12-12 18:10:09.204,smart_meter,send_encrypted_data,334467,3.895,686.967,true,none,267
2025-12-12 18:10:09.204,smart_meter,send_encrypted_data,334279,0.357,7490.846,true,none,307
2025-12-12 18:10:09.205,smart_meter,send_encrypted_data,334264,0.361,7407.512,true,none,294
2025-12-12 18:10:09.206,smart_meter,send_encrypted_data,334230,0.868,3080.461,true,none,337
2025-12-12 18:10:09.206,smart_meter,send_encrypted_data,334340,3.908,684.422,true,none,270
2025-12-12 18:10:09.206,smart_meter,send_encrypted_data,334367,5.770,463.594,true,none,437
2025-12-12 18:10:09.207,smart_meter,send_encrypted_data,334400,0.379,7058.575,true,none,252
2025-12-12 18:10:09.207,smart_meter,send_encrypted_data,334450,0.368,7270.652,true,none,366
2025-12-12 18:10:09.208,smart_meter,send_encrypted_data,333888,0.379,7047.768,true,none,258
2025-12-12 18:10:09.208,smart_meter,send_encrypted_data,333816,1.887,1415.224,true,none,300
2025-12-12 18:10:09.209,smart_meter,send_encrypted_data,334383,0.380,7039.642,true,none,311
2025-12-12 18:10:09.209,smart_meter,send_encrypted_data,334438,0.383,6985.650,true,none,262
2025-12-12 18:10:09.210,smart_meter,send_encrypted_data,334345,0.346,7730.520,true,none,313
2025-12-12 18:10:09.210,smart_meter,send_encrypted_data,333936,0.356,7504.180,true,none,235
2025-12-12 18:10:09.211,smart_meter,send_encrypted_data,334311,0.384,6964.812,true,none,319
2025-12-12 18:10:09.211,smart_meter,send_encrypted_data,334317,0.373,7170.338,true,none,302
2025-12-12 18:10:09.212,smart_meter,send_encrypted_data,334110,10.301,259.478,true,none,322
2025-12-12 18:10:09.213,smart_meter,send_encrypted_data,334165,0.354,7551.751,true,none,173
2025-12-12 18:10:09.213,smart_meter,send_encrypted_data,333966,0.366,7299.803,true,none,340
2025-12-12 18:10:09.214,smart_meter,send_encrypted_data,334004,1.326,2015.107,true,none,349
2025-12-12 18:10:09.214,smart_meter,send_encrypted_data,334199,0.399,6700.732,true,none,350
2025-12-12 18:10:09.214,smart_meter,send_encrypted_data,334379,1.495,1789.319,true,none,316
2025-12-12 18:10:09.215,smart_meter,send_encrypted_data,334496,2.121,1261.654,true,none,334
2025-12-12 18:10:09.216,smart_meter,send_encrypted_data,334377,0.370,7229.773,true,none,356
2025-12-12 18:10:09.217,smart_meter,send_encrypted_data,334395,0.358,7472.514,true,none,219
2025-12-12 18:10:09.218,smart_meter,send_encrypted_data,334434,0.338,7915.598,true,none,361
2025-12-12 18:10:09.218,smart_meter,send_encrypted_data,334187,0.364,7344.769,true,none,234
2025-12-12 18:10:09.218,smart_meter,send_encrypted_data,334448,0.359,7452.880,true,none,364
2025-12-12 18:10:09.218,smart_meter,send_encrypted_data,334461,34.441,77.689,true,none,33
2025-12-12 18:10:09.218,smart_meter,send_encrypted_data,333783,24.807,107.642,true,none,345
2025-12-12 18:10:09.218,smart_meter,send_encrypted_data,334411,0.491,5448.652,true,none,458
2025-12-12 18:10:09.218,smart_meter,send_encrypted_data,333671,0.360,7414.911,true,none,176
2025-12-12 18:10:09.219,smart_meter,send_encrypted_data,334358,5.383,496.910,true,none,339
2025-12-12 18:10:09.220,smart_meter,send_encrypted_data,334321,1.840,1453.570,true,none,227
2025-12-12 18:10:09.220,smart_meter,send_encrypted_data,334465,2.653,1008.564,true,none,363
2025-12-12 18:10:09.220,smart_meter,send_encrypted_data,334265,0.341,7841.994,true,none,321
2025-12-12 18:10:09.220,smart_meter,send_encrypted_data,334216,0.438,6104.402,true,none,368
2025-12-12 18:10:09.220,smart_meter,send_encrypted_data,334479,2.595,1031.149,true,none,365
2025-12-12 18:10:09.221,smart_meter,send_encrypted_data,334445,30.284,88.349,true,none,306
2025-12-12 18:10:09.221,smart_meter,send_encrypted_data,334124,0.376,7109.021,true,none,389
2025-12-12 18:10:09.222,smart_meter,send_encrypted_data,334431,26.090,102.547,true,none,457
2025-12-12 18:10:09.222,smart_meter,send_encrypted_data,334267,0.360,7428.156,true,none,449
2025-12-12 18:10:09.222,smart_meter,send_encrypted_data,334516,32.470,82.418,true,none,196
2025-12-12 18:10:09.222,smart_meter,send_encrypted_data,334307,0.348,7685.218,true,none,380
2025-12-12 18:10:09.223,smart_meter,send_encrypted_data,334210,0.386,6926.632,true,none,497
2025-12-12 18:10:09.223,smart_meter,send_encrypted_data,334152,0.381,7016.315,true,none,448
2025-12-12 18:10:09.224,smart_meter,send_encrypted_data,334400,0.356,7514.607,true,none,445
2025-12-12 18:10:09.224,smart_meter,send_encrypted_data,334441,8.811,303.658,true,none,343
2025-12-12 18:10:09.225,smart_meter,send_encrypted_data,334457,0.342,7823.556,true,none,152
2025-12-12 18:10:09.225,smart_meter,send_encrypted_data,334450,2.325,1150.796,true,none,376
2025-12-12 18:10:09.225,smart_meter,send_encrypted_data,334047,0.351,7613.607,true,none,371
2025-12-12 18:10:09.226,smart_meter,send_encrypted_data,334312,23.455,114.027,true,none,315
2025-12-12 18:10:09.226,smart_meter,send_encrypted_data,334466,0.348,7688.874,true,none,408
2025-12-12 18:10:09.227,smart_meter,send_encrypted_data,334360,2.175,1229.830,true,none,373
2025-12-12 18:10:09.200,smart_meter,send_encrypted_data,333358,0.350,7619.611,true,none,422
2025-12-12 18:10:09.227,smart_meter,send_encrypted_data,334340,0.347,7708.127,true,none,413
2025-12-12 18:10:09.228,smart_meter,send_encrypted_data,334359,0.339,7890.478,true,none,411
2025-12-12 18:10:09.228,smart_meter,send_encrypted_data,334408,0.340,7868.424,true,none,412
2025-12-12 18:10:09.228,smart_meter,send_encrypted_data,334454,0.329,8132.620,true,none,400
2025-12-12 18:10:09.229,smart_meter,send_encrypted_data,334085,0.345,7746.899,true,none,462
2025-12-12 18:10:09.229,smart_meter,send_encrypted_data,334403,7.653,349.565,true,none,220
2025-12-12 18:10:09.229,smart_meter,send_encrypted_data,334463,23.488,113.918,true,none,256
2025-12-12 18:10:09.230,smart_meter,send_encrypted_data,334319,0.365,7327.540,true,none,464
2025-12-12 18:10:09.230,smart_meter,send_encrypted_data,334143,0.389,6871.835,true,none,468
2025-12-12 18:10:09.231,smart_meter,send_encrypted_data,334163,5.408,494.324,true,none,359
2025-12-12 18:10:09.231,smart_meter,send_encrypted_data,334384,8.443,316.839,true,none,354
2025-12-12 18:10:09.234,smart_meter,send_encrypted_data,334470,3.507,762.977,true,none,228
2025-12-12 18:10:09.234,smart_meter,send_encrypted_data,334371,0.367,7288.741,true,none,470
2025-12-12 18:10:09.235,smart_meter,send_encrypted_data,334271,4.925,542.978,true,none,466
2025-12-12 18:10:09.231,smart_meter,send_encrypted_data,334126,3.402,785.717,true,none,463
2025-12-12 18:10:09.236,smart_meter,send_encrypted_data,334382,7.478,357.723,true,none,351
2025-12-12 18:10:09.231,smart_meter,send_encrypted_data,334389,8.442,316.881,true,none,290
2025-12-12 18:10:09.236,smart_meter,send_encrypted_data,334505,4.216,634.734,true,none,471
2025-12-12 18:10:09.237,smart_meter,send_encrypted_data,334273,0.368,7266.804,true,none,353
2025-12-12 18:10:09.232,smart_meter,send_encrypted_data,334392,0.362,7389.878,true,none,293
2025-12-12 18:10:09.238,smart_meter,send_encrypted_data,334311,5.590,478.442,true,none,370
2025-12-12 18:10:09.236,smart_meter,send_encrypted_data,334335,0.332,8056.265,true,none,312
2025-12-12 18:10:09.239,smart_meter,send_encrypted_data,334054,0.341,7837.044,true,none,317
2025-12-12 18:10:09.232,smart_meter,send_encrypted_data,334313,0.341,7843.120,true,none,414
2025-12-12 18:10:09.240,smart_meter,send_encrypted_data,334350,1.688,1584.597,true,none,221
2025-12-12 18:10:09.232,smart_meter,send_encrypted_data,334175,0.389,6872.494,true,none,485
2025-12-12 18:10:09.233,smart_meter,send_encrypted_data,334407,0.343,7799.580,true,none,492
2025-12-12 18:10:09.233,smart_meter,send_encrypted_data,334533,0.348,7690.414,true,none,416
2025-12-12 18:10:09.242,smart_meter,send_encrypted_data,334459,1.426,1876.348,true,none,419
2025-12-12 18:10:09.231,smart_meter,send_encrypted_data,333952,4.113,649.554,true,none,459
2025-12-12 18:10:09.244,smart_meter,send_encrypted_data,334289,0.358,7470.145,true,none,421
2025-12-12 18:10:09.245,smart_meter,send_encrypted_data,334342,0.851,3143.051,true,none,420
2025-12-12 18:10:09.233,smart_meter,send_encrypted_data,334380,0.377,7095.597,true,none,487
2025-12-12 18:10:09.233,smart_meter,send_encrypted_data,334352,3.070,871.276,true,none,469
2025-12-12 18:10:09.248,smart_meter,send_encrypted_data,334405,0.393,6807.226,true,none,430
2025-12-12 18:10:09.249,smart_meter,send_encrypted_data,334270,0.487,5491.088,true,none,417
2025-12-12 18:10:09.249,smart_meter,send_encrypted_data,334392,0.349,7665.146,true,none,432
2025-12-12 18:10:09.234,smart_meter,send_encrypted_data,333982,0.541,4938.736,true,none,467
2025-12-12 18:10:09.250,smart_meter,send_encrypted_data,334183,0.346,7726.775,true,none,436
2025-12-12 18:10:09.234,smart_meter,send_encrypted_data,334396,0.356,7514.517,true,none,465
2025-12-12 18:10:09.253,smart_meter,send_encrypted_data,334213,0.393,6803.318,true,none,187
2025-12-12 18:10:09.254,smart_meter,send_encrypted_data,334281,0.344,7773.977,true,none,168
2025-12-12 18:10:09.255,smart_meter,send_encrypted_data,334195,1.994,1340.802,true,none,454
2025-12-12 18:10:09.256,smart_meter,send_encrypted_data,333333,1.076,2478.312,true,none,274
2025-12-12 18:10:09.258,smart_meter,send_encrypted_data,334375,0.310,8629.032,true,none,205
2025-12-12 18:10:09.259,smart_meter,send_encrypted_data,334094,0.344,7769.628,true,none,390
2025-12-12 18:10:09.259,smart_meter,send_encrypted_data,334038,0.362,7382.055,true,none,439
2025-12-12 18:10:09.260,smart_meter,send_encrypted_data,334337,2.249,1189.282,true,none,203
2025-12-12 18:10:09.261,smart_meter,send_encrypted_data,334410,0.333,8033.874,true,none,440
2025-12-12 18:10:09.262,smart_meter,send_encrypted_data,334216,3.373,792.685,true,none,388
2025-12-12 18:10:09.264,smart_meter,send_encrypted_data,334278,1.071,2496.941,true,none,392
2025-12-12 18:10:09.265,smart_meter,send_encrypted_data,334177,0.388,6890.247,true,none,155
2025-12-12 18:10:09.265,smart_meter,send_encrypted_data,334163,1.436,1861.632,true,none,442
2025-12-12 18:10:09.266,smart_meter,send_encrypted_data,334216,0.370,7226.292,true,none,216
2025-12-12 18:10:09.267,smart_meter,send_encrypted_data,334415,0.308,8686.104,true,none,275
2025-12-12 18:10:09.268,smart_meter,send_encrypted_data,334351,2.505,1067.788,true,none,395
2025-12-12 18:10:09.268,smart_meter,send_encrypted_data,334321,0.380,7038.337,true,none,159
2025-12-12 18:10:09.269,smart_meter,send_encrypted_data,333903,1.269,2104.983,true,none,396
2025-12-12 18:10:09.269,smart_meter,send_encrypted_data,334102,0.343,7792.466,true,none,162
2025-12-12 18:10:09.269,smart_meter,send_encrypted_data,334457,0.343,7800.746,true,none,397
2025-12-12 18:10:09.267,smart_meter,send_encrypted_data,334153,0.367,7283.989,true,none,441
2025-12-12 18:10:09.271,smart_meter,send_encrypted_data,334402,0.353,7578.516,true,none,161
2025-12-12 18:10:09.271,smart_meter,send_encrypted_data,334091,4.547,587.800,true,none,443
2025-12-12 18:10:09.273,smart_meter,send_encrypted_data,334392,0.385,6948.405,true,none,277
2025-12-12 18:10:09.274,smart_meter,send_encrypted_data,334235,0.336,7957.976,true,none,282
2025-12-12 18:10:09.275,smart_meter,send_encrypted_data,334413,0.352,7600.295,true,none,484
2025-12-12 18:10:09.275,smart_meter,send_encrypted_data,334053,1.064,2511.677,true,none,486
2025-12-12 18:10:09.276,smart_meter,send_encrypted_data,334478,0.311,8603.936,true,none,338
2025-12-12 18:10:09.276,smart_meter,send_encrypted_data,334406,0.357,7493.692,true,none,310
2025-12-12 18:10:09.278,smart_meter,send_encrypted_data,334314,0.336,7959.857,true,none,427
2025-12-12 18:10:09.278,smart_meter,send_encrypted_data,334146,0.352,7594.227,true,none,273
2025-12-12 18:10:09.279,smart_meter,send_encrypted_data,334132,0.367,7283.531,true,none,399
2025-12-12 18:10:09.278,smart_meter,send_encrypted_data,334158,0.371,7205.563,true,none,217
2025-12-12 18:10:09.281,smart_meter,send_encrypted_data,334221,0.348,7683.241,true,none,391
2025-12-12 18:10:09.281,smart_meter,send_encrypted_data,334431,0.367,7290.049,true,none,403
2025-12-12 18:10:09.282,smart_meter,send_encrypted_data,334379,0.567,4717.869,true,none,500
2025-12-12 18:10:09.282,smart_meter,send_encrypted_data,334258,0.341,7841.830,true,none,473
2025-12-12 18:10:09.285,smart_meter,send_encrypted_data,334447,1.437,1861.918,true,none,489
2025-12-12 18:10:09.285,smart_meter,send_encrypted_data,334457,2.269,1179.223,true,none,402
2025-12-12 18:10:09.286,smart_meter,send_encrypted_data,334332,0.364,7347.956,true,none,171
2025-12-12 18:10:09.287,smart_meter,send_encrypted_data,334251,0.406,6586.227,true,none,177
2025-12-12 18:10:09.288,smart_meter,send_encrypted_data,334179,0.366,7304.459,true,none,236
2025-12-12 18:10:09.289,smart_meter,send_encrypted_data,334444,0.364,7350.418,true,none,241
2025-12-12 18:10:09.290,smart_meter,send_encrypted_data,334372,2.272,1177.366,true,none,180
2025-12-12 18:10:09.290,smart_meter,send_encrypted_data,333961,1.262,2117.027,true,none,261
2025-12-12 18:10:09.292,smart_meter,send_encrypted_data,334376,0.956,2798.126,true,none,244
2025-12-12 18:10:09.293,smart_meter,send_encrypted_data,334333,0.341,7843.589,true,none,195
2025-12-12 18:10:09.293,smart_meter,send_encrypted_data,333242,2.101,1268.889,true,none,181
2025-12-12 18:10:09.296,smart_meter,send_encrypted_data,334376,0.917,2917.130,true,none,172
2025-12-12 18:10:09.300,smart_meter,send_encrypted_data,334395,0.399,6704.662,true,none,289
2025-12-12 18:10:09.301,smart_meter,send_encrypted_data,334346,1.455,1838.329,true,none,246
2025-12-12 18:10:09.303,smart_meter,send_encrypted_data,333647,0.382,6987.372,true,none,287
2025-12-12 18:10:09.303,smart_meter,send_encrypted_data,333380,1.716,1554.219,true,none,224
2025-12-12 18:10:09.305,smart_meter,send_encrypted_data,334134,0.496,5389.258,true,none,305
2025-12-12 18:10:09.306,smart_meter,send_encrypted_data,333982,0.339,7881.581,true,none,255
2025-12-12 18:10:09.306,smart_meter,send_encrypted_data,334445,1.734,1542.999,true,none,229
2025-12-12 18:10:09.307,smart_meter,send_encrypted_data,334351,0.338,7913.633,true,none,335
2025-12-12 18:10:09.307,smart_meter,send_encrypted_data,334428,0.325,8232.074,true,none,231
2025-12-12 18:10:09.307,smart_meter,send_encrypted_data,334272,0.363,7366.876,true,none,341
2025-12-12 18:10:09.308,smart_meter,send_encrypted_data,334386,0.339,7891.115,true,none,336
2025-12-12 18:10:09.309,smart_meter,send_encrypted_data,334077,2.232,1197.409,true,none,330
2025-12-12 18:10:09.309,smart_meter,send_encrypted_data,334312,0.341,7843.097,true,none,344
2025-12-12 18:10:09.309,smart_meter,send_encrypted_data,334123,2.406,1110.966,true,none,298
2025-12-12 18:10:09.309,smart_meter,send_encrypted_data,334455,1.035,2585.159,true,none,266
2025-12-12 18:10:09.312,smart_meter,send_encrypted_data,334457,1.421,1882.939,true,none,323
2025-12-12 18:10:09.313,smart_meter,send_encrypted_data,334384,0.363,7369.344,true,none,346
2025-12-12 18:10:09.314,smart_meter,send_encrypted_data,334304,2.366,1130.360,true,none,331
2025-12-12 18:10:09.316,smart_meter,send_encrypted_data,333351,0.371,7188.162,true,none,377
2025-12-12 18:10:09.316,smart_meter,send_encrypted_data,334135,0.347,7703.401,true,none,446
2025-12-12 18:10:09.316,smart_meter,send_encrypted_data,334322,0.346,7729.988,true,none,447
2025-12-12 18:10:09.317,smart_meter,send_encrypted_data,334415,1.641,1630.299,true,none,355
2025-12-12 18:10:09.318,smart_meter,send_encrypted_data,334290,0.375,7131.520,true,none,372
2025-12-12 18:10:09.321,smart_meter,send_encrypted_data,334254,0.365,7326.115,true,none,206
2025-12-12 18:10:09.321,smart_meter,send_encrypted_data,334408,0.361,7410.704,true,none,378
2025-12-12 18:10:09.321,smart_meter,send_encrypted_data,334485,0.354,7558.983,true,none,474
2025-12-12 18:10:09.321,smart_meter,send_encrypted_data,334336,0.536,4990.090,true,none,405
2025-12-12 18:10:09.323,smart_meter,send_encrypted_data,334147,0.362,7384.464,true,none,482
2025-12-12 18:10:09.323,smart_meter,send_encrypted_data,334186,0.358,7467.844,true,none,358
2025-12-12 18:10:09.323,smart_meter,send_encrypted_data,334432,3.613,740.508,true,none,253
2025-12-12 18:10:09.323,smart_meter,send_encrypted_data,334233,3.319,805.623,true,none,409
2025-12-12 18:10:09.323,smart_meter,send_encrypted_data,334107,1.142,2340.504,true,none,481
2025-12-12 18:10:09.324,smart_meter,send_encrypted_data,334428,5.962,448.746,true,none,451
2025-12-12 18:10:09.325,smart_meter,send_encrypted_data,334131,3.275,816.198,true,none,461
2025-12-12 18:10:09.325,smart_meter,send_encrypted_data,334303,4.062,658.401,true,none,407
2025-12-12 18:10:09.326,smart_meter,send_encrypted_data,334111,3.834,697.154,true,none,374
2025-12-12 18:10:09.326,smart_meter,send_encrypted_data,334118,0.351,7615.225,true,none,406
2025-12-12 18:10:09.326,smart_meter,send_encrypted_data,334111,4.311,620.016,true,none,460
2025-12-12 18:10:09.326,smart_meter,send_encrypted_data,334374,2.156,1240.720,true,none,478
2025-12-12 18:10:09.328,smart_meter,send_encrypted_data,333663,0.522,5113.609,true,none,479
2025-12-12 18:10:09.330,smart_meter,send_encrypted_data,334416,0.331,8082.562,true,none,360
2025-12-12 18:10:09.330,smart_meter,send_encrypted_data,334449,2.232,1198.742,true,none,480
2025-12-12 18:10:09.331,smart_meter,send_encrypted_data,334419,0.382,7003.539,true,none,477
2025-12-12 18:10:09.331,smart_meter,send_encrypted_data,334307,0.376,7112.915,true,none,418
2025-12-12 18:10:09.332,smart_meter,send_encrypted_data,334186,3.415,782.866,true,none,483
2025-12-12 18:10:09.332,smart_meter,send_encrypted_data,334442,0.350,7644.389,true,none,429
2025-12-12 18:10:09.334,smart_meter,send_encrypted_data,334245,0.329,8127.538,true,none,153
2025-12-12 18:10:09.333,smart_meter,send_encrypted_data,334165,0.360,7425.889,true,none,428
2025-12-12 18:10:09.335,smart_meter,send_encrypted_data,334404,0.379,7058.660,true,none,158
2025-12-12 18:10:09.335,smart_meter,send_encrypted_data,334176,0.357,7488.538,true,none,170
2025-12-12 18:10:09.336,smart_meter,send_encrypted_data,334191,1.517,1762.378,true,none,394
2025-12-12 18:10:09.337,smart_meter,send_encrypted_data,334326,0.378,7075.683,true,none,157
2025-12-12 18:10:09.337,smart_meter,send_encrypted_data,334204,0.361,7406.183,true,none,393
2025-12-12 18:10:09.337,smart_meter,send_encrypted_data,333778,0.364,7335.780,true,none,444
2025-12-12 18:10:09.338,smart_meter,send_encrypted_data,334248,1.980,1350.497,true,none,453
2025-12-12 18:10:09.339,smart_meter,send_encrypted_data,334361,3.682,726.477,true,none,213
2025-12-12 18:10:09.341,smart_meter,send_encrypted_data,334194,5.264,507.894,true,none,249
2025-12-12 18:10:09.341,smart_meter,send_encrypted_data,334168,1.376,1942.837,true,none,398
2025-12-12 18:10:09.341,smart_meter,send_encrypted_data,334325,6.792,393.787,true,none,164
2025-12-12 18:10:09.342,smart_meter,send_encrypted_data,334307,0.374,7150.952,true,none,488
2025-12-12 18:10:09.344,smart_meter,send_encrypted_data,333820,0.363,7356.915,true,none,247
2025-12-12 18:10:09.345,smart_meter,send_encrypted_data,334487,0.375,7135.723,true,none,243
2025-12-12 18:10:09.350,smart_meter,send_encrypted_data,334472,0.349,7666.980,true,none,254
2025-12-12 18:10:09.350,smart_meter,send_encrypted_data,334388,0.353,7578.198,true,none,325
2025-12-12 18:10:09.350,smart_meter,send_encrypted_data,334372,0.352,7599.364,true,none,286
2025-12-12 18:10:09.351,smart_meter,send_encrypted_data,334424,0.370,7230.789,true,none,250
2025-12-12 18:10:09.353,smart_meter,send_encrypted_data,334181,0.365,7324.515,true,none,357
2025-12-12 18:10:09.353,smart_meter,send_encrypted_data,334319,0.899,2975.030,true,none,375
2025-12-12 18:10:09.353,smart_meter,send_encrypted_data,334393,1.250,2140.115,true,none,410
2025-12-12 18:10:09.354,smart_meter,send_encrypted_data,334433,2.395,1117.104,true,none,333
2025-12-12 18:10:09.354,smart_meter,send_encrypted_data,334194,0.353,7573.802,true,none,327
2025-12-12 18:10:09.358,smart_meter,send_encrypted_data,334508,0.370,7232.605,true,none,272
2025-12-12 18:10:09.360,smart_meter,send_encrypted_data,334347,0.389,6876.031,true,none,352
2025-12-12 18:10:09.360,smart_meter,send_encrypted_data,334356,3.829,698.576,true,none,415
2025-12-12 18:10:09.360,smart_meter,send_encrypted_data,334282,2.648,1009.915,true,none,491
2025-12-12 18:10:09.360,smart_meter,send_encrypted_data,334160,2.838,941.959,true,none,309
2025-12-12 18:10:09.361,smart_meter,send_encrypted_data,334355,6.410,417.292,true,none,332
2025-12-12 18:10:09.362,smart_meter,send_encrypted_data,334401,1.483,1803.916,true,none,276
2025-12-12 18:10:09.363,smart_meter,send_encrypted_data,334508,1.745,1533.561,true,none,156
2025-12-12 18:10:09.365,smart_meter,send_encrypted_data,333190,0.721,3696.976,true,none,237
2025-12-12 18:10:09.369,smart_meter,send_encrypted_data,334344,0.364,7348.220,true,none,260
2025-12-12 18:10:09.369,smart_meter,send_encrypted_data,334336,0.387,6911.339,true,none,329
2025-12-12 18:10:09.370,smart_meter,send_encrypted_data,334415,0.350,7643.771,true,none,326
2025-12-12 18:10:09.371,smart_meter,send_encrypted_data,334486,0.969,2761.494,true,none,404
2025-12-12 18:10:09.372,smart_meter,send_encrypted_data,334396,0.677,3951.504,true,none,347
2025-12-12 18:10:09.373,smart_meter,send_encrypted_data,334285,0.836,3198.900,true,none,348
2025-12-12 18:10:09.377,smart_meter,send_encrypted_data,334366,0.486,5503.967,true,none,242
2025-12-12 18:10:09.378,smart_meter,send_encrypted_data,334261,0.353,7575.320,true,none,186
2025-12-12 18:10:09.380,smart_meter,send_encrypted_data,334429,0.351,7622.313,true,none,472
2025-12-12 18:11:14.457,smart_meter,send_encrypted_data,334251,0.358,7469.296,true,none,75
2025-12-12 18:11:14.459,smart_meter,send_encrypted_data,334393,0.365,7329.162,true,none,81
2025-12-12 18:11:14.459,smart_meter,send_encrypted_data,334276,2.451,1091.068,true,none,30
2025-12-12 18:11:14.460,smart_meter,send_encrypted_data,334087,0.340,7860.871,true,none,56
2025-12-12 18:11:14.459,smart_meter,send_encrypted_data,334510,0.479,5586.806,true,none,6
2025-12-12 18:11:14.460,smart_meter,send_encrypted_data,334361,0.382,7002.325,true,none,82
2025-12-12 18:11:14.460,smart_meter,send_encrypted_data,334319,0.347,7707.643,true,none,94
2025-12-12 18:11:14.461,smart_meter,send_encrypted_data,334255,0.372,7188.280,true,none,93
2025-12-12 18:11:14.462,smart_meter,send_encrypted_data,334077,5.888,453.909,true,none,46
2025-12-12 18:11:14.464,smart_meter,send_encrypted_data,334390,0.343,7799.184,true,none,92
2025-12-12 18:11:14.467,smart_meter,send_encrypted_data,334269,0.508,5264.079,true,none,96
2025-12-12 18:11:14.468,smart_meter,send_encrypted_data,334232,0.336,7957.905,true,none,37
2025-12-12 18:11:14.468,smart_meter,send_encrypted_data,334330,0.405,6604.049,true,none,111
2025-12-12 18:11:14.469,smart_meter,send_encrypted_data,334168,0.524,5101.802,true,none,120
2025-12-12 18:11:14.471,smart_meter,send_encrypted_data,334254,3.906,684.596,true,none,31
2025-12-12 18:11:14.472,smart_meter,send_encrypted_data,334250,0.361,7407.202,true,none,113
2025-12-12 18:11:14.473,smart_meter,send_encrypted_data,334140,1.193,2240.671,true,none,78
2025-12-12 18:11:14.473,smart_meter,send_encrypted_data,334145,0.335,7979.582,true,none,95
2025-12-12 18:11:14.473,smart_meter,send_encrypted_data,334136,0.969,2758.605,true,none,119
2025-12-12 18:11:14.474,smart_meter,send_encrypted_data,334319,0.634,4218.536,true,none,76
2025-12-12 18:11:14.474,smart_meter,send_encrypted_data,334271,2.024,1321.229,true,none,39
2025-12-12 18:11:14.475,smart_meter,send_encrypted_data,334093,0.351,7614.655,true,none,203
2025-12-12 18:11:14.475,smart_meter,send_encrypted_data,334324,0.358,7470.927,true,none,77
2025-12-12 18:11:14.476,smart_meter,send_encrypted_data,334058,0.372,7184.043,true,none,172
2025-12-12 18:11:14.476,smart_meter,send_encrypted_data,334449,0.396,6756.545,true,none,63
2025-12-12 18:11:14.477,smart_meter,send_encrypted_data,334197,1.626,1644.266,true,none,79
2025-12-12 18:11:14.478,smart_meter,send_encrypted_data,334429,0.366,7309.923,true,none,61
2025-12-12 18:11:14.478,smart_meter,send_encrypted_data,334418,0.370,7230.659,true,none,148
2025-12-12 18:11:14.479,smart_meter,send_encrypted_data,334034,2.081,1284.129,true,none,60
2025-12-12 18:11:14.479,smart_meter,send_encrypted_data,334211,2.262,1182.002,true,none,153
2025-12-12 18:11:14.480,smart_meter,send_encrypted_data,334440,0.414,6462.609,true,none,25
2025-12-12 18:11:14.481,smart_meter,send_encrypted_data,334415,0.364,7349.780,true,none,62
2025-12-12 18:11:14.482,smart_meter,send_encrypted_data,334464,0.339,7892.956,true,none,135
2025-12-12 18:11:14.483,smart_meter,send_encrypted_data,334420,0.335,7986.149,true,none,24
2025-12-12 18:11:14.483,smart_meter,send_encrypted_data,334401,5.780,462.839,true,none,26
2025-12-12 18:11:14.484,smart_meter,send_encrypted_data,334394,0.365,7329.184,true,none,15
2025-12-12 18:11:14.484,smart_meter,send_encrypted_data,334140,3.469,770.574,true,none,134
2025-12-12 18:11:14.485,smart_meter,send_encrypted_data,334299,3.781,707.324,true,none,14
2025-12-12 18:11:14.485,smart_meter,send_encrypted_data,334546,4.834,553.655,true,none,2
2025-12-12 18:11:14.486,smart_meter,send_encrypted_data,334397,3.719,719.327,true,none,64
2025-12-12 18:11:14.487,smart_meter,send_encrypted_data,334396,0.354,7556.972,true,none,40
2025-12-12 18:11:14.487,smart_meter,send_encrypted_data,334070,0.333,8025.706,true,none,133
2025-12-12 18:11:14.488,smart_meter,send_encrypted_data,334115,14.639,182.589,true,none,8
2025-12-12 18:11:14.488,smart_meter,send_encrypted_data,334038,8.766,304.849,true,none,70
2025-12-12 18:11:14.488,smart_meter,send_encrypted_data,334111,10.823,246.964,true,none,51
2025-12-12 18:11:14.488,smart_meter,send_encrypted_data,334261,2.197,1217.154,true,none,54
2025-12-12 18:11:14.488,smart_meter,send_encrypted_data,334499,8.116,329.718,true,none,130
2025-12-12 18:11:14.489,smart_meter,send_encrypted_data,334073,30.892,86.514,true,none,73
2025-12-12 18:11:14.489,smart_meter,send_encrypted_data,334481,0.337,7940.202,true,none,35
2025-12-12 18:11:14.490,smart_meter,send_encrypted_data,334143,0.357,7487.798,true,none,229
2025-12-12 18:11:14.490,smart_meter,send_encrypted_data,334294,13.365,200.101,true,none,116
2025-12-12 18:11:14.491,smart_meter,send_encrypted_data,334144,0.367,7283.793,true,none,3
2025-12-12 18:11:14.491,smart_meter,send_encrypted_data,334068,0.331,8074.151,true,none,41
2025-12-12 18:11:14.491,smart_meter,send_encrypted_data,334152,14.306,186.860,true,none,21
2025-12-12 18:11:14.493,smart_meter,send_encrypted_data,334198,2.835,943.063,true,none,121
2025-12-12 18:11:14.501,smart_meter,send_encrypted_data,334408,2.928,913.683,true,none,219
2025-12-12 18:11:14.501,smart_meter,send_encrypted_data,334109,0.383,6978.778,true,none,112
2025-12-12 18:11:14.480,smart_meter,send_encrypted_data,334117,0.518,5160.108,true,none,55
2025-12-12 18:11:14.501,smart_meter,send_encrypted_data,334374,0.394,6789.320,true,none,20
2025-12-12 18:11:14.501,smart_meter,send_encrypted_data,334287,0.370,7227.827,true,none,176
2025-12-12 18:11:14.494,smart_meter,send_encrypted_data,333891,2.532,1054.948,true,none,208
2025-12-12 18:11:14.502,smart_meter,send_encrypted_data,334576,4.699,569.612,true,none,123
2025-12-12 18:11:14.503,smart_meter,send_encrypted_data,334190,0.993,2692.367,true,none,59
2025-12-12 18:11:14.503,smart_meter,send_encrypted_data,334353,0.336,7960.786,true,none,71
2025-12-12 18:11:14.504,smart_meter,send_encrypted_data,333544,0.970,2750.878,true,none,65
2025-12-12 18:11:14.500,smart_meter,send_encrypted_data,334102,8.604,310.648,true,none,125
2025-12-12 18:11:14.503,smart_meter,send_encrypted_data,334128,3.510,761.545,true,none,23
2025-12-12 18:11:14.493,smart_meter,send_encrypted_data,334424,4.033,663.375,true,none,201
2025-12-12 18:11:14.508,smart_meter,send_encrypted_data,334435,0.379,7059.314,true,none,72
2025-12-12 18:11:14.508,smart_meter,send_encrypted_data,334026,0.381,7013.669,true,none,10
2025-12-12 18:11:14.509,smart_meter,send_encrypted_data,334423,0.453,5905.925,true,none,74
2025-12-12 18:11:14.510,smart_meter,send_encrypted_data,334448,0.451,5932.559,true,none,142
2025-12-12 18:11:14.510,smart_meter,send_encrypted_data,334217,16.064,166.443,true,none,22
2025-12-12 18:11:14.512,smart_meter,send_encrypted_data,334125,0.358,7466.480,true,none,83
2025-12-12 18:11:14.512,smart_meter,send_encrypted_data,334327,0.353,7576.816,true,none,57
2025-12-12 18:11:14.513,smart_meter,send_encrypted_data,334297,0.349,7662.968,true,none,117
2025-12-12 18:11:14.513,smart_meter,send_encrypted_data,334419,6.552,408.326,true,none,157
2025-12-12 18:11:14.513,smart_meter,send_encrypted_data,334374,0.411,6508.496,true,none,228
2025-12-12 18:11:14.509,smart_meter,send_encrypted_data,334302,0.392,6822.490,true,none,107
2025-12-12 18:11:14.514,smart_meter,send_encrypted_data,334171,4.327,617.834,true,none,227
2025-12-12 18:11:14.514,smart_meter,send_encrypted_data,334223,12.548,213.084,true,none,136
2025-12-12 18:11:14.514,smart_meter,send_encrypted_data,334306,4.836,553.029,true,none,88
2025-12-12 18:11:14.515,smart_meter,send_encrypted_data,334344,0.346,7730.497,true,none,207
2025-12-12 18:11:14.515,smart_meter,send_encrypted_data,334344,0.343,7798.111,true,none,34
2025-12-12 18:11:14.515,smart_meter,send_encrypted_data,334358,0.390,6858.626,true,none,12
2025-12-12 18:11:14.515,smart_meter,send_encrypted_data,334420,0.379,7058.997,true,none,140
2025-12-12 18:11:14.516,smart_meter,send_encrypted_data,334151,7.363,363.060,true,none,87
2025-12-12 18:11:14.516,smart_meter,send_encrypted_data,334422,0.399,6705.203,true,none,155
2025-12-12 18:11:14.516,smart_meter,send_encrypted_data,334071,0.390,6852.738,true,none,224
2025-12-12 18:11:14.517,smart_meter,send_encrypted_data,334311,0.376,7113.000,true,none,68
2025-12-12 18:11:14.518,smart_meter,send_encrypted_data,334449,0.365,7330.389,true,none,223
2025-12-12 18:11:14.518,smart_meter,send_encrypted_data,334431,7.605,351.801,true,none,18
2025-12-12 18:11:14.493,smart_meter,send_encrypted_data,334318,0.379,7056.844,true,none,202
2025-12-12 18:11:14.516,smart_meter,send_encrypted_data,334270,6.882,388.573,true,none,32
2025-12-12 18:11:14.519,smart_meter,send_encrypted_data,334138,8.109,329.647,true,none,108
2025-12-12 18:11:14.520,smart_meter,send_encrypted_data,334322,0.359,7450.072,true,none,42
2025-12-12 18:11:14.516,smart_meter,send_encrypted_data,334131,7.341,364.126,true,none,9
2025-12-12 18:11:14.510,smart_meter,send_encrypted_data,334378,0.358,7472.134,true,none,53
2025-12-12 18:11:14.520,smart_meter,send_encrypted_data,334414,0.335,7986.006,true,none,126
2025-12-12 18:11:14.521,smart_meter,send_encrypted_data,334425,5.425,493.161,true,none,150
2025-12-12 18:11:14.522,smart_meter,send_encrypted_data,334166,11.616,230.142,true,none,90
2025-12-12 18:11:14.522,smart_meter,send_encrypted_data,334454,0.403,6639.285,true,none,183
2025-12-12 18:11:14.522,smart_meter,send_encrypted_data,334467,4.024,664.944,true,none,11
2025-12-12 18:11:14.523,smart_meter,send_encrypted_data,334068,0.390,6852.677,true,none,138
2025-12-12 18:11:14.523,smart_meter,send_encrypted_data,334120,16.659,160.451,true,none,101
2025-12-12 18:11:14.524,smart_meter,send_encrypted_data,334194,14.883,179.638,true,none,188
2025-12-12 18:11:14.524,smart_meter,send_encrypted_data,334229,2.842,940.828,true,none,69
2025-12-12 18:11:14.524,smart_meter,send_encrypted_data,333962,3.582,745.867,true,none,213
2025-12-12 18:11:14.525,smart_meter,send_encrypted_data,334507,0.340,7870.753,true,none,163
2025-12-12 18:11:14.525,smart_meter,send_encrypted_data,334331,7.279,367.447,true,none,226
2025-12-12 18:11:14.525,smart_meter,send_encrypted_data,334077,3.723,717.866,true,none,215
2025-12-12 18:11:14.525,smart_meter,send_encrypted_data,334500,1.828,1463.895,true,none,45
2025-12-12 18:11:14.525,smart_meter,send_encrypted_data,333981,2.056,1299.537,true,none,19
2025-12-12 18:11:14.525,smart_meter,send_encrypted_data,334385,0.347,7709.164,true,none,217
2025-12-12 18:11:14.510,smart_meter,send_encrypted_data,334360,0.356,7513.708,true,none,48
2025-12-12 18:11:14.526,smart_meter,send_encrypted_data,334311,0.373,7170.209,true,none,49
2025-12-12 18:11:14.526,smart_meter,send_encrypted_data,334306,19.237,139.026,true,none,33
2025-12-12 18:11:14.528,smart_meter,send_encrypted_data,334361,0.434,6163.336,true,none,146
2025-12-12 18:11:14.528,smart_meter,send_encrypted_data,334239,0.513,5212.304,true,none,145
2025-12-12 18:11:14.529,smart_meter,send_encrypted_data,334123,0.367,7283.335,true,none,141
2025-12-12 18:11:14.529,smart_meter,send_encrypted_data,334050,13.449,198.706,true,none,177
2025-12-12 18:11:14.529,smart_meter,send_encrypted_data,334198,1.046,2556.008,true,none,196
2025-12-12 18:11:14.529,smart_meter,send_encrypted_data,334272,7.920,337.648,true,none,16
2025-12-12 18:11:14.519,smart_meter,send_encrypted_data,334166,0.371,7205.736,true,none,100
2025-12-12 18:11:14.531,smart_meter,send_encrypted_data,334243,0.382,6999.853,true,none,191
2025-12-12 18:11:14.531,smart_meter,send_encrypted_data,334210,0.368,7265.435,true,none,198
2025-12-12 18:11:14.532,smart_meter,send_encrypted_data,334376,1.785,1498.604,true,none,1
2025-12-12 18:11:14.532,smart_meter,send_encrypted_data,334307,2.050,1304.613,true,none,58
2025-12-12 18:11:14.532,smart_meter,send_encrypted_data,334154,0.395,6767.676,true,none,110
2025-12-12 18:11:14.532,smart_meter,send_encrypted_data,334215,0.344,7772.442,true,none,137
2025-12-12 18:11:14.514,smart_meter,send_encrypted_data,334334,0.338,7913.231,true,none,128
2025-12-12 18:11:14.533,smart_meter,send_encrypted_data,334045,0.385,6941.195,true,none,171
2025-12-12 18:11:14.494,smart_meter,send_encrypted_data,334005,0.370,7221.730,true,none,220
2025-12-12 18:11:14.534,smart_meter,send_encrypted_data,334352,0.342,7821.099,true,none,47
2025-12-12 18:11:14.535,smart_meter,send_encrypted_data,334326,0.355,7534.107,true,none,29
2025-12-12 18:11:14.536,smart_meter,send_encrypted_data,334441,9.594,278.875,true,none,118
2025-12-12 18:11:14.536,smart_meter,send_encrypted_data,334307,9.343,286.252,true,none,205
2025-12-12 18:11:14.536,smart_meter,send_encrypted_data,334272,0.382,7000.461,true,none,84
2025-12-12 18:11:14.538,smart_meter,send_encrypted_data,334248,0.338,7911.195,true,none,44
2025-12-12 18:11:14.538,smart_meter,send_encrypted_data,334102,0.352,7593.227,true,none,4
2025-12-12 18:11:14.538,smart_meter,send_encrypted_data,334050,0.364,7341.758,true,none,66
2025-12-12 18:11:14.536,smart_meter,send_encrypted_data,334197,17.914,149.245,true,none,218
2025-12-12 18:11:14.539,smart_meter,send_encrypted_data,334491,0.345,7756.313,true,none,173
2025-12-12 18:11:14.540,smart_meter,send_encrypted_data,334337,4.126,648.254,true,none,190
2025-12-12 18:11:14.495,smart_meter,send_encrypted_data,334299,0.360,7428.867,true,none,102
2025-12-12 18:11:14.540,smart_meter,send_encrypted_data,334350,0.350,7642.286,true,none,132
2025-12-12 18:11:14.541,smart_meter,send_encrypted_data,334120,11.142,239.899,true,none,197
2025-12-12 18:11:14.541,smart_meter,send_encrypted_data,334402,0.349,7665.375,true,none,28
2025-12-12 18:11:14.541,smart_meter,send_encrypted_data,334166,0.351,7616.319,true,none,91
2025-12-12 18:11:14.542,smart_meter,send_encrypted_data,334250,4.520,591.593,true,none,209
2025-12-12 18:11:14.542,smart_meter,send_encrypted_data,334418,14.292,187.192,true,none,147
2025-12-12 18:11:14.543,smart_meter,send_encrypted_data,334310,0.352,7597.955,true,none,144
2025-12-12 18:11:14.543,smart_meter,send_encrypted_data,334473,0.367,7290.965,true,none,143
2025-12-12 18:11:14.543,smart_meter,send_encrypted_data,334171,5.659,472.410,true,none,204
2025-12-12 18:11:14.543,smart_meter,send_encrypted_data,334183,0.343,7794.356,true,none,38
2025-12-12 18:11:14.495,smart_meter,send_encrypted_data,334289,0.431,6204.900,true,none,109
2025-12-12 18:11:14.545,smart_meter,send_encrypted_data,334433,0.355,7536.518,true,none,149
2025-12-12 18:11:14.546,smart_meter,send_encrypted_data,334429,1.010,2648.943,true,none,216
2025-12-12 18:11:14.546,smart_meter,send_encrypted_data,334474,0.400,6689.480,true,none,154
2025-12-12 18:11:14.546,smart_meter,send_encrypted_data,334253,3.664,729.810,true,none,103
2025-12-12 18:11:14.546,smart_meter,send_encrypted_data,334545,4.481,597.268,true,none,50
2025-12-12 18:11:14.546,smart_meter,send_encrypted_data,334434,0.332,8058.651,true,none,221
2025-12-12 18:11:14.495,smart_meter,send_encrypted_data,334173,0.374,7148.086,true,none,158
2025-12-12 18:11:14.547,smart_meter,send_encrypted_data,334311,0.381,7019.654,true,none,36
2025-12-12 18:11:14.547,smart_meter,send_encrypted_data,334426,0.347,7710.110,true,none,206
2025-12-12 18:11:14.547,smart_meter,send_encrypted_data,334309,0.386,6928.684,true,none,181
2025-12-12 18:11:14.547,smart_meter,send_encrypted_data,334194,0.338,7909.917,true,none,5
2025-12-12 18:11:14.548,smart_meter,send_encrypted_data,334390,0.382,7002.932,true,none,152
2025-12-12 18:11:14.548,smart_meter,send_encrypted_data,334295,2.246,1190.721,true,none,174
2025-12-12 18:11:14.548,smart_meter,send_encrypted_data,334344,0.391,6840.798,true,none,210
2025-12-12 18:11:14.548,smart_meter,send_encrypted_data,334259,0.372,7188.366,true,none,17
2025-12-12 18:11:14.548,smart_meter,send_encrypted_data,334343,2.233,1197.825,true,none,99
2025-12-12 18:11:14.549,smart_meter,send_encrypted_data,334418,0.343,7799.837,true,none,127
2025-12-12 18:11:14.549,smart_meter,send_encrypted_data,334224,0.379,7054.860,true,none,162
2025-12-12 18:11:14.549,smart_meter,send_encrypted_data,334338,0.391,6840.675,true,none,124
2025-12-12 18:11:14.550,smart_meter,send_encrypted_data,334140,0.402,6649.552,true,none,80
2025-12-12 18:11:14.550,smart_meter,send_encrypted_data,334358,0.343,7798.437,true,none,98
2025-12-12 18:11:14.551,smart_meter,send_encrypted_data,334181,5.651,473.093,true,none,139
2025-12-12 18:11:14.552,smart_meter,send_encrypted_data,334404,0.350,7643.520,true,none,222
2025-12-12 18:11:14.553,smart_meter,send_encrypted_data,334183,0.387,6908.176,true,none,86
2025-12-12 18:11:14.553,smart_meter,send_encrypted_data,334435,0.337,7939.110,true,none,233
2025-12-12 18:11:14.545,smart_meter,send_encrypted_data,334009,0.349,7656.367,true,none,27
2025-12-12 18:11:14.554,smart_meter,send_encrypted_data,334382,0.909,2942.856,true,none,187
2025-12-12 18:11:14.554,smart_meter,send_encrypted_data,334077,0.396,6749.030,true,none,104
2025-12-12 18:11:14.554,smart_meter,send_encrypted_data,334403,2.393,1117.937,true,none,122
2025-12-12 18:11:14.555,smart_meter,send_encrypted_data,334421,0.340,7868.729,true,none,106
2025-12-12 18:11:14.555,smart_meter,send_encrypted_data,334043,0.373,7164.461,true,none,160
2025-12-12 18:11:14.556,smart_meter,send_encrypted_data,334383,0.854,3132.393,true,none,115
2025-12-12 18:11:14.556,smart_meter,send_encrypted_data,334315,5.097,524.724,true,none,114
2025-12-12 18:11:14.556,smart_meter,send_encrypted_data,334354,1.986,1346.844,true,none,194
2025-12-12 18:11:14.556,smart_meter,send_encrypted_data,334209,1.841,1452.293,true,none,129
2025-12-12 18:11:14.557,smart_meter,send_encrypted_data,334131,7.951,336.190,true,none,195
2025-12-12 18:11:14.558,smart_meter,send_encrypted_data,334421,7.660,349.265,true,none,13
2025-12-12 18:11:14.559,smart_meter,send_encrypted_data,334444,0.893,2996.139,true,none,180
2025-12-12 18:11:14.560,smart_meter,send_encrypted_data,334470,0.368,7271.087,true,none,225
2025-12-12 18:11:14.561,smart_meter,send_encrypted_data,334285,0.370,7227.784,true,none,182
2025-12-12 18:11:14.495,smart_meter,send_encrypted_data,334201,0.372,7187.118,true,none,97
2025-12-12 18:11:14.562,smart_meter,send_encrypted_data,334481,2.317,1154.876,true,none,151
2025-12-12 18:11:14.563,smart_meter,send_encrypted_data,333905,0.338,7903.077,true,none,156
2025-12-12 18:11:14.564,smart_meter,send_encrypted_data,334441,1.347,1986.287,true,none,170
2025-12-12 18:11:14.565,smart_meter,send_encrypted_data,334133,1.113,2401.675,true,none,214
2025-12-12 18:11:14.568,smart_meter,send_encrypted_data,334407,0.367,7289.526,true,none,159
2025-12-12 18:11:14.496,smart_meter,send_encrypted_data,334488,17.402,153.770,true,none,89
2025-12-12 18:11:14.568,smart_meter,send_encrypted_data,334261,0.523,5112.979,true,none,161
2025-12-12 18:11:14.572,smart_meter,send_encrypted_data,334125,0.340,7861.765,true,none,230
2025-12-12 18:11:14.496,smart_meter,send_encrypted_data,334297,0.349,7662.968,true,none,67
2025-12-12 18:11:14.572,smart_meter,send_encrypted_data,334318,0.602,4442.764,true,none,184
2025-12-12 18:11:14.497,smart_meter,send_encrypted_data,334123,0.361,7404.388,true,none,7
2025-12-12 18:11:14.497,smart_meter,send_encrypted_data,334454,8.105,330.121,true,none,43
2025-12-12 18:11:14.498,smart_meter,send_encrypted_data,334382,16.756,159.648,true,none,131
2025-12-12 18:11:14.499,smart_meter,send_encrypted_data,334420,0.369,7250.298,true,none,52
2025-12-12 18:11:14.499,smart_meter,send_encrypted_data,334188,0.365,7324.668,true,none,105
2025-12-12 18:11:14.499,smart_meter,send_encrypted_data,333805,0.344,7762.907,true,none,85
2025-12-12 18:11:14.500,smart_meter,send_encrypted_data,334443,0.335,7986.699,true,none,212
2025-12-12 18:11:14.578,smart_meter,send_encrypted_data,334412,0.374,7153.198,true,none,235
2025-12-12 18:11:14.579,smart_meter,send_encrypted_data,334048,5.698,469.004,true,none,231
2025-12-12 18:11:14.579,smart_meter,send_encrypted_data,334416,0.364,7349.802,true,none,189
2025-12-12 18:11:14.580,smart_meter,send_encrypted_data,334400,0.335,7985.672,true,none,165
2025-12-12 18:11:14.582,smart_meter,send_encrypted_data,334277,0.391,6839.427,true,none,185
2025-12-12 18:11:14.584,smart_meter,send_encrypted_data,334448,0.340,7869.365,true,none,178
2025-12-12 18:11:14.585,smart_meter,send_encrypted_data,334363,0.327,8180.135,true,none,186
2025-12-12 18:11:14.589,smart_meter,send_encrypted_data,334255,0.366,7306.120,true,none,200
2025-12-12 18:11:14.590,smart_meter,send_encrypted_data,334120,0.348,7680.920,true,none,169
2025-12-12 18:11:14.591,smart_meter,send_encrypted_data,334384,0.415,6445.957,true,none,199
2025-12-12 18:11:14.591,smart_meter,send_encrypted_data,334077,0.363,7362.579,true,none,211
2025-12-12 18:11:14.594,smart_meter,send_encrypted_data,334462,2.631,1016.988,true,none,271
2025-12-12 18:11:14.594,smart_meter,send_encrypted_data,334158,0.694,3851.965,true,none,175
2025-12-12 18:11:14.601,smart_meter,send_encrypted_data,333654,2.224,1200.194,true,none,179
2025-12-12 18:11:14.601,smart_meter,send_encrypted_data,334158,0.500,5346.528,true,none,242
2025-12-12 18:11:14.604,smart_meter,send_encrypted_data,334469,3.102,862.589,true,none,164
2025-12-12 18:11:14.605,smart_meter,send_encrypted_data,333792,0.334,7995.018,true,none,168
2025-12-12 18:11:14.606,smart_meter,send_encrypted_data,334486,0.520,5145.938,true,none,232
2025-12-12 18:11:14.607,smart_meter,send_encrypted_data,334308,0.354,7554.983,true,none,193
2025-12-12 18:11:14.608,smart_meter,send_encrypted_data,334459,0.336,7963.310,true,none,280
2025-12-12 18:11:14.610,smart_meter,send_encrypted_data,334365,0.344,7775.930,true,none,192
2025-12-12 18:11:14.610,smart_meter,send_encrypted_data,334387,1.510,1771.587,true,none,254
2025-12-12 18:11:14.610,smart_meter,send_encrypted_data,334262,0.368,7266.565,true,none,268
2025-12-12 18:11:14.611,smart_meter,send_encrypted_data,334084,0.379,7051.905,true,none,236
2025-12-12 18:11:14.611,smart_meter,send_encrypted_data,334088,0.337,7930.872,true,none,292
2025-12-12 18:11:14.612,smart_meter,send_encrypted_data,334110,7.398,361.298,true,none,167
2025-12-12 18:11:14.613,smart_meter,send_encrypted_data,334386,0.353,7578.153,true,none,285
2025-12-12 18:11:14.614,smart_meter,send_encrypted_data,334461,1.929,1387.086,true,none,247
2025-12-12 18:11:14.614,smart_meter,send_encrypted_data,334373,1.717,1557.941,true,none,282
2025-12-12 18:11:14.614,smart_meter,send_encrypted_data,334103,0.347,7702.663,true,none,298
2025-12-12 18:11:14.615,smart_meter,send_encrypted_data,334227,0.419,6381.422,true,none,272
2025-12-12 18:11:14.609,smart_meter,send_encrypted_data,334389,0.335,7985.409,true,none,287
2025-12-12 18:11:14.615,smart_meter,send_encrypted_data,334320,3.929,680.723,true,none,279
2025-12-12 18:11:14.616,smart_meter,send_encrypted_data,334090,0.421,6348.504,true,none,288
2025-12-12 18:11:14.613,smart_meter,send_encrypted_data,334298,0.334,8007.138,true,none,295
2025-12-12 18:11:14.620,smart_meter,send_encrypted_data,334302,0.378,7075.175,true,none,299
2025-12-12 18:11:14.628,smart_meter,send_encrypted_data,334180,0.349,7660.287,true,none,258
2025-12-12 18:11:14.629,smart_meter,send_encrypted_data,334220,0.341,7840.938,true,none,259
2025-12-12 18:11:14.629,smart_meter,send_encrypted_data,334412,6.684,400.254,true,none,250
2025-12-12 18:11:14.631,smart_meter,send_encrypted_data,334485,0.416,6432.404,true,none,251
2025-12-12 18:11:14.632,smart_meter,send_encrypted_data,334198,0.358,7468.112,true,none,300
2025-12-12 18:11:14.632,smart_meter,send_encrypted_data,334173,0.668,4002.072,true,none,305
2025-12-12 18:11:14.633,smart_meter,send_encrypted_data,334435,8.224,325.326,true,none,303
2025-12-12 18:11:14.633,smart_meter,send_encrypted_data,334300,3.918,682.593,true,none,309
2025-12-12 18:11:14.634,smart_meter,send_encrypted_data,334332,7.049,379.438,true,none,274
2025-12-12 18:11:14.637,smart_meter,send_encrypted_data,333382,0.515,5178.750,true,none,166
2025-12-12 18:11:14.637,smart_meter,send_encrypted_data,334422,0.360,7431.600,true,none,248
2025-12-12 18:11:14.637,smart_meter,send_encrypted_data,334340,0.330,8105.212,true,none,273
2025-12-12 18:11:14.638,smart_meter,send_encrypted_data,334068,3.007,888.774,true,none,237
2025-12-12 18:11:14.639,smart_meter,send_encrypted_data,333329,3.538,753.712,true,none,302
2025-12-12 18:11:14.639,smart_meter,send_encrypted_data,334313,0.339,7889.392,true,none,270
2025-12-12 18:11:14.643,smart_meter,send_encrypted_data,334386,2.357,1134.955,true,none,283
2025-12-12 18:11:14.644,smart_meter,send_encrypted_data,334402,0.421,6354.432,true,none,261
2025-12-12 18:11:14.644,smart_meter,send_encrypted_data,334256,0.442,6049.882,true,none,322
2025-12-12 18:11:14.645,smart_meter,send_encrypted_data,334097,0.361,7403.812,true,none,262
2025-12-12 18:11:14.645,smart_meter,send_encrypted_data,334420,0.347,7709.971,true,none,275
2025-12-12 18:11:14.647,smart_meter,send_encrypted_data,334257,1.460,1831.545,true,none,328
2025-12-12 18:11:14.647,smart_meter,send_encrypted_data,334320,0.739,3619.161,true,none,252
2025-12-12 18:11:14.648,smart_meter,send_encrypted_data,334343,1.816,1472.877,true,none,269
2025-12-12 18:11:14.649,smart_meter,send_encrypted_data,334378,0.357,7493.064,true,none,347
2025-12-12 18:11:14.649,smart_meter,send_encrypted_data,334479,0.359,7453.571,true,none,312
2025-12-12 18:11:14.649,smart_meter,send_encrypted_data,334439,0.360,7431.978,true,none,278
2025-12-12 18:11:14.649,smart_meter,send_encrypted_data,334286,1.833,1458.968,true,none,366
2025-12-12 18:11:14.650,smart_meter,send_encrypted_data,334306,0.371,7208.755,true,none,331
2025-12-12 18:11:14.651,smart_meter,send_encrypted_data,334305,0.397,6736.625,true,none,263
2025-12-12 18:11:14.651,smart_meter,send_encrypted_data,334213,0.342,7817.848,true,none,317
2025-12-12 18:11:14.652,smart_meter,send_encrypted_data,334124,0.344,7770.326,true,none,293
2025-12-12 18:11:14.652,smart_meter,send_encrypted_data,334480,0.346,7733.642,true,none,290
2025-12-12 18:11:14.653,smart_meter,send_encrypted_data,334422,0.351,7622.154,true,none,308
2025-12-12 18:11:14.653,smart_meter,send_encrypted_data,334383,0.361,7410.150,true,none,340
2025-12-12 18:11:14.654,smart_meter,send_encrypted_data,334160,0.399,6699.950,true,none,345
2025-12-12 18:11:14.654,smart_meter,send_encrypted_data,334407,0.379,7058.723,true,none,241
2025-12-12 18:11:14.656,smart_meter,send_encrypted_data,333961,0.357,7483.720,true,none,277
2025-12-12 18:11:14.656,smart_meter,send_encrypted_data,334204,0.352,7595.545,true,none,234
2025-12-12 18:11:14.657,smart_meter,send_encrypted_data,334417,10.253,260.932,true,none,313
2025-12-12 18:11:14.657,smart_meter,send_encrypted_data,333971,0.409,6532.440,true,none,356
2025-12-12 18:11:14.657,smart_meter,send_encrypted_data,334208,0.393,6803.216,true,none,344
2025-12-12 18:11:14.658,smart_meter,send_encrypted_data,334343,0.349,7664.023,true,none,297
2025-12-12 18:11:14.659,smart_meter,send_encrypted_data,334298,6.216,430.242,true,none,306
2025-12-12 18:11:14.660,smart_meter,send_encrypted_data,334403,5.488,487.468,true,none,255
2025-12-12 18:11:14.661,smart_meter,send_encrypted_data,334442,10.896,245.552,true,none,351
2025-12-12 18:11:14.661,smart_meter,send_encrypted_data,334414,10.576,252.961,true,none,343
2025-12-12 18:11:14.667,smart_meter,send_encrypted_data,334356,0.379,7057.646,true,none,342
2025-12-12 18:11:14.668,smart_meter,send_encrypted_data,334396,0.359,7451.721,true,none,374
2025-12-12 18:11:14.672,smart_meter,send_encrypted_data,334307,0.375,7131.883,true,none,243
2025-12-12 18:11:14.675,smart_meter,send_encrypted_data,334440,0.343,7800.350,true,none,296
2025-12-12 18:11:14.675,smart_meter,send_encrypted_data,334301,0.360,7428.911,true,none,245
2025-12-12 18:11:14.675,smart_meter,send_encrypted_data,334302,0.349,7663.083,true,none,291
2025-12-12 18:11:14.677,smart_meter,send_encrypted_data,334304,0.350,7641.234,true,none,373
2025-12-12 18:11:14.678,smart_meter,send_encrypted_data,334416,1.423,1880.062,true,none,375
2025-12-12 18:11:14.678,smart_meter,send_encrypted_data,334191,2.664,1003.577,true,none,240
2025-12-12 18:11:14.679,smart_meter,send_encrypted_data,334502,0.367,7291.597,true,none,257
2025-12-12 18:11:14.679,smart_meter,send_encrypted_data,334327,0.385,6947.055,true,none,238
2025-12-12 18:11:14.679,smart_meter,send_encrypted_data,334397,0.361,7410.460,true,none,338
2025-12-12 18:11:14.680,smart_meter,send_encrypted_data,334020,0.354,7548.475,true,none,256
2025-12-12 18:11:14.681,smart_meter,send_encrypted_data,334415,1.005,2662.010,true,none,316
2025-12-12 18:11:14.681,smart_meter,send_encrypted_data,334403,0.398,6721.668,true,none,246
2025-12-12 18:11:14.682,smart_meter,send_encrypted_data,334440,0.339,7892.389,true,none,337
2025-12-12 18:11:14.682,smart_meter,send_encrypted_data,334328,0.340,7866.541,true,none,320
2025-12-12 18:11:14.682,smart_meter,send_encrypted_data,334114,0.350,7636.891,true,none,353
2025-12-12 18:11:14.683,smart_meter,send_encrypted_data,334459,0.396,6756.747,true,none,315
2025-12-12 18:11:14.684,smart_meter,send_encrypted_data,334466,0.383,6986.235,true,none,253
2025-12-12 18:11:14.684,smart_meter,send_encrypted_data,333932,0.361,7400.155,true,none,294
2025-12-12 18:11:14.685,smart_meter,send_encrypted_data,334155,0.354,7551.525,true,none,325
2025-12-12 18:11:14.685,smart_meter,send_encrypted_data,333674,0.369,7234.125,true,none,267
2025-12-12 18:11:14.685,smart_meter,send_encrypted_data,334091,0.359,7444.925,true,none,244
2025-12-12 18:11:14.686,smart_meter,send_encrypted_data,334133,2.486,1075.247,true,none,264
2025-12-12 18:11:14.686,smart_meter,send_encrypted_data,334422,0.398,6722.050,true,none,266
2025-12-12 18:11:14.687,smart_meter,send_encrypted_data,334111,0.356,7508.112,true,none,301
2025-12-12 18:11:14.687,smart_meter,send_encrypted_data,334250,4.210,635.154,true,none,276
2025-12-12 18:11:14.688,smart_meter,send_encrypted_data,334088,5.074,526.745,true,none,249
2025-12-12 18:11:14.688,smart_meter,send_encrypted_data,334415,2.112,1266.723,true,none,286
2025-12-12 18:11:14.688,smart_meter,send_encrypted_data,334398,5.345,500.502,true,none,289
2025-12-12 18:11:14.689,smart_meter,send_encrypted_data,334445,0.357,7494.566,true,none,327
2025-12-12 18:11:14.690,smart_meter,send_encrypted_data,334424,3.425,781.136,true,none,265
2025-12-12 18:11:14.690,smart_meter,send_encrypted_data,334466,2.739,976.900,true,none,324
2025-12-12 18:11:14.690,smart_meter,send_encrypted_data,333996,0.343,7789.994,true,none,357
2025-12-12 18:11:14.692,smart_meter,send_encrypted_data,334281,0.335,7982.830,true,none,260
2025-12-12 18:11:14.700,smart_meter,send_encrypted_data,334371,0.345,7753.530,true,none,318
2025-12-12 18:11:14.700,smart_meter,send_encrypted_data,334185,0.375,7129.280,true,none,333
2025-12-12 18:11:14.700,smart_meter,send_encrypted_data,334360,0.471,5679.151,true,none,362
2025-12-12 18:11:14.700,smart_meter,send_encrypted_data,334330,0.354,7555.480,true,none,281
2025-12-12 18:11:14.701,smart_meter,send_encrypted_data,334284,0.343,7796.711,true,none,369
2025-12-12 18:11:14.692,smart_meter,send_encrypted_data,334112,2.480,1077.781,true,none,371
2025-12-12 18:11:14.702,smart_meter,send_encrypted_data,334126,0.356,7508.449,true,none,364
2025-12-12 18:11:14.692,smart_meter,send_encrypted_data,334407,3.343,800.256,true,none,352
2025-12-12 18:11:14.703,smart_meter,send_encrypted_data,334389,0.365,7329.074,true,none,314
2025-12-12 18:11:14.704,smart_meter,send_encrypted_data,334456,0.353,7579.739,true,none,370
2025-12-12 18:11:14.711,smart_meter,send_encrypted_data,334426,0.339,7892.059,true,none,354
2025-12-12 18:11:14.714,smart_meter,send_encrypted_data,334407,0.357,7493.714,true,none,339
2025-12-12 18:11:14.715,smart_meter,send_encrypted_data,334357,0.376,7113.979,true,none,348
2025-12-12 18:11:14.716,smart_meter,send_encrypted_data,334383,0.303,8828.594,true,none,304
2025-12-12 18:11:14.716,smart_meter,send_encrypted_data,334201,0.357,7489.098,true,none,372
2025-12-12 18:11:14.717,smart_meter,send_encrypted_data,334370,0.339,7890.737,true,none,367
2025-12-12 18:11:14.717,smart_meter,send_encrypted_data,334327,0.334,8007.832,true,none,384
2025-12-12 18:11:14.719,smart_meter,send_encrypted_data,334302,0.335,7983.331,true,none,310
2025-12-12 18:11:14.720,smart_meter,send_encrypted_data,334413,1.411,1896.034,true,none,361
2025-12-12 18:11:14.721,smart_meter,send_encrypted_data,334241,0.441,6063.329,true,none,307
2025-12-12 18:11:14.722,smart_meter,send_encrypted_data,334501,0.372,7193.570,true,none,363
2025-12-12 18:11:14.721,smart_meter,send_encrypted_data,334520,10.251,261.063,true,none,346
2025-12-12 18:11:14.706,smart_meter,send_encrypted_data,334485,0.340,7870.235,true,none,330
2025-12-12 18:11:14.724,smart_meter,send_encrypted_data,334322,2.168,1233.661,true,none,321
2025-12-12 18:11:14.725,smart_meter,send_encrypted_data,334424,0.335,7986.245,true,none,335
2025-12-12 18:11:14.726,smart_meter,send_encrypted_data,334132,0.335,7979.272,true,none,382
2025-12-12 18:11:14.692,smart_meter,send_encrypted_data,334212,0.332,8053.301,true,none,355
2025-12-12 18:11:14.726,smart_meter,send_encrypted_data,334383,0.369,7249.496,true,none,349
2025-12-12 18:11:14.726,smart_meter,send_encrypted_data,334453,0.353,7579.671,true,none,326
2025-12-12 18:11:14.727,smart_meter,send_encrypted_data,334389,6.584,406.305,true,none,319
2025-12-12 18:11:14.727,smart_meter,send_encrypted_data,334390,0.407,6572.776,true,none,359
2025-12-12 18:11:14.727,smart_meter,send_encrypted_data,334050,8.729,306.152,true,none,379
2025-12-12 18:11:14.728,smart_meter,send_encrypted_data,333899,0.352,7588.614,true,none,350
2025-12-12 18:11:14.729,smart_meter,send_encrypted_data,333340,5.838,456.787,true,none,311
2025-12-12 18:11:14.728,smart_meter,send_encrypted_data,334365,1.100,2431.745,true,none,341
2025-12-12 18:11:14.730,smart_meter,send_encrypted_data,334404,0.402,6654.806,true,none,334
2025-12-12 18:11:14.731,smart_meter,send_encrypted_data,334099,0.357,7486.812,true,none,336
2025-12-12 18:11:14.732,smart_meter,send_encrypted_data,334516,0.367,7291.902,true,none,239
2025-12-12 18:11:14.732,smart_meter,send_encrypted_data,334405,0.394,6789.949,true,none,323
2025-12-12 18:11:14.736,smart_meter,send_encrypted_data,334452,0.368,7270.696,true,none,381
2025-12-12 18:11:14.694,smart_meter,send_encrypted_data,334363,0.335,7984.788,true,none,358
2025-12-12 18:11:14.737,smart_meter,send_encrypted_data,334377,0.337,7937.733,true,none,377
2025-12-12 18:11:14.733,smart_meter,send_encrypted_data,334354,0.529,5056.393,true,none,329
2025-12-12 18:11:14.739,smart_meter,send_encrypted_data,334132,0.334,8003.162,true,none,380
2025-12-12 18:11:14.740,smart_meter,send_encrypted_data,334312,0.394,6788.061,true,none,378
2025-12-12 18:11:14.695,smart_meter,send_encrypted_data,334282,0.347,7706.790,true,none,332
2025-12-12 18:11:14.741,smart_meter,send_encrypted_data,334066,0.418,6393.608,true,none,376
2025-12-12 18:11:14.705,smart_meter,send_encrypted_data,334138,0.408,6551.725,true,none,284
2025-12-12 18:11:14.707,smart_meter,send_encrypted_data,334216,0.387,6908.858,true,none,383
2025-12-12 18:11:14.759,smart_meter,send_encrypted_data,334416,2.403,1113.328,true,none,385
2025-12-12 18:11:14.708,smart_meter,send_encrypted_data,334440,0.521,5135.355,true,none,365
2025-12-12 18:11:14.708,smart_meter,send_encrypted_data,334437,0.366,7310.098,true,none,368
2025-12-12 18:11:14.700,smart_meter,send_encrypted_data,334327,0.349,7663.656,true,none,360
2025-12-12 18:11:14.777,smart_meter,send_encrypted_data,334402,0.339,7891.493,true,none,419
2025-12-12 18:11:14.777,smart_meter,send_encrypted_data,334065,0.433,6172.102,true,none,399
2025-12-12 18:11:14.779,smart_meter,send_encrypted_data,334066,1.848,1446.173,true,none,405
2025-12-12 18:11:14.780,smart_meter,send_encrypted_data,334261,0.376,7111.936,true,none,442
2025-12-12 18:11:14.780,smart_meter,send_encrypted_data,334521,0.343,7802.239,true,none,430
2025-12-12 18:11:14.781,smart_meter,send_encrypted_data,334371,0.339,7890.761,true,none,394
2025-12-12 18:11:14.781,smart_meter,send_encrypted_data,333770,1.324,2016.737,true,none,408
2025-12-12 18:11:14.785,smart_meter,send_encrypted_data,334426,0.356,7515.191,true,none,445
2025-12-12 18:11:14.787,smart_meter,send_encrypted_data,334470,0.360,7432.667,true,none,389
2025-12-12 18:11:14.789,smart_meter,send_encrypted_data,334061,1.303,2051.027,true,none,411
2025-12-12 18:11:14.789,smart_meter,send_encrypted_data,334071,0.365,7322.104,true,none,424
2025-12-12 18:11:14.792,smart_meter,send_encrypted_data,334381,0.363,7369.278,true,none,387
2025-12-12 18:11:14.792,smart_meter,send_encrypted_data,334057,0.347,7701.602,true,none,444
2025-12-12 18:11:14.793,smart_meter,send_encrypted_data,333796,0.379,7045.826,true,none,388
2025-12-12 18:11:14.793,smart_meter,send_encrypted_data,334409,2.099,1274.546,true,none,472
2025-12-12 18:11:14.797,smart_meter,send_encrypted_data,334348,0.337,7937.045,true,none,479
2025-12-12 18:11:14.798,smart_meter,send_encrypted_data,334172,0.345,7748.916,true,none,401
2025-12-12 18:11:14.800,smart_meter,send_encrypted_data,334415,0.339,7891.799,true,none,480
2025-12-12 18:11:14.803,smart_meter,send_encrypted_data,334398,0.390,6859.446,true,none,449
2025-12-12 18:11:14.804,smart_meter,send_encrypted_data,334452,0.376,7116.000,true,none,402
2025-12-12 18:11:14.805,smart_meter,send_encrypted_data,334518,0.474,5645.873,true,none,446
2025-12-12 18:11:14.805,smart_meter,send_encrypted_data,334313,0.333,8031.544,true,none,412
2025-12-12 18:11:14.806,smart_meter,send_encrypted_data,334272,0.358,7469.765,true,none,476
2025-12-12 18:11:14.806,smart_meter,send_encrypted_data,334183,0.361,7405.717,true,none,438
2025-12-12 18:11:14.806,smart_meter,send_encrypted_data,334345,0.357,7492.325,true,none,451
2025-12-12 18:11:14.809,smart_meter,send_encrypted_data,334288,0.366,7306.842,true,none,390
2025-12-12 18:11:14.810,smart_meter,send_encrypted_data,334450,3.946,678.054,true,none,386
2025-12-12 18:11:14.813,smart_meter,send_encrypted_data,334410,0.334,8009.820,true,none,395
2025-12-12 18:11:14.813,smart_meter,send_encrypted_data,334397,5.030,531.844,true,none,496
2025-12-12 18:11:14.814,smart_meter,send_encrypted_data,334322,1.175,2276.235,true,none,463
2025-12-12 18:11:14.814,smart_meter,send_encrypted_data,334412,0.704,3800.136,true,none,460
2025-12-12 18:11:14.815,smart_meter,send_encrypted_data,334383,0.397,6738.196,true,none,492
2025-12-12 18:11:14.818,smart_meter,send_encrypted_data,334486,0.441,6067.773,true,none,406
2025-12-12 18:11:14.818,smart_meter,send_encrypted_data,334459,0.402,6655.900,true,none,457
2025-12-12 18:11:14.818,smart_meter,send_encrypted_data,334310,0.425,6292.894,true,none,441
2025-12-12 18:11:14.819,smart_meter,send_encrypted_data,334301,0.384,6964.604,true,none,421
2025-12-12 18:11:14.819,smart_meter,send_encrypted_data,334376,12.798,209.018,true,none,471
2025-12-12 18:11:14.820,smart_meter,send_encrypted_data,334292,0.362,7387.669,true,none,495
2025-12-12 18:11:14.820,smart_meter,send_encrypted_data,334304,0.592,4517.622,true,none,465
2025-12-12 18:11:14.820,smart_meter,send_encrypted_data,334414,0.350,7643.749,true,none,455
2025-12-12 18:11:14.822,smart_meter,send_encrypted_data,333980,0.353,7568.952,true,none,410
2025-12-12 18:11:14.822,smart_meter,send_encrypted_data,334091,2.710,986.246,true,none,470
2025-12-12 18:11:14.822,smart_meter,send_encrypted_data,334368,0.346,7731.052,true,none,437
2025-12-12 18:11:14.823,smart_meter,send_encrypted_data,334434,0.444,6025.838,true,none,475
2025-12-12 18:11:14.824,smart_meter,send_encrypted_data,334452,0.401,6672.359,true,none,450
2025-12-12 18:11:14.825,smart_meter,send_encrypted_data,334306,0.376,7112.894,true,none,461
2025-12-12 18:11:14.826,smart_meter,send_encrypted_data,334097,0.520,5139.954,true,none,468
2025-12-12 18:11:14.826,smart_meter,send_encrypted_data,334390,0.349,7665.100,true,none,422
2025-12-12 18:11:14.823,smart_meter,send_encrypted_data,334139,0.349,7659.347,true,none,440
2025-12-12 18:11:14.827,smart_meter,send_encrypted_data,334216,0.447,5981.494,true,none,417
2025-12-12 18:11:14.828,smart_meter,send_encrypted_data,334290,0.356,7512.135,true,none,413
2025-12-12 18:11:14.829,smart_meter,send_encrypted_data,334125,0.361,7404.432,true,none,484
2025-12-12 18:11:14.830,smart_meter,send_encrypted_data,334073,1.076,2483.814,true,none,469
2025-12-12 18:11:14.831,smart_meter,send_encrypted_data,334311,0.389,6875.290,true,none,467
2025-12-12 18:11:14.832,smart_meter,send_encrypted_data,334535,0.362,7393.039,true,none,447
2025-12-12 18:11:14.832,smart_meter,send_encrypted_data,334300,0.347,7707.205,true,none,407
2025-12-12 18:11:14.833,smart_meter,send_encrypted_data,333279,0.393,6784.305,true,none,431
2025-12-12 18:11:14.834,smart_meter,send_encrypted_data,334344,0.349,7664.046,true,none,473
2025-12-12 18:11:14.834,smart_meter,send_encrypted_data,334239,1.266,2112.095,true,none,493
2025-12-12 18:11:14.834,smart_meter,send_encrypted_data,334258,0.608,4398.132,true,none,478
2025-12-12 18:11:14.835,smart_meter,send_encrypted_data,334311,0.368,7267.630,true,none,429
2025-12-12 18:11:14.835,smart_meter,send_encrypted_data,334078,0.351,7614.313,true,none,462
2025-12-12 18:11:14.837,smart_meter,send_encrypted_data,334300,6.123,436.779,true,none,489
2025-12-12 18:11:14.837,smart_meter,send_encrypted_data,334466,6.458,414.328,true,none,464
2025-12-12 18:11:14.838,smart_meter,send_encrypted_data,334393,0.332,8057.663,true,none,400
2025-12-12 18:11:14.840,smart_meter,send_encrypted_data,334258,0.334,8006.180,true,none,482
2025-12-12 18:11:14.842,smart_meter,send_encrypted_data,334352,0.332,8056.675,true,none,396
2025-12-12 18:11:14.843,smart_meter,send_encrypted_data,334403,5.150,519.461,true,none,481
2025-12-12 18:11:14.843,smart_meter,send_encrypted_data,334308,4.209,635.416,true,none,458
2025-12-12 18:11:14.843,smart_meter,send_encrypted_data,334375,1.003,2666.999,true,none,454
2025-12-12 18:11:14.845,smart_meter,send_encrypted_data,334406,0.329,8131.453,true,none,488
2025-12-12 18:11:14.846,smart_meter,send_encrypted_data,334243,0.334,8005.820,true,none,486
2025-12-12 18:11:14.844,smart_meter,send_encrypted_data,333993,0.338,7905.160,true,none,420
2025-12-12 18:11:14.849,smart_meter,send_encrypted_data,334475,0.339,7893.215,true,none,403
2025-12-12 18:11:14.850,smart_meter,send_encrypted_data,334024,0.352,7591.455,true,none,416
2025-12-12 18:11:14.851,smart_meter,send_encrypted_data,334159,0.333,8027.844,true,none,435
2025-12-12 18:11:14.851,smart_meter,send_encrypted_data,334219,0.361,7406.515,true,none,392
2025-12-12 18:11:14.851,smart_meter,send_encrypted_data,334087,1.447,1847.060,true,none,432
2025-12-12 18:11:14.852,smart_meter,send_encrypted_data,334413,0.347,7709.810,true,none,426
2025-12-12 18:11:14.852,smart_meter,send_encrypted_data,333888,0.349,7653.593,true,none,404
2025-12-12 18:11:14.853,smart_meter,send_encrypted_data,334308,0.396,6753.697,true,none,500
2025-12-12 18:11:14.854,smart_meter,send_encrypted_data,334211,0.384,6962.729,true,none,439
2025-12-12 18:11:14.855,smart_meter,send_encrypted_data,334402,0.339,7891.493,true,none,428
2025-12-12 18:11:14.857,smart_meter,send_encrypted_data,334352,3.888,687.967,true,none,456
2025-12-12 18:11:14.857,smart_meter,send_encrypted_data,334435,2.370,1128.895,true,none,418
2025-12-12 18:11:14.857,smart_meter,send_encrypted_data,334146,0.347,7703.654,true,none,448
2025-12-12 18:11:14.855,smart_meter,send_encrypted_data,334466,0.369,7251.295,true,none,425
2025-12-12 18:11:14.858,smart_meter,send_encrypted_data,334153,0.370,7224.930,true,none,415
2025-12-12 18:11:14.861,smart_meter,send_encrypted_data,334328,0.350,7641.783,true,none,427
2025-12-12 18:11:14.862,smart_meter,send_encrypted_data,334065,1.107,2414.201,true,none,397
2025-12-12 18:11:14.863,smart_meter,send_encrypted_data,334160,0.333,8027.868,true,none,453
2025-12-12 18:11:14.863,smart_meter,send_encrypted_data,333645,3.046,876.284,true,none,409
2025-12-12 18:11:14.864,smart_meter,send_encrypted_data,334309,0.374,7150.995,true,none,393
2025-12-12 18:11:14.864,smart_meter,send_encrypted_data,334420,0.334,8010.060,true,none,434
2025-12-12 18:11:14.864,smart_meter,send_encrypted_data,334196,8.317,321.458,true,none,398
2025-12-12 18:11:14.867,smart_meter,send_encrypted_data,334352,3.383,790.664,true,none,436
2025-12-12 18:11:14.867,smart_meter,send_encrypted_data,334475,13.925,192.158,true,none,443
2025-12-12 18:11:14.867,smart_meter,send_encrypted_data,334467,13.614,196.543,true,none,414
2025-12-12 18:11:14.868,smart_meter,send_encrypted_data,334518,13.117,204.021,true,none,433
2025-12-12 18:11:14.870,smart_meter,send_encrypted_data,334440,1.106,2419.096,true,none,459
2025-12-12 18:11:14.870,smart_meter,send_encrypted_data,334314,0.722,3704.310,true,none,423
2025-12-12 18:11:14.870,smart_meter,send_encrypted_data,334037,0.361,7402.482,true,none,477
2025-12-12 18:11:14.871,smart_meter,send_encrypted_data,334382,0.488,5481.672,true,none,391
2025-12-12 18:11:14.877,smart_meter,send_encrypted_data,333973,0.346,7721.919,true,none,494
2025-12-12 18:11:14.878,smart_meter,send_encrypted_data,334373,0.361,7409.928,true,none,490
2025-12-12 18:11:14.878,smart_meter,send_encrypted_data,334445,0.354,7558.079,true,none,485
2025-12-12 18:11:14.878,smart_meter,send_encrypted_data,334413,0.437,6121.977,true,none,483
2025-12-12 18:11:14.879,smart_meter,send_encrypted_data,334328,0.353,7576.839,true,none,498
2025-12-12 18:11:14.882,smart_meter,send_encrypted_data,334307,0.330,8104.412,true,none,487
2025-12-12 18:11:14.884,smart_meter,send_encrypted_data,334450,0.345,7755.362,true,none,499
2025-12-12 18:11:14.885,smart_meter,send_encrypted_data,334492,0.440,6081.673,true,none,452
2025-12-12 18:11:14.886,smart_meter,send_encrypted_data,334344,0.783,3416.031,true,none,497
2025-12-12 18:11:14.886,smart_meter,send_encrypted_data,334284,0.348,7684.690,true,none,466
2025-12-12 18:11:14.889,smart_meter,send_encrypted_data,333272,0.937,2845.439,true,none,474
2025-12-12 18:11:14.894,smart_meter,send_encrypted_data,334340,1.947,1373.765,true,none,491
